year;areakm;municipality;geocode_ibge;state
2007;1005,7092256458742;Acrelandia;1200013;Acre
2008;23,667086506330083;Acrelandia;1200013;Acre
2009;12,93823347084188;Acrelandia;1200013;Acre
2010;11,332077910930389;Acrelandia;1200013;Acre
2011;15,9386375659292;Acrelandia;1200013;Acre
2012;4,164717505272149;Acrelandia;1200013;Acre
2013;9,47555625108308;Acrelandia;1200013;Acre
2014;18,896772683227386;Acrelandia;1200013;Acre
2015;14,761802283201153;Acrelandia;1200013;Acre
2016;23,805690575007553;Acrelandia;1200013;Acre
2017;5,710904951294499;Acrelandia;1200013;Acre
2018;21,784422000655248;Acrelandia;1200013;Acre
2019;19,887947144833845;Acrelandia;1200013;Acre
2020;12,93755576047272;Acrelandia;1200013;Acre
2021;38,265312298948714;Acrelandia;1200013;Acre
2022;18,502625100248153;Acrelandia;1200013;Acre
2023;12,04604977052408;Acrelandia;1200013;Acre
2024;9,946522729839046;Acrelandia;1200013;Acre
2007;234,39802495085533;Assis Brasil;1200054;Acre
2008;3,419526434651008;Assis Brasil;1200054;Acre
2009;1,6006989968978549;Assis Brasil;1200054;Acre
2010;3,7737745178945006;Assis Brasil;1200054;Acre
2011;2,8193837967996505;Assis Brasil;1200054;Acre
2012;2,3987495682861697;Assis Brasil;1200054;Acre
2013;4,803777966241907;Assis Brasil;1200054;Acre
2014;7,67546822145793;Assis Brasil;1200054;Acre
2015;5,939278573372558;Assis Brasil;1200054;Acre
2016;2,8939497492596655;Assis Brasil;1200054;Acre
2017;6,391257481911599;Assis Brasil;1200054;Acre
2018;7,925865348224258;Assis Brasil;1200054;Acre
2019;21,143888827873262;Assis Brasil;1200054;Acre
2020;18,174809651320654;Assis Brasil;1200054;Acre
2021;17,64986377324601;Assis Brasil;1200054;Acre
2022;8,366870973826275;Assis Brasil;1200054;Acre
2023;7,381673911207423;Assis Brasil;1200054;Acre
2024;6,151406532917757;Assis Brasil;1200054;Acre
2007;1201,1294319303352;Brasileia;1200104;Acre
2008;12,659784499705673;Brasileia;1200104;Acre
2009;8,217565014533545;Brasileia;1200104;Acre
2010;11,955010528845435;Brasileia;1200104;Acre
2011;14,519025024866577;Brasileia;1200104;Acre
2012;12,888066060989534;Brasileia;1200104;Acre
2013;17,194258742482834;Brasileia;1200104;Acre
2014;33,423979112510324;Brasileia;1200104;Acre
2015;22,060364191252198;Brasileia;1200104;Acre
2016;17,714445001640993;Brasileia;1200104;Acre
2017;23,104993122565766;Brasileia;1200104;Acre
2018;21,087136425462372;Brasileia;1200104;Acre
2019;58,610657353155666;Brasileia;1200104;Acre
2020;40,1210679533899;Brasileia;1200104;Acre
2021;61,011094821717506;Brasileia;1200104;Acre
2022;30,50048488450648;Brasileia;1200104;Acre
2023;22,445672100535894;Brasileia;1200104;Acre
2024;19,10948109126526;Brasileia;1200104;Acre
2007;1116,9559363778212;Bujari;1200138;Acre
2008;15,772079950013074;Bujari;1200138;Acre
2009;7,621237020084382;Bujari;1200138;Acre
2010;8,260086475385204;Bujari;1200138;Acre
2011;9,566167963089006;Bujari;1200138;Acre
2012;10,106807410077668;Bujari;1200138;Acre
2013;8,374876485689102;Bujari;1200138;Acre
2014;8,985015685492554;Bujari;1200138;Acre
2015;9,35697341632589;Bujari;1200138;Acre
2016;17,287004592203967;Bujari;1200138;Acre
2017;7,629898078427354;Bujari;1200138;Acre
2018;13,712393188463933;Bujari;1200138;Acre
2019;26,054598331922794;Bujari;1200138;Acre
2020;17,651505984106795;Bujari;1200138;Acre
2021;25,80004562859253;Bujari;1200138;Acre
2022;37,21034201244905;Bujari;1200138;Acre
2023;15,990267940224845;Bujari;1200138;Acre
2024;18,791181238497153;Bujari;1200138;Acre
2007;803,5692165511617;Capixaba;1200179;Acre
2008;8,829852107369534;Capixaba;1200179;Acre
2009;3,787125956609666;Capixaba;1200179;Acre
2010;3,748554356943905;Capixaba;1200179;Acre
2011;9,45690423162478;Capixaba;1200179;Acre
2012;15,11240703599834;Capixaba;1200179;Acre
2013;5,7578575776262255;Capixaba;1200179;Acre
2014;9,618370413353666;Capixaba;1200179;Acre
2015;6,08518278666107;Capixaba;1200179;Acre
2016;16,64593326609688;Capixaba;1200179;Acre
2017;11,572004169704654;Capixaba;1200179;Acre
2018;10,264173247390598;Capixaba;1200179;Acre
2019;27,768298463176066;Capixaba;1200179;Acre
2020;18,80088769420414;Capixaba;1200179;Acre
2021;29,376706959011358;Capixaba;1200179;Acre
2022;31,977299715547137;Capixaba;1200179;Acre
2023;12,048030555030861;Capixaba;1200179;Acre
2024;6,727539717031943;Capixaba;1200179;Acre
2007;917,3839623104692;Cruzeiro do Sul;1200203;Acre
2008;11,024729988649408;Cruzeiro do Sul;1200203;Acre
2009;4,244619990437915;Cruzeiro do Sul;1200203;Acre
2010;22,184683673003544;Cruzeiro do Sul;1200203;Acre
2011;12,691133827584776;Cruzeiro do Sul;1200203;Acre
2012;9,458290393985074;Cruzeiro do Sul;1200203;Acre
2013;5,475049459782154;Cruzeiro do Sul;1200203;Acre
2014;10,64923113822027;Cruzeiro do Sul;1200203;Acre
2015;3,434413194535129;Cruzeiro do Sul;1200203;Acre
2016;9,26303526552899;Cruzeiro do Sul;1200203;Acre
2017;9,448194558253796;Cruzeiro do Sul;1200203;Acre
2018;18,062036827141622;Cruzeiro do Sul;1200203;Acre
2019;25,212203743313946;Cruzeiro do Sul;1200203;Acre
2020;42,46801077816329;Cruzeiro do Sul;1200203;Acre
2021;33,569091024250476;Cruzeiro do Sul;1200203;Acre
2022;54,70516999571812;Cruzeiro do Sul;1200203;Acre
2023;28,06251772278658;Cruzeiro do Sul;1200203;Acre
2024;14,888997338765257;Cruzeiro do Sul;1200203;Acre
2007;782,5608761292309;Epitaciolandia;1200252;Acre
2008;4,337023081847386;Epitaciolandia;1200252;Acre
2009;4,16547999637831;Epitaciolandia;1200252;Acre
2010;3,752059735834176;Epitaciolandia;1200252;Acre
2011;7,10639446481666;Epitaciolandia;1200252;Acre
2012;12,330479342467159;Epitaciolandia;1200252;Acre
2013;6,403896371147007;Epitaciolandia;1200252;Acre
2014;8,907226461668554;Epitaciolandia;1200252;Acre
2015;9,714432384847138;Epitaciolandia;1200252;Acre
2016;7,3066666162604355;Epitaciolandia;1200252;Acre
2017;5,546556043029596;Epitaciolandia;1200252;Acre
2018;7,987803144273741;Epitaciolandia;1200252;Acre
2019;11,374425276807534;Epitaciolandia;1200252;Acre
2020;8,447290106581226;Epitaciolandia;1200252;Acre
2021;18,64824403067629;Epitaciolandia;1200252;Acre
2022;10,734908757424558;Epitaciolandia;1200252;Acre
2023;9,014223360555674;Epitaciolandia;1200252;Acre
2024;5,746813998021089;Epitaciolandia;1200252;Acre
2007;1233,0649613083092;Feijo;1200302;Acre
2008;27,154492998394513;Feijo;1200302;Acre
2009;19,510951050461838;Feijo;1200302;Acre
2010;22,65003825010039;Feijo;1200302;Acre
2011;23,32094225106973;Feijo;1200302;Acre
2012;30,8444818107708;Feijo;1200302;Acre
2013;23,750586266604113;Feijo;1200302;Acre
2014;37,30634350604368;Feijo;1200302;Acre
2015;10,621369903561682;Feijo;1200302;Acre
2016;38,63043786059943;Feijo;1200302;Acre
2017;26,37136967843169;Feijo;1200302;Acre
2018;72,24470304252229;Feijo;1200302;Acre
2019;94,01746290854378;Feijo;1200302;Acre
2020;99,87712761795628;Feijo;1200302;Acre
2021;139,0140940720975;Feijo;1200302;Acre
2022;193,2206843703527;Feijo;1200302;Acre
2023;62,862810442707584;Feijo;1200302;Acre
2024;75,68581328042139;Feijo;1200302;Acre
2007;113,262959946942;Jordao;1200328;Acre
2008;7,231227456646886;Jordao;1200328;Acre
2009;1,888165129342122;Jordao;1200328;Acre
2010;6,802984353752853;Jordao;1200328;Acre
2011;5,984000731250667;Jordao;1200328;Acre
2012;7,029948727652446;Jordao;1200328;Acre
2013;2,218582230820658;Jordao;1200328;Acre
2014;6,906406579816296;Jordao;1200328;Acre
2015;0,927628652309474;Jordao;1200328;Acre
2016;2,1412350366492774;Jordao;1200328;Acre
2017;2,4862917659951704;Jordao;1200328;Acre
2018;6,273835565112647;Jordao;1200328;Acre
2019;11,04540318244387;Jordao;1200328;Acre
2020;11,651268174066255;Jordao;1200328;Acre
2021;9,743084412116504;Jordao;1200328;Acre
2022;15,351907747217334;Jordao;1200328;Acre
2023;4,953830322774918;Jordao;1200328;Acre
2024;7,252141798794325;Jordao;1200328;Acre
2007;367,12075510438166;Mancio Lima;1200336;Acre
2008;4,308356667790487;Mancio Lima;1200336;Acre
2009;1,299979850329486;Mancio Lima;1200336;Acre
2010;4,652817836262391;Mancio Lima;1200336;Acre
2011;11,612174723132924;Mancio Lima;1200336;Acre
2012;3,2904529645485288;Mancio Lima;1200336;Acre
2013;2,5977189528100912;Mancio Lima;1200336;Acre
2014;2,968915684661208;Mancio Lima;1200336;Acre
2015;2,2871575016138266;Mancio Lima;1200336;Acre
2016;2,9881926704535693;Mancio Lima;1200336;Acre
2017;1,8343602507226833;Mancio Lima;1200336;Acre
2018;3,6526507521909104;Mancio Lima;1200336;Acre
2019;12,038761279916825;Mancio Lima;1200336;Acre
2020;6,2169806086982025;Mancio Lima;1200336;Acre
2021;10,69667653083721;Mancio Lima;1200336;Acre
2022;13,219321194604916;Mancio Lima;1200336;Acre
2023;8,200193054759714;Mancio Lima;1200336;Acre
2024;3,7471127345447877;Mancio Lima;1200336;Acre
2007;246,94399571702152;Manoel Urbano;1200344;Acre
2008;4,9036317240865746;Manoel Urbano;1200344;Acre
2009;5,326229847734298;Manoel Urbano;1200344;Acre
2010;8,194996385489672;Manoel Urbano;1200344;Acre
2011;8,014796524737658;Manoel Urbano;1200344;Acre
2012;13,680466082014306;Manoel Urbano;1200344;Acre
2013;16,334963835220798;Manoel Urbano;1200344;Acre
2014;18,459666249016774;Manoel Urbano;1200344;Acre
2015;19,168399441632772;Manoel Urbano;1200344;Acre
2016;26,91693793973337;Manoel Urbano;1200344;Acre
2017;17,582904195233326;Manoel Urbano;1200344;Acre
2018;46,45558110241381;Manoel Urbano;1200344;Acre
2019;31,61773216353082;Manoel Urbano;1200344;Acre
2020;54,00287142445097;Manoel Urbano;1200344;Acre
2021;41,54463690966094;Manoel Urbano;1200344;Acre
2022;88,29890639697932;Manoel Urbano;1200344;Acre
2023;30,428432666364138;Manoel Urbano;1200344;Acre
2024;24,449994950246158;Manoel Urbano;1200344;Acre
2007;181,82718164705346;Marechal Thaumaturgo;1200351;Acre
2008;11,838664324300975;Marechal Thaumaturgo;1200351;Acre
2009;0,06074754333942174;Marechal Thaumaturgo;1200351;Acre
2010;21,99012199430506;Marechal Thaumaturgo;1200351;Acre
2011;10,887392540960544;Marechal Thaumaturgo;1200351;Acre
2012;3,6729682355930606;Marechal Thaumaturgo;1200351;Acre
2013;2,1621689517645795;Marechal Thaumaturgo;1200351;Acre
2014;8,861123098034152;Marechal Thaumaturgo;1200351;Acre
2015;0,4654908338505477;Marechal Thaumaturgo;1200351;Acre
2016;2,5411791032316255;Marechal Thaumaturgo;1200351;Acre
2017;2,5862837753824044;Marechal Thaumaturgo;1200351;Acre
2018;4,072530774603354;Marechal Thaumaturgo;1200351;Acre
2019;13,620834880246068;Marechal Thaumaturgo;1200351;Acre
2020;28,64752391527406;Marechal Thaumaturgo;1200351;Acre
2021;6,33439727514536;Marechal Thaumaturgo;1200351;Acre
2022;9,783353746729594;Marechal Thaumaturgo;1200351;Acre
2023;10,83301113925069;Marechal Thaumaturgo;1200351;Acre
2024;9,07709771704719;Marechal Thaumaturgo;1200351;Acre
2007;1368,0577624327575;Placido de Castro;1200385;Acre
2008;3,260656665227015;Placido de Castro;1200385;Acre
2009;10,460969999599337;Placido de Castro;1200385;Acre
2010;5,693200083291331;Placido de Castro;1200385;Acre
2011;6,9498468813477805;Placido de Castro;1200385;Acre
2012;3,868005218096699;Placido de Castro;1200385;Acre
2013;4,901708045081758;Placido de Castro;1200385;Acre
2014;7,38761575553395;Placido de Castro;1200385;Acre
2015;5,154209177656433;Placido de Castro;1200385;Acre
2016;7,856998905608673;Placido de Castro;1200385;Acre
2017;5,0012923449869575;Placido de Castro;1200385;Acre
2018;11,861956666874084;Placido de Castro;1200385;Acre
2019;8,994449299591746;Placido de Castro;1200385;Acre
2020;8,283925755364182;Placido de Castro;1200385;Acre
2021;15,18755032437002;Placido de Castro;1200385;Acre
2022;5,973403217682635;Placido de Castro;1200385;Acre
2023;3,1380724567075875;Placido de Castro;1200385;Acre
2024;2,0364909192776826;Placido de Castro;1200385;Acre
2007;1189,6352887479904;Porto Acre;1200807;Acre
2008;8,20954826906247;Porto Acre;1200807;Acre
2009;6,298493604431113;Porto Acre;1200807;Acre
2010;11,958179662273754;Porto Acre;1200807;Acre
2011;16,161471869077452;Porto Acre;1200807;Acre
2012;12,732437633410946;Porto Acre;1200807;Acre
2013;3,7730881707002037;Porto Acre;1200807;Acre
2014;10,289850184254327;Porto Acre;1200807;Acre
2015;7,94601442298411;Porto Acre;1200807;Acre
2016;15,327506312325097;Porto Acre;1200807;Acre
2017;8,711915946762364;Porto Acre;1200807;Acre
2018;12,471660009435798;Porto Acre;1200807;Acre
2019;22,972978584104972;Porto Acre;1200807;Acre
2020;19,51485269860856;Porto Acre;1200807;Acre
2021;31,502384073444336;Porto Acre;1200807;Acre
2022;22,571691051314755;Porto Acre;1200807;Acre
2023;9,40697607106907;Porto Acre;1200807;Acre
2024;7,7738880398703145;Porto Acre;1200807;Acre
2007;146,87686264569297;Porto Walter;1200393;Acre
2008;6,66909476291691;Porto Walter;1200393;Acre
2009;0,9708025358875486;Porto Walter;1200393;Acre
2010;13,297308282362529;Porto Walter;1200393;Acre
2011;10,579716335094972;Porto Walter;1200393;Acre
2012;5,666977432882226;Porto Walter;1200393;Acre
2013;1,6492373535842693;Porto Walter;1200393;Acre
2014;9,224296686947692;Porto Walter;1200393;Acre
2015;1,481713945963508;Porto Walter;1200393;Acre
2016;4,298905631377815;Porto Walter;1200393;Acre
2017;3,0865473197362308;Porto Walter;1200393;Acre
2018;4,735784409783206;Porto Walter;1200393;Acre
2019;8,717767196578146;Porto Walter;1200393;Acre
2020;23,57557038912402;Porto Walter;1200393;Acre
2021;5,261939277718412;Porto Walter;1200393;Acre
2022;7,0768979713542075;Porto Walter;1200393;Acre
2023;10,565053257018937;Porto Walter;1200393;Acre
2024;6,5894836639798955;Porto Walter;1200393;Acre
2007;2380,220191135591;Rio Branco;1200401;Acre
2008;28,853649897109626;Rio Branco;1200401;Acre
2009;18,54253618010188;Rio Branco;1200401;Acre
2010;19,939829057877358;Rio Branco;1200401;Acre
2011;41,924237959364326;Rio Branco;1200401;Acre
2012;27,842903211126934;Rio Branco;1200401;Acre
2013;19,628583667816088;Rio Branco;1200401;Acre
2014;32,87613109719028;Rio Branco;1200401;Acre
2015;30,271065611572435;Rio Branco;1200401;Acre
2016;52,37891256957832;Rio Branco;1200401;Acre
2017;25,86135199743914;Rio Branco;1200401;Acre
2018;32,69963963818974;Rio Branco;1200401;Acre
2019;79,99947851212099;Rio Branco;1200401;Acre
2020;55,7388056884359;Rio Branco;1200401;Acre
2021;97,62913289571823;Rio Branco;1200401;Acre
2022;118,24879757218989;Rio Branco;1200401;Acre
2023;69,58268372759117;Rio Branco;1200401;Acre
2024;62,62910156208183;Rio Branco;1200401;Acre
2007;409,71907135874403;Rodrigues Alves;1200427;Acre
2008;4,895515430137759;Rodrigues Alves;1200427;Acre
2009;2,5749676585309973;Rodrigues Alves;1200427;Acre
2010;10,422331292998638;Rodrigues Alves;1200427;Acre
2011;4,703344181119532;Rodrigues Alves;1200427;Acre
2012;4,504473986301182;Rodrigues Alves;1200427;Acre
2013;3,699363184265253;Rodrigues Alves;1200427;Acre
2014;1,1341632204601197;Rodrigues Alves;1200427;Acre
2015;2,35535635943106;Rodrigues Alves;1200427;Acre
2016;4,792042925114776;Rodrigues Alves;1200427;Acre
2017;5,301580902238743;Rodrigues Alves;1200427;Acre
2018;9,472927178188138;Rodrigues Alves;1200427;Acre
2019;12,62166713823297;Rodrigues Alves;1200427;Acre
2020;15,538659174260134;Rodrigues Alves;1200427;Acre
2021;12,209298991821441;Rodrigues Alves;1200427;Acre
2022;23,822300434351458;Rodrigues Alves;1200427;Acre
2023;10,548742528833905;Rodrigues Alves;1200427;Acre
2024;8,127222694339032;Rodrigues Alves;1200427;Acre
2007;66,78308463808014;Santa Rosa do Purus;1200435;Acre
2008;2,165015409819716;Santa Rosa do Purus;1200435;Acre
2009;1,8701824552989823;Santa Rosa do Purus;1200435;Acre
2010;3,2045183669221227;Santa Rosa do Purus;1200435;Acre
2011;2,8820223549261637;Santa Rosa do Purus;1200435;Acre
2012;2,849705215485472;Santa Rosa do Purus;1200435;Acre
2013;1,23875812693135;Santa Rosa do Purus;1200435;Acre
2014;3,921371470388496;Santa Rosa do Purus;1200435;Acre
2015;2,243468825121315;Santa Rosa do Purus;1200435;Acre
2016;2,0974396166832796;Santa Rosa do Purus;1200435;Acre
2017;2,3932131780292303;Santa Rosa do Purus;1200435;Acre
2018;2,83163000299883;Santa Rosa do Purus;1200435;Acre
2019;7,003504670263985;Santa Rosa do Purus;1200435;Acre
2020;5,162193026144047;Santa Rosa do Purus;1200435;Acre
2021;4,065957779538055;Santa Rosa do Purus;1200435;Acre
2022;3,553404580763368;Santa Rosa do Purus;1200435;Acre
2023;1,900371223349621;Santa Rosa do Purus;1200435;Acre
2024;1,3132315310046165;Santa Rosa do Purus;1200435;Acre
2007;1504,4410090525853;Sena Madureira;1200500;Acre
2008;34,81033641265545;Sena Madureira;1200500;Acre
2009;20,61061665455026;Sena Madureira;1200500;Acre
2010;37,02537744986242;Sena Madureira;1200500;Acre
2011;39,39152879666969;Sena Madureira;1200500;Acre
2012;38,45191106038188;Sena Madureira;1200500;Acre
2013;31,991438485754085;Sena Madureira;1200500;Acre
2014;52,35610718255228;Sena Madureira;1200500;Acre
2015;42,237230667926525;Sena Madureira;1200500;Acre
2016;56,024177891605525;Sena Madureira;1200500;Acre
2017;34,52530329559449;Sena Madureira;1200500;Acre
2018;48,27682853347365;Sena Madureira;1200500;Acre
2019;80,15702482876073;Sena Madureira;1200500;Acre
2020;73,00378644206488;Sena Madureira;1200500;Acre
2021;111,31212355127754;Sena Madureira;1200500;Acre
2022;105,80428165337409;Sena Madureira;1200500;Acre
2023;53,047240331574564;Sena Madureira;1200500;Acre
2024;43,746312338085225;Sena Madureira;1200500;Acre
2007;1630,1475787504746;Senador Guiomard;1200450;Acre
2008;4,901995432281648;Senador Guiomard;1200450;Acre
2009;7,265443000272191;Senador Guiomard;1200450;Acre
2010;3,854981458025095;Senador Guiomard;1200450;Acre
2011;6,996445995366;Senador Guiomard;1200450;Acre
2012;2,4138003327816033;Senador Guiomard;1200450;Acre
2013;4,142625085117212;Senador Guiomard;1200450;Acre
2014;3,9848476089142797;Senador Guiomard;1200450;Acre
2015;4,890302251429573;Senador Guiomard;1200450;Acre
2016;9,106455678121785;Senador Guiomard;1200450;Acre
2017;4,677865771572603;Senador Guiomard;1200450;Acre
2018;8,166116571890681;Senador Guiomard;1200450;Acre
2019;6,641857033912626;Senador Guiomard;1200450;Acre
2020;9,851018886423493;Senador Guiomard;1200450;Acre
2021;20,17449118494823;Senador Guiomard;1200450;Acre
2022;16,86552006894378;Senador Guiomard;1200450;Acre
2023;6,231865809073922;Senador Guiomard;1200450;Acre
2024;7,169648548204808;Senador Guiomard;1200450;Acre
2007;1305,2450271702548;Tarauaca;1200609;Acre
2008;36,85455015156462;Tarauaca;1200609;Acre
2009;15,426604021732398;Tarauaca;1200609;Acre
2010;24,979383428016575;Tarauaca;1200609;Acre
2011;19,235570820881616;Tarauaca;1200609;Acre
2012;28,8304958685247;Tarauaca;1200609;Acre
2013;13,936245607269594;Tarauaca;1200609;Acre
2014;36,42449538227556;Tarauaca;1200609;Acre
2015;3,822055027666986;Tarauaca;1200609;Acre
2016;13,428060284320912;Tarauaca;1200609;Acre
2017;14,858864997799653;Tarauaca;1200609;Acre
2018;40,19063421563881;Tarauaca;1200609;Acre
2019;67,41835223576295;Tarauaca;1200609;Acre
2020;51,56626950410529;Tarauaca;1200609;Acre
2021;104,2007445882186;Tarauaca;1200609;Acre
2022;112,72903821004853;Tarauaca;1200609;Acre
2023;48,37720277187906;Tarauaca;1200609;Acre
2024;45,287562951075024;Tarauaca;1200609;Acre
2007;1201,1834692208113;Xapuri;1200708;Acre
2008;22,988356752871926;Xapuri;1200708;Acre
2009;6,999387019668501;Xapuri;1200708;Acre
2010;5,552680537836099;Xapuri;1200708;Acre
2011;14,75733871829281;Xapuri;1200708;Acre
2012;18,325518491147292;Xapuri;1200708;Acre
2013;10,73347215430705;Xapuri;1200708;Acre
2014;18,315689033924755;Xapuri;1200708;Acre
2015;17,604619314189502;Xapuri;1200708;Acre
2016;32,68380644771748;Xapuri;1200708;Acre
2017;20,949002474237286;Xapuri;1200708;Acre
2018;22,19053435460435;Xapuri;1200708;Acre
2019;59,90475514413976;Xapuri;1200708;Acre
2020;39,47467881052988;Xapuri;1200708;Acre
2021;58,61174689103609;Xapuri;1200708;Acre
2022;77,13762752223566;Xapuri;1200708;Acre
2023;25,81380902341631;Xapuri;1200708;Acre
2024;22,724503960761467;Xapuri;1200708;Acre
2007;102,81504108977394;Amapa;1600105;Amapa
2008;1,8898445683821068;Amapa;1600105;Amapa
2009;1,8849663263517253;Amapa;1600105;Amapa
2010;1,823429769449978;Amapa;1600105;Amapa
2011;0,2090488003867988;Amapa;1600105;Amapa
2012;0;Amapa;1600105;Amapa
2013;0,45042708737239595;Amapa;1600105;Amapa
2014;0,6809954612665332;Amapa;1600105;Amapa
2015;0,3058064379597203;Amapa;1600105;Amapa
2016;0,14270481408819125;Amapa;1600105;Amapa
2017;0,15999740015083716;Amapa;1600105;Amapa
2018;0;Amapa;1600105;Amapa
2019;0,6930923913573331;Amapa;1600105;Amapa
2020;0;Amapa;1600105;Amapa
2021;0;Amapa;1600105;Amapa
2022;0;Amapa;1600105;Amapa
2023;0;Amapa;1600105;Amapa
2024;0;Amapa;1600105;Amapa
2007;159,24819110689646;Calcoene;1600204;Amapa
2008;6,302664782652807;Calcoene;1600204;Amapa
2009;8,07010434400914;Calcoene;1600204;Amapa
2010;11,888941184250658;Calcoene;1600204;Amapa
2011;1,0342464277064032;Calcoene;1600204;Amapa
2012;1,1097136405822796;Calcoene;1600204;Amapa
2013;2,985216179039846;Calcoene;1600204;Amapa
2014;1,7536788148256517;Calcoene;1600204;Amapa
2015;0,9316588698839446;Calcoene;1600204;Amapa
2016;0,570463205758597;Calcoene;1600204;Amapa
2017;3,020905023805436;Calcoene;1600204;Amapa
2018;1,9713959662449976;Calcoene;1600204;Amapa
2019;2,0596226122933596;Calcoene;1600204;Amapa
2020;1,1148736007243316;Calcoene;1600204;Amapa
2021;1,0926055128963372;Calcoene;1600204;Amapa
2022;1,7358017212281158;Calcoene;1600204;Amapa
2023;2,10571145783037;Calcoene;1600204;Amapa
2024;0;Calcoene;1600204;Amapa
2007;185,37060508031934;Cutias;1600212;Amapa
2008;2,337800450211664;Cutias;1600212;Amapa
2009;0,2172710849395207;Cutias;1600212;Amapa
2010;4,885079352217435;Cutias;1600212;Amapa
2011;0,3473207009420544;Cutias;1600212;Amapa
2012;0;Cutias;1600212;Amapa
2013;0,22264922383011632;Cutias;1600212;Amapa
2014;1,4115994775265006;Cutias;1600212;Amapa
2015;0,48720115148546084;Cutias;1600212;Amapa
2016;1,3191930576921405;Cutias;1600212;Amapa
2017;0,1326751669579046;Cutias;1600212;Amapa
2018;0,49058133846286295;Cutias;1600212;Amapa
2019;0,7795580395869883;Cutias;1600212;Amapa
2020;0,4024880331260513;Cutias;1600212;Amapa
2021;0,09755095894014436;Cutias;1600212;Amapa
2022;0,25861474314039734;Cutias;1600212;Amapa
2023;0,42567274248054165;Cutias;1600212;Amapa
2024;0;Cutias;1600212;Amapa
2007;130,72406596250508;Ferreira Gomes;1600238;Amapa
2008;2,5660584405846563;Ferreira Gomes;1600238;Amapa
2009;1,110223343597691;Ferreira Gomes;1600238;Amapa
2010;2,3151982823542725;Ferreira Gomes;1600238;Amapa
2011;0,5061313239061945;Ferreira Gomes;1600238;Amapa
2012;0,15025359147433015;Ferreira Gomes;1600238;Amapa
2013;0,3034259673531333;Ferreira Gomes;1600238;Amapa
2014;0,6320235656589464;Ferreira Gomes;1600238;Amapa
2015;3,5762672121198174;Ferreira Gomes;1600238;Amapa
2016;0,9588650717610424;Ferreira Gomes;1600238;Amapa
2017;0;Ferreira Gomes;1600238;Amapa
2018;0,4235829386616786;Ferreira Gomes;1600238;Amapa
2019;1,2950351957650852;Ferreira Gomes;1600238;Amapa
2020;0,44770195415213965;Ferreira Gomes;1600238;Amapa
2021;0,0696500178510415;Ferreira Gomes;1600238;Amapa
2022;0,7483287232934879;Ferreira Gomes;1600238;Amapa
2023;0,1748875750410449;Ferreira Gomes;1600238;Amapa
2024;0;Ferreira Gomes;1600238;Amapa
2007;84,46509990124682;Itaubal;1600253;Amapa
2008;0,20116792293489294;Itaubal;1600253;Amapa
2009;0;Itaubal;1600253;Amapa
2010;3,8634352470126987;Itaubal;1600253;Amapa
2011;0,41829405057056956;Itaubal;1600253;Amapa
2012;0,23510758458926564;Itaubal;1600253;Amapa
2013;0;Itaubal;1600253;Amapa
2014;0,24670913023612026;Itaubal;1600253;Amapa
2015;0;Itaubal;1600253;Amapa
2016;0;Itaubal;1600253;Amapa
2017;0;Itaubal;1600253;Amapa
2018;1,8292297848974313;Itaubal;1600253;Amapa
2019;0,03855640247557696;Itaubal;1600253;Amapa
2020;0;Itaubal;1600253;Amapa
2021;0,07518646914794402;Itaubal;1600253;Amapa
2022;0;Itaubal;1600253;Amapa
2023;0,2888034357393093;Itaubal;1600253;Amapa
2024;0;Itaubal;1600253;Amapa
2007;168,65763839625234;Laranjal do Jari;1600279;Amapa
2008;9,126040152457131;Laranjal do Jari;1600279;Amapa
2009;5,041938985685923;Laranjal do Jari;1600279;Amapa
2010;5,029177075008457;Laranjal do Jari;1600279;Amapa
2011;1,7330865438768617;Laranjal do Jari;1600279;Amapa
2012;3,3699968484323546;Laranjal do Jari;1600279;Amapa
2013;0,7766289621952235;Laranjal do Jari;1600279;Amapa
2014;3,6738396479752806;Laranjal do Jari;1600279;Amapa
2015;1,5189901991310875;Laranjal do Jari;1600279;Amapa
2016;0,7305885346372337;Laranjal do Jari;1600279;Amapa
2017;1,821347838279671;Laranjal do Jari;1600279;Amapa
2018;1,7375410359188201;Laranjal do Jari;1600279;Amapa
2019;1,4879746761367407;Laranjal do Jari;1600279;Amapa
2020;0,367804807536931;Laranjal do Jari;1600279;Amapa
2021;2,1505264717454287;Laranjal do Jari;1600279;Amapa
2022;1,7123067477181773;Laranjal do Jari;1600279;Amapa
2023;2,129948115878086;Laranjal do Jari;1600279;Amapa
2024;0;Laranjal do Jari;1600279;Amapa
2007;384,93389231935765;Macapa;1600303;Amapa
2008;6,426654089589413;Macapa;1600303;Amapa
2009;0,7495174060483651;Macapa;1600303;Amapa
2010;9,035548197899375;Macapa;1600303;Amapa
2011;0,829532487344965;Macapa;1600303;Amapa
2012;2,2511071476205755;Macapa;1600303;Amapa
2013;1,3715364606395994;Macapa;1600303;Amapa
2014;2,6380450358643173;Macapa;1600303;Amapa
2015;3,0939568742657;Macapa;1600303;Amapa
2016;1,6745957716467041;Macapa;1600303;Amapa
2017;0,6472337989329753;Macapa;1600303;Amapa
2018;4,01532230164442;Macapa;1600303;Amapa
2019;7,213222054708907;Macapa;1600303;Amapa
2020;1,4362682953538908;Macapa;1600303;Amapa
2021;0,9046514679793143;Macapa;1600303;Amapa
2022;0,4298108617665095;Macapa;1600303;Amapa
2023;1,4726494356179973;Macapa;1600303;Amapa
2024;0;Macapa;1600303;Amapa
2007;85,05789614554078;Mazagao;1600402;Amapa
2008;15,647700383305116;Mazagao;1600402;Amapa
2009;5,900931282639844;Mazagao;1600402;Amapa
2010;1,181015115088743;Mazagao;1600402;Amapa
2011;1,5229688759827362;Mazagao;1600402;Amapa
2012;4,487579233588008;Mazagao;1600402;Amapa
2013;0,9699412412476478;Mazagao;1600402;Amapa
2014;3,1835283244485812;Mazagao;1600402;Amapa
2015;1,9438634588731378;Mazagao;1600402;Amapa
2016;1,3027292045827972;Mazagao;1600402;Amapa
2017;1,4867436988053875;Mazagao;1600402;Amapa
2018;4,602242792825169;Mazagao;1600402;Amapa
2019;2,335377878738992;Mazagao;1600402;Amapa
2020;0,7105347632894763;Mazagao;1600402;Amapa
2021;2,4589957439725003;Mazagao;1600402;Amapa
2022;2,6834232217171916;Mazagao;1600402;Amapa
2023;3,6271355204149933;Mazagao;1600402;Amapa
2024;0;Mazagao;1600402;Amapa
2007;182,37314388343268;Oiapoque;1600501;Amapa
2008;11,659895533740722;Oiapoque;1600501;Amapa
2009;4,14250093899127;Oiapoque;1600501;Amapa
2010;5,023966747123144;Oiapoque;1600501;Amapa
2011;2,08916202382139;Oiapoque;1600501;Amapa
2012;2,366809051915221;Oiapoque;1600501;Amapa
2013;4,947731539390354;Oiapoque;1600501;Amapa
2014;2,548357341203448;Oiapoque;1600501;Amapa
2015;1,2720752419865295;Oiapoque;1600501;Amapa
2016;0,5019086660749619;Oiapoque;1600501;Amapa
2017;1,5602327226768535;Oiapoque;1600501;Amapa
2018;2,377693112939882;Oiapoque;1600501;Amapa
2019;7,23506549708119;Oiapoque;1600501;Amapa
2020;0,6796922290005826;Oiapoque;1600501;Amapa
2021;0,7075687792784963;Oiapoque;1600501;Amapa
2022;1,608234421311317;Oiapoque;1600501;Amapa
2023;0,7701139155257662;Oiapoque;1600501;Amapa
2024;0;Oiapoque;1600501;Amapa
2007;234,27606509985426;Pedra Branca do Amapari;1600154;Amapa
2008;3,6609568852935204;Pedra Branca do Amapari;1600154;Amapa
2009;4,738035441769095;Pedra Branca do Amapari;1600154;Amapa
2010;1,8798798281087385;Pedra Branca do Amapari;1600154;Amapa
2011;1,3398719876196319;Pedra Branca do Amapari;1600154;Amapa
2012;0,7906979490406028;Pedra Branca do Amapari;1600154;Amapa
2013;3,088524049786727;Pedra Branca do Amapari;1600154;Amapa
2014;5,081889947844972;Pedra Branca do Amapari;1600154;Amapa
2015;1,1264149942111674;Pedra Branca do Amapari;1600154;Amapa
2016;1,4036491742114208;Pedra Branca do Amapari;1600154;Amapa
2017;1,4459213608215171;Pedra Branca do Amapari;1600154;Amapa
2018;2,0301407933422846;Pedra Branca do Amapari;1600154;Amapa
2019;4,9148333714605315;Pedra Branca do Amapari;1600154;Amapa
2020;1,01705281682787;Pedra Branca do Amapari;1600154;Amapa
2021;1,9990166820302853;Pedra Branca do Amapari;1600154;Amapa
2022;3,3377343069441765;Pedra Branca do Amapari;1600154;Amapa
2023;0,744704988109419;Pedra Branca do Amapari;1600154;Amapa
2024;0;Pedra Branca do Amapari;1600154;Amapa
2007;343,6257274153684;Porto Grande;1600535;Amapa
2008;14,434299653636403;Porto Grande;1600535;Amapa
2009;4,63218807279371;Porto Grande;1600535;Amapa
2010;1,7247183970337328;Porto Grande;1600535;Amapa
2011;2,5290917838876052;Porto Grande;1600535;Amapa
2012;2,7042781786034746;Porto Grande;1600535;Amapa
2013;1,865895908469038;Porto Grande;1600535;Amapa
2014;2,449146664234864;Porto Grande;1600535;Amapa
2015;0,632108932684692;Porto Grande;1600535;Amapa
2016;0,8006178877739338;Porto Grande;1600535;Amapa
2017;3,0176016870768505;Porto Grande;1600535;Amapa
2018;1,0704817403431843;Porto Grande;1600535;Amapa
2019;2,743776687148729;Porto Grande;1600535;Amapa
2020;0,5924372503041585;Porto Grande;1600535;Amapa
2021;2,244031974368367;Porto Grande;1600535;Amapa
2022;0,6120902881886986;Porto Grande;1600535;Amapa
2023;1,1860321469343817;Porto Grande;1600535;Amapa
2024;0;Porto Grande;1600535;Amapa
2007;61,404619186731665;Pracuuba;1600550;Amapa
2008;5,106120754709851;Pracuuba;1600550;Amapa
2009;2,3968504246141613;Pracuuba;1600550;Amapa
2010;3,4494587778698027;Pracuuba;1600550;Amapa
2011;0,6604479107856307;Pracuuba;1600550;Amapa
2012;0;Pracuuba;1600550;Amapa
2013;2,0940589353708874;Pracuuba;1600550;Amapa
2014;0,998627283598923;Pracuuba;1600550;Amapa
2015;0,8563400769952136;Pracuuba;1600550;Amapa
2016;0,237019942566167;Pracuuba;1600550;Amapa
2017;0,18042624985375266;Pracuuba;1600550;Amapa
2018;0,18566565956722147;Pracuuba;1600550;Amapa
2019;1,283757210140616;Pracuuba;1600550;Amapa
2020;0,6397939853121372;Pracuuba;1600550;Amapa
2021;0,21701102185208226;Pracuuba;1600550;Amapa
2022;0;Pracuuba;1600550;Amapa
2023;0,40506093851551084;Pracuuba;1600550;Amapa
2024;0;Pracuuba;1600550;Amapa
2007;63,27603691100332;Santana;1600600;Amapa
2008;4,967471810772466;Santana;1600600;Amapa
2009;0,19063065817674762;Santana;1600600;Amapa
2010;0,3066932536892614;Santana;1600600;Amapa
2011;0,09804581016071509;Santana;1600600;Amapa
2012;0,19113974172366993;Santana;1600600;Amapa
2013;0,16121296081896702;Santana;1600600;Amapa
2014;0,4829532374090339;Santana;1600600;Amapa
2015;0;Santana;1600600;Amapa
2016;0,25000606806653414;Santana;1600600;Amapa
2017;0,2197802197030415;Santana;1600600;Amapa
2018;0,5395331655900053;Santana;1600600;Amapa
2019;0,0845830954776199;Santana;1600600;Amapa
2020;0,3476815900333812;Santana;1600600;Amapa
2021;0,1298274456782401;Santana;1600600;Amapa
2022;0,007410364089097233;Santana;1600600;Amapa
2023;0,07839471087713877;Santana;1600600;Amapa
2024;0;Santana;1600600;Amapa
2007;61,22167840678731;Serra do Navio;1600055;Amapa
2008;0,31611172981864616;Serra do Navio;1600055;Amapa
2009;0,4979833854608743;Serra do Navio;1600055;Amapa
2010;0,14773125218728667;Serra do Navio;1600055;Amapa
2011;0,0774722363507171;Serra do Navio;1600055;Amapa
2012;0;Serra do Navio;1600055;Amapa
2013;0,2671691310894487;Serra do Navio;1600055;Amapa
2014;0,4335246973070115;Serra do Navio;1600055;Amapa
2015;0,08425360725735778;Serra do Navio;1600055;Amapa
2016;0,08698515686110744;Serra do Navio;1600055;Amapa
2017;0,0690549578700696;Serra do Navio;1600055;Amapa
2018;0,17805775951856104;Serra do Navio;1600055;Amapa
2019;0,49959069655674776;Serra do Navio;1600055;Amapa
2020;0,07985080711292748;Serra do Navio;1600055;Amapa
2021;0,34641595407745945;Serra do Navio;1600055;Amapa
2022;0,17181462151048105;Serra do Navio;1600055;Amapa
2023;0,19427128783154562;Serra do Navio;1600055;Amapa
2024;0;Serra do Navio;1600055;Amapa
2007;269,9210572933922;Tartarugalzinho;1600709;Amapa
2008;13,716569481380336;Tartarugalzinho;1600709;Amapa
2009;6,056200521940606;Tartarugalzinho;1600709;Amapa
2010;11,850870051686892;Tartarugalzinho;1600709;Amapa
2011;2,1166861766392024;Tartarugalzinho;1600709;Amapa
2012;0,6817485866149552;Tartarugalzinho;1600709;Amapa
2013;4,042944529095194;Tartarugalzinho;1600709;Amapa
2014;2,264789783208221;Tartarugalzinho;1600709;Amapa
2015;2,888011512836025;Tartarugalzinho;1600709;Amapa
2016;1,1044842711534726;Tartarugalzinho;1600709;Amapa
2017;2,4084752227484514;Tartarugalzinho;1600709;Amapa
2018;1,6868295924605083;Tartarugalzinho;1600709;Amapa
2019;5,892986065382215;Tartarugalzinho;1600709;Amapa
2020;1,3809335951783626;Tartarugalzinho;1600709;Amapa
2021;0,8761494996203937;Tartarugalzinho;1600709;Amapa
2022;0,16462078156455806;Tartarugalzinho;1600709;Amapa
2023;1,8448719359427195;Tartarugalzinho;1600709;Amapa
2024;0;Tartarugalzinho;1600709;Amapa
2007;196,56255219561746;Vitoria do Jari;1600808;Amapa
2008;1,3327958725480995;Vitoria do Jari;1600808;Amapa
2009;1,8296905814528335;Vitoria do Jari;1600808;Amapa
2010;6,41903926535439;Vitoria do Jari;1600808;Amapa
2011;1,1040741795789446;Vitoria do Jari;1600808;Amapa
2012;0,9667489465956831;Vitoria do Jari;1600808;Amapa
2013;0,689309764754711;Vitoria do Jari;1600808;Amapa
2014;0,6412181997291577;Vitoria do Jari;1600808;Amapa
2015;0,3923611420121691;Vitoria do Jari;1600808;Amapa
2016;1,3301633124137475;Vitoria do Jari;1600808;Amapa
2017;1,0979066796110215;Vitoria do Jari;1600808;Amapa
2018;1,4285705214493676;Vitoria do Jari;1600808;Amapa
2019;0,5045430531211018;Vitoria do Jari;1600808;Amapa
2020;1,1277061202993235;Vitoria do Jari;1600808;Amapa
2021;2,7201967399130367;Vitoria do Jari;1600808;Amapa
2022;0,5115140647669378;Vitoria do Jari;1600808;Amapa
2023;0,2958575187177813;Vitoria do Jari;1600808;Amapa
2024;0;Vitoria do Jari;1600808;Amapa
2007;303,48915995049265;Alvaraes;1300029;Amazonas
2008;10,485485589101653;Alvaraes;1300029;Amazonas
2009;2,0156094076258957;Alvaraes;1300029;Amazonas
2010;6,573609115538456;Alvaraes;1300029;Amazonas
2011;2,3443192618685624;Alvaraes;1300029;Amazonas
2012;0,7384763639048417;Alvaraes;1300029;Amazonas
2013;0,7914254206371817;Alvaraes;1300029;Amazonas
2014;6,3206269979056975;Alvaraes;1300029;Amazonas
2015;0,61395904339365;Alvaraes;1300029;Amazonas
2016;3,9547408569255764;Alvaraes;1300029;Amazonas
2017;4,176179163511683;Alvaraes;1300029;Amazonas
2018;5,408357588287173;Alvaraes;1300029;Amazonas
2019;2,8002798794887753;Alvaraes;1300029;Amazonas
2020;5,360765288504919;Alvaraes;1300029;Amazonas
2021;7,4160073283312125;Alvaraes;1300029;Amazonas
2022;1,4166085792508674;Alvaraes;1300029;Amazonas
2023;6,023010544319458;Alvaraes;1300029;Amazonas
2024;7,408080394726432;Alvaraes;1300029;Amazonas
2007;107,14050423133453;Amatura;1300060;Amazonas
2008;0,10728183828139252;Amatura;1300060;Amazonas
2009;0,9195923124070811;Amatura;1300060;Amazonas
2010;0,9506614638489755;Amatura;1300060;Amazonas
2011;1,5064149483286982;Amatura;1300060;Amazonas
2012;0,19432071935588402;Amatura;1300060;Amazonas
2013;0;Amatura;1300060;Amazonas
2014;0;Amatura;1300060;Amazonas
2015;0,5819162014711835;Amatura;1300060;Amazonas
2016;0,23158092791159274;Amatura;1300060;Amazonas
2017;0,5802155412206806;Amatura;1300060;Amazonas
2018;0,3941923072966661;Amatura;1300060;Amazonas
2019;0;Amatura;1300060;Amazonas
2020;0,15570340716087896;Amatura;1300060;Amazonas
2021;0,5308319246129591;Amatura;1300060;Amazonas
2022;0,07202476958396235;Amatura;1300060;Amazonas
2023;1,1589548415833588;Amatura;1300060;Amazonas
2024;0;Amatura;1300060;Amazonas
2007;191,49467845948837;Anama;1300086;Amazonas
2008;0,06759379478982754;Anama;1300086;Amazonas
2009;1,203788253669684;Anama;1300086;Amazonas
2010;2,5363083543933764;Anama;1300086;Amazonas
2011;0,8718977700971713;Anama;1300086;Amazonas
2012;0,6470077420859511;Anama;1300086;Amazonas
2013;0,7173849601290381;Anama;1300086;Amazonas
2014;0,5456213800542905;Anama;1300086;Amazonas
2015;1,0077374002999133;Anama;1300086;Amazonas
2016;0;Anama;1300086;Amazonas
2017;0,9675467434139802;Anama;1300086;Amazonas
2018;0,24829405227342102;Anama;1300086;Amazonas
2019;0,3228647496842079;Anama;1300086;Amazonas
2020;0,6563514258972174;Anama;1300086;Amazonas
2021;1,7154578557536235;Anama;1300086;Amazonas
2022;0,2871553684237268;Anama;1300086;Amazonas
2023;1,0088549202734176;Anama;1300086;Amazonas
2024;0;Anama;1300086;Amazonas
2007;76,55084677684737;Anori;1300102;Amazonas
2008;0,9733016896505522;Anori;1300102;Amazonas
2009;0,5470151724907611;Anori;1300102;Amazonas
2010;0,5475201356419318;Anori;1300102;Amazonas
2011;0,5804307176330133;Anori;1300102;Amazonas
2012;0,6375724316627381;Anori;1300102;Amazonas
2013;0,75899429923776;Anori;1300102;Amazonas
2014;0,5796037680948827;Anori;1300102;Amazonas
2015;0,538338943799917;Anori;1300102;Amazonas
2016;0,34795964578297406;Anori;1300102;Amazonas
2017;0,23844444091419617;Anori;1300102;Amazonas
2018;0,0995536516570762;Anori;1300102;Amazonas
2019;0;Anori;1300102;Amazonas
2020;0,3182404013066855;Anori;1300102;Amazonas
2021;0,4506515759562777;Anori;1300102;Amazonas
2022;0,2179246611989732;Anori;1300102;Amazonas
2023;0,26546448290297814;Anori;1300102;Amazonas
2024;0,09168709176611382;Anori;1300102;Amazonas
2007;1539,8338362150887;Apui;1300144;Amazonas
2008;70,15044669515224;Apui;1300144;Amazonas
2009;63,988714248510355;Apui;1300144;Amazonas
2010;46,26496001148335;Apui;1300144;Amazonas
2011;48,52139903487157;Apui;1300144;Amazonas
2012;73,88417050860082;Apui;1300144;Amazonas
2013;86,11037009126943;Apui;1300144;Amazonas
2014;80,03801338202275;Apui;1300144;Amazonas
2015;107,00638766335521;Apui;1300144;Amazonas
2016;161,34779966875743;Apui;1300144;Amazonas
2017;169,5419540451755;Apui;1300144;Amazonas
2018;158,18985769981006;Apui;1300144;Amazonas
2019;287,6941438624549;Apui;1300144;Amazonas
2020;259,6255810590175;Apui;1300144;Amazonas
2021;329,8840475493946;Apui;1300144;Amazonas
2022;731,7188614296496;Apui;1300144;Amazonas
2023;234,570816881341;Apui;1300144;Amazonas
2024;115,77331439481284;Apui;1300144;Amazonas
2007;219,50063042827716;Atalaia do Norte;1300201;Amazonas
2008;1,1529660294340698;Atalaia do Norte;1300201;Amazonas
2009;1,44688416210771;Atalaia do Norte;1300201;Amazonas
2010;2,3882552801216486;Atalaia do Norte;1300201;Amazonas
2011;1,5751035615436786;Atalaia do Norte;1300201;Amazonas
2012;1,5374047188765543;Atalaia do Norte;1300201;Amazonas
2013;0,8858163400217035;Atalaia do Norte;1300201;Amazonas
2014;0,38564161421845317;Atalaia do Norte;1300201;Amazonas
2015;0,08706428532585306;Atalaia do Norte;1300201;Amazonas
2016;1,0274241556769277;Atalaia do Norte;1300201;Amazonas
2017;1,238621293707713;Atalaia do Norte;1300201;Amazonas
2018;0,673239138773302;Atalaia do Norte;1300201;Amazonas
2019;2,466628240037648;Atalaia do Norte;1300201;Amazonas
2020;0,9961210280240627;Atalaia do Norte;1300201;Amazonas
2021;1,7389220123631886;Atalaia do Norte;1300201;Amazonas
2022;2,0566981174514907;Atalaia do Norte;1300201;Amazonas
2023;1,55235415542386;Atalaia do Norte;1300201;Amazonas
2024;0;Atalaia do Norte;1300201;Amazonas
2007;1159,1624293002642;Autazes;1300300;Amazonas
2008;40,54814330934547;Autazes;1300300;Amazonas
2009;9,983415042999866;Autazes;1300300;Amazonas
2010;5,812079482616947;Autazes;1300300;Amazonas
2011;23,870412780650884;Autazes;1300300;Amazonas
2012;14,403382513990303;Autazes;1300300;Amazonas
2013;9,265598081729506;Autazes;1300300;Amazonas
2014;14,774306702072888;Autazes;1300300;Amazonas
2015;23,195745498192785;Autazes;1300300;Amazonas
2016;6,2682762976758815;Autazes;1300300;Amazonas
2017;19,040637049686953;Autazes;1300300;Amazonas
2018;13,41754136250086;Autazes;1300300;Amazonas
2019;34,783659036231704;Autazes;1300300;Amazonas
2020;22,81705253871613;Autazes;1300300;Amazonas
2021;47,305671500067966;Autazes;1300300;Amazonas
2022;44,673203068020726;Autazes;1300300;Amazonas
2023;20,770124668169146;Autazes;1300300;Amazonas
2024;15,718938739810476;Autazes;1300300;Amazonas
2007;192,21544618730795;Barcelos;1300409;Amazonas
2008;1,4815461443454505;Barcelos;1300409;Amazonas
2009;0,5395157102592631;Barcelos;1300409;Amazonas
2010;3,3914322351045145;Barcelos;1300409;Amazonas
2011;1,5356350722097407;Barcelos;1300409;Amazonas
2012;1,2657651260954887;Barcelos;1300409;Amazonas
2013;0,9840133676124867;Barcelos;1300409;Amazonas
2014;1,8227831544435473;Barcelos;1300409;Amazonas
2015;0,25169879175013;Barcelos;1300409;Amazonas
2016;0,9957486385406052;Barcelos;1300409;Amazonas
2017;1,1065373554894427;Barcelos;1300409;Amazonas
2018;1,203739474433998;Barcelos;1300409;Amazonas
2019;11,052585975790612;Barcelos;1300409;Amazonas
2020;1,2609654565515729;Barcelos;1300409;Amazonas
2021;1,3933995834176436;Barcelos;1300409;Amazonas
2022;0,706585090408987;Barcelos;1300409;Amazonas
2023;1,684017925337471;Barcelos;1300409;Amazonas
2024;0,2898557024854855;Barcelos;1300409;Amazonas
2007;756,5738804640159;Barreirinha;1300508;Amazonas
2008;7,886948029090566;Barreirinha;1300508;Amazonas
2009;2,6743406336272515;Barreirinha;1300508;Amazonas
2010;13,583902475548596;Barreirinha;1300508;Amazonas
2011;4,952474089726783;Barreirinha;1300508;Amazonas
2012;2,7670578209557397;Barreirinha;1300508;Amazonas
2013;3,0953380612589254;Barreirinha;1300508;Amazonas
2014;6,368068718263816;Barreirinha;1300508;Amazonas
2015;5,781077722623111;Barreirinha;1300508;Amazonas
2016;1,7296054363363245;Barreirinha;1300508;Amazonas
2017;3,3109861871043327;Barreirinha;1300508;Amazonas
2018;1,6243233115145534;Barreirinha;1300508;Amazonas
2019;3,7683856356676895;Barreirinha;1300508;Amazonas
2020;1,449802354071996;Barreirinha;1300508;Amazonas
2021;3,23352975046904;Barreirinha;1300508;Amazonas
2022;4,913774858689421;Barreirinha;1300508;Amazonas
2023;0,5893377393191546;Barreirinha;1300508;Amazonas
2024;10,543928857855148;Barreirinha;1300508;Amazonas
2007;160,35899291918045;Benjamin Constant;1300607;Amazonas
2008;0,5630982210280701;Benjamin Constant;1300607;Amazonas
2009;0,6157900479425673;Benjamin Constant;1300607;Amazonas
2010;0,46400983464970813;Benjamin Constant;1300607;Amazonas
2011;0,8931223787202397;Benjamin Constant;1300607;Amazonas
2012;0,24766166908224369;Benjamin Constant;1300607;Amazonas
2013;1,417539269378961;Benjamin Constant;1300607;Amazonas
2014;0,3010928861476801;Benjamin Constant;1300607;Amazonas
2015;0,9168293866276318;Benjamin Constant;1300607;Amazonas
2016;0,22687170698953452;Benjamin Constant;1300607;Amazonas
2017;0,44283246313848373;Benjamin Constant;1300607;Amazonas
2018;0,17043935215122447;Benjamin Constant;1300607;Amazonas
2019;0,42393890508641646;Benjamin Constant;1300607;Amazonas
2020;0,09867974611532487;Benjamin Constant;1300607;Amazonas
2021;1,7303849674441778;Benjamin Constant;1300607;Amazonas
2022;0,8376606772480761;Benjamin Constant;1300607;Amazonas
2023;0,5857083981858922;Benjamin Constant;1300607;Amazonas
2024;0;Benjamin Constant;1300607;Amazonas
2007;212,83176078358395;Beruri;1300631;Amazonas
2008;2,4210810649323125;Beruri;1300631;Amazonas
2009;1,9912907301532656;Beruri;1300631;Amazonas
2010;4,217019797923465;Beruri;1300631;Amazonas
2011;2,0870550033282917;Beruri;1300631;Amazonas
2012;0,9325631643828921;Beruri;1300631;Amazonas
2013;2,4041052756323564;Beruri;1300631;Amazonas
2014;2,4959328559793548;Beruri;1300631;Amazonas
2015;2,4214441346660966;Beruri;1300631;Amazonas
2016;2,148001187910543;Beruri;1300631;Amazonas
2017;1,5772996915869932;Beruri;1300631;Amazonas
2018;2,0286605706060845;Beruri;1300631;Amazonas
2019;2,3593726237407138;Beruri;1300631;Amazonas
2020;3,2870288321936156;Beruri;1300631;Amazonas
2021;6,682169516361838;Beruri;1300631;Amazonas
2022;7,342379153613861;Beruri;1300631;Amazonas
2023;6,028553980876925;Beruri;1300631;Amazonas
2024;4,9573117586924935;Beruri;1300631;Amazonas
2007;200,82581894079541;Boa Vista do Ramos;1300680;Amazonas
2008;0,34718320099468925;Boa Vista do Ramos;1300680;Amazonas
2009;0,14031391655886183;Boa Vista do Ramos;1300680;Amazonas
2010;2,756616973821532;Boa Vista do Ramos;1300680;Amazonas
2011;1,3944456418625404;Boa Vista do Ramos;1300680;Amazonas
2012;0,2961993007032776;Boa Vista do Ramos;1300680;Amazonas
2013;0,6910168074806092;Boa Vista do Ramos;1300680;Amazonas
2014;1,7839135836713367;Boa Vista do Ramos;1300680;Amazonas
2015;0,5413104097942499;Boa Vista do Ramos;1300680;Amazonas
2016;0,4518463597821852;Boa Vista do Ramos;1300680;Amazonas
2017;0,9040948487801677;Boa Vista do Ramos;1300680;Amazonas
2018;0,4791097175640994;Boa Vista do Ramos;1300680;Amazonas
2019;1,1315496507151157;Boa Vista do Ramos;1300680;Amazonas
2020;0,6040248475555215;Boa Vista do Ramos;1300680;Amazonas
2021;0,5963689492458912;Boa Vista do Ramos;1300680;Amazonas
2022;2,924528620077556;Boa Vista do Ramos;1300680;Amazonas
2023;0,6207272269285963;Boa Vista do Ramos;1300680;Amazonas
2024;0,5658709150099298;Boa Vista do Ramos;1300680;Amazonas
2007;1910,57703058735;Boca do Acre;1300706;Amazonas
2008;38,23361055949032;Boca do Acre;1300706;Amazonas
2009;24,17011550645933;Boca do Acre;1300706;Amazonas
2010;51,42119510757904;Boca do Acre;1300706;Amazonas
2011;58,59586720656961;Boca do Acre;1300706;Amazonas
2012;53,50718683218061;Boca do Acre;1300706;Amazonas
2013;33,59657243086308;Boca do Acre;1300706;Amazonas
2014;72,56554806037846;Boca do Acre;1300706;Amazonas
2015;46,17510033199076;Boca do Acre;1300706;Amazonas
2016;88,41737605025786;Boca do Acre;1300706;Amazonas
2017;94,20543721547457;Boca do Acre;1300706;Amazonas
2018;107,25374615230514;Boca do Acre;1300706;Amazonas
2019;144,07734701892332;Boca do Acre;1300706;Amazonas
2020;142,06392467968132;Boca do Acre;1300706;Amazonas
2021;200,15834473025723;Boca do Acre;1300706;Amazonas
2022;180,27904582919987;Boca do Acre;1300706;Amazonas
2023;91,88302270123498;Boca do Acre;1300706;Amazonas
2024;97,25923572841451;Boca do Acre;1300706;Amazonas
2007;496,5100066355802;Borba;1300805;Amazonas
2008;8,549901673448595;Borba;1300805;Amazonas
2009;2,5611971228059387;Borba;1300805;Amazonas
2010;9,124437576977577;Borba;1300805;Amazonas
2011;11,702688886919832;Borba;1300805;Amazonas
2012;1,9566976035824206;Borba;1300805;Amazonas
2013;2,408769254240718;Borba;1300805;Amazonas
2014;2,4113271250296555;Borba;1300805;Amazonas
2015;4,057461015514336;Borba;1300805;Amazonas
2016;1,5576232327265869;Borba;1300805;Amazonas
2017;3,371117196869589;Borba;1300805;Amazonas
2018;3,962004409767004;Borba;1300805;Amazonas
2019;10,688720404687052;Borba;1300805;Amazonas
2020;12,27360948227752;Borba;1300805;Amazonas
2021;14,92837978001742;Borba;1300805;Amazonas
2022;38,203778419910016;Borba;1300805;Amazonas
2023;31,252249899796595;Borba;1300805;Amazonas
2024;38,69273680373725;Borba;1300805;Amazonas
2007;235,95652362047488;Caapiranga;1300839;Amazonas
2008;0,16184930509233575;Caapiranga;1300839;Amazonas
2009;2,1830998788167886;Caapiranga;1300839;Amazonas
2010;5,574020745317395;Caapiranga;1300839;Amazonas
2011;0,9272117994046323;Caapiranga;1300839;Amazonas
2012;0,44655280462191665;Caapiranga;1300839;Amazonas
2013;0,4420011812342372;Caapiranga;1300839;Amazonas
2014;1,2611045607140579;Caapiranga;1300839;Amazonas
2015;3,6569083831912743;Caapiranga;1300839;Amazonas
2016;0,7008754227674933;Caapiranga;1300839;Amazonas
2017;1,147400798559565;Caapiranga;1300839;Amazonas
2018;0,9396937648306182;Caapiranga;1300839;Amazonas
2019;0,9572137441413262;Caapiranga;1300839;Amazonas
2020;2,5239690592916646;Caapiranga;1300839;Amazonas
2021;2,0094402032899397;Caapiranga;1300839;Amazonas
2022;0,8209729382599796;Caapiranga;1300839;Amazonas
2023;1,590299620667903;Caapiranga;1300839;Amazonas
2024;0;Caapiranga;1300839;Amazonas
2007;858,7242782562515;Canutama;1300904;Amazonas
2008;37,91964195197929;Canutama;1300904;Amazonas
2009;13,928590802405457;Canutama;1300904;Amazonas
2010;12,018351680581226;Canutama;1300904;Amazonas
2011;25,650086739733684;Canutama;1300904;Amazonas
2012;52,65498051992973;Canutama;1300904;Amazonas
2013;29,461924184603806;Canutama;1300904;Amazonas
2014;16,25484696276849;Canutama;1300904;Amazonas
2015;14,186455506262037;Canutama;1300904;Amazonas
2016;26,381194256355688;Canutama;1300904;Amazonas
2017;28,119582574839768;Canutama;1300904;Amazonas
2018;43,62321718661576;Canutama;1300904;Amazonas
2019;59,87302062089046;Canutama;1300904;Amazonas
2020;62,418635831861856;Canutama;1300904;Amazonas
2021;126,97410934183952;Canutama;1300904;Amazonas
2022;156,74151674589618;Canutama;1300904;Amazonas
2023;134,40271109676618;Canutama;1300904;Amazonas
2024;56,715841793880266;Canutama;1300904;Amazonas
2007;280,1833332571173;Carauari;1301001;Amazonas
2008;2,2826468373669635;Carauari;1301001;Amazonas
2009;0,6280359134149193;Carauari;1301001;Amazonas
2010;1,3224279505075254;Carauari;1301001;Amazonas
2011;0,45746170984217005;Carauari;1301001;Amazonas
2012;0,5317535521277733;Carauari;1301001;Amazonas
2013;0,9227676599210425;Carauari;1301001;Amazonas
2014;1,1072280872500353;Carauari;1301001;Amazonas
2015;0,3505822103324028;Carauari;1301001;Amazonas
2016;1,1564210406495574;Carauari;1301001;Amazonas
2017;0,4488700081325577;Carauari;1301001;Amazonas
2018;1,4963512382172586;Carauari;1301001;Amazonas
2019;0,5744091343449645;Carauari;1301001;Amazonas
2020;1,4440223172086182;Carauari;1301001;Amazonas
2021;1,0609341613588814;Carauari;1301001;Amazonas
2022;1,8669881288919825;Carauari;1301001;Amazonas
2023;1,9017081982726898;Carauari;1301001;Amazonas
2024;0;Carauari;1301001;Amazonas
2007;1092,3825654195018;Careiro;1301100;Amazonas
2008;6,252074350108079;Careiro;1301100;Amazonas
2009;5,506202006893841;Careiro;1301100;Amazonas
2010;10,531185474907403;Careiro;1301100;Amazonas
2011;4,801028059960912;Careiro;1301100;Amazonas
2012;1,2868396607563564;Careiro;1301100;Amazonas
2013;3,9651357856051797;Careiro;1301100;Amazonas
2014;0,5271848525635504;Careiro;1301100;Amazonas
2015;5,12276930651022;Careiro;1301100;Amazonas
2016;1,4763734738871712;Careiro;1301100;Amazonas
2017;1,5921159665798013;Careiro;1301100;Amazonas
2018;0,8742673976780727;Careiro;1301100;Amazonas
2019;2,4661831710296083;Careiro;1301100;Amazonas
2020;4,3906403222626675;Careiro;1301100;Amazonas
2021;6,904028217592671;Careiro;1301100;Amazonas
2022;6,270760249280698;Careiro;1301100;Amazonas
2023;8,156170767381925;Careiro;1301100;Amazonas
2024;9,831839971836011;Careiro;1301100;Amazonas
2007;469,1245025144976;Careiro da Varzea;1301159;Amazonas
2008;13,758358551153266;Careiro da Varzea;1301159;Amazonas
2009;5,645218358423397;Careiro da Varzea;1301159;Amazonas
2010;19,300494657961877;Careiro da Varzea;1301159;Amazonas
2011;12,199373814386115;Careiro da Varzea;1301159;Amazonas
2012;4,8008881868131414;Careiro da Varzea;1301159;Amazonas
2013;2,807874718096882;Careiro da Varzea;1301159;Amazonas
2014;3,7833348250748937;Careiro da Varzea;1301159;Amazonas
2015;9,506984476563465;Careiro da Varzea;1301159;Amazonas
2016;8,241661821827952;Careiro da Varzea;1301159;Amazonas
2017;5,544402226543918;Careiro da Varzea;1301159;Amazonas
2018;3,9345045528890705;Careiro da Varzea;1301159;Amazonas
2019;11,78428769593076;Careiro da Varzea;1301159;Amazonas
2020;7,0678943852043155;Careiro da Varzea;1301159;Amazonas
2021;17,191645093208365;Careiro da Varzea;1301159;Amazonas
2022;28,70305812647664;Careiro da Varzea;1301159;Amazonas
2023;5,004233771660966;Careiro da Varzea;1301159;Amazonas
2024;4,162598003159396;Careiro da Varzea;1301159;Amazonas
2007;743,597101883216;Coari;1301209;Amazonas
2008;3,1462348693535342;Coari;1301209;Amazonas
2009;0,627797073753919;Coari;1301209;Amazonas
2010;7,044631906321243;Coari;1301209;Amazonas
2011;3,805251151610359;Coari;1301209;Amazonas
2012;0,9592843600958975;Coari;1301209;Amazonas
2013;4,050633073401635;Coari;1301209;Amazonas
2014;3,3775889421877916;Coari;1301209;Amazonas
2015;0,715691758738816;Coari;1301209;Amazonas
2016;3,258954268591591;Coari;1301209;Amazonas
2017;2,1130795569780183;Coari;1301209;Amazonas
2018;2,0456339230047575;Coari;1301209;Amazonas
2019;3,4608301777186496;Coari;1301209;Amazonas
2020;3,919347356064499;Coari;1301209;Amazonas
2021;5,0593099919909985;Coari;1301209;Amazonas
2022;1,8510197975189138;Coari;1301209;Amazonas
2023;6,5330720003837595;Coari;1301209;Amazonas
2024;0;Coari;1301209;Amazonas
2007;255,82035305331934;Codajas;1301308;Amazonas
2008;1,3707149238150105;Codajas;1301308;Amazonas
2009;1,2555012078364847;Codajas;1301308;Amazonas
2010;1,1105080489554806;Codajas;1301308;Amazonas
2011;0,8062229749518385;Codajas;1301308;Amazonas
2012;0,5520241277764666;Codajas;1301308;Amazonas
2013;1,07480429459992;Codajas;1301308;Amazonas
2014;3,0789819047354077;Codajas;1301308;Amazonas
2015;0,9581083281985641;Codajas;1301308;Amazonas
2016;1,0702221411910535;Codajas;1301308;Amazonas
2017;1,3990383523332228;Codajas;1301308;Amazonas
2018;1,9134059848463698;Codajas;1301308;Amazonas
2019;2,459311446995695;Codajas;1301308;Amazonas
2020;1,2626197192878392;Codajas;1301308;Amazonas
2021;1,417043474707605;Codajas;1301308;Amazonas
2022;1,9107625204517518;Codajas;1301308;Amazonas
2023;3,083098352346395;Codajas;1301308;Amazonas
2024;0,10370097657423615;Codajas;1301308;Amazonas
2007;343,403961748913;Eirunepe;1301407;Amazonas
2008;3,1107536002659057;Eirunepe;1301407;Amazonas
2009;1,6645573196447092;Eirunepe;1301407;Amazonas
2010;5,399785940398319;Eirunepe;1301407;Amazonas
2011;3,318256530596318;Eirunepe;1301407;Amazonas
2012;0,8906245714922862;Eirunepe;1301407;Amazonas
2013;1,421563859565516;Eirunepe;1301407;Amazonas
2014;3,073823091585872;Eirunepe;1301407;Amazonas
2015;0,14801693047056905;Eirunepe;1301407;Amazonas
2016;1,7248681729591402;Eirunepe;1301407;Amazonas
2017;2,831527804314921;Eirunepe;1301407;Amazonas
2018;3,912162515104728;Eirunepe;1301407;Amazonas
2019;3,39062063542398;Eirunepe;1301407;Amazonas
2020;2,8919371304811907;Eirunepe;1301407;Amazonas
2021;6,073009501754114;Eirunepe;1301407;Amazonas
2022;6,59490201834384;Eirunepe;1301407;Amazonas
2023;3,801713870571154;Eirunepe;1301407;Amazonas
2024;0,06558348689816831;Eirunepe;1301407;Amazonas
2007;222,4473631877019;Envira;1301506;Amazonas
2008;6,84150361259684;Envira;1301506;Amazonas
2009;5,796318762779735;Envira;1301506;Amazonas
2010;10,084343173084553;Envira;1301506;Amazonas
2011;7,061813438754622;Envira;1301506;Amazonas
2012;6,6842394036420805;Envira;1301506;Amazonas
2013;5,3859375350962;Envira;1301506;Amazonas
2014;8,817844839105604;Envira;1301506;Amazonas
2015;5,085243812746818;Envira;1301506;Amazonas
2016;4,373478452869048;Envira;1301506;Amazonas
2017;4,626324554732501;Envira;1301506;Amazonas
2018;11,607409108057606;Envira;1301506;Amazonas
2019;13,057807501761278;Envira;1301506;Amazonas
2020;9,773103612892355;Envira;1301506;Amazonas
2021;13,588459346714412;Envira;1301506;Amazonas
2022;18,96695097713248;Envira;1301506;Amazonas
2023;9,138359157943182;Envira;1301506;Amazonas
2024;7,579042661241108;Envira;1301506;Amazonas
2007;92,86631142504466;Fonte Boa;1301605;Amazonas
2008;1,9058806725848563;Fonte Boa;1301605;Amazonas
2009;0,7028578121369544;Fonte Boa;1301605;Amazonas
2010;2,179228196326834;Fonte Boa;1301605;Amazonas
2011;0,9629680358488718;Fonte Boa;1301605;Amazonas
2012;0,12747636694861364;Fonte Boa;1301605;Amazonas
2013;0,18241221861576923;Fonte Boa;1301605;Amazonas
2014;1,6355357020542753;Fonte Boa;1301605;Amazonas
2015;0,7189116020951792;Fonte Boa;1301605;Amazonas
2016;1,467634369057713;Fonte Boa;1301605;Amazonas
2017;0,4327986177350306;Fonte Boa;1301605;Amazonas
2018;0,14510438244327467;Fonte Boa;1301605;Amazonas
2019;0,6450197660176102;Fonte Boa;1301605;Amazonas
2020;0;Fonte Boa;1301605;Amazonas
2021;0,6041370988534944;Fonte Boa;1301605;Amazonas
2022;1,8742548883272692;Fonte Boa;1301605;Amazonas
2023;0,8346621177550843;Fonte Boa;1301605;Amazonas
2024;0;Fonte Boa;1301605;Amazonas
2007;429,16382182495846;Guajara;1301654;Amazonas
2008;3,4637890718362483;Guajara;1301654;Amazonas
2009;1,9970551476469398;Guajara;1301654;Amazonas
2010;7,8943278180112;Guajara;1301654;Amazonas
2011;6,53086072730612;Guajara;1301654;Amazonas
2012;4,939996320961156;Guajara;1301654;Amazonas
2013;3,053840917932018;Guajara;1301654;Amazonas
2014;1,1929258694955915;Guajara;1301654;Amazonas
2015;4,457747757442028;Guajara;1301654;Amazonas
2016;5,763186399261883;Guajara;1301654;Amazonas
2017;4,843610186658253;Guajara;1301654;Amazonas
2018;11,787911152564746;Guajara;1301654;Amazonas
2019;18,929138318934744;Guajara;1301654;Amazonas
2020;20,644499507835256;Guajara;1301654;Amazonas
2021;24,76262594745801;Guajara;1301654;Amazonas
2022;34,56119585768117;Guajara;1301654;Amazonas
2023;17,01875863654872;Guajara;1301654;Amazonas
2024;11,947470513593538;Guajara;1301654;Amazonas
2007;639,3695753918869;Humaita;1301704;Amazonas
2008;20,70137485054551;Humaita;1301704;Amazonas
2009;5,20110709712632;Humaita;1301704;Amazonas
2010;8,010635207241792;Humaita;1301704;Amazonas
2011;11,003913736602133;Humaita;1301704;Amazonas
2012;8,642053743581517;Humaita;1301704;Amazonas
2013;10,68807161909304;Humaita;1301704;Amazonas
2014;13,643659981679564;Humaita;1301704;Amazonas
2015;9,10705819484476;Humaita;1301704;Amazonas
2016;17,522355766227395;Humaita;1301704;Amazonas
2017;34,55856073874389;Humaita;1301704;Amazonas
2018;47,440421776288815;Humaita;1301704;Amazonas
2019;89,22278927871326;Humaita;1301704;Amazonas
2020;108,57057875532925;Humaita;1301704;Amazonas
2021;197,76968672566684;Humaita;1301704;Amazonas
2022;169,88743880994153;Humaita;1301704;Amazonas
2023;85,19879231967532;Humaita;1301704;Amazonas
2024;45,43852241206338;Humaita;1301704;Amazonas
2007;196,5347898067122;Ipixuna;1301803;Amazonas
2008;5,268547230546519;Ipixuna;1301803;Amazonas
2009;0,7537378697704272;Ipixuna;1301803;Amazonas
2010;4,480745999128073;Ipixuna;1301803;Amazonas
2011;2,3272484416324155;Ipixuna;1301803;Amazonas
2012;6,344524366513035;Ipixuna;1301803;Amazonas
2013;6,458857391537074;Ipixuna;1301803;Amazonas
2014;1,153770141869321;Ipixuna;1301803;Amazonas
2015;4,264283037714114;Ipixuna;1301803;Amazonas
2016;4,762960697750136;Ipixuna;1301803;Amazonas
2017;2,254800803951377;Ipixuna;1301803;Amazonas
2018;7,294652842924867;Ipixuna;1301803;Amazonas
2019;7,741456158766038;Ipixuna;1301803;Amazonas
2020;8,117853511491377;Ipixuna;1301803;Amazonas
2021;12,019083694861038;Ipixuna;1301803;Amazonas
2022;18,102029673719645;Ipixuna;1301803;Amazonas
2023;8,017454519495107;Ipixuna;1301803;Amazonas
2024;1,06822323325554;Ipixuna;1301803;Amazonas
2007;458,4677977172081;Iranduba;1301852;Amazonas
2008;1,9161612323562027;Iranduba;1301852;Amazonas
2009;7,50182240938207;Iranduba;1301852;Amazonas
2010;5,917397666084163;Iranduba;1301852;Amazonas
2011;2,8165751478614456;Iranduba;1301852;Amazonas
2012;1,0206876291812454;Iranduba;1301852;Amazonas
2013;2,2599753985383995;Iranduba;1301852;Amazonas
2014;2,7984877316310213;Iranduba;1301852;Amazonas
2015;3,671457653731111;Iranduba;1301852;Amazonas
2016;1,636818235244705;Iranduba;1301852;Amazonas
2017;2,0224854530194274;Iranduba;1301852;Amazonas
2018;1,1780304168328095;Iranduba;1301852;Amazonas
2019;0,7906675607257757;Iranduba;1301852;Amazonas
2020;2,2214268031400914;Iranduba;1301852;Amazonas
2021;0,7042610409378747;Iranduba;1301852;Amazonas
2022;0,7286881292297158;Iranduba;1301852;Amazonas
2023;1,448785692203998;Iranduba;1301852;Amazonas
2024;5,061481828469561;Iranduba;1301852;Amazonas
2007;1633,912310004028;Itacoatiara;1301902;Amazonas
2008;26,93455205253643;Itacoatiara;1301902;Amazonas
2009;5,513594883577195;Itacoatiara;1301902;Amazonas
2010;19,071784724796547;Itacoatiara;1301902;Amazonas
2011;17,54768150962334;Itacoatiara;1301902;Amazonas
2012;6,075436850621722;Itacoatiara;1301902;Amazonas
2013;4,093920692754751;Itacoatiara;1301902;Amazonas
2014;7,844559754833887;Itacoatiara;1301902;Amazonas
2015;5,951664475449609;Itacoatiara;1301902;Amazonas
2016;7,934909153251636;Itacoatiara;1301902;Amazonas
2017;11,067697388155038;Itacoatiara;1301902;Amazonas
2018;4,718099994423737;Itacoatiara;1301902;Amazonas
2019;14,080178572978086;Itacoatiara;1301902;Amazonas
2020;10,249965253935743;Itacoatiara;1301902;Amazonas
2021;16,523551433386015;Itacoatiara;1301902;Amazonas
2022;26,06125445330301;Itacoatiara;1301902;Amazonas
2023;10,25385972382906;Itacoatiara;1301902;Amazonas
2024;11,989888227633685;Itacoatiara;1301902;Amazonas
2007;116,01567187696146;Itamarati;1301951;Amazonas
2008;1,4741818583186193;Itamarati;1301951;Amazonas
2009;1,0317160393284202;Itamarati;1301951;Amazonas
2010;3,2971462529835844;Itamarati;1301951;Amazonas
2011;1,4711516692637958;Itamarati;1301951;Amazonas
2012;1,4526290728486484;Itamarati;1301951;Amazonas
2013;1,546633465169646;Itamarati;1301951;Amazonas
2014;3,1958768504247295;Itamarati;1301951;Amazonas
2015;1,028693503397691;Itamarati;1301951;Amazonas
2016;0,5769864956476669;Itamarati;1301951;Amazonas
2017;0,8305756092684272;Itamarati;1301951;Amazonas
2018;0,7834621412953612;Itamarati;1301951;Amazonas
2019;0,9857101796229107;Itamarati;1301951;Amazonas
2020;1,2706631063072238;Itamarati;1301951;Amazonas
2021;1,1330677303237298;Itamarati;1301951;Amazonas
2022;3,5149299563596386;Itamarati;1301951;Amazonas
2023;2,4598700188948768;Itamarati;1301951;Amazonas
2024;0,3054357184555778;Itamarati;1301951;Amazonas
2007;136,67422641373045;Itapiranga;1302009;Amazonas
2008;1,196714237128513;Itapiranga;1302009;Amazonas
2009;0,298908292513431;Itapiranga;1302009;Amazonas
2010;1,1885333839070518;Itapiranga;1302009;Amazonas
2011;1,1125373674139931;Itapiranga;1302009;Amazonas
2012;0,3938419918888511;Itapiranga;1302009;Amazonas
2013;1,352403387049949;Itapiranga;1302009;Amazonas
2014;0,8052028926994511;Itapiranga;1302009;Amazonas
2015;0,8199334551702027;Itapiranga;1302009;Amazonas
2016;0;Itapiranga;1302009;Amazonas
2017;1,1477869313169928;Itapiranga;1302009;Amazonas
2018;0,24953482253815815;Itapiranga;1302009;Amazonas
2019;0,872509457612924;Itapiranga;1302009;Amazonas
2020;0,15705518374558736;Itapiranga;1302009;Amazonas
2021;1,585377609273288;Itapiranga;1302009;Amazonas
2022;1,6633405860504449;Itapiranga;1302009;Amazonas
2023;0,4370892278328334;Itapiranga;1302009;Amazonas
2024;2,8412977310784724;Itapiranga;1302009;Amazonas
2007;48,16774841023533;Japura;1302108;Amazonas
2008;1,4937194918466274;Japura;1302108;Amazonas
2009;0,4643567726170211;Japura;1302108;Amazonas
2010;3,602656175699325;Japura;1302108;Amazonas
2011;1,3286901879395656;Japura;1302108;Amazonas
2012;0,37785150095797;Japura;1302108;Amazonas
2013;0,15400810550122868;Japura;1302108;Amazonas
2014;0,5270200238013814;Japura;1302108;Amazonas
2015;0;Japura;1302108;Amazonas
2016;0,24013146432327628;Japura;1302108;Amazonas
2017;0,6240267759572264;Japura;1302108;Amazonas
2018;0,9664321877106633;Japura;1302108;Amazonas
2019;0,4918142640413288;Japura;1302108;Amazonas
2020;2,2084003926327687;Japura;1302108;Amazonas
2021;4,269488430197594;Japura;1302108;Amazonas
2022;13,256101489883445;Japura;1302108;Amazonas
2023;28,596093148763025;Japura;1302108;Amazonas
2024;7,802162991878208;Japura;1302108;Amazonas
2007;138,74903177658314;Jurua;1302207;Amazonas
2008;2,985079487184614;Jurua;1302207;Amazonas
2009;1,855685874107132;Jurua;1302207;Amazonas
2010;2,903316241139751;Jurua;1302207;Amazonas
2011;0,5452964613743246;Jurua;1302207;Amazonas
2012;0,4217887808121253;Jurua;1302207;Amazonas
2013;0,4135625597346419;Jurua;1302207;Amazonas
2014;3,3075662171221496;Jurua;1302207;Amazonas
2015;0,22777429839486324;Jurua;1302207;Amazonas
2016;0,8539374502252541;Jurua;1302207;Amazonas
2017;0,6008663993175686;Jurua;1302207;Amazonas
2018;1,4319115491494818;Jurua;1302207;Amazonas
2019;0,34982666481050234;Jurua;1302207;Amazonas
2020;0,7749515921544345;Jurua;1302207;Amazonas
2021;1,56583717288275;Jurua;1302207;Amazonas
2022;0,41469506004437023;Jurua;1302207;Amazonas
2023;1,8676147099011964;Jurua;1302207;Amazonas
2024;0;Jurua;1302207;Amazonas
2007;219,31249185323784;Jutai;1302306;Amazonas
2008;3,8637884497341024;Jutai;1302306;Amazonas
2009;0,7856015557522966;Jutai;1302306;Amazonas
2010;4,906473698783749;Jutai;1302306;Amazonas
2011;3,069015737475899;Jutai;1302306;Amazonas
2012;0,6699237212436283;Jutai;1302306;Amazonas
2013;1,3700238601709807;Jutai;1302306;Amazonas
2014;2,580066145152043;Jutai;1302306;Amazonas
2015;1,120239381139085;Jutai;1302306;Amazonas
2016;1,6201352217385805;Jutai;1302306;Amazonas
2017;9,419518760848256;Jutai;1302306;Amazonas
2018;1,0610799332887833;Jutai;1302306;Amazonas
2019;10,840244886612517;Jutai;1302306;Amazonas
2020;7,270617937160285;Jutai;1302306;Amazonas
2021;1,1604796787671854;Jutai;1302306;Amazonas
2022;11,7733571413845;Jutai;1302306;Amazonas
2023;5,567408687307174;Jutai;1302306;Amazonas
2024;0;Jutai;1302306;Amazonas
2007;2968,964934464695;Labrea;1302405;Amazonas
2008;65,18213762272421;Labrea;1302405;Amazonas
2009;42,26392557929927;Labrea;1302405;Amazonas
2010;39,56633013951691;Labrea;1302405;Amazonas
2011;75,07662806333056;Labrea;1302405;Amazonas
2012;83,61052241989711;Labrea;1302405;Amazonas
2013;116,8267927229513;Labrea;1302405;Amazonas
2014;132,53852698150374;Labrea;1302405;Amazonas
2015;236,8022991671089;Labrea;1302405;Amazonas
2016;310,2368716472615;Labrea;1302405;Amazonas
2017;276,86659805133996;Labrea;1302405;Amazonas
2018;315,5188232196467;Labrea;1302405;Amazonas
2019;381,7604529224622;Labrea;1302405;Amazonas
2020;382,8679364165328;Labrea;1302405;Amazonas
2021;540,2306209235472;Labrea;1302405;Amazonas
2022;699,5945833704142;Labrea;1302405;Amazonas
2023;206,75199290259212;Labrea;1302405;Amazonas
2024;129,68656350859456;Labrea;1302405;Amazonas
2007;748,0820162949867;Manacapuru;1302504;Amazonas
2008;2,1606506440783084;Manacapuru;1302504;Amazonas
2009;14,692288395285711;Manacapuru;1302504;Amazonas
2010;10,790409496365996;Manacapuru;1302504;Amazonas
2011;8,7844294291022;Manacapuru;1302504;Amazonas
2012;1,436764439871015;Manacapuru;1302504;Amazonas
2013;1,810595940540646;Manacapuru;1302504;Amazonas
2014;3,5205719730912137;Manacapuru;1302504;Amazonas
2015;7,97193544325231;Manacapuru;1302504;Amazonas
2016;4,3049853869390144;Manacapuru;1302504;Amazonas
2017;2,5242856679856573;Manacapuru;1302504;Amazonas
2018;1,9552619803587672;Manacapuru;1302504;Amazonas
2019;4,138263095982976;Manacapuru;1302504;Amazonas
2020;10,876654399091292;Manacapuru;1302504;Amazonas
2021;5,8986175150068165;Manacapuru;1302504;Amazonas
2022;1,6664583258761998;Manacapuru;1302504;Amazonas
2023;7,170463186726165;Manacapuru;1302504;Amazonas
2024;12,808282766861884;Manacapuru;1302504;Amazonas
2007;482,5579097730365;Manaquiri;1302553;Amazonas
2008;0,6842948312871238;Manaquiri;1302553;Amazonas
2009;2,043212601197974;Manaquiri;1302553;Amazonas
2010;2,0315594973529474;Manaquiri;1302553;Amazonas
2011;1,6569606474356728;Manaquiri;1302553;Amazonas
2012;0,0700562114845199;Manaquiri;1302553;Amazonas
2013;0,6511542645242558;Manaquiri;1302553;Amazonas
2014;0,07113091584474708;Manaquiri;1302553;Amazonas
2015;3,075741335453336;Manaquiri;1302553;Amazonas
2016;0,9865932092816808;Manaquiri;1302553;Amazonas
2017;1,0020287141242632;Manaquiri;1302553;Amazonas
2018;0,4720339118555345;Manaquiri;1302553;Amazonas
2019;1,4886757112552227;Manaquiri;1302553;Amazonas
2020;2,0060939001971008;Manaquiri;1302553;Amazonas
2021;1,6413020901202886;Manaquiri;1302553;Amazonas
2022;0,6020837096508449;Manaquiri;1302553;Amazonas
2023;3,1869468667253917;Manaquiri;1302553;Amazonas
2024;2,8266497181470855;Manaquiri;1302553;Amazonas
2007;1242,8917375991891;Manaus;1302603;Amazonas
2008;2,9602596727685673;Manaus;1302603;Amazonas
2009;3,683645907131995;Manaus;1302603;Amazonas
2010;10,307133189169361;Manaus;1302603;Amazonas
2011;2,1893917176725513;Manaus;1302603;Amazonas
2012;3,8899288252321766;Manaus;1302603;Amazonas
2013;2,313866202705229;Manaus;1302603;Amazonas
2014;2,279391955143299;Manaus;1302603;Amazonas
2015;1,800664106821639;Manaus;1302603;Amazonas
2016;1,2148133306421773;Manaus;1302603;Amazonas
2017;1,9775483456466258;Manaus;1302603;Amazonas
2018;0,9998802208469642;Manaus;1302603;Amazonas
2019;4,634608364806876;Manaus;1302603;Amazonas
2020;6,70568097102482;Manaus;1302603;Amazonas
2021;5,657675242822173;Manaus;1302603;Amazonas
2022;3,673069641879561;Manaus;1302603;Amazonas
2023;3,4215590150720074;Manaus;1302603;Amazonas
2024;10,93009579847728;Manaus;1302603;Amazonas
2007;1419,9831494093903;Manicore;1302702;Amazonas
2008;41,02882262499206;Manicore;1302702;Amazonas
2009;29,848736135769585;Manicore;1302702;Amazonas
2010;62,882033397017075;Manicore;1302702;Amazonas
2011;54,635430955128044;Manicore;1302702;Amazonas
2012;60,46238526667537;Manicore;1302702;Amazonas
2013;42,886074778518285;Manicore;1302702;Amazonas
2014;29,304983900333983;Manicore;1302702;Amazonas
2015;72,45108908284665;Manicore;1302702;Amazonas
2016;85,97571524264943;Manicore;1302702;Amazonas
2017;99,40063652193845;Manicore;1302702;Amazonas
2018;80,67126048906654;Manicore;1302702;Amazonas
2019;81,64666772828453;Manicore;1302702;Amazonas
2020;79,67964919065382;Manicore;1302702;Amazonas
2021;134,71145563437125;Manicore;1302702;Amazonas
2022;246,88732573169904;Manicore;1302702;Amazonas
2023;98,45547852299092;Manicore;1302702;Amazonas
2024;72,99100944048743;Manicore;1302702;Amazonas
2007;102,87019192736193;Maraa;1302801;Amazonas
2008;3,0124744398822165;Maraa;1302801;Amazonas
2009;0,5299277171240477;Maraa;1302801;Amazonas
2010;5,661554587348961;Maraa;1302801;Amazonas
2011;0,6476705253569756;Maraa;1302801;Amazonas
2012;0,7594896071303812;Maraa;1302801;Amazonas
2013;1,1622221344796513;Maraa;1302801;Amazonas
2014;2,330660874269774;Maraa;1302801;Amazonas
2015;0,07919066858077836;Maraa;1302801;Amazonas
2016;1,7167262467875226;Maraa;1302801;Amazonas
2017;0,9513294177042011;Maraa;1302801;Amazonas
2018;1,1252248191562602;Maraa;1302801;Amazonas
2019;1,0464650600405943;Maraa;1302801;Amazonas
2020;0,8600370984149018;Maraa;1302801;Amazonas
2021;1,9830993708606364;Maraa;1302801;Amazonas
2022;0,4418032473152856;Maraa;1302801;Amazonas
2023;1,433878529191915;Maraa;1302801;Amazonas
2024;0;Maraa;1302801;Amazonas
2007;1253,3925605464694;Maues;1302900;Amazonas
2008;19,84815755077128;Maues;1302900;Amazonas
2009;8,381867502794055;Maues;1302900;Amazonas
2010;14,430087651369158;Maues;1302900;Amazonas
2011;14,64327144193847;Maues;1302900;Amazonas
2012;10,954320251435652;Maues;1302900;Amazonas
2013;15,587246324512291;Maues;1302900;Amazonas
2014;13,647836289291206;Maues;1302900;Amazonas
2015;9,996777711168736;Maues;1302900;Amazonas
2016;38,38064073268808;Maues;1302900;Amazonas
2017;20,590062128661963;Maues;1302900;Amazonas
2018;6,419601246091415;Maues;1302900;Amazonas
2019;16,04057009404215;Maues;1302900;Amazonas
2020;21,403220171772606;Maues;1302900;Amazonas
2021;67,97854739822353;Maues;1302900;Amazonas
2022;117,00429983462388;Maues;1302900;Amazonas
2023;35,122365604822754;Maues;1302900;Amazonas
2024;37,0333456769854;Maues;1302900;Amazonas
2007;456,33713001483864;Nhamunda;1303007;Amazonas
2008;0,8191827740762501;Nhamunda;1303007;Amazonas
2009;4,367390911306769;Nhamunda;1303007;Amazonas
2010;13,719470224044178;Nhamunda;1303007;Amazonas
2011;4,03591744538684;Nhamunda;1303007;Amazonas
2012;2,6513782914500554;Nhamunda;1303007;Amazonas
2013;2,578237877836413;Nhamunda;1303007;Amazonas
2014;2,6955490735580003;Nhamunda;1303007;Amazonas
2015;4,87958389747615;Nhamunda;1303007;Amazonas
2016;1,4072857706374877;Nhamunda;1303007;Amazonas
2017;1,8095790493937227;Nhamunda;1303007;Amazonas
2018;4,77072434193766;Nhamunda;1303007;Amazonas
2019;2,9536246605712906;Nhamunda;1303007;Amazonas
2020;3,7530340827097404;Nhamunda;1303007;Amazonas
2021;4,618356292148576;Nhamunda;1303007;Amazonas
2022;9,084112855717986;Nhamunda;1303007;Amazonas
2023;5,604815425625794;Nhamunda;1303007;Amazonas
2024;6,407145670591522;Nhamunda;1303007;Amazonas
2007;404,7298818113987;Nova Olinda do Norte;1303106;Amazonas
2008;6,190534998308555;Nova Olinda do Norte;1303106;Amazonas
2009;1,2399458840502684;Nova Olinda do Norte;1303106;Amazonas
2010;2,34385170752282;Nova Olinda do Norte;1303106;Amazonas
2011;3,087081426406215;Nova Olinda do Norte;1303106;Amazonas
2012;2,1699750443830785;Nova Olinda do Norte;1303106;Amazonas
2013;0,8460973687029364;Nova Olinda do Norte;1303106;Amazonas
2014;2,551795748083958;Nova Olinda do Norte;1303106;Amazonas
2015;5,564648942858154;Nova Olinda do Norte;1303106;Amazonas
2016;3,7506098189731603;Nova Olinda do Norte;1303106;Amazonas
2017;3,2747559991404187;Nova Olinda do Norte;1303106;Amazonas
2018;1,8624501199539696;Nova Olinda do Norte;1303106;Amazonas
2019;5,939124640295518;Nova Olinda do Norte;1303106;Amazonas
2020;6,067972308350002;Nova Olinda do Norte;1303106;Amazonas
2021;6,353316752791272;Nova Olinda do Norte;1303106;Amazonas
2022;12,198079838911676;Nova Olinda do Norte;1303106;Amazonas
2023;5,053804077619917;Nova Olinda do Norte;1303106;Amazonas
2024;3,2930457382960965;Nova Olinda do Norte;1303106;Amazonas
2007;112,10137200104549;Novo Airao;1303205;Amazonas
2008;0,9458895941777166;Novo Airao;1303205;Amazonas
2009;1,9366940625638513;Novo Airao;1303205;Amazonas
2010;2,712641652552204;Novo Airao;1303205;Amazonas
2011;1,1638585515975648;Novo Airao;1303205;Amazonas
2012;0,4544538660805998;Novo Airao;1303205;Amazonas
2013;0,6111933143275277;Novo Airao;1303205;Amazonas
2014;1,1721436299195;Novo Airao;1303205;Amazonas
2015;0,5808575715137514;Novo Airao;1303205;Amazonas
2016;0,8910684754500094;Novo Airao;1303205;Amazonas
2017;1,534353101245471;Novo Airao;1303205;Amazonas
2018;0,6478956426648069;Novo Airao;1303205;Amazonas
2019;3,1392319923599916;Novo Airao;1303205;Amazonas
2020;0,728086526350406;Novo Airao;1303205;Amazonas
2021;1,015650801110687;Novo Airao;1303205;Amazonas
2022;0,6584047946385788;Novo Airao;1303205;Amazonas
2023;0,9931181276288675;Novo Airao;1303205;Amazonas
2024;0,34773093498576424;Novo Airao;1303205;Amazonas
2007;794,4332464734349;Novo Aripuana;1303304;Amazonas
2008;62,742288415556885;Novo Aripuana;1303304;Amazonas
2009;15,745194989337241;Novo Aripuana;1303304;Amazonas
2010;20,332695416644466;Novo Aripuana;1303304;Amazonas
2011;17,82335237577008;Novo Aripuana;1303304;Amazonas
2012;17,592142568184943;Novo Aripuana;1303304;Amazonas
2013;42,86033023426806;Novo Aripuana;1303304;Amazonas
2014;25,731954205952817;Novo Aripuana;1303304;Amazonas
2015;53,19540686346962;Novo Aripuana;1303304;Amazonas
2016;152,44811947676635;Novo Aripuana;1303304;Amazonas
2017;126,57183340146545;Novo Aripuana;1303304;Amazonas
2018;139,9255404560391;Novo Aripuana;1303304;Amazonas
2019;230,92978639582748;Novo Aripuana;1303304;Amazonas
2020;110,3324392310118;Novo Aripuana;1303304;Amazonas
2021;194,38671984188414;Novo Aripuana;1303304;Amazonas
2022;295,0374857780882;Novo Aripuana;1303304;Amazonas
2023;124,73161812483397;Novo Aripuana;1303304;Amazonas
2024;162,5397710757506;Novo Aripuana;1303304;Amazonas
2007;943,0067474482308;Parintins;1303403;Amazonas
2008;4,729081157527899;Parintins;1303403;Amazonas
2009;5,198193670738647;Parintins;1303403;Amazonas
2010;7,159986254499291;Parintins;1303403;Amazonas
2011;4,904137203132556;Parintins;1303403;Amazonas
2012;1,3254860810752318;Parintins;1303403;Amazonas
2013;3,853257118002878;Parintins;1303403;Amazonas
2014;5,692023762361978;Parintins;1303403;Amazonas
2015;3,1708481265480772;Parintins;1303403;Amazonas
2016;1,1646129387564859;Parintins;1303403;Amazonas
2017;2,2075105658374263;Parintins;1303403;Amazonas
2018;2,5929064000744653;Parintins;1303403;Amazonas
2019;3,3503966132575083;Parintins;1303403;Amazonas
2020;3,0334083023222873;Parintins;1303403;Amazonas
2021;2,467536387656919;Parintins;1303403;Amazonas
2022;3,8284259008491954;Parintins;1303403;Amazonas
2023;1,8730513533870103;Parintins;1303403;Amazonas
2024;8,947001924580997;Parintins;1303403;Amazonas
2007;203,51751976959352;Pauini;1303502;Amazonas
2008;3,1381190991813854;Pauini;1303502;Amazonas
2009;3,2467006602262765;Pauini;1303502;Amazonas
2010;5,081926829945132;Pauini;1303502;Amazonas
2011;5,707911239118665;Pauini;1303502;Amazonas
2012;9,513422681196875;Pauini;1303502;Amazonas
2013;4,759468867516221;Pauini;1303502;Amazonas
2014;9,45490841911171;Pauini;1303502;Amazonas
2015;6,47460261573727;Pauini;1303502;Amazonas
2016;5,583501137095258;Pauini;1303502;Amazonas
2017;13,556340150127891;Pauini;1303502;Amazonas
2018;8,1223763456685;Pauini;1303502;Amazonas
2019;10,30483507107623;Pauini;1303502;Amazonas
2020;21,14396054899265;Pauini;1303502;Amazonas
2021;28,062074691896466;Pauini;1303502;Amazonas
2022;31,18640591929126;Pauini;1303502;Amazonas
2023;13,270690485313791;Pauini;1303502;Amazonas
2024;11,204956767717503;Pauini;1303502;Amazonas
2007;678,8186960447345;Presidente Figueiredo;1303536;Amazonas
2008;18,952872381509007;Presidente Figueiredo;1303536;Amazonas
2009;13,749309521045236;Presidente Figueiredo;1303536;Amazonas
2010;9,250738008112915;Presidente Figueiredo;1303536;Amazonas
2011;11,681548311803338;Presidente Figueiredo;1303536;Amazonas
2012;5,35570599173753;Presidente Figueiredo;1303536;Amazonas
2013;4,100635456864078;Presidente Figueiredo;1303536;Amazonas
2014;6,634040706748659;Presidente Figueiredo;1303536;Amazonas
2015;7,654460776006302;Presidente Figueiredo;1303536;Amazonas
2016;6,414777349081132;Presidente Figueiredo;1303536;Amazonas
2017;8,609021328254714;Presidente Figueiredo;1303536;Amazonas
2018;5,916871997743233;Presidente Figueiredo;1303536;Amazonas
2019;9,707607569762693;Presidente Figueiredo;1303536;Amazonas
2020;9,344826393171125;Presidente Figueiredo;1303536;Amazonas
2021;14,963075562328768;Presidente Figueiredo;1303536;Amazonas
2022;15,088949850431982;Presidente Figueiredo;1303536;Amazonas
2023;2,306011633856437;Presidente Figueiredo;1303536;Amazonas
2024;1,2670863394302025;Presidente Figueiredo;1303536;Amazonas
2007;546,5195368301354;Rio Preto da Eva;1303569;Amazonas
2008;7,075629544402307;Rio Preto da Eva;1303569;Amazonas
2009;1,2965142483015901;Rio Preto da Eva;1303569;Amazonas
2010;3,892135522183985;Rio Preto da Eva;1303569;Amazonas
2011;5,578649359648592;Rio Preto da Eva;1303569;Amazonas
2012;2,9260082874462268;Rio Preto da Eva;1303569;Amazonas
2013;0,6050004885249115;Rio Preto da Eva;1303569;Amazonas
2014;1,1638241582356013;Rio Preto da Eva;1303569;Amazonas
2015;1,6502233740741323;Rio Preto da Eva;1303569;Amazonas
2016;3,9510666542872217;Rio Preto da Eva;1303569;Amazonas
2017;2,3427514129861273;Rio Preto da Eva;1303569;Amazonas
2018;1,7501217909424729;Rio Preto da Eva;1303569;Amazonas
2019;3,603723673024236;Rio Preto da Eva;1303569;Amazonas
2020;2,9861662934685635;Rio Preto da Eva;1303569;Amazonas
2021;4,103956903686275;Rio Preto da Eva;1303569;Amazonas
2022;4,396380176574435;Rio Preto da Eva;1303569;Amazonas
2023;1,5722274792484776;Rio Preto da Eva;1303569;Amazonas
2024;11,616683160286376;Rio Preto da Eva;1303569;Amazonas
2007;200,39126384194017;Santa Isabel do Rio Negro;1303601;Amazonas
2008;1,340650855635571;Santa Isabel do Rio Negro;1303601;Amazonas
2009;0,10346759776836335;Santa Isabel do Rio Negro;1303601;Amazonas
2010;5,698876232101413;Santa Isabel do Rio Negro;1303601;Amazonas
2011;1,8730692467130885;Santa Isabel do Rio Negro;1303601;Amazonas
2012;1,3925959940104429;Santa Isabel do Rio Negro;1303601;Amazonas
2013;0,14161731998922367;Santa Isabel do Rio Negro;1303601;Amazonas
2014;0,904978488728004;Santa Isabel do Rio Negro;1303601;Amazonas
2015;0,4984384965455827;Santa Isabel do Rio Negro;1303601;Amazonas
2016;0,5077632366572418;Santa Isabel do Rio Negro;1303601;Amazonas
2017;0,6915408726718818;Santa Isabel do Rio Negro;1303601;Amazonas
2018;0,7206046834123789;Santa Isabel do Rio Negro;1303601;Amazonas
2019;3,1110412547369646;Santa Isabel do Rio Negro;1303601;Amazonas
2020;1,0852128313235283;Santa Isabel do Rio Negro;1303601;Amazonas
2021;1,7446107258362356;Santa Isabel do Rio Negro;1303601;Amazonas
2022;0,10442842608662325;Santa Isabel do Rio Negro;1303601;Amazonas
2023;0,6373655612695638;Santa Isabel do Rio Negro;1303601;Amazonas
2024;0;Santa Isabel do Rio Negro;1303601;Amazonas
2007;125,81908901608955;Santo Antonio do Ica;1303700;Amazonas
2008;1,0065915798205571;Santo Antonio do Ica;1303700;Amazonas
2009;1,1727684024644265;Santo Antonio do Ica;1303700;Amazonas
2010;0,8487978565434195;Santo Antonio do Ica;1303700;Amazonas
2011;2,7790390348644607;Santo Antonio do Ica;1303700;Amazonas
2012;0,24454965293431447;Santo Antonio do Ica;1303700;Amazonas
2013;0;Santo Antonio do Ica;1303700;Amazonas
2014;0;Santo Antonio do Ica;1303700;Amazonas
2015;0,06529166840741508;Santo Antonio do Ica;1303700;Amazonas
2016;0,9707888304676875;Santo Antonio do Ica;1303700;Amazonas
2017;1,2310088453855805;Santo Antonio do Ica;1303700;Amazonas
2018;0,390498180924444;Santo Antonio do Ica;1303700;Amazonas
2019;0,5473013986235187;Santo Antonio do Ica;1303700;Amazonas
2020;2,9541704110186053;Santo Antonio do Ica;1303700;Amazonas
2021;1,8128241290879485;Santo Antonio do Ica;1303700;Amazonas
2022;2,0351178986509546;Santo Antonio do Ica;1303700;Amazonas
2023;1,6919976713080864;Santo Antonio do Ica;1303700;Amazonas
2024;0;Santo Antonio do Ica;1303700;Amazonas
2007;1126,9152799716567;Sao Gabriel da Cachoeira;1303809;Amazonas
2008;9,087160318412469;Sao Gabriel da Cachoeira;1303809;Amazonas
2009;4,425229029037527;Sao Gabriel da Cachoeira;1303809;Amazonas
2010;9,765830473040968;Sao Gabriel da Cachoeira;1303809;Amazonas
2011;3,9973865023011097;Sao Gabriel da Cachoeira;1303809;Amazonas
2012;2,6585034028244476;Sao Gabriel da Cachoeira;1303809;Amazonas
2013;1,3367825557807447;Sao Gabriel da Cachoeira;1303809;Amazonas
2014;2,0173372103828755;Sao Gabriel da Cachoeira;1303809;Amazonas
2015;0,5255511970288115;Sao Gabriel da Cachoeira;1303809;Amazonas
2016;1,6705369624781878;Sao Gabriel da Cachoeira;1303809;Amazonas
2017;0,9373706045793009;Sao Gabriel da Cachoeira;1303809;Amazonas
2018;1,8286819131185978;Sao Gabriel da Cachoeira;1303809;Amazonas
2019;6,323496741210664;Sao Gabriel da Cachoeira;1303809;Amazonas
2020;6,333434509959592;Sao Gabriel da Cachoeira;1303809;Amazonas
2021;5,591931905283998;Sao Gabriel da Cachoeira;1303809;Amazonas
2022;2,395897351820293;Sao Gabriel da Cachoeira;1303809;Amazonas
2023;2,9936789233658;Sao Gabriel da Cachoeira;1303809;Amazonas
2024;0;Sao Gabriel da Cachoeira;1303809;Amazonas
2007;178,6546728820573;Sao Paulo de Olivenca;1303908;Amazonas
2008;0,2947244619481648;Sao Paulo de Olivenca;1303908;Amazonas
2009;0,6533777227171497;Sao Paulo de Olivenca;1303908;Amazonas
2010;0,910304539222324;Sao Paulo de Olivenca;1303908;Amazonas
2011;0,927609017855763;Sao Paulo de Olivenca;1303908;Amazonas
2012;0,5667982067124248;Sao Paulo de Olivenca;1303908;Amazonas
2013;0,25903306824075445;Sao Paulo de Olivenca;1303908;Amazonas
2014;0,6539158804077188;Sao Paulo de Olivenca;1303908;Amazonas
2015;0,3717063298703896;Sao Paulo de Olivenca;1303908;Amazonas
2016;1,5927134928939157;Sao Paulo de Olivenca;1303908;Amazonas
2017;1,0059745070485226;Sao Paulo de Olivenca;1303908;Amazonas
2018;0,24751757037914288;Sao Paulo de Olivenca;1303908;Amazonas
2019;2,8740576131608915;Sao Paulo de Olivenca;1303908;Amazonas
2020;3,54755040213245;Sao Paulo de Olivenca;1303908;Amazonas
2021;1,8267583004589825;Sao Paulo de Olivenca;1303908;Amazonas
2022;0,8132352192029965;Sao Paulo de Olivenca;1303908;Amazonas
2023;1,7175998405823814;Sao Paulo de Olivenca;1303908;Amazonas
2024;0;Sao Paulo de Olivenca;1303908;Amazonas
2007;187,8473055130763;Sao Sebastiao do Uatuma;1303957;Amazonas
2008;5,532438594210714;Sao Sebastiao do Uatuma;1303957;Amazonas
2009;2,2424825953225165;Sao Sebastiao do Uatuma;1303957;Amazonas
2010;4,782474410740043;Sao Sebastiao do Uatuma;1303957;Amazonas
2011;2,6832555585846958;Sao Sebastiao do Uatuma;1303957;Amazonas
2012;0,9292849607227182;Sao Sebastiao do Uatuma;1303957;Amazonas
2013;4,029315202187621;Sao Sebastiao do Uatuma;1303957;Amazonas
2014;4,855552663158436;Sao Sebastiao do Uatuma;1303957;Amazonas
2015;1,729047162775738;Sao Sebastiao do Uatuma;1303957;Amazonas
2016;0,7883095363891134;Sao Sebastiao do Uatuma;1303957;Amazonas
2017;3,6417072745274393;Sao Sebastiao do Uatuma;1303957;Amazonas
2018;0,7230000530320806;Sao Sebastiao do Uatuma;1303957;Amazonas
2019;2,299210122749884;Sao Sebastiao do Uatuma;1303957;Amazonas
2020;1,3195151488187735;Sao Sebastiao do Uatuma;1303957;Amazonas
2021;1,5913393627428358;Sao Sebastiao do Uatuma;1303957;Amazonas
2022;4,951204041541035;Sao Sebastiao do Uatuma;1303957;Amazonas
2023;2,163885718226374;Sao Sebastiao do Uatuma;1303957;Amazonas
2024;1,6367905613901952;Sao Sebastiao do Uatuma;1303957;Amazonas
2007;419,82580800306977;Silves;1304005;Amazonas
2008;2,8276438137921764;Silves;1304005;Amazonas
2009;0,29901463757128244;Silves;1304005;Amazonas
2010;2,4862563391015273;Silves;1304005;Amazonas
2011;1,735760003078791;Silves;1304005;Amazonas
2012;2,3970667783152915;Silves;1304005;Amazonas
2013;0,86846753918984;Silves;1304005;Amazonas
2014;1,326485736082013;Silves;1304005;Amazonas
2015;0,7096972630157663;Silves;1304005;Amazonas
2016;1,3844213822307652;Silves;1304005;Amazonas
2017;1,0581377817493296;Silves;1304005;Amazonas
2018;0,6161341003236835;Silves;1304005;Amazonas
2019;1,6323854373394286;Silves;1304005;Amazonas
2020;1,6150358421900453;Silves;1304005;Amazonas
2021;1,4963583810300443;Silves;1304005;Amazonas
2022;0,9988276990036682;Silves;1304005;Amazonas
2023;0,7850110300815146;Silves;1304005;Amazonas
2024;1,7263553158162712;Silves;1304005;Amazonas
2007;151,32713094427308;Tabatinga;1304062;Amazonas
2008;1,0331925201905356;Tabatinga;1304062;Amazonas
2009;1,0938578619050316;Tabatinga;1304062;Amazonas
2010;0,9584307292461816;Tabatinga;1304062;Amazonas
2011;0,8699304360702107;Tabatinga;1304062;Amazonas
2012;0,7205650602172643;Tabatinga;1304062;Amazonas
2013;0,23100405179647088;Tabatinga;1304062;Amazonas
2014;3,7421547590149493;Tabatinga;1304062;Amazonas
2015;0,23735677851565576;Tabatinga;1304062;Amazonas
2016;1,8128233453650389;Tabatinga;1304062;Amazonas
2017;0,4485229690871566;Tabatinga;1304062;Amazonas
2018;0,16544354819016513;Tabatinga;1304062;Amazonas
2019;1,6744102978659436;Tabatinga;1304062;Amazonas
2020;0,6394224938281982;Tabatinga;1304062;Amazonas
2021;3,698916272685273;Tabatinga;1304062;Amazonas
2022;1,3405518965241032;Tabatinga;1304062;Amazonas
2023;1,415658431250077;Tabatinga;1304062;Amazonas
2024;0;Tabatinga;1304062;Amazonas
2007;271,2316083507211;Tapaua;1304104;Amazonas
2008;3,062477352582415;Tapaua;1304104;Amazonas
2009;0,7140029907431766;Tapaua;1304104;Amazonas
2010;5,3683116103480595;Tapaua;1304104;Amazonas
2011;4,3899162417563975;Tapaua;1304104;Amazonas
2012;0,6726472887748007;Tapaua;1304104;Amazonas
2013;2,574629578858172;Tapaua;1304104;Amazonas
2014;2,67312399686514;Tapaua;1304104;Amazonas
2015;0,49293767238333863;Tapaua;1304104;Amazonas
2016;2,979428056529512;Tapaua;1304104;Amazonas
2017;4,25843294711533;Tapaua;1304104;Amazonas
2018;17,622487636838013;Tapaua;1304104;Amazonas
2019;21,211310834197505;Tapaua;1304104;Amazonas
2020;16,903966517826422;Tapaua;1304104;Amazonas
2021;51,585975093143865;Tapaua;1304104;Amazonas
2022;66,15148949648353;Tapaua;1304104;Amazonas
2023;33,01554394328132;Tapaua;1304104;Amazonas
2024;10,056140106263804;Tapaua;1304104;Amazonas
2007;595,2107954030066;Tefe;1304203;Amazonas
2008;9,740327224915655;Tefe;1304203;Amazonas
2009;4,289587966554569;Tefe;1304203;Amazonas
2010;8,754381987083827;Tefe;1304203;Amazonas
2011;3,424556985475983;Tefe;1304203;Amazonas
2012;2,906744627704616;Tefe;1304203;Amazonas
2013;2,0016677603769293;Tefe;1304203;Amazonas
2014;15,509433485834183;Tefe;1304203;Amazonas
2015;2,2546782351356196;Tefe;1304203;Amazonas
2016;8,102712366674027;Tefe;1304203;Amazonas
2017;5,7328261701061285;Tefe;1304203;Amazonas
2018;8,324900708966585;Tefe;1304203;Amazonas
2019;7,5358629659227185;Tefe;1304203;Amazonas
2020;10,470299161861417;Tefe;1304203;Amazonas
2021;12,775608228495393;Tefe;1304203;Amazonas
2022;2,230988295528538;Tefe;1304203;Amazonas
2023;12,39043789568306;Tefe;1304203;Amazonas
2024;11,44344874877666;Tefe;1304203;Amazonas
2007;77,99325189081266;Tonantins;1304237;Amazonas
2008;0,29961708924212416;Tonantins;1304237;Amazonas
2009;0,4358245738940586;Tonantins;1304237;Amazonas
2010;0,8728677937408091;Tonantins;1304237;Amazonas
2011;0,9922009266175595;Tonantins;1304237;Amazonas
2012;0,2581793890591403;Tonantins;1304237;Amazonas
2013;0;Tonantins;1304237;Amazonas
2014;0,485592028838013;Tonantins;1304237;Amazonas
2015;0;Tonantins;1304237;Amazonas
2016;0,2721996440934896;Tonantins;1304237;Amazonas
2017;7,852941345193946;Tonantins;1304237;Amazonas
2018;0,09250985608722757;Tonantins;1304237;Amazonas
2019;0,23603808040324842;Tonantins;1304237;Amazonas
2020;1,12967642538152;Tonantins;1304237;Amazonas
2021;0,5196791177190678;Tonantins;1304237;Amazonas
2022;0,07881989371063954;Tonantins;1304237;Amazonas
2023;3,315137664578663;Tonantins;1304237;Amazonas
2024;0;Tonantins;1304237;Amazonas
2007;228,53026580866603;Uarini;1304260;Amazonas
2008;6,698952000499399;Uarini;1304260;Amazonas
2009;0,5111172955433828;Uarini;1304260;Amazonas
2010;3,5731236117489114;Uarini;1304260;Amazonas
2011;1,3280802550716686;Uarini;1304260;Amazonas
2012;2,0339861337487735;Uarini;1304260;Amazonas
2013;0,5977476963266702;Uarini;1304260;Amazonas
2014;8,585074538047861;Uarini;1304260;Amazonas
2015;0,45049702085407584;Uarini;1304260;Amazonas
2016;5,13743998652572;Uarini;1304260;Amazonas
2017;2,561508396398132;Uarini;1304260;Amazonas
2018;5,356115100701223;Uarini;1304260;Amazonas
2019;2,445642303353793;Uarini;1304260;Amazonas
2020;3,4733314547792014;Uarini;1304260;Amazonas
2021;5,979952815118593;Uarini;1304260;Amazonas
2022;1,2795111927815037;Uarini;1304260;Amazonas
2023;4,243257644701665;Uarini;1304260;Amazonas
2024;6,351072936916803;Uarini;1304260;Amazonas
2007;325,51921876652483;Urucara;1304302;Amazonas
2008;2,0618123782180806;Urucara;1304302;Amazonas
2009;1,6389244166822294;Urucara;1304302;Amazonas
2010;4,059886292185898;Urucara;1304302;Amazonas
2011;1,8411457284617894;Urucara;1304302;Amazonas
2012;0,49466974366687116;Urucara;1304302;Amazonas
2013;2,2693340597495664;Urucara;1304302;Amazonas
2014;1,3923793690950739;Urucara;1304302;Amazonas
2015;0,39221599352773123;Urucara;1304302;Amazonas
2016;0,2956732453174702;Urucara;1304302;Amazonas
2017;0,6271329413526936;Urucara;1304302;Amazonas
2018;0,5365586623980951;Urucara;1304302;Amazonas
2019;0,8529310002566486;Urucara;1304302;Amazonas
2020;0,4686995428190093;Urucara;1304302;Amazonas
2021;0,935704543506998;Urucara;1304302;Amazonas
2022;1,2985473736428095;Urucara;1304302;Amazonas
2023;0,8383862612884295;Urucara;1304302;Amazonas
2024;1,4058973274054871;Urucara;1304302;Amazonas
2007;95,17841756380942;Urucurituba;1304401;Amazonas
2008;0,5561164176662565;Urucurituba;1304401;Amazonas
2009;0;Urucurituba;1304401;Amazonas
2010;1,043710743839895;Urucurituba;1304401;Amazonas
2011;0,5609088223194642;Urucurituba;1304401;Amazonas
2012;0;Urucurituba;1304401;Amazonas
2013;0,797788180656239;Urucurituba;1304401;Amazonas
2014;0,8635902493153202;Urucurituba;1304401;Amazonas
2015;0,14593747329300794;Urucurituba;1304401;Amazonas
2016;0,07808735821300018;Urucurituba;1304401;Amazonas
2017;0,13567171488228602;Urucurituba;1304401;Amazonas
2018;0;Urucurituba;1304401;Amazonas
2019;0,3880077759670678;Urucurituba;1304401;Amazonas
2020;0,06633243958066919;Urucurituba;1304401;Amazonas
2021;0,8210117350738607;Urucurituba;1304401;Amazonas
2022;1,4429828265116749;Urucurituba;1304401;Amazonas
2023;0;Urucurituba;1304401;Amazonas
2024;0,0626523810733161;Urucurituba;1304401;Amazonas
2007;5132,959632399609;Acailandia;2100055;Maranhao
2008;53,769827617047724;Acailandia;2100055;Maranhao
2009;23,837836550310602;Acailandia;2100055;Maranhao
2010;14,343419748327587;Acailandia;2100055;Maranhao
2011;8,414980201545879;Acailandia;2100055;Maranhao
2012;5,521269378436285;Acailandia;2100055;Maranhao
2013;5,685175688350749;Acailandia;2100055;Maranhao
2014;7,337980105690817;Acailandia;2100055;Maranhao
2015;7,997907356326038;Acailandia;2100055;Maranhao
2016;7,361752520248965;Acailandia;2100055;Maranhao
2017;4,270225074144849;Acailandia;2100055;Maranhao
2018;9,673404644297877;Acailandia;2100055;Maranhao
2019;10,225701090474995;Acailandia;2100055;Maranhao
2020;20,001297157556245;Acailandia;2100055;Maranhao
2021;13,563722086597986;Acailandia;2100055;Maranhao
2022;14,003275040986408;Acailandia;2100055;Maranhao
2023;11,217309478287405;Acailandia;2100055;Maranhao
2024;12,298487781621382;Acailandia;2100055;Maranhao
2007;887,0678289686721;Alcantara;2100204;Maranhao
2008;1,865560089226523;Alcantara;2100204;Maranhao
2009;0,10141318246875924;Alcantara;2100204;Maranhao
2010;0,08763430372680829;Alcantara;2100204;Maranhao
2011;0;Alcantara;2100204;Maranhao
2012;0;Alcantara;2100204;Maranhao
2013;0;Alcantara;2100204;Maranhao
2014;0;Alcantara;2100204;Maranhao
2015;0;Alcantara;2100204;Maranhao
2016;0;Alcantara;2100204;Maranhao
2017;0;Alcantara;2100204;Maranhao
2018;0;Alcantara;2100204;Maranhao
2019;0;Alcantara;2100204;Maranhao
2020;0;Alcantara;2100204;Maranhao
2021;0,15772751288311918;Alcantara;2100204;Maranhao
2022;0;Alcantara;2100204;Maranhao
2023;0;Alcantara;2100204;Maranhao
2024;0;Alcantara;2100204;Maranhao
2007;536,4320236321739;Altamira do Maranhao;2100402;Maranhao
2008;0;Altamira do Maranhao;2100402;Maranhao
2009;0;Altamira do Maranhao;2100402;Maranhao
2010;0;Altamira do Maranhao;2100402;Maranhao
2011;0;Altamira do Maranhao;2100402;Maranhao
2012;0;Altamira do Maranhao;2100402;Maranhao
2013;0;Altamira do Maranhao;2100402;Maranhao
2014;0;Altamira do Maranhao;2100402;Maranhao
2015;0;Altamira do Maranhao;2100402;Maranhao
2016;0;Altamira do Maranhao;2100402;Maranhao
2017;0;Altamira do Maranhao;2100402;Maranhao
2018;0;Altamira do Maranhao;2100402;Maranhao
2019;0;Altamira do Maranhao;2100402;Maranhao
2020;0;Altamira do Maranhao;2100402;Maranhao
2021;0;Altamira do Maranhao;2100402;Maranhao
2022;0;Altamira do Maranhao;2100402;Maranhao
2023;0;Altamira do Maranhao;2100402;Maranhao
2024;0;Altamira do Maranhao;2100402;Maranhao
2007;288,76531092356635;Alto Alegre do Maranhao;2100436;Maranhao
2008;4,084973293315141;Alto Alegre do Maranhao;2100436;Maranhao
2009;3,44849115588693;Alto Alegre do Maranhao;2100436;Maranhao
2010;0,32690502869715826;Alto Alegre do Maranhao;2100436;Maranhao
2011;0,7411924481282135;Alto Alegre do Maranhao;2100436;Maranhao
2012;0,7941946058451808;Alto Alegre do Maranhao;2100436;Maranhao
2013;0;Alto Alegre do Maranhao;2100436;Maranhao
2014;0;Alto Alegre do Maranhao;2100436;Maranhao
2015;0;Alto Alegre do Maranhao;2100436;Maranhao
2016;0,06633424416651504;Alto Alegre do Maranhao;2100436;Maranhao
2017;0,3545245179226177;Alto Alegre do Maranhao;2100436;Maranhao
2018;0;Alto Alegre do Maranhao;2100436;Maranhao
2019;0,46744958258891667;Alto Alegre do Maranhao;2100436;Maranhao
2020;0,07169062449145029;Alto Alegre do Maranhao;2100436;Maranhao
2021;0,06970268505438589;Alto Alegre do Maranhao;2100436;Maranhao
2022;0,06325536003552429;Alto Alegre do Maranhao;2100436;Maranhao
2023;0,11370641221599809;Alto Alegre do Maranhao;2100436;Maranhao
2024;0;Alto Alegre do Maranhao;2100436;Maranhao
2007;1791,5346264319014;Alto Alegre do Pindare;2100477;Maranhao
2008;4,0151007848286016;Alto Alegre do Pindare;2100477;Maranhao
2009;1,6296806934355028;Alto Alegre do Pindare;2100477;Maranhao
2010;0,4154067757379276;Alto Alegre do Pindare;2100477;Maranhao
2011;0;Alto Alegre do Pindare;2100477;Maranhao
2012;0,8568961710248852;Alto Alegre do Pindare;2100477;Maranhao
2013;0,008151093874812707;Alto Alegre do Pindare;2100477;Maranhao
2014;0,06308417056778823;Alto Alegre do Pindare;2100477;Maranhao
2015;0,2013976044649053;Alto Alegre do Pindare;2100477;Maranhao
2016;0,18775646934683687;Alto Alegre do Pindare;2100477;Maranhao
2017;0,16060351994622368;Alto Alegre do Pindare;2100477;Maranhao
2018;0,18129614753304812;Alto Alegre do Pindare;2100477;Maranhao
2019;0,40854347295526544;Alto Alegre do Pindare;2100477;Maranhao
2020;0,4139556789117441;Alto Alegre do Pindare;2100477;Maranhao
2021;0;Alto Alegre do Pindare;2100477;Maranhao
2022;0,36365835654805845;Alto Alegre do Pindare;2100477;Maranhao
2023;0,07803787136518618;Alto Alegre do Pindare;2100477;Maranhao
2024;0,2789474332285511;Alto Alegre do Pindare;2100477;Maranhao
2007;0;Alto Parnaiba;2100501;Maranhao
2008;0;Alto Parnaiba;2100501;Maranhao
2009;0;Alto Parnaiba;2100501;Maranhao
2010;0;Alto Parnaiba;2100501;Maranhao
2011;0;Alto Parnaiba;2100501;Maranhao
2012;0;Alto Parnaiba;2100501;Maranhao
2013;0;Alto Parnaiba;2100501;Maranhao
2014;0;Alto Parnaiba;2100501;Maranhao
2015;0;Alto Parnaiba;2100501;Maranhao
2016;0;Alto Parnaiba;2100501;Maranhao
2017;0;Alto Parnaiba;2100501;Maranhao
2018;0;Alto Parnaiba;2100501;Maranhao
2019;0;Alto Parnaiba;2100501;Maranhao
2020;0;Alto Parnaiba;2100501;Maranhao
2021;0;Alto Parnaiba;2100501;Maranhao
2022;0;Alto Parnaiba;2100501;Maranhao
2023;0;Alto Parnaiba;2100501;Maranhao
2024;0;Alto Parnaiba;2100501;Maranhao
2007;354,9931198987713;Amapa do Maranhao;2100550;Maranhao
2008;1,2917772227549038;Amapa do Maranhao;2100550;Maranhao
2009;1,749071448910345;Amapa do Maranhao;2100550;Maranhao
2010;8,120314019728559;Amapa do Maranhao;2100550;Maranhao
2011;3,1842295764722954;Amapa do Maranhao;2100550;Maranhao
2012;0,4840601993862916;Amapa do Maranhao;2100550;Maranhao
2013;0,3490074064844107;Amapa do Maranhao;2100550;Maranhao
2014;1,7854579317316115;Amapa do Maranhao;2100550;Maranhao
2015;3,098692449925341;Amapa do Maranhao;2100550;Maranhao
2016;0,374907179752793;Amapa do Maranhao;2100550;Maranhao
2017;5,380677104352323;Amapa do Maranhao;2100550;Maranhao
2018;0,36934018418402736;Amapa do Maranhao;2100550;Maranhao
2019;1,9337497433066546;Amapa do Maranhao;2100550;Maranhao
2020;1,6642428076818174;Amapa do Maranhao;2100550;Maranhao
2021;1,0776863675094073;Amapa do Maranhao;2100550;Maranhao
2022;1,0020752462383835;Amapa do Maranhao;2100550;Maranhao
2023;7,837668159377006;Amapa do Maranhao;2100550;Maranhao
2024;0,7124673916002205;Amapa do Maranhao;2100550;Maranhao
2007;2120,6628669035194;Amarante do Maranhao;2100600;Maranhao
2008;59,22271355335907;Amarante do Maranhao;2100600;Maranhao
2009;58,93719585942733;Amarante do Maranhao;2100600;Maranhao
2010;13,164669566987007;Amarante do Maranhao;2100600;Maranhao
2011;15,28263459596701;Amarante do Maranhao;2100600;Maranhao
2012;6,79464900747813;Amarante do Maranhao;2100600;Maranhao
2013;11,622736471110542;Amarante do Maranhao;2100600;Maranhao
2014;11,942701451232576;Amarante do Maranhao;2100600;Maranhao
2015;8,74107242812691;Amarante do Maranhao;2100600;Maranhao
2016;7,03565543000954;Amarante do Maranhao;2100600;Maranhao
2017;8,065310222217722;Amarante do Maranhao;2100600;Maranhao
2018;6,537875287428746;Amarante do Maranhao;2100600;Maranhao
2019;13,662226757241424;Amarante do Maranhao;2100600;Maranhao
2020;6,714055146087361;Amarante do Maranhao;2100600;Maranhao
2021;12,169516898580902;Amarante do Maranhao;2100600;Maranhao
2022;9,83989389695456;Amarante do Maranhao;2100600;Maranhao
2023;7,2481900401722035;Amarante do Maranhao;2100600;Maranhao
2024;3,9881281712279475;Amarante do Maranhao;2100600;Maranhao
2007;293,94186235003025;Anajatuba;2100709;Maranhao
2008;2,0024531727581336;Anajatuba;2100709;Maranhao
2009;0,13388986010050546;Anajatuba;2100709;Maranhao
2010;0,17316007056762034;Anajatuba;2100709;Maranhao
2011;0,5225584153552348;Anajatuba;2100709;Maranhao
2012;0;Anajatuba;2100709;Maranhao
2013;0,10049316717092999;Anajatuba;2100709;Maranhao
2014;0;Anajatuba;2100709;Maranhao
2015;0;Anajatuba;2100709;Maranhao
2016;0,08723899088613658;Anajatuba;2100709;Maranhao
2017;0,15483264003884784;Anajatuba;2100709;Maranhao
2018;0;Anajatuba;2100709;Maranhao
2019;0,5107720352267252;Anajatuba;2100709;Maranhao
2020;0,4097088787607056;Anajatuba;2100709;Maranhao
2021;0,11737607864115175;Anajatuba;2100709;Maranhao
2022;0;Anajatuba;2100709;Maranhao
2023;0;Anajatuba;2100709;Maranhao
2024;0,0969813520698564;Anajatuba;2100709;Maranhao
2007;166,42545845363819;Apicum-Acu;2100832;Maranhao
2008;0;Apicum-Acu;2100832;Maranhao
2009;0;Apicum-Acu;2100832;Maranhao
2010;0;Apicum-Acu;2100832;Maranhao
2011;0;Apicum-Acu;2100832;Maranhao
2012;0;Apicum-Acu;2100832;Maranhao
2013;0;Apicum-Acu;2100832;Maranhao
2014;0;Apicum-Acu;2100832;Maranhao
2015;0;Apicum-Acu;2100832;Maranhao
2016;0;Apicum-Acu;2100832;Maranhao
2017;0;Apicum-Acu;2100832;Maranhao
2018;0;Apicum-Acu;2100832;Maranhao
2019;0;Apicum-Acu;2100832;Maranhao
2020;0,06987629175011147;Apicum-Acu;2100832;Maranhao
2021;0;Apicum-Acu;2100832;Maranhao
2022;0;Apicum-Acu;2100832;Maranhao
2023;0;Apicum-Acu;2100832;Maranhao
2024;0;Apicum-Acu;2100832;Maranhao
2007;762,596240969194;Araguana;2100873;Maranhao
2008;7,2411265389449335;Araguana;2100873;Maranhao
2009;0,7197040944859642;Araguana;2100873;Maranhao
2010;0,002652981681312671;Araguana;2100873;Maranhao
2011;0;Araguana;2100873;Maranhao
2012;0;Araguana;2100873;Maranhao
2013;2,0761374703639923;Araguana;2100873;Maranhao
2014;0;Araguana;2100873;Maranhao
2015;0;Araguana;2100873;Maranhao
2016;0;Araguana;2100873;Maranhao
2017;0,05822292803179766;Araguana;2100873;Maranhao
2018;0;Araguana;2100873;Maranhao
2019;0;Araguana;2100873;Maranhao
2020;0,17159392168072973;Araguana;2100873;Maranhao
2021;0;Araguana;2100873;Maranhao
2022;0;Araguana;2100873;Maranhao
2023;0;Araguana;2100873;Maranhao
2024;0;Araguana;2100873;Maranhao
2007;1718,2146165309669;Arame;2100956;Maranhao
2008;36,460397871784814;Arame;2100956;Maranhao
2009;27,75609998943862;Arame;2100956;Maranhao
2010;24,782649859733716;Arame;2100956;Maranhao
2011;11,83404193048862;Arame;2100956;Maranhao
2012;29,853005397772506;Arame;2100956;Maranhao
2013;6,509067332153445;Arame;2100956;Maranhao
2014;29,045618396699798;Arame;2100956;Maranhao
2015;6,897927803067674;Arame;2100956;Maranhao
2016;11,958761579959118;Arame;2100956;Maranhao
2017;25,29407411777883;Arame;2100956;Maranhao
2018;6,652361994652689;Arame;2100956;Maranhao
2019;28,56908156750118;Arame;2100956;Maranhao
2020;22,375232416271967;Arame;2100956;Maranhao
2021;15,909820786335501;Arame;2100956;Maranhao
2022;18,715397458621002;Arame;2100956;Maranhao
2023;28,76668392976537;Arame;2100956;Maranhao
2024;11,751909603791118;Arame;2100956;Maranhao
2007;393,53918227009393;Arari;2101004;Maranhao
2008;9,739317933938997;Arari;2101004;Maranhao
2009;0,8255220403922131;Arari;2101004;Maranhao
2010;0,43999870423535636;Arari;2101004;Maranhao
2011;0,762850683536542;Arari;2101004;Maranhao
2012;0,46642350687757334;Arari;2101004;Maranhao
2013;0,6325342508001519;Arari;2101004;Maranhao
2014;0,7111983471440568;Arari;2101004;Maranhao
2015;0,3958579884830169;Arari;2101004;Maranhao
2016;0,6775384441820618;Arari;2101004;Maranhao
2017;1,8294903245067662;Arari;2101004;Maranhao
2018;1,3274170584363212;Arari;2101004;Maranhao
2019;0,8668977015755203;Arari;2101004;Maranhao
2020;2,1147600151407278;Arari;2101004;Maranhao
2021;0,18101857189402676;Arari;2101004;Maranhao
2022;0,7922230364492301;Arari;2101004;Maranhao
2023;0,47090202942072734;Arari;2101004;Maranhao
2024;0,44527457270963644;Arari;2101004;Maranhao
2007;24,942583326056962;Axixa;2101103;Maranhao
2008;3,27625003388292;Axixa;2101103;Maranhao
2009;0;Axixa;2101103;Maranhao
2010;0,8207875651083429;Axixa;2101103;Maranhao
2011;0,17995359760530233;Axixa;2101103;Maranhao
2012;0,06763695485688728;Axixa;2101103;Maranhao
2013;0,4385723078391847;Axixa;2101103;Maranhao
2014;0,15479053950445743;Axixa;2101103;Maranhao
2015;0,16476971651605773;Axixa;2101103;Maranhao
2016;0,0956816988673564;Axixa;2101103;Maranhao
2017;0;Axixa;2101103;Maranhao
2018;0,0734742323153152;Axixa;2101103;Maranhao
2019;0;Axixa;2101103;Maranhao
2020;0;Axixa;2101103;Maranhao
2021;0,19984454118585093;Axixa;2101103;Maranhao
2022;0;Axixa;2101103;Maranhao
2023;0;Axixa;2101103;Maranhao
2024;0;Axixa;2101103;Maranhao
2007;1328,9279130729008;Bacabal;2101202;Maranhao
2008;0,3207284920761428;Bacabal;2101202;Maranhao
2009;0,08440130463755503;Bacabal;2101202;Maranhao
2010;0,07907216003068562;Bacabal;2101202;Maranhao
2011;0,06190784830339922;Bacabal;2101202;Maranhao
2012;0,005330521325370297;Bacabal;2101202;Maranhao
2013;0;Bacabal;2101202;Maranhao
2014;0;Bacabal;2101202;Maranhao
2015;0;Bacabal;2101202;Maranhao
2016;0;Bacabal;2101202;Maranhao
2017;0;Bacabal;2101202;Maranhao
2018;0;Bacabal;2101202;Maranhao
2019;0;Bacabal;2101202;Maranhao
2020;0;Bacabal;2101202;Maranhao
2021;0;Bacabal;2101202;Maranhao
2022;0;Bacabal;2101202;Maranhao
2023;0;Bacabal;2101202;Maranhao
2024;0;Bacabal;2101202;Maranhao
2007;83,32431550834013;Bacabeira;2101251;Maranhao
2008;3,4935904416421426;Bacabeira;2101251;Maranhao
2009;0;Bacabeira;2101251;Maranhao
2010;6,238275834752207;Bacabeira;2101251;Maranhao
2011;4,708241025958188;Bacabeira;2101251;Maranhao
2012;2,358945446079354;Bacabeira;2101251;Maranhao
2013;2,142395244178684;Bacabeira;2101251;Maranhao
2014;0,7356053619523963;Bacabeira;2101251;Maranhao
2015;0,21917372648806113;Bacabeira;2101251;Maranhao
2016;0,26395347763978977;Bacabeira;2101251;Maranhao
2017;0,5191237347279112;Bacabeira;2101251;Maranhao
2018;0,1949611356446424;Bacabeira;2101251;Maranhao
2019;0,0725644011969556;Bacabeira;2101251;Maranhao
2020;0,5294854104712691;Bacabeira;2101251;Maranhao
2021;0,0707543107366518;Bacabeira;2101251;Maranhao
2022;0,20250730572535255;Bacabeira;2101251;Maranhao
2023;0;Bacabeira;2101251;Maranhao
2024;0,08409520459985312;Bacabeira;2101251;Maranhao
2007;516,0697999731982;Bacuri;2101301;Maranhao
2008;0,9583219980878619;Bacuri;2101301;Maranhao
2009;0,3086268839651365;Bacuri;2101301;Maranhao
2010;0;Bacuri;2101301;Maranhao
2011;0;Bacuri;2101301;Maranhao
2012;0;Bacuri;2101301;Maranhao
2013;0;Bacuri;2101301;Maranhao
2014;0;Bacuri;2101301;Maranhao
2015;0;Bacuri;2101301;Maranhao
2016;0;Bacuri;2101301;Maranhao
2017;0;Bacuri;2101301;Maranhao
2018;0;Bacuri;2101301;Maranhao
2019;0;Bacuri;2101301;Maranhao
2020;0;Bacuri;2101301;Maranhao
2021;0;Bacuri;2101301;Maranhao
2022;0;Bacuri;2101301;Maranhao
2023;0;Bacuri;2101301;Maranhao
2024;0;Bacuri;2101301;Maranhao
2007;15,901071140389558;Bacurituba;2101350;Maranhao
2008;0;Bacurituba;2101350;Maranhao
2009;0;Bacurituba;2101350;Maranhao
2010;0;Bacurituba;2101350;Maranhao
2011;0;Bacurituba;2101350;Maranhao
2012;0;Bacurituba;2101350;Maranhao
2013;0;Bacurituba;2101350;Maranhao
2014;0;Bacurituba;2101350;Maranhao
2015;0;Bacurituba;2101350;Maranhao
2016;0;Bacurituba;2101350;Maranhao
2017;0;Bacurituba;2101350;Maranhao
2018;0;Bacurituba;2101350;Maranhao
2019;0;Bacurituba;2101350;Maranhao
2020;0;Bacurituba;2101350;Maranhao
2021;0;Bacurituba;2101350;Maranhao
2022;0;Bacurituba;2101350;Maranhao
2023;0;Bacurituba;2101350;Maranhao
2024;0;Bacurituba;2101350;Maranhao
2007;0;Balsas;2101400;Maranhao
2008;0;Balsas;2101400;Maranhao
2009;0;Balsas;2101400;Maranhao
2010;0;Balsas;2101400;Maranhao
2011;0;Balsas;2101400;Maranhao
2012;0;Balsas;2101400;Maranhao
2013;0;Balsas;2101400;Maranhao
2014;0;Balsas;2101400;Maranhao
2015;0;Balsas;2101400;Maranhao
2016;0;Balsas;2101400;Maranhao
2017;0;Balsas;2101400;Maranhao
2018;0;Balsas;2101400;Maranhao
2019;0;Balsas;2101400;Maranhao
2020;0;Balsas;2101400;Maranhao
2021;0;Balsas;2101400;Maranhao
2022;0;Balsas;2101400;Maranhao
2023;0;Balsas;2101400;Maranhao
2024;0;Balsas;2101400;Maranhao
2007;2466,3677452475654;Barra do Corda;2101608;Maranhao
2008;43,075871009294524;Barra do Corda;2101608;Maranhao
2009;34,31794336779008;Barra do Corda;2101608;Maranhao
2010;78,61467479189194;Barra do Corda;2101608;Maranhao
2011;17,243358467481784;Barra do Corda;2101608;Maranhao
2012;29,89884624472348;Barra do Corda;2101608;Maranhao
2013;13,39310354069327;Barra do Corda;2101608;Maranhao
2014;23,657864590493826;Barra do Corda;2101608;Maranhao
2015;9,505242760891099;Barra do Corda;2101608;Maranhao
2016;17,591034486047036;Barra do Corda;2101608;Maranhao
2017;9,848004843985377;Barra do Corda;2101608;Maranhao
2018;9,212978891449064;Barra do Corda;2101608;Maranhao
2019;9,115700614526379;Barra do Corda;2101608;Maranhao
2020;7,267583789977555;Barra do Corda;2101608;Maranhao
2021;14,743623977671952;Barra do Corda;2101608;Maranhao
2022;20,98523210298257;Barra do Corda;2101608;Maranhao
2023;26,491389185379603;Barra do Corda;2101608;Maranhao
2024;19,27005927179785;Barra do Corda;2101608;Maranhao
2007;122,07735379412486;Bela Vista do Maranhao;2101772;Maranhao
2008;0;Bela Vista do Maranhao;2101772;Maranhao
2009;0;Bela Vista do Maranhao;2101772;Maranhao
2010;0;Bela Vista do Maranhao;2101772;Maranhao
2011;0;Bela Vista do Maranhao;2101772;Maranhao
2012;0;Bela Vista do Maranhao;2101772;Maranhao
2013;0;Bela Vista do Maranhao;2101772;Maranhao
2014;0;Bela Vista do Maranhao;2101772;Maranhao
2015;0;Bela Vista do Maranhao;2101772;Maranhao
2016;0;Bela Vista do Maranhao;2101772;Maranhao
2017;0;Bela Vista do Maranhao;2101772;Maranhao
2018;0;Bela Vista do Maranhao;2101772;Maranhao
2019;0;Bela Vista do Maranhao;2101772;Maranhao
2020;0;Bela Vista do Maranhao;2101772;Maranhao
2021;0;Bela Vista do Maranhao;2101772;Maranhao
2022;0;Bela Vista do Maranhao;2101772;Maranhao
2023;0;Bela Vista do Maranhao;2101772;Maranhao
2024;0;Bela Vista do Maranhao;2101772;Maranhao
2007;0;Benedito Leite;2101806;Maranhao
2008;0;Benedito Leite;2101806;Maranhao
2009;0;Benedito Leite;2101806;Maranhao
2010;0;Benedito Leite;2101806;Maranhao
2011;0;Benedito Leite;2101806;Maranhao
2012;0;Benedito Leite;2101806;Maranhao
2013;0;Benedito Leite;2101806;Maranhao
2014;0;Benedito Leite;2101806;Maranhao
2015;0;Benedito Leite;2101806;Maranhao
2016;0;Benedito Leite;2101806;Maranhao
2017;0;Benedito Leite;2101806;Maranhao
2018;0;Benedito Leite;2101806;Maranhao
2019;0;Benedito Leite;2101806;Maranhao
2020;0;Benedito Leite;2101806;Maranhao
2021;0;Benedito Leite;2101806;Maranhao
2022;0;Benedito Leite;2101806;Maranhao
2023;0;Benedito Leite;2101806;Maranhao
2024;0;Benedito Leite;2101806;Maranhao
2007;462,6554486958108;Bequimao;2101905;Maranhao
2008;0,2811679955658748;Bequimao;2101905;Maranhao
2009;0,17927455995925262;Bequimao;2101905;Maranhao
2010;0,022496235269535186;Bequimao;2101905;Maranhao
2011;0;Bequimao;2101905;Maranhao
2012;0;Bequimao;2101905;Maranhao
2013;0;Bequimao;2101905;Maranhao
2014;0;Bequimao;2101905;Maranhao
2015;0;Bequimao;2101905;Maranhao
2016;0;Bequimao;2101905;Maranhao
2017;0;Bequimao;2101905;Maranhao
2018;0;Bequimao;2101905;Maranhao
2019;0;Bequimao;2101905;Maranhao
2020;0;Bequimao;2101905;Maranhao
2021;0,08036264168063915;Bequimao;2101905;Maranhao
2022;0;Bequimao;2101905;Maranhao
2023;0;Bequimao;2101905;Maranhao
2024;0;Bequimao;2101905;Maranhao
2007;241,4031951824013;Bernardo do Mearim;2101939;Maranhao
2008;0,7670477927481665;Bernardo do Mearim;2101939;Maranhao
2009;1,448449962651325;Bernardo do Mearim;2101939;Maranhao
2010;0,033735131264763504;Bernardo do Mearim;2101939;Maranhao
2011;0,20695800647143833;Bernardo do Mearim;2101939;Maranhao
2012;0,6605066489536728;Bernardo do Mearim;2101939;Maranhao
2013;0;Bernardo do Mearim;2101939;Maranhao
2014;0;Bernardo do Mearim;2101939;Maranhao
2015;0;Bernardo do Mearim;2101939;Maranhao
2016;0,12178629223330353;Bernardo do Mearim;2101939;Maranhao
2017;0,37577168642437825;Bernardo do Mearim;2101939;Maranhao
2018;0;Bernardo do Mearim;2101939;Maranhao
2019;0;Bernardo do Mearim;2101939;Maranhao
2020;0;Bernardo do Mearim;2101939;Maranhao
2021;0;Bernardo do Mearim;2101939;Maranhao
2022;0,4943512655199608;Bernardo do Mearim;2101939;Maranhao
2023;0,07504098720076051;Bernardo do Mearim;2101939;Maranhao
2024;0;Bernardo do Mearim;2101939;Maranhao
2007;322,9613333195994;Boa Vista do Gurupi;2101970;Maranhao
2008;0,44107615566446684;Boa Vista do Gurupi;2101970;Maranhao
2009;5,138513446233165;Boa Vista do Gurupi;2101970;Maranhao
2010;5,746068282484872;Boa Vista do Gurupi;2101970;Maranhao
2011;1,2130407283977853;Boa Vista do Gurupi;2101970;Maranhao
2012;0,2687694951967924;Boa Vista do Gurupi;2101970;Maranhao
2013;0;Boa Vista do Gurupi;2101970;Maranhao
2014;0,45697545192412187;Boa Vista do Gurupi;2101970;Maranhao
2015;1,51140372487715;Boa Vista do Gurupi;2101970;Maranhao
2016;0,6170260672825193;Boa Vista do Gurupi;2101970;Maranhao
2017;3,0743138095470814;Boa Vista do Gurupi;2101970;Maranhao
2018;0,1997405455406124;Boa Vista do Gurupi;2101970;Maranhao
2019;2,708589683780037;Boa Vista do Gurupi;2101970;Maranhao
2020;1,6465985294086607;Boa Vista do Gurupi;2101970;Maranhao
2021;0,5046593727730061;Boa Vista do Gurupi;2101970;Maranhao
2022;0;Boa Vista do Gurupi;2101970;Maranhao
2023;0,8655292513406828;Boa Vista do Gurupi;2101970;Maranhao
2024;0,18392174499847574;Boa Vista do Gurupi;2101970;Maranhao
2007;3341,4404782727675;Bom Jardim;2102002;Maranhao
2008;96,18371585102834;Bom Jardim;2102002;Maranhao
2009;24,723302475607255;Bom Jardim;2102002;Maranhao
2010;19,472190451248522;Bom Jardim;2102002;Maranhao
2011;8,705134779240643;Bom Jardim;2102002;Maranhao
2012;21,28628360530601;Bom Jardim;2102002;Maranhao
2013;14,254207253969648;Bom Jardim;2102002;Maranhao
2014;3,7278551266764635;Bom Jardim;2102002;Maranhao
2015;30,870203605579352;Bom Jardim;2102002;Maranhao
2016;31,36684961857135;Bom Jardim;2102002;Maranhao
2017;14,826640860856443;Bom Jardim;2102002;Maranhao
2018;10,609802552950173;Bom Jardim;2102002;Maranhao
2019;19,19928433125776;Bom Jardim;2102002;Maranhao
2020;20,651004431620567;Bom Jardim;2102002;Maranhao
2021;21,763600290055063;Bom Jardim;2102002;Maranhao
2022;23,298488521670837;Bom Jardim;2102002;Maranhao
2023;19,001034612849292;Bom Jardim;2102002;Maranhao
2024;38,82017103088129;Bom Jardim;2102002;Maranhao
2007;2042,3593966276073;Bom Jesus das Selvas;2102036;Maranhao
2008;52,90635733841394;Bom Jesus das Selvas;2102036;Maranhao
2009;21,189579212539044;Bom Jesus das Selvas;2102036;Maranhao
2010;20,84831221177637;Bom Jesus das Selvas;2102036;Maranhao
2011;4,055437307913024;Bom Jesus das Selvas;2102036;Maranhao
2012;3,910738141384119;Bom Jesus das Selvas;2102036;Maranhao
2013;20,08642917483663;Bom Jesus das Selvas;2102036;Maranhao
2014;7,84582750894234;Bom Jesus das Selvas;2102036;Maranhao
2015;13,571209582142902;Bom Jesus das Selvas;2102036;Maranhao
2016;11,915028503515234;Bom Jesus das Selvas;2102036;Maranhao
2017;15,973942193740246;Bom Jesus das Selvas;2102036;Maranhao
2018;10,89034157213286;Bom Jesus das Selvas;2102036;Maranhao
2019;19,82073533146966;Bom Jesus das Selvas;2102036;Maranhao
2020;12,176612637004691;Bom Jesus das Selvas;2102036;Maranhao
2021;20,37485090404544;Bom Jesus das Selvas;2102036;Maranhao
2022;7,569751267349756;Bom Jesus das Selvas;2102036;Maranhao
2023;4,574535125881138;Bom Jesus das Selvas;2102036;Maranhao
2024;10,60792973752073;Bom Jesus das Selvas;2102036;Maranhao
2007;443,84267875592917;Bom Lugar;2102077;Maranhao
2008;0;Bom Lugar;2102077;Maranhao
2009;0;Bom Lugar;2102077;Maranhao
2010;0;Bom Lugar;2102077;Maranhao
2011;0;Bom Lugar;2102077;Maranhao
2012;0;Bom Lugar;2102077;Maranhao
2013;0;Bom Lugar;2102077;Maranhao
2014;0;Bom Lugar;2102077;Maranhao
2015;0;Bom Lugar;2102077;Maranhao
2016;0;Bom Lugar;2102077;Maranhao
2017;0;Bom Lugar;2102077;Maranhao
2018;0;Bom Lugar;2102077;Maranhao
2019;0;Bom Lugar;2102077;Maranhao
2020;0;Bom Lugar;2102077;Maranhao
2021;0;Bom Lugar;2102077;Maranhao
2022;0;Bom Lugar;2102077;Maranhao
2023;0;Bom Lugar;2102077;Maranhao
2024;0;Bom Lugar;2102077;Maranhao
2007;945,4738662218958;Brejo de Areia;2102150;Maranhao
2008;2,1168191345620944;Brejo de Areia;2102150;Maranhao
2009;0,395690807683767;Brejo de Areia;2102150;Maranhao
2010;0,20945518609320152;Brejo de Areia;2102150;Maranhao
2011;0,7181767202152026;Brejo de Areia;2102150;Maranhao
2012;0,2180829171885676;Brejo de Areia;2102150;Maranhao
2013;0;Brejo de Areia;2102150;Maranhao
2014;0,5648121243438262;Brejo de Areia;2102150;Maranhao
2015;0,20230063186539748;Brejo de Areia;2102150;Maranhao
2016;0,5546563835995925;Brejo de Areia;2102150;Maranhao
2017;0,48165715572712087;Brejo de Areia;2102150;Maranhao
2018;0;Brejo de Areia;2102150;Maranhao
2019;0,7233824635207604;Brejo de Areia;2102150;Maranhao
2020;1,3569616230570274;Brejo de Areia;2102150;Maranhao
2021;0,6847656351084478;Brejo de Areia;2102150;Maranhao
2022;0,4066091130403599;Brejo de Areia;2102150;Maranhao
2023;1,224123271487204;Brejo de Areia;2102150;Maranhao
2024;0,290565798765447;Brejo de Areia;2102150;Maranhao
2007;38,099446099190295;Buriti Bravo;2102309;Maranhao
2008;6,86857730966154;Buriti Bravo;2102309;Maranhao
2009;0,6596367764385127;Buriti Bravo;2102309;Maranhao
2010;1,5228828459232857;Buriti Bravo;2102309;Maranhao
2011;1,5982932181222447;Buriti Bravo;2102309;Maranhao
2012;0,829007528365348;Buriti Bravo;2102309;Maranhao
2013;1,9018797923876218;Buriti Bravo;2102309;Maranhao
2014;2,46811068727795;Buriti Bravo;2102309;Maranhao
2015;3,3677707515265363;Buriti Bravo;2102309;Maranhao
2016;0,7652173020472172;Buriti Bravo;2102309;Maranhao
2017;2,3561729408732757;Buriti Bravo;2102309;Maranhao
2018;0,3919144948511921;Buriti Bravo;2102309;Maranhao
2019;0,4921702962533351;Buriti Bravo;2102309;Maranhao
2020;0,08683791250842138;Buriti Bravo;2102309;Maranhao
2021;1,6165668170443168;Buriti Bravo;2102309;Maranhao
2022;0,7927361323162279;Buriti Bravo;2102309;Maranhao
2023;0,380447861029889;Buriti Bravo;2102309;Maranhao
2024;0;Buriti Bravo;2102309;Maranhao
2007;1844,78855097212;Buriticupu;2102325;Maranhao
2008;57,04995219514912;Buriticupu;2102325;Maranhao
2009;24,316653233286583;Buriticupu;2102325;Maranhao
2010;13,37052412728257;Buriticupu;2102325;Maranhao
2011;3,24793021001037;Buriticupu;2102325;Maranhao
2012;5,377097102541591;Buriticupu;2102325;Maranhao
2013;9,748540491158689;Buriticupu;2102325;Maranhao
2014;8,382009124128771;Buriticupu;2102325;Maranhao
2015;6,525959258667073;Buriticupu;2102325;Maranhao
2016;6,2911125534428844;Buriticupu;2102325;Maranhao
2017;12,424734577726259;Buriticupu;2102325;Maranhao
2018;9,291881479215421;Buriticupu;2102325;Maranhao
2019;13,309032496005138;Buriticupu;2102325;Maranhao
2020;8,177601560013747;Buriticupu;2102325;Maranhao
2021;17,90600178427058;Buriticupu;2102325;Maranhao
2022;8,783325560371988;Buriticupu;2102325;Maranhao
2023;11,190249710117383;Buriticupu;2102325;Maranhao
2024;12,146314584121983;Buriticupu;2102325;Maranhao
2007;639,842221007902;Buritirana;2102358;Maranhao
2008;23,529282778978455;Buritirana;2102358;Maranhao
2009;9,499147665714638;Buritirana;2102358;Maranhao
2010;4,608889332885264;Buritirana;2102358;Maranhao
2011;5,609579388565135;Buritirana;2102358;Maranhao
2012;1,7945525249936511;Buritirana;2102358;Maranhao
2013;0,7509548618682429;Buritirana;2102358;Maranhao
2014;3,936508025373641;Buritirana;2102358;Maranhao
2015;2,8193125224911517;Buritirana;2102358;Maranhao
2016;2,74702181573623;Buritirana;2102358;Maranhao
2017;2,106174779664985;Buritirana;2102358;Maranhao
2018;1,95572271304851;Buritirana;2102358;Maranhao
2019;3,3850002533491392;Buritirana;2102358;Maranhao
2020;1,6617758641935092;Buritirana;2102358;Maranhao
2021;3,000087332081456;Buritirana;2102358;Maranhao
2022;3,5996865185992157;Buritirana;2102358;Maranhao
2023;1,958137089161729;Buritirana;2102358;Maranhao
2024;0;Buritirana;2102358;Maranhao
2007;14,337031126013223;Cachoeira Grande;2102374;Maranhao
2008;3,815226407692093;Cachoeira Grande;2102374;Maranhao
2009;0;Cachoeira Grande;2102374;Maranhao
2010;0,6825148660901238;Cachoeira Grande;2102374;Maranhao
2011;0,4493917672772201;Cachoeira Grande;2102374;Maranhao
2012;0,13697379396441753;Cachoeira Grande;2102374;Maranhao
2013;1,0282351626575357;Cachoeira Grande;2102374;Maranhao
2014;0;Cachoeira Grande;2102374;Maranhao
2015;0;Cachoeira Grande;2102374;Maranhao
2016;0;Cachoeira Grande;2102374;Maranhao
2017;0;Cachoeira Grande;2102374;Maranhao
2018;0;Cachoeira Grande;2102374;Maranhao
2019;0,0701228194038789;Cachoeira Grande;2102374;Maranhao
2020;0,003977626556555614;Cachoeira Grande;2102374;Maranhao
2021;0;Cachoeira Grande;2102374;Maranhao
2022;0;Cachoeira Grande;2102374;Maranhao
2023;0,1444032281206094;Cachoeira Grande;2102374;Maranhao
2024;0,10793489248092547;Cachoeira Grande;2102374;Maranhao
2007;83,90087972544669;Cajapio;2102408;Maranhao
2008;0;Cajapio;2102408;Maranhao
2009;0;Cajapio;2102408;Maranhao
2010;0;Cajapio;2102408;Maranhao
2011;0;Cajapio;2102408;Maranhao
2012;0;Cajapio;2102408;Maranhao
2013;0;Cajapio;2102408;Maranhao
2014;0;Cajapio;2102408;Maranhao
2015;0;Cajapio;2102408;Maranhao
2016;0;Cajapio;2102408;Maranhao
2017;0;Cajapio;2102408;Maranhao
2018;0;Cajapio;2102408;Maranhao
2019;0;Cajapio;2102408;Maranhao
2020;0;Cajapio;2102408;Maranhao
2021;0;Cajapio;2102408;Maranhao
2022;0;Cajapio;2102408;Maranhao
2023;0;Cajapio;2102408;Maranhao
2024;0;Cajapio;2102408;Maranhao
2007;102,99502418508605;Cajari;2102507;Maranhao
2008;4,77140509102598;Cajari;2102507;Maranhao
2009;0,7333028336966861;Cajari;2102507;Maranhao
2010;0,6297971770471233;Cajari;2102507;Maranhao
2011;0,8917143070630319;Cajari;2102507;Maranhao
2012;0,3673228333526444;Cajari;2102507;Maranhao
2013;2,218332004698805;Cajari;2102507;Maranhao
2014;0,16093142185224865;Cajari;2102507;Maranhao
2015;0,18699350307903007;Cajari;2102507;Maranhao
2016;1,2482265285603469;Cajari;2102507;Maranhao
2017;1,6594354668094158;Cajari;2102507;Maranhao
2018;0,1633015134472442;Cajari;2102507;Maranhao
2019;0,28217095328442215;Cajari;2102507;Maranhao
2020;2,7929551982057275;Cajari;2102507;Maranhao
2021;0,7777591230434558;Cajari;2102507;Maranhao
2022;0,1589463807395506;Cajari;2102507;Maranhao
2023;0,20256122609885938;Cajari;2102507;Maranhao
2024;0;Cajari;2102507;Maranhao
2007;401,00927985212286;Campestre do Maranhao;2102556;Maranhao
2008;1,6542311292300853;Campestre do Maranhao;2102556;Maranhao
2009;0,7168113287371758;Campestre do Maranhao;2102556;Maranhao
2010;0,25844275676687745;Campestre do Maranhao;2102556;Maranhao
2011;0,49665101800267725;Campestre do Maranhao;2102556;Maranhao
2012;0,20252725787499237;Campestre do Maranhao;2102556;Maranhao
2013;0,563227779434554;Campestre do Maranhao;2102556;Maranhao
2014;0,5127367355172481;Campestre do Maranhao;2102556;Maranhao
2015;0,9991436803905246;Campestre do Maranhao;2102556;Maranhao
2016;0,282080837964582;Campestre do Maranhao;2102556;Maranhao
2017;0,5836362007964686;Campestre do Maranhao;2102556;Maranhao
2018;0,1322096888889937;Campestre do Maranhao;2102556;Maranhao
2019;0,26365317122347987;Campestre do Maranhao;2102556;Maranhao
2020;0,09465970183463145;Campestre do Maranhao;2102556;Maranhao
2021;0,3316729913066349;Campestre do Maranhao;2102556;Maranhao
2022;0,18222705464086641;Campestre do Maranhao;2102556;Maranhao
2023;0,22276430509411307;Campestre do Maranhao;2102556;Maranhao
2024;0;Campestre do Maranhao;2102556;Maranhao
2007;905,2369321604914;Candido Mendes;2102606;Maranhao
2008;3,589435670208029;Candido Mendes;2102606;Maranhao
2009;4,884547586807831;Candido Mendes;2102606;Maranhao
2010;10,445043499775304;Candido Mendes;2102606;Maranhao
2011;0,8555383611562437;Candido Mendes;2102606;Maranhao
2012;0,3964330810538486;Candido Mendes;2102606;Maranhao
2013;0,5733457121260841;Candido Mendes;2102606;Maranhao
2014;2,0934037124464218;Candido Mendes;2102606;Maranhao
2015;2,7526618884638308;Candido Mendes;2102606;Maranhao
2016;0,28829559255294557;Candido Mendes;2102606;Maranhao
2017;3,660085841688102;Candido Mendes;2102606;Maranhao
2018;0,8780971987880167;Candido Mendes;2102606;Maranhao
2019;1,497498174774522;Candido Mendes;2102606;Maranhao
2020;0,6655501430977592;Candido Mendes;2102606;Maranhao
2021;1,3139815077082766;Candido Mendes;2102606;Maranhao
2022;0,2497245172501044;Candido Mendes;2102606;Maranhao
2023;3,0233669092145066;Candido Mendes;2102606;Maranhao
2024;2,0631243143604;Candido Mendes;2102606;Maranhao
2007;310,6145906198008;Cantanhede;2102705;Maranhao
2008;11,343381422935002;Cantanhede;2102705;Maranhao
2009;13,96150075775104;Cantanhede;2102705;Maranhao
2010;2,9725765719753636;Cantanhede;2102705;Maranhao
2011;4,358649591072224;Cantanhede;2102705;Maranhao
2012;2,594984530453702;Cantanhede;2102705;Maranhao
2013;0,12661870141855452;Cantanhede;2102705;Maranhao
2014;0,3352379669541317;Cantanhede;2102705;Maranhao
2015;0,35240902891693004;Cantanhede;2102705;Maranhao
2016;0,5128506382723336;Cantanhede;2102705;Maranhao
2017;0,5477268055050742;Cantanhede;2102705;Maranhao
2018;0,9327337322556154;Cantanhede;2102705;Maranhao
2019;1,440732881895508;Cantanhede;2102705;Maranhao
2020;3,0651019014754928;Cantanhede;2102705;Maranhao
2021;1,6499191831931235;Cantanhede;2102705;Maranhao
2022;8,028622752611462;Cantanhede;2102705;Maranhao
2023;5,616999741062593;Cantanhede;2102705;Maranhao
2024;2,2803638405587856;Cantanhede;2102705;Maranhao
2007;458,98794333165074;Capinzal do Norte;2102754;Maranhao
2008;6,769413375437972;Capinzal do Norte;2102754;Maranhao
2009;3,202631767295877;Capinzal do Norte;2102754;Maranhao
2010;1,4542082396957738;Capinzal do Norte;2102754;Maranhao
2011;1,9277903262895852;Capinzal do Norte;2102754;Maranhao
2012;1,2065032483003848;Capinzal do Norte;2102754;Maranhao
2013;0;Capinzal do Norte;2102754;Maranhao
2014;0;Capinzal do Norte;2102754;Maranhao
2015;1,773942127970793;Capinzal do Norte;2102754;Maranhao
2016;0,3187682370317247;Capinzal do Norte;2102754;Maranhao
2017;0,21696911729336577;Capinzal do Norte;2102754;Maranhao
2018;0,14381744311652522;Capinzal do Norte;2102754;Maranhao
2019;0,37036195208979505;Capinzal do Norte;2102754;Maranhao
2020;0,08033116379950354;Capinzal do Norte;2102754;Maranhao
2021;0,4879412234707494;Capinzal do Norte;2102754;Maranhao
2022;0,5122500931272861;Capinzal do Norte;2102754;Maranhao
2023;0,8111315765230458;Capinzal do Norte;2102754;Maranhao
2024;0;Capinzal do Norte;2102754;Maranhao
2007;0;Carolina;2102804;Maranhao
2008;0;Carolina;2102804;Maranhao
2009;0;Carolina;2102804;Maranhao
2010;0;Carolina;2102804;Maranhao
2011;0;Carolina;2102804;Maranhao
2012;0;Carolina;2102804;Maranhao
2013;0;Carolina;2102804;Maranhao
2014;0;Carolina;2102804;Maranhao
2015;0;Carolina;2102804;Maranhao
2016;0;Carolina;2102804;Maranhao
2017;0;Carolina;2102804;Maranhao
2018;0;Carolina;2102804;Maranhao
2019;0;Carolina;2102804;Maranhao
2020;0;Carolina;2102804;Maranhao
2021;0;Carolina;2102804;Maranhao
2022;0;Carolina;2102804;Maranhao
2023;0;Carolina;2102804;Maranhao
2024;0;Carolina;2102804;Maranhao
2007;653,8158904419979;Carutapera;2102903;Maranhao
2008;1,0245900658761309;Carutapera;2102903;Maranhao
2009;3,4751877636629245;Carutapera;2102903;Maranhao
2010;3,047918350414475;Carutapera;2102903;Maranhao
2011;2,069929892046161;Carutapera;2102903;Maranhao
2012;0,09345033359829781;Carutapera;2102903;Maranhao
2013;0;Carutapera;2102903;Maranhao
2014;1,1486457326162873;Carutapera;2102903;Maranhao
2015;1,7261857161785905;Carutapera;2102903;Maranhao
2016;0,2647149185450456;Carutapera;2102903;Maranhao
2017;4,714960099177304;Carutapera;2102903;Maranhao
2018;0,5605686203386728;Carutapera;2102903;Maranhao
2019;2,1833796640015435;Carutapera;2102903;Maranhao
2020;2,077086917956562;Carutapera;2102903;Maranhao
2021;0,8793014704416472;Carutapera;2102903;Maranhao
2022;0,1930884687444694;Carutapera;2102903;Maranhao
2023;1,538308725559536;Carutapera;2102903;Maranhao
2024;1,0196671987152288;Carutapera;2102903;Maranhao
2007;216,93361578011303;Cedral;2103109;Maranhao
2008;0;Cedral;2103109;Maranhao
2009;0;Cedral;2103109;Maranhao
2010;0;Cedral;2103109;Maranhao
2011;0;Cedral;2103109;Maranhao
2012;0;Cedral;2103109;Maranhao
2013;0;Cedral;2103109;Maranhao
2014;0;Cedral;2103109;Maranhao
2015;0;Cedral;2103109;Maranhao
2016;0;Cedral;2103109;Maranhao
2017;0;Cedral;2103109;Maranhao
2018;0;Cedral;2103109;Maranhao
2019;0;Cedral;2103109;Maranhao
2020;0;Cedral;2103109;Maranhao
2021;0;Cedral;2103109;Maranhao
2022;0;Cedral;2103109;Maranhao
2023;0;Cedral;2103109;Maranhao
2024;0;Cedral;2103109;Maranhao
2007;210,91880748979628;Central do Maranhao;2103125;Maranhao
2008;0;Central do Maranhao;2103125;Maranhao
2009;0;Central do Maranhao;2103125;Maranhao
2010;0;Central do Maranhao;2103125;Maranhao
2011;0;Central do Maranhao;2103125;Maranhao
2012;0;Central do Maranhao;2103125;Maranhao
2013;0;Central do Maranhao;2103125;Maranhao
2014;0;Central do Maranhao;2103125;Maranhao
2015;0;Central do Maranhao;2103125;Maranhao
2016;0;Central do Maranhao;2103125;Maranhao
2017;0;Central do Maranhao;2103125;Maranhao
2018;0;Central do Maranhao;2103125;Maranhao
2019;0;Central do Maranhao;2103125;Maranhao
2020;0;Central do Maranhao;2103125;Maranhao
2021;0;Central do Maranhao;2103125;Maranhao
2022;0;Central do Maranhao;2103125;Maranhao
2023;0;Central do Maranhao;2103125;Maranhao
2024;0;Central do Maranhao;2103125;Maranhao
2007;2357,378843727682;Centro Novo do Maranhao;2103174;Maranhao
2008;14,603841728862443;Centro Novo do Maranhao;2103174;Maranhao
2009;79,25823101494358;Centro Novo do Maranhao;2103174;Maranhao
2010;19,525955140133544;Centro Novo do Maranhao;2103174;Maranhao
2011;29,396537909734562;Centro Novo do Maranhao;2103174;Maranhao
2012;7,027005176311398;Centro Novo do Maranhao;2103174;Maranhao
2013;12,023577727088021;Centro Novo do Maranhao;2103174;Maranhao
2014;14,93945915033094;Centro Novo do Maranhao;2103174;Maranhao
2015;3,532777112231548;Centro Novo do Maranhao;2103174;Maranhao
2016;4,769669798098031;Centro Novo do Maranhao;2103174;Maranhao
2017;6,619255967791541;Centro Novo do Maranhao;2103174;Maranhao
2018;6,88270377518656;Centro Novo do Maranhao;2103174;Maranhao
2019;4,882866496342412;Centro Novo do Maranhao;2103174;Maranhao
2020;9,53617012055392;Centro Novo do Maranhao;2103174;Maranhao
2021;4,525201538633945;Centro Novo do Maranhao;2103174;Maranhao
2022;6,958457969180073;Centro Novo do Maranhao;2103174;Maranhao
2023;6,3311864287059345;Centro Novo do Maranhao;2103174;Maranhao
2024;4,591125541335014;Centro Novo do Maranhao;2103174;Maranhao
2007;732,1378212876565;Centro do Guilherme;2103158;Maranhao
2008;1,1137325490675638;Centro do Guilherme;2103158;Maranhao
2009;11,283718599463581;Centro do Guilherme;2103158;Maranhao
2010;0,9503555000166672;Centro do Guilherme;2103158;Maranhao
2011;5,062990081726488;Centro do Guilherme;2103158;Maranhao
2012;0,4150152165778426;Centro do Guilherme;2103158;Maranhao
2013;0,352245917828687;Centro do Guilherme;2103158;Maranhao
2014;3,090418941080682;Centro do Guilherme;2103158;Maranhao
2015;0,5151890916145513;Centro do Guilherme;2103158;Maranhao
2016;1,2090659357775353;Centro do Guilherme;2103158;Maranhao
2017;0,27497029048293475;Centro do Guilherme;2103158;Maranhao
2018;0,6857951786347198;Centro do Guilherme;2103158;Maranhao
2019;0,5517781700075084;Centro do Guilherme;2103158;Maranhao
2020;0,7491344373121115;Centro do Guilherme;2103158;Maranhao
2021;0;Centro do Guilherme;2103158;Maranhao
2022;1,1660797458805554;Centro do Guilherme;2103158;Maranhao
2023;0,13056218403250652;Centro do Guilherme;2103158;Maranhao
2024;0,1713107471535184;Centro do Guilherme;2103158;Maranhao
2007;1274,8710706312493;Cidelandia;2103257;Maranhao
2008;9,847561089124474;Cidelandia;2103257;Maranhao
2009;5,926559466362465;Cidelandia;2103257;Maranhao
2010;1,7093625322180703;Cidelandia;2103257;Maranhao
2011;2,345849939805026;Cidelandia;2103257;Maranhao
2012;1,3357337244942222;Cidelandia;2103257;Maranhao
2013;0,9335643073674524;Cidelandia;2103257;Maranhao
2014;1,9788537059851903;Cidelandia;2103257;Maranhao
2015;1,5738150971689708;Cidelandia;2103257;Maranhao
2016;0,746173083153693;Cidelandia;2103257;Maranhao
2017;0,6551205175123653;Cidelandia;2103257;Maranhao
2018;2,7493416720665858;Cidelandia;2103257;Maranhao
2019;2,076952885415677;Cidelandia;2103257;Maranhao
2020;2,2435552131499383;Cidelandia;2103257;Maranhao
2021;4,820887328668895;Cidelandia;2103257;Maranhao
2022;3,4215191115255186;Cidelandia;2103257;Maranhao
2023;1,7128618344821014;Cidelandia;2103257;Maranhao
2024;1,021616803610665;Cidelandia;2103257;Maranhao
2007;1039,466251999016;Codo;2103307;Maranhao
2008;23,266330198236492;Codo;2103307;Maranhao
2009;9,21994855068955;Codo;2103307;Maranhao
2010;3,765883635029609;Codo;2103307;Maranhao
2011;5,286639762545524;Codo;2103307;Maranhao
2012;7,155702818212678;Codo;2103307;Maranhao
2013;0;Codo;2103307;Maranhao
2014;0;Codo;2103307;Maranhao
2015;1,3551011405975069;Codo;2103307;Maranhao
2016;2,225694694032625;Codo;2103307;Maranhao
2017;2,1191628037434036;Codo;2103307;Maranhao
2018;1,7723811991367133;Codo;2103307;Maranhao
2019;3,814548621802364;Codo;2103307;Maranhao
2020;1,5420371349580255;Codo;2103307;Maranhao
2021;4,2468096458203615;Codo;2103307;Maranhao
2022;3,593434642562414;Codo;2103307;Maranhao
2023;2,8810074398182177;Codo;2103307;Maranhao
2024;0,4937803931963991;Codo;2103307;Maranhao
2007;163,21829527436515;Colinas;2103505;Maranhao
2008;11,782448183607826;Colinas;2103505;Maranhao
2009;3,2592660926703916;Colinas;2103505;Maranhao
2010;4,646890032522727;Colinas;2103505;Maranhao
2011;2,22882533890342;Colinas;2103505;Maranhao
2012;3,080661972453781;Colinas;2103505;Maranhao
2013;4,512602462900509;Colinas;2103505;Maranhao
2014;3,234214507449833;Colinas;2103505;Maranhao
2015;2,875261229918228;Colinas;2103505;Maranhao
2016;1,8976554115876678;Colinas;2103505;Maranhao
2017;3,6651787585811606;Colinas;2103505;Maranhao
2018;3,0901243961078073;Colinas;2103505;Maranhao
2019;1,906052119948216;Colinas;2103505;Maranhao
2020;2,7296100461347605;Colinas;2103505;Maranhao
2021;3,718717867641987;Colinas;2103505;Maranhao
2022;4,0139277146607375;Colinas;2103505;Maranhao
2023;3,3778475221064705;Colinas;2103505;Maranhao
2024;0;Colinas;2103505;Maranhao
2007;527,6495239433506;Conceicao do Lago-Acu;2103554;Maranhao
2008;0;Conceicao do Lago-Acu;2103554;Maranhao
2009;0;Conceicao do Lago-Acu;2103554;Maranhao
2010;0;Conceicao do Lago-Acu;2103554;Maranhao
2011;0;Conceicao do Lago-Acu;2103554;Maranhao
2012;0;Conceicao do Lago-Acu;2103554;Maranhao
2013;0;Conceicao do Lago-Acu;2103554;Maranhao
2014;0;Conceicao do Lago-Acu;2103554;Maranhao
2015;0;Conceicao do Lago-Acu;2103554;Maranhao
2016;0;Conceicao do Lago-Acu;2103554;Maranhao
2017;0;Conceicao do Lago-Acu;2103554;Maranhao
2018;0;Conceicao do Lago-Acu;2103554;Maranhao
2019;0;Conceicao do Lago-Acu;2103554;Maranhao
2020;0;Conceicao do Lago-Acu;2103554;Maranhao
2021;0;Conceicao do Lago-Acu;2103554;Maranhao
2022;0;Conceicao do Lago-Acu;2103554;Maranhao
2023;0;Conceicao do Lago-Acu;2103554;Maranhao
2024;0;Conceicao do Lago-Acu;2103554;Maranhao
2007;652,7466661845345;Coroata;2103604;Maranhao
2008;24,242494025193842;Coroata;2103604;Maranhao
2009;18,314915247957657;Coroata;2103604;Maranhao
2010;1,8854415427232531;Coroata;2103604;Maranhao
2011;6,326317110094209;Coroata;2103604;Maranhao
2012;3,5305505016088854;Coroata;2103604;Maranhao
2013;0;Coroata;2103604;Maranhao
2014;0;Coroata;2103604;Maranhao
2015;0,7308328746241528;Coroata;2103604;Maranhao
2016;2,5246762441619124;Coroata;2103604;Maranhao
2017;1,3120761296980668;Coroata;2103604;Maranhao
2018;0,5884057298127608;Coroata;2103604;Maranhao
2019;0,5627816901955423;Coroata;2103604;Maranhao
2020;1,328488447151807;Coroata;2103604;Maranhao
2021;1,8148841075222346;Coroata;2103604;Maranhao
2022;5,590398178779795;Coroata;2103604;Maranhao
2023;3,7100622323384598;Coroata;2103604;Maranhao
2024;0;Coroata;2103604;Maranhao
2007;524,9835764813215;Cururupu;2103703;Maranhao
2008;0;Cururupu;2103703;Maranhao
2009;0;Cururupu;2103703;Maranhao
2010;0;Cururupu;2103703;Maranhao
2011;0;Cururupu;2103703;Maranhao
2012;0;Cururupu;2103703;Maranhao
2013;0;Cururupu;2103703;Maranhao
2014;0;Cururupu;2103703;Maranhao
2015;0;Cururupu;2103703;Maranhao
2016;0;Cururupu;2103703;Maranhao
2017;0;Cururupu;2103703;Maranhao
2018;0;Cururupu;2103703;Maranhao
2019;0;Cururupu;2103703;Maranhao
2020;0;Cururupu;2103703;Maranhao
2021;0;Cururupu;2103703;Maranhao
2022;0;Cururupu;2103703;Maranhao
2023;0;Cururupu;2103703;Maranhao
2024;0;Cururupu;2103703;Maranhao
2007;275,3634573321953;Davinopolis;2103752;Maranhao
2008;2,098287779906714;Davinopolis;2103752;Maranhao
2009;1,4919726851519381;Davinopolis;2103752;Maranhao
2010;0,4873438183064266;Davinopolis;2103752;Maranhao
2011;1,2879107242855738;Davinopolis;2103752;Maranhao
2012;0,3472269558997063;Davinopolis;2103752;Maranhao
2013;0;Davinopolis;2103752;Maranhao
2014;1,0142720611465594;Davinopolis;2103752;Maranhao
2015;0,5912103826501116;Davinopolis;2103752;Maranhao
2016;0,8481237774221938;Davinopolis;2103752;Maranhao
2017;0,5272814303204441;Davinopolis;2103752;Maranhao
2018;0,9429946012365429;Davinopolis;2103752;Maranhao
2019;0,08585477376145106;Davinopolis;2103752;Maranhao
2020;0,5214865972142194;Davinopolis;2103752;Maranhao
2021;0,20314429922913368;Davinopolis;2103752;Maranhao
2022;0,5681343210661203;Davinopolis;2103752;Maranhao
2023;0,3437001383079431;Davinopolis;2103752;Maranhao
2024;0;Davinopolis;2103752;Maranhao
2007;290,814655405245;Dom Pedro;2103802;Maranhao
2008;6,483924162126673;Dom Pedro;2103802;Maranhao
2009;2,698665991015301;Dom Pedro;2103802;Maranhao
2010;3,868365734302795;Dom Pedro;2103802;Maranhao
2011;1,8578086729905066;Dom Pedro;2103802;Maranhao
2012;3,380618333964423;Dom Pedro;2103802;Maranhao
2013;0,5913393016924758;Dom Pedro;2103802;Maranhao
2014;0,7898832695068868;Dom Pedro;2103802;Maranhao
2015;0,7094735917307191;Dom Pedro;2103802;Maranhao
2016;2,6927788153172574;Dom Pedro;2103802;Maranhao
2017;0,7236273330221269;Dom Pedro;2103802;Maranhao
2018;0,622162455472709;Dom Pedro;2103802;Maranhao
2019;1,0161448424325108;Dom Pedro;2103802;Maranhao
2020;0,5910489233396355;Dom Pedro;2103802;Maranhao
2021;0,9497614712545467;Dom Pedro;2103802;Maranhao
2022;0,641555188602132;Dom Pedro;2103802;Maranhao
2023;0,19273482116193283;Dom Pedro;2103802;Maranhao
2024;0,6167810952677517;Dom Pedro;2103802;Maranhao
2007;481,1892666518504;Esperantinopolis;2104008;Maranhao
2008;0,005325173222174868;Esperantinopolis;2104008;Maranhao
2009;0,02218806141291745;Esperantinopolis;2104008;Maranhao
2010;0,019525611849624664;Esperantinopolis;2104008;Maranhao
2011;0;Esperantinopolis;2104008;Maranhao
2012;0,011537816725401207;Esperantinopolis;2104008;Maranhao
2013;0;Esperantinopolis;2104008;Maranhao
2014;0;Esperantinopolis;2104008;Maranhao
2015;0;Esperantinopolis;2104008;Maranhao
2016;0;Esperantinopolis;2104008;Maranhao
2017;0;Esperantinopolis;2104008;Maranhao
2018;0;Esperantinopolis;2104008;Maranhao
2019;0;Esperantinopolis;2104008;Maranhao
2020;0;Esperantinopolis;2104008;Maranhao
2021;0;Esperantinopolis;2104008;Maranhao
2022;0;Esperantinopolis;2104008;Maranhao
2023;0;Esperantinopolis;2104008;Maranhao
2024;0;Esperantinopolis;2104008;Maranhao
2007;9,024820839270276;Estreito;2104057;Maranhao
2008;0,263723521920193;Estreito;2104057;Maranhao
2009;0;Estreito;2104057;Maranhao
2010;0,1074081995368871;Estreito;2104057;Maranhao
2011;0;Estreito;2104057;Maranhao
2012;0;Estreito;2104057;Maranhao
2013;0,1504588015114532;Estreito;2104057;Maranhao
2014;0;Estreito;2104057;Maranhao
2015;0,09858972744899196;Estreito;2104057;Maranhao
2016;0;Estreito;2104057;Maranhao
2017;0;Estreito;2104057;Maranhao
2018;0;Estreito;2104057;Maranhao
2019;0;Estreito;2104057;Maranhao
2020;0,07153417575101968;Estreito;2104057;Maranhao
2021;0;Estreito;2104057;Maranhao
2022;0;Estreito;2104057;Maranhao
2023;0;Estreito;2104057;Maranhao
2024;0;Estreito;2104057;Maranhao
2007;0;Feira Nova do Maranhao;2104073;Maranhao
2008;0;Feira Nova do Maranhao;2104073;Maranhao
2009;0;Feira Nova do Maranhao;2104073;Maranhao
2010;0;Feira Nova do Maranhao;2104073;Maranhao
2011;0;Feira Nova do Maranhao;2104073;Maranhao
2012;0;Feira Nova do Maranhao;2104073;Maranhao
2013;0;Feira Nova do Maranhao;2104073;Maranhao
2014;0;Feira Nova do Maranhao;2104073;Maranhao
2015;0;Feira Nova do Maranhao;2104073;Maranhao
2016;0;Feira Nova do Maranhao;2104073;Maranhao
2017;0;Feira Nova do Maranhao;2104073;Maranhao
2018;0;Feira Nova do Maranhao;2104073;Maranhao
2019;0;Feira Nova do Maranhao;2104073;Maranhao
2020;0;Feira Nova do Maranhao;2104073;Maranhao
2021;0;Feira Nova do Maranhao;2104073;Maranhao
2022;0;Feira Nova do Maranhao;2104073;Maranhao
2023;0;Feira Nova do Maranhao;2104073;Maranhao
2024;0;Feira Nova do Maranhao;2104073;Maranhao
2007;89,08384843212896;Fernando Falcao;2104081;Maranhao
2008;5,831786202525563;Fernando Falcao;2104081;Maranhao
2009;14,385763544882472;Fernando Falcao;2104081;Maranhao
2010;4,762678365363678;Fernando Falcao;2104081;Maranhao
2011;2,239804210791314;Fernando Falcao;2104081;Maranhao
2012;1,5378572644200594;Fernando Falcao;2104081;Maranhao
2013;0,7566062948544343;Fernando Falcao;2104081;Maranhao
2014;0,9646951697810895;Fernando Falcao;2104081;Maranhao
2015;0,49936258554221163;Fernando Falcao;2104081;Maranhao
2016;1,4425472138358326;Fernando Falcao;2104081;Maranhao
2017;12,159978943033424;Fernando Falcao;2104081;Maranhao
2018;1,8787835795175103;Fernando Falcao;2104081;Maranhao
2019;0,759122089284925;Fernando Falcao;2104081;Maranhao
2020;0,7842250567268564;Fernando Falcao;2104081;Maranhao
2021;0,8285346394327613;Fernando Falcao;2104081;Maranhao
2022;1,2217185274848252;Fernando Falcao;2104081;Maranhao
2023;2,2899400654217357;Fernando Falcao;2104081;Maranhao
2024;0;Fernando Falcao;2104081;Maranhao
2007;30,8937611944135;Formosa da Serra Negra;2104099;Maranhao
2008;0,738556327790074;Formosa da Serra Negra;2104099;Maranhao
2009;0,7473554084129019;Formosa da Serra Negra;2104099;Maranhao
2010;0,38885356430055024;Formosa da Serra Negra;2104099;Maranhao
2011;0,07605631878416491;Formosa da Serra Negra;2104099;Maranhao
2012;0,27264001326260817;Formosa da Serra Negra;2104099;Maranhao
2013;0,1744287054102069;Formosa da Serra Negra;2104099;Maranhao
2014;0,07349808109015643;Formosa da Serra Negra;2104099;Maranhao
2015;0;Formosa da Serra Negra;2104099;Maranhao
2016;0,19308652138235743;Formosa da Serra Negra;2104099;Maranhao
2017;0,06778168917691674;Formosa da Serra Negra;2104099;Maranhao
2018;0,10249823319153445;Formosa da Serra Negra;2104099;Maranhao
2019;0,24746669307666147;Formosa da Serra Negra;2104099;Maranhao
2020;0,16033876356480714;Formosa da Serra Negra;2104099;Maranhao
2021;0,8999456799446178;Formosa da Serra Negra;2104099;Maranhao
2022;1,321733457250747;Formosa da Serra Negra;2104099;Maranhao
2023;2,05373209196979;Formosa da Serra Negra;2104099;Maranhao
2024;1,6832266062008348;Formosa da Serra Negra;2104099;Maranhao
2007;0;Fortaleza dos Nogueiras;2104107;Maranhao
2008;0;Fortaleza dos Nogueiras;2104107;Maranhao
2009;0;Fortaleza dos Nogueiras;2104107;Maranhao
2010;0;Fortaleza dos Nogueiras;2104107;Maranhao
2011;0;Fortaleza dos Nogueiras;2104107;Maranhao
2012;0;Fortaleza dos Nogueiras;2104107;Maranhao
2013;0;Fortaleza dos Nogueiras;2104107;Maranhao
2014;0;Fortaleza dos Nogueiras;2104107;Maranhao
2015;0;Fortaleza dos Nogueiras;2104107;Maranhao
2016;0;Fortaleza dos Nogueiras;2104107;Maranhao
2017;0;Fortaleza dos Nogueiras;2104107;Maranhao
2018;0;Fortaleza dos Nogueiras;2104107;Maranhao
2019;0;Fortaleza dos Nogueiras;2104107;Maranhao
2020;0;Fortaleza dos Nogueiras;2104107;Maranhao
2021;0;Fortaleza dos Nogueiras;2104107;Maranhao
2022;0;Fortaleza dos Nogueiras;2104107;Maranhao
2023;0;Fortaleza dos Nogueiras;2104107;Maranhao
2024;0;Fortaleza dos Nogueiras;2104107;Maranhao
2007;237,68919915778395;Fortuna;2104206;Maranhao
2008;23,905907572506806;Fortuna;2104206;Maranhao
2009;4,5822499301441075;Fortuna;2104206;Maranhao
2010;4,436229124822121;Fortuna;2104206;Maranhao
2011;3,4239906453002207;Fortuna;2104206;Maranhao
2012;2,632508425162063;Fortuna;2104206;Maranhao
2013;7,802533057788805;Fortuna;2104206;Maranhao
2014;9,095385570455026;Fortuna;2104206;Maranhao
2015;2,616212116263686;Fortuna;2104206;Maranhao
2016;5,456680931808282;Fortuna;2104206;Maranhao
2017;5,774262788482533;Fortuna;2104206;Maranhao
2018;4,367297250399812;Fortuna;2104206;Maranhao
2019;7,5198381003177355;Fortuna;2104206;Maranhao
2020;4,908261816707513;Fortuna;2104206;Maranhao
2021;9,668239897925089;Fortuna;2104206;Maranhao
2022;4,2209170421216236;Fortuna;2104206;Maranhao
2023;4,092472672108905;Fortuna;2104206;Maranhao
2024;1,7803866048881545;Fortuna;2104206;Maranhao
2007;287,96435152332214;Godofredo Viana;2104305;Maranhao
2008;0;Godofredo Viana;2104305;Maranhao
2009;4,168702615258777;Godofredo Viana;2104305;Maranhao
2010;1,4541961392860112;Godofredo Viana;2104305;Maranhao
2011;0,688839158113712;Godofredo Viana;2104305;Maranhao
2012;0,39618937685834604;Godofredo Viana;2104305;Maranhao
2013;0,7141319319369026;Godofredo Viana;2104305;Maranhao
2014;1,1482524485232783;Godofredo Viana;2104305;Maranhao
2015;1,3158501576679476;Godofredo Viana;2104305;Maranhao
2016;0,2979671603455001;Godofredo Viana;2104305;Maranhao
2017;2,4932481967893634;Godofredo Viana;2104305;Maranhao
2018;0,1954850974726359;Godofredo Viana;2104305;Maranhao
2019;1,2213604371139992;Godofredo Viana;2104305;Maranhao
2020;1,6807872977500957;Godofredo Viana;2104305;Maranhao
2021;4,69266778594503;Godofredo Viana;2104305;Maranhao
2022;0,24992324428681545;Godofredo Viana;2104305;Maranhao
2023;3,5609857034270402;Godofredo Viana;2104305;Maranhao
2024;0,30994066557889005;Godofredo Viana;2104305;Maranhao
2007;526,2137162686923;Goncalves Dias;2104404;Maranhao
2008;21,735285437862498;Goncalves Dias;2104404;Maranhao
2009;10,712521229970005;Goncalves Dias;2104404;Maranhao
2010;10,551834531545289;Goncalves Dias;2104404;Maranhao
2011;9,725269080108765;Goncalves Dias;2104404;Maranhao
2012;18,38229632268365;Goncalves Dias;2104404;Maranhao
2013;13,346238821956359;Goncalves Dias;2104404;Maranhao
2014;7,146991197607044;Goncalves Dias;2104404;Maranhao
2015;8,350883839600304;Goncalves Dias;2104404;Maranhao
2016;6,679727964191235;Goncalves Dias;2104404;Maranhao
2017;9,797846998708389;Goncalves Dias;2104404;Maranhao
2018;8,496906302413008;Goncalves Dias;2104404;Maranhao
2019;6,292666678379248;Goncalves Dias;2104404;Maranhao
2020;7,365955820830411;Goncalves Dias;2104404;Maranhao
2021;7,688478526065119;Goncalves Dias;2104404;Maranhao
2022;5,471845887435201;Goncalves Dias;2104404;Maranhao
2023;3,529616170273723;Goncalves Dias;2104404;Maranhao
2024;4,278894561461808;Goncalves Dias;2104404;Maranhao
2007;350,969553870935;Governador Archer;2104503;Maranhao
2008;6,930342289926129;Governador Archer;2104503;Maranhao
2009;1,9405921399409842;Governador Archer;2104503;Maranhao
2010;2,4393554112236577;Governador Archer;2104503;Maranhao
2011;0,8010265321873778;Governador Archer;2104503;Maranhao
2012;1,5155544832717074;Governador Archer;2104503;Maranhao
2013;0,7352427231427233;Governador Archer;2104503;Maranhao
2014;0,9266321376799845;Governador Archer;2104503;Maranhao
2015;1,0172508969861158;Governador Archer;2104503;Maranhao
2016;5,117676593509771;Governador Archer;2104503;Maranhao
2017;1,2343001584596804;Governador Archer;2104503;Maranhao
2018;0,6866440283674906;Governador Archer;2104503;Maranhao
2019;1,0202540806678693;Governador Archer;2104503;Maranhao
2020;0,8953322452554424;Governador Archer;2104503;Maranhao
2021;2,5703628741249225;Governador Archer;2104503;Maranhao
2022;0,4273788165166492;Governador Archer;2104503;Maranhao
2023;2,115661357498547;Governador Archer;2104503;Maranhao
2024;2,510296244339435;Governador Archer;2104503;Maranhao
2007;278,48274099644925;Governador Edison Lobao;2104552;Maranhao
2008;0,5170673015368525;Governador Edison Lobao;2104552;Maranhao
2009;0,7058175435703107;Governador Edison Lobao;2104552;Maranhao
2010;0,1782183991900998;Governador Edison Lobao;2104552;Maranhao
2011;0,14590790983682095;Governador Edison Lobao;2104552;Maranhao
2012;0,08577316339413653;Governador Edison Lobao;2104552;Maranhao
2013;0,5042853041486175;Governador Edison Lobao;2104552;Maranhao
2014;0,18788608008940152;Governador Edison Lobao;2104552;Maranhao
2015;0;Governador Edison Lobao;2104552;Maranhao
2016;0;Governador Edison Lobao;2104552;Maranhao
2017;0;Governador Edison Lobao;2104552;Maranhao
2018;0,14094717688299424;Governador Edison Lobao;2104552;Maranhao
2019;0;Governador Edison Lobao;2104552;Maranhao
2020;0;Governador Edison Lobao;2104552;Maranhao
2021;0,31359405596406814;Governador Edison Lobao;2104552;Maranhao
2022;0,47295795670022617;Governador Edison Lobao;2104552;Maranhao
2023;0,10563692104749423;Governador Edison Lobao;2104552;Maranhao
2024;0;Governador Edison Lobao;2104552;Maranhao
2007;263,83946792471323;Governador Eugenio Barros;2104602;Maranhao
2008;23,304988411506322;Governador Eugenio Barros;2104602;Maranhao
2009;5,514452405281457;Governador Eugenio Barros;2104602;Maranhao
2010;6,740021631976349;Governador Eugenio Barros;2104602;Maranhao
2011;6,673093068144683;Governador Eugenio Barros;2104602;Maranhao
2012;6,762528081224668;Governador Eugenio Barros;2104602;Maranhao
2013;7,535928413791362;Governador Eugenio Barros;2104602;Maranhao
2014;5,645520819545318;Governador Eugenio Barros;2104602;Maranhao
2015;4,267961464458284;Governador Eugenio Barros;2104602;Maranhao
2016;5,257555165170214;Governador Eugenio Barros;2104602;Maranhao
2017;4,642805363474786;Governador Eugenio Barros;2104602;Maranhao
2018;6,392710585455386;Governador Eugenio Barros;2104602;Maranhao
2019;8,378578079619995;Governador Eugenio Barros;2104602;Maranhao
2020;2,816312909563686;Governador Eugenio Barros;2104602;Maranhao
2021;7,0322266673765315;Governador Eugenio Barros;2104602;Maranhao
2022;4,784856605675318;Governador Eugenio Barros;2104602;Maranhao
2023;4,703157834734382;Governador Eugenio Barros;2104602;Maranhao
2024;6,205774128118999;Governador Eugenio Barros;2104602;Maranhao
2007;139,5650164596843;Governador Luiz Rocha;2104628;Maranhao
2008;17,22688813471698;Governador Luiz Rocha;2104628;Maranhao
2009;4,129292966258982;Governador Luiz Rocha;2104628;Maranhao
2010;8,344178579842426;Governador Luiz Rocha;2104628;Maranhao
2011;3,9900002415255456;Governador Luiz Rocha;2104628;Maranhao
2012;8,217927038261013;Governador Luiz Rocha;2104628;Maranhao
2013;6,436258607473462;Governador Luiz Rocha;2104628;Maranhao
2014;8,780706388916554;Governador Luiz Rocha;2104628;Maranhao
2015;3,6352488283647957;Governador Luiz Rocha;2104628;Maranhao
2016;2,8434391898308387;Governador Luiz Rocha;2104628;Maranhao
2017;4,714921061177529;Governador Luiz Rocha;2104628;Maranhao
2018;4,594009040906725;Governador Luiz Rocha;2104628;Maranhao
2019;5,111672688584067;Governador Luiz Rocha;2104628;Maranhao
2020;5,216647710129512;Governador Luiz Rocha;2104628;Maranhao
2021;10,820994624027207;Governador Luiz Rocha;2104628;Maranhao
2022;4,285892020009503;Governador Luiz Rocha;2104628;Maranhao
2023;3,842734244851986;Governador Luiz Rocha;2104628;Maranhao
2024;3,149754066943529;Governador Luiz Rocha;2104628;Maranhao
2007;1117,379027764657;Governador Newton Bello;2104651;Maranhao
2008;0;Governador Newton Bello;2104651;Maranhao
2009;1,6558227083493846;Governador Newton Bello;2104651;Maranhao
2010;0,11944965920903129;Governador Newton Bello;2104651;Maranhao
2011;1,4517693450904026;Governador Newton Bello;2104651;Maranhao
2012;0;Governador Newton Bello;2104651;Maranhao
2013;0,2098398039216079;Governador Newton Bello;2104651;Maranhao
2014;0,5521815392812465;Governador Newton Bello;2104651;Maranhao
2015;0,07694352040425824;Governador Newton Bello;2104651;Maranhao
2016;0,25544125836217857;Governador Newton Bello;2104651;Maranhao
2017;0;Governador Newton Bello;2104651;Maranhao
2018;0;Governador Newton Bello;2104651;Maranhao
2019;0;Governador Newton Bello;2104651;Maranhao
2020;0;Governador Newton Bello;2104651;Maranhao
2021;0;Governador Newton Bello;2104651;Maranhao
2022;0;Governador Newton Bello;2104651;Maranhao
2023;0;Governador Newton Bello;2104651;Maranhao
2024;0,000027124681809949634;Governador Newton Bello;2104651;Maranhao
2007;1019,8863770902772;Governador Nunes Freire;2104677;Maranhao
2008;0,20125526121982573;Governador Nunes Freire;2104677;Maranhao
2009;1,6464805365109898;Governador Nunes Freire;2104677;Maranhao
2010;0,36188747720722303;Governador Nunes Freire;2104677;Maranhao
2011;0,45785569172346546;Governador Nunes Freire;2104677;Maranhao
2012;0;Governador Nunes Freire;2104677;Maranhao
2013;0;Governador Nunes Freire;2104677;Maranhao
2014;0,05379294978801213;Governador Nunes Freire;2104677;Maranhao
2015;0,48400583932022245;Governador Nunes Freire;2104677;Maranhao
2016;0;Governador Nunes Freire;2104677;Maranhao
2017;0,14152239448825543;Governador Nunes Freire;2104677;Maranhao
2018;0;Governador Nunes Freire;2104677;Maranhao
2019;0;Governador Nunes Freire;2104677;Maranhao
2020;0,09435292442005634;Governador Nunes Freire;2104677;Maranhao
2021;0,09144517002004351;Governador Nunes Freire;2104677;Maranhao
2022;0;Governador Nunes Freire;2104677;Maranhao
2023;0;Governador Nunes Freire;2104677;Maranhao
2024;0;Governador Nunes Freire;2104677;Maranhao
2007;181,18996805727326;Graca Aranha;2104701;Maranhao
2008;12,047225600235784;Graca Aranha;2104701;Maranhao
2009;3,316419426971976;Graca Aranha;2104701;Maranhao
2010;4,28040919712217;Graca Aranha;2104701;Maranhao
2011;3,3650784085667844;Graca Aranha;2104701;Maranhao
2012;5,379925057288876;Graca Aranha;2104701;Maranhao
2013;1,914640012055526;Graca Aranha;2104701;Maranhao
2014;2,209843009905877;Graca Aranha;2104701;Maranhao
2015;1,2932849385609735;Graca Aranha;2104701;Maranhao
2016;1,02961630252767;Graca Aranha;2104701;Maranhao
2017;1,2688727672197715;Graca Aranha;2104701;Maranhao
2018;4,165156462239684;Graca Aranha;2104701;Maranhao
2019;1,7023575330506182;Graca Aranha;2104701;Maranhao
2020;0,7686747426397884;Graca Aranha;2104701;Maranhao
2021;0,7057171724993228;Graca Aranha;2104701;Maranhao
2022;0,4710916055569123;Graca Aranha;2104701;Maranhao
2023;1,672988353502076;Graca Aranha;2104701;Maranhao
2024;1,4870912231090705;Graca Aranha;2104701;Maranhao
2007;1131,20413780105;Grajau;2104800;Maranhao
2008;74,47973727028518;Grajau;2104800;Maranhao
2009;65,3746527560238;Grajau;2104800;Maranhao
2010;103,0589892511908;Grajau;2104800;Maranhao
2011;57,75105825129051;Grajau;2104800;Maranhao
2012;45,68251845210488;Grajau;2104800;Maranhao
2013;23,903397853331175;Grajau;2104800;Maranhao
2014;25,26663952761572;Grajau;2104800;Maranhao
2015;12,53288621500718;Grajau;2104800;Maranhao
2016;9,02986119312846;Grajau;2104800;Maranhao
2017;9,56479894558789;Grajau;2104800;Maranhao
2018;6,86364827452628;Grajau;2104800;Maranhao
2019;10,119102372474607;Grajau;2104800;Maranhao
2020;11,42247684462303;Grajau;2104800;Maranhao
2021;19,448012673438008;Grajau;2104800;Maranhao
2022;28,323926361011328;Grajau;2104800;Maranhao
2023;27,959879038324505;Grajau;2104800;Maranhao
2024;9,94997831207571;Grajau;2104800;Maranhao
2007;353,6964052704521;Guimaraes;2104909;Maranhao
2008;1,1881645252662811;Guimaraes;2104909;Maranhao
2009;0,3347475977421953;Guimaraes;2104909;Maranhao
2010;0;Guimaraes;2104909;Maranhao
2011;0;Guimaraes;2104909;Maranhao
2012;0;Guimaraes;2104909;Maranhao
2013;0;Guimaraes;2104909;Maranhao
2014;0;Guimaraes;2104909;Maranhao
2015;0;Guimaraes;2104909;Maranhao
2016;0;Guimaraes;2104909;Maranhao
2017;0;Guimaraes;2104909;Maranhao
2018;0;Guimaraes;2104909;Maranhao
2019;0;Guimaraes;2104909;Maranhao
2020;0;Guimaraes;2104909;Maranhao
2021;0;Guimaraes;2104909;Maranhao
2022;0;Guimaraes;2104909;Maranhao
2023;0;Guimaraes;2104909;Maranhao
2024;0;Guimaraes;2104909;Maranhao
2007;4,851160752834959;Icatu;2105104;Maranhao
2008;1,4469407618474674;Icatu;2105104;Maranhao
2009;0;Icatu;2105104;Maranhao
2010;0,43035936782281853;Icatu;2105104;Maranhao
2011;0,15203115122613553;Icatu;2105104;Maranhao
2012;0;Icatu;2105104;Maranhao
2013;0,1638565898190159;Icatu;2105104;Maranhao
2014;0,20641078609105948;Icatu;2105104;Maranhao
2015;0;Icatu;2105104;Maranhao
2016;0,0768468387711083;Icatu;2105104;Maranhao
2017;0;Icatu;2105104;Maranhao
2018;0,358950062651391;Icatu;2105104;Maranhao
2019;0;Icatu;2105104;Maranhao
2020;0,06827936720402498;Icatu;2105104;Maranhao
2021;0;Icatu;2105104;Maranhao
2022;0;Icatu;2105104;Maranhao
2023;0;Icatu;2105104;Maranhao
2024;0;Icatu;2105104;Maranhao
2007;341,83546228245444;Igarape Grande;2105203;Maranhao
2008;0;Igarape Grande;2105203;Maranhao
2009;0;Igarape Grande;2105203;Maranhao
2010;0;Igarape Grande;2105203;Maranhao
2011;0;Igarape Grande;2105203;Maranhao
2012;0;Igarape Grande;2105203;Maranhao
2013;0;Igarape Grande;2105203;Maranhao
2014;0;Igarape Grande;2105203;Maranhao
2015;0;Igarape Grande;2105203;Maranhao
2016;0;Igarape Grande;2105203;Maranhao
2017;0;Igarape Grande;2105203;Maranhao
2018;0;Igarape Grande;2105203;Maranhao
2019;0;Igarape Grande;2105203;Maranhao
2020;0;Igarape Grande;2105203;Maranhao
2021;0;Igarape Grande;2105203;Maranhao
2022;0;Igarape Grande;2105203;Maranhao
2023;0;Igarape Grande;2105203;Maranhao
2024;0;Igarape Grande;2105203;Maranhao
2007;190,01751843767087;Igarape do Meio;2105153;Maranhao
2008;0,817538596700835;Igarape do Meio;2105153;Maranhao
2009;0,2547702250173398;Igarape do Meio;2105153;Maranhao
2010;0;Igarape do Meio;2105153;Maranhao
2011;0;Igarape do Meio;2105153;Maranhao
2012;0,2852847039986048;Igarape do Meio;2105153;Maranhao
2013;0,5171713512124911;Igarape do Meio;2105153;Maranhao
2014;0,08712297455341486;Igarape do Meio;2105153;Maranhao
2015;0;Igarape do Meio;2105153;Maranhao
2016;0,07687399457051323;Igarape do Meio;2105153;Maranhao
2017;0,2530789296916507;Igarape do Meio;2105153;Maranhao
2018;0,0020646682949508276;Igarape do Meio;2105153;Maranhao
2019;0,17739626016225282;Igarape do Meio;2105153;Maranhao
2020;0,3135344423519102;Igarape do Meio;2105153;Maranhao
2021;0,20496323297429825;Igarape do Meio;2105153;Maranhao
2022;0,07417449713215679;Igarape do Meio;2105153;Maranhao
2023;0,17004748172439008;Igarape do Meio;2105153;Maranhao
2024;0;Igarape do Meio;2105153;Maranhao
2007;1107,8410315405606;Imperatriz;2105302;Maranhao
2008;3,926867605731693;Imperatriz;2105302;Maranhao
2009;3,3290631885507302;Imperatriz;2105302;Maranhao
2010;0,2636898355872764;Imperatriz;2105302;Maranhao
2011;0,8900526594971673;Imperatriz;2105302;Maranhao
2012;1,034488480974319;Imperatriz;2105302;Maranhao
2013;0,16939821917303888;Imperatriz;2105302;Maranhao
2014;0,5098460281637932;Imperatriz;2105302;Maranhao
2015;0,29723353206510017;Imperatriz;2105302;Maranhao
2016;0,15651461058212812;Imperatriz;2105302;Maranhao
2017;0,15501720125787039;Imperatriz;2105302;Maranhao
2018;1,2750400101789545;Imperatriz;2105302;Maranhao
2019;0,28487200870459706;Imperatriz;2105302;Maranhao
2020;0;Imperatriz;2105302;Maranhao
2021;0,5410055437367783;Imperatriz;2105302;Maranhao
2022;1,4896552608928182;Imperatriz;2105302;Maranhao
2023;0,1141925873169027;Imperatriz;2105302;Maranhao
2024;0;Imperatriz;2105302;Maranhao
2007;987,0958923490585;Itaipava do Grajau;2105351;Maranhao
2008;5,960433214701802;Itaipava do Grajau;2105351;Maranhao
2009;4,786652706400567;Itaipava do Grajau;2105351;Maranhao
2010;7,835711937440492;Itaipava do Grajau;2105351;Maranhao
2011;2,2761353143985006;Itaipava do Grajau;2105351;Maranhao
2012;3,0065284383929107;Itaipava do Grajau;2105351;Maranhao
2013;0,3621537318925587;Itaipava do Grajau;2105351;Maranhao
2014;2,0445782340504675;Itaipava do Grajau;2105351;Maranhao
2015;0,3915156043733628;Itaipava do Grajau;2105351;Maranhao
2016;0,5730839279486499;Itaipava do Grajau;2105351;Maranhao
2017;0,7321319125628722;Itaipava do Grajau;2105351;Maranhao
2018;0,1625579844562635;Itaipava do Grajau;2105351;Maranhao
2019;0,9037278811453354;Itaipava do Grajau;2105351;Maranhao
2020;0,8066387278521041;Itaipava do Grajau;2105351;Maranhao
2021;1,5566547038842757;Itaipava do Grajau;2105351;Maranhao
2022;0,5696913836565757;Itaipava do Grajau;2105351;Maranhao
2023;2,3388377268792646;Itaipava do Grajau;2105351;Maranhao
2024;1,9012175089722345;Itaipava do Grajau;2105351;Maranhao
2007;440,1600661997669;Itapecuru Mirim;2105401;Maranhao
2008;85,50813982096565;Itapecuru Mirim;2105401;Maranhao
2009;3,9716004355756276;Itapecuru Mirim;2105401;Maranhao
2010;23,19862588878;Itapecuru Mirim;2105401;Maranhao
2011;6,400267326447743;Itapecuru Mirim;2105401;Maranhao
2012;2,900824881422631;Itapecuru Mirim;2105401;Maranhao
2013;6,735468391087208;Itapecuru Mirim;2105401;Maranhao
2014;3,3506681980250934;Itapecuru Mirim;2105401;Maranhao
2015;1,1074228603513387;Itapecuru Mirim;2105401;Maranhao
2016;1,6337655549107637;Itapecuru Mirim;2105401;Maranhao
2017;2,6714221731509533;Itapecuru Mirim;2105401;Maranhao
2018;1,6654334955749408;Itapecuru Mirim;2105401;Maranhao
2019;3,507964341855545;Itapecuru Mirim;2105401;Maranhao
2020;4,210381450881299;Itapecuru Mirim;2105401;Maranhao
2021;2,6078887080145097;Itapecuru Mirim;2105401;Maranhao
2022;1,610840185736484;Itapecuru Mirim;2105401;Maranhao
2023;5,364682146369319;Itapecuru Mirim;2105401;Maranhao
2024;4,700886705224468;Itapecuru Mirim;2105401;Maranhao
2007;2488,3401579235797;Itinga do Maranhao;2105427;Maranhao
2008;74,8346276917591;Itinga do Maranhao;2105427;Maranhao
2009;37,93074138302338;Itinga do Maranhao;2105427;Maranhao
2010;11,411430997342245;Itinga do Maranhao;2105427;Maranhao
2011;4,383680915076476;Itinga do Maranhao;2105427;Maranhao
2012;6,145179189050295;Itinga do Maranhao;2105427;Maranhao
2013;20,259686425606752;Itinga do Maranhao;2105427;Maranhao
2014;0,2754165783512512;Itinga do Maranhao;2105427;Maranhao
2015;6,605418362669409;Itinga do Maranhao;2105427;Maranhao
2016;18,18288955853343;Itinga do Maranhao;2105427;Maranhao
2017;5,954061772529763;Itinga do Maranhao;2105427;Maranhao
2018;8,878492477899956;Itinga do Maranhao;2105427;Maranhao
2019;16,519023714889965;Itinga do Maranhao;2105427;Maranhao
2020;22,998356964986826;Itinga do Maranhao;2105427;Maranhao
2021;21,87382398583798;Itinga do Maranhao;2105427;Maranhao
2022;26,770804783747796;Itinga do Maranhao;2105427;Maranhao
2023;7,471608608852881;Itinga do Maranhao;2105427;Maranhao
2024;7,625930509564342;Itinga do Maranhao;2105427;Maranhao
2007;215,11189935480107;Jatoba;2105450;Maranhao
2008;20,03761382262628;Jatoba;2105450;Maranhao
2009;2,080279050985475;Jatoba;2105450;Maranhao
2010;4,242763404020977;Jatoba;2105450;Maranhao
2011;1,0559617065479592;Jatoba;2105450;Maranhao
2012;2,4169333751158337;Jatoba;2105450;Maranhao
2013;5,3180368975239;Jatoba;2105450;Maranhao
2014;2,742842192980788;Jatoba;2105450;Maranhao
2015;1,7562625726620469;Jatoba;2105450;Maranhao
2016;1,8041734374420435;Jatoba;2105450;Maranhao
2017;3,2588728037773023;Jatoba;2105450;Maranhao
2018;2,315198919561469;Jatoba;2105450;Maranhao
2019;1,38096748833787;Jatoba;2105450;Maranhao
2020;0,9942926624722374;Jatoba;2105450;Maranhao
2021;1,1366339284763622;Jatoba;2105450;Maranhao
2022;2,1127821877936768;Jatoba;2105450;Maranhao
2023;1,3176265840549066;Jatoba;2105450;Maranhao
2024;0;Jatoba;2105450;Maranhao
2007;1076,7950560342542;Jenipapo dos Vieiras;2105476;Maranhao
2008;6,863201250180605;Jenipapo dos Vieiras;2105476;Maranhao
2009;7,843490912630531;Jenipapo dos Vieiras;2105476;Maranhao
2010;12,220575637737062;Jenipapo dos Vieiras;2105476;Maranhao
2011;3,296928059632695;Jenipapo dos Vieiras;2105476;Maranhao
2012;5,201618285797318;Jenipapo dos Vieiras;2105476;Maranhao
2013;3,4092134442704682;Jenipapo dos Vieiras;2105476;Maranhao
2014;3,0632705411350134;Jenipapo dos Vieiras;2105476;Maranhao
2015;2,3852332473513815;Jenipapo dos Vieiras;2105476;Maranhao
2016;3,453611365802631;Jenipapo dos Vieiras;2105476;Maranhao
2017;1,7862451995421613;Jenipapo dos Vieiras;2105476;Maranhao
2018;0,5084688793908144;Jenipapo dos Vieiras;2105476;Maranhao
2019;1,1464015880707983;Jenipapo dos Vieiras;2105476;Maranhao
2020;1,023703925286344;Jenipapo dos Vieiras;2105476;Maranhao
2021;0,5905079865772751;Jenipapo dos Vieiras;2105476;Maranhao
2022;1,1933278240192664;Jenipapo dos Vieiras;2105476;Maranhao
2023;2,159754762092151;Jenipapo dos Vieiras;2105476;Maranhao
2024;2,2779173577512943;Jenipapo dos Vieiras;2105476;Maranhao
2007;1047,3398769079774;Joao Lisboa;2105500;Maranhao
2008;9,43177418134262;Joao Lisboa;2105500;Maranhao
2009;3,9002989088335047;Joao Lisboa;2105500;Maranhao
2010;0,6999237181958659;Joao Lisboa;2105500;Maranhao
2011;1,2275880865634297;Joao Lisboa;2105500;Maranhao
2012;0,6244884319883949;Joao Lisboa;2105500;Maranhao
2013;0;Joao Lisboa;2105500;Maranhao
2014;0,71426489240395;Joao Lisboa;2105500;Maranhao
2015;0,8491265276589878;Joao Lisboa;2105500;Maranhao
2016;1,1138017846141213;Joao Lisboa;2105500;Maranhao
2017;1,8631917115909828;Joao Lisboa;2105500;Maranhao
2018;0,31674112886415073;Joao Lisboa;2105500;Maranhao
2019;0,1415258326410167;Joao Lisboa;2105500;Maranhao
2020;1,7328248710340879;Joao Lisboa;2105500;Maranhao
2021;0,6364277134603911;Joao Lisboa;2105500;Maranhao
2022;0,6421671598198485;Joao Lisboa;2105500;Maranhao
2023;0,9588244325336233;Joao Lisboa;2105500;Maranhao
2024;0;Joao Lisboa;2105500;Maranhao
2007;552,2575791413933;Joselandia;2105609;Maranhao
2008;4,5130167373982255;Joselandia;2105609;Maranhao
2009;2,177186396103703;Joselandia;2105609;Maranhao
2010;1,9176480547024972;Joselandia;2105609;Maranhao
2011;0,6661495581787676;Joselandia;2105609;Maranhao
2012;1,4867483216590291;Joselandia;2105609;Maranhao
2013;1,0186508346542322;Joselandia;2105609;Maranhao
2014;1,5412401041440464;Joselandia;2105609;Maranhao
2015;1,8294622751567589;Joselandia;2105609;Maranhao
2016;0,9655762591846022;Joselandia;2105609;Maranhao
2017;1,3317761380220778;Joselandia;2105609;Maranhao
2018;0,25477137509461867;Joselandia;2105609;Maranhao
2019;0,6167529621604235;Joselandia;2105609;Maranhao
2020;0,6175171378030849;Joselandia;2105609;Maranhao
2021;1,1848704108792594;Joselandia;2105609;Maranhao
2022;0,9075456535584567;Joselandia;2105609;Maranhao
2023;1,3009882572250744;Joselandia;2105609;Maranhao
2024;4,465411359091356;Joselandia;2105609;Maranhao
2007;548,0147677238128;Junco do Maranhao;2105658;Maranhao
2008;0;Junco do Maranhao;2105658;Maranhao
2009;0,28596096801430815;Junco do Maranhao;2105658;Maranhao
2010;1,128795004723386;Junco do Maranhao;2105658;Maranhao
2011;0,46294172593037786;Junco do Maranhao;2105658;Maranhao
2012;0;Junco do Maranhao;2105658;Maranhao
2013;0;Junco do Maranhao;2105658;Maranhao
2014;0,07274527719183894;Junco do Maranhao;2105658;Maranhao
2015;0,09410053372688575;Junco do Maranhao;2105658;Maranhao
2016;0,20530813729495695;Junco do Maranhao;2105658;Maranhao
2017;0,12424520361101515;Junco do Maranhao;2105658;Maranhao
2018;0;Junco do Maranhao;2105658;Maranhao
2019;0,833749452314913;Junco do Maranhao;2105658;Maranhao
2020;0;Junco do Maranhao;2105658;Maranhao
2021;0,2861920429812439;Junco do Maranhao;2105658;Maranhao
2022;0;Junco do Maranhao;2105658;Maranhao
2023;0,06441316620008859;Junco do Maranhao;2105658;Maranhao
2024;0,019380067207240444;Junco do Maranhao;2105658;Maranhao
2007;521,3154020298031;Lago Verde;2105906;Maranhao
2008;0;Lago Verde;2105906;Maranhao
2009;0;Lago Verde;2105906;Maranhao
2010;0;Lago Verde;2105906;Maranhao
2011;0;Lago Verde;2105906;Maranhao
2012;0;Lago Verde;2105906;Maranhao
2013;0;Lago Verde;2105906;Maranhao
2014;0;Lago Verde;2105906;Maranhao
2015;0;Lago Verde;2105906;Maranhao
2016;0;Lago Verde;2105906;Maranhao
2017;0;Lago Verde;2105906;Maranhao
2018;0;Lago Verde;2105906;Maranhao
2019;0;Lago Verde;2105906;Maranhao
2020;0;Lago Verde;2105906;Maranhao
2021;0;Lago Verde;2105906;Maranhao
2022;0;Lago Verde;2105906;Maranhao
2023;0;Lago Verde;2105906;Maranhao
2024;0;Lago Verde;2105906;Maranhao
2007;1245,7225731184433;Lago da Pedra;2105708;Maranhao
2008;0;Lago da Pedra;2105708;Maranhao
2009;0;Lago da Pedra;2105708;Maranhao
2010;0,10124613084963469;Lago da Pedra;2105708;Maranhao
2011;0;Lago da Pedra;2105708;Maranhao
2012;0;Lago da Pedra;2105708;Maranhao
2013;0;Lago da Pedra;2105708;Maranhao
2014;0;Lago da Pedra;2105708;Maranhao
2015;0;Lago da Pedra;2105708;Maranhao
2016;0;Lago da Pedra;2105708;Maranhao
2017;0;Lago da Pedra;2105708;Maranhao
2018;0;Lago da Pedra;2105708;Maranhao
2019;0;Lago da Pedra;2105708;Maranhao
2020;0;Lago da Pedra;2105708;Maranhao
2021;0;Lago da Pedra;2105708;Maranhao
2022;0;Lago da Pedra;2105708;Maranhao
2023;0;Lago da Pedra;2105708;Maranhao
2024;0;Lago da Pedra;2105708;Maranhao
2007;265,730533038524;Lago do Junco;2105807;Maranhao
2008;0;Lago do Junco;2105807;Maranhao
2009;0;Lago do Junco;2105807;Maranhao
2010;0;Lago do Junco;2105807;Maranhao
2011;0;Lago do Junco;2105807;Maranhao
2012;0;Lago do Junco;2105807;Maranhao
2013;0;Lago do Junco;2105807;Maranhao
2014;0;Lago do Junco;2105807;Maranhao
2015;0;Lago do Junco;2105807;Maranhao
2016;0;Lago do Junco;2105807;Maranhao
2017;0;Lago do Junco;2105807;Maranhao
2018;0;Lago do Junco;2105807;Maranhao
2019;0;Lago do Junco;2105807;Maranhao
2020;0;Lago do Junco;2105807;Maranhao
2021;0;Lago do Junco;2105807;Maranhao
2022;0;Lago do Junco;2105807;Maranhao
2023;0;Lago do Junco;2105807;Maranhao
2024;0;Lago do Junco;2105807;Maranhao
2007;220,85592106564965;Lago dos Rodrigues;2105948;Maranhao
2008;0;Lago dos Rodrigues;2105948;Maranhao
2009;0;Lago dos Rodrigues;2105948;Maranhao
2010;0;Lago dos Rodrigues;2105948;Maranhao
2011;0;Lago dos Rodrigues;2105948;Maranhao
2012;0;Lago dos Rodrigues;2105948;Maranhao
2013;0;Lago dos Rodrigues;2105948;Maranhao
2014;0;Lago dos Rodrigues;2105948;Maranhao
2015;0;Lago dos Rodrigues;2105948;Maranhao
2016;0;Lago dos Rodrigues;2105948;Maranhao
2017;0;Lago dos Rodrigues;2105948;Maranhao
2018;0;Lago dos Rodrigues;2105948;Maranhao
2019;0;Lago dos Rodrigues;2105948;Maranhao
2020;0;Lago dos Rodrigues;2105948;Maranhao
2021;0;Lago dos Rodrigues;2105948;Maranhao
2022;0;Lago dos Rodrigues;2105948;Maranhao
2023;0;Lago dos Rodrigues;2105948;Maranhao
2024;0;Lago dos Rodrigues;2105948;Maranhao
2007;732,3285687806754;Lagoa Grande do Maranhao;2105963;Maranhao
2008;3,1663781082367337;Lagoa Grande do Maranhao;2105963;Maranhao
2009;1,7931933806068705;Lagoa Grande do Maranhao;2105963;Maranhao
2010;0,8900425290083613;Lagoa Grande do Maranhao;2105963;Maranhao
2011;0,7528265086599901;Lagoa Grande do Maranhao;2105963;Maranhao
2012;1,9748859305604878;Lagoa Grande do Maranhao;2105963;Maranhao
2013;0,2502820881350051;Lagoa Grande do Maranhao;2105963;Maranhao
2014;0,6673550273160698;Lagoa Grande do Maranhao;2105963;Maranhao
2015;0,3773508948632658;Lagoa Grande do Maranhao;2105963;Maranhao
2016;0,7752547204683213;Lagoa Grande do Maranhao;2105963;Maranhao
2017;0,5426503454806002;Lagoa Grande do Maranhao;2105963;Maranhao
2018;0;Lagoa Grande do Maranhao;2105963;Maranhao
2019;0,08941918390276735;Lagoa Grande do Maranhao;2105963;Maranhao
2020;0,39909667210248245;Lagoa Grande do Maranhao;2105963;Maranhao
2021;0,3581791138126845;Lagoa Grande do Maranhao;2105963;Maranhao
2022;0,6123720465870703;Lagoa Grande do Maranhao;2105963;Maranhao
2023;0,5885147333271511;Lagoa Grande do Maranhao;2105963;Maranhao
2024;0,4913186116920929;Lagoa Grande do Maranhao;2105963;Maranhao
2007;251,2389041236619;Lajeado Novo;2105989;Maranhao
2008;0,6321026783317973;Lajeado Novo;2105989;Maranhao
2009;0,4505359582887508;Lajeado Novo;2105989;Maranhao
2010;0,4156959398249988;Lajeado Novo;2105989;Maranhao
2011;0,5791454030733348;Lajeado Novo;2105989;Maranhao
2012;0,3310156560010782;Lajeado Novo;2105989;Maranhao
2013;0,06554795427187524;Lajeado Novo;2105989;Maranhao
2014;0,13819265425566737;Lajeado Novo;2105989;Maranhao
2015;0,7722252034600517;Lajeado Novo;2105989;Maranhao
2016;0,0846303659422752;Lajeado Novo;2105989;Maranhao
2017;0,311336971122298;Lajeado Novo;2105989;Maranhao
2018;0,16007969243507525;Lajeado Novo;2105989;Maranhao
2019;0,9420152239611317;Lajeado Novo;2105989;Maranhao
2020;0,32310863132421935;Lajeado Novo;2105989;Maranhao
2021;0,5887900289291176;Lajeado Novo;2105989;Maranhao
2022;0,22996339639054245;Lajeado Novo;2105989;Maranhao
2023;0,7881334964117326;Lajeado Novo;2105989;Maranhao
2024;0;Lajeado Novo;2105989;Maranhao
2007;268,9321125052233;Lima Campos;2106003;Maranhao
2008;2,383129934010705;Lima Campos;2106003;Maranhao
2009;1,728604303316832;Lima Campos;2106003;Maranhao
2010;0,4457305355492715;Lima Campos;2106003;Maranhao
2011;0,5656049098878309;Lima Campos;2106003;Maranhao
2012;0,570944001229053;Lima Campos;2106003;Maranhao
2013;0;Lima Campos;2106003;Maranhao
2014;0;Lima Campos;2106003;Maranhao
2015;0,10650135358835193;Lima Campos;2106003;Maranhao
2016;0,06886859541937208;Lima Campos;2106003;Maranhao
2017;0,35534104997514326;Lima Campos;2106003;Maranhao
2018;0;Lima Campos;2106003;Maranhao
2019;0,4291504516933104;Lima Campos;2106003;Maranhao
2020;0,43275510697938846;Lima Campos;2106003;Maranhao
2021;0,23463650184663232;Lima Campos;2106003;Maranhao
2022;0,16994763258027215;Lima Campos;2106003;Maranhao
2023;0,5305990751452209;Lima Campos;2106003;Maranhao
2024;0;Lima Campos;2106003;Maranhao
2007;0;Loreto;2106102;Maranhao
2008;0;Loreto;2106102;Maranhao
2009;0;Loreto;2106102;Maranhao
2010;0;Loreto;2106102;Maranhao
2011;0;Loreto;2106102;Maranhao
2012;0;Loreto;2106102;Maranhao
2013;0;Loreto;2106102;Maranhao
2014;0;Loreto;2106102;Maranhao
2015;0;Loreto;2106102;Maranhao
2016;0;Loreto;2106102;Maranhao
2017;0;Loreto;2106102;Maranhao
2018;0;Loreto;2106102;Maranhao
2019;0;Loreto;2106102;Maranhao
2020;0;Loreto;2106102;Maranhao
2021;0;Loreto;2106102;Maranhao
2022;0;Loreto;2106102;Maranhao
2023;0;Loreto;2106102;Maranhao
2024;0;Loreto;2106102;Maranhao
2007;291,4658428649052;Luis Domingues;2106201;Maranhao
2008;0,9033893985871226;Luis Domingues;2106201;Maranhao
2009;0,8797636608527958;Luis Domingues;2106201;Maranhao
2010;2,0905227457922404;Luis Domingues;2106201;Maranhao
2011;2,040355860463813;Luis Domingues;2106201;Maranhao
2012;0,1299493088118178;Luis Domingues;2106201;Maranhao
2013;0,5333683976379795;Luis Domingues;2106201;Maranhao
2014;0,677601269810898;Luis Domingues;2106201;Maranhao
2015;0,09313923081615537;Luis Domingues;2106201;Maranhao
2016;0;Luis Domingues;2106201;Maranhao
2017;1,0185832734666804;Luis Domingues;2106201;Maranhao
2018;0,6452049861171321;Luis Domingues;2106201;Maranhao
2019;2,2763398263455232;Luis Domingues;2106201;Maranhao
2020;0,3686775416194736;Luis Domingues;2106201;Maranhao
2021;0,6756052917428145;Luis Domingues;2106201;Maranhao
2022;0,30747409877114973;Luis Domingues;2106201;Maranhao
2023;0,49741442206883013;Luis Domingues;2106201;Maranhao
2024;0,10897848127445454;Luis Domingues;2106201;Maranhao
2007;503,9228919893102;Maracacume;2106326;Maranhao
2008;0;Maracacume;2106326;Maranhao
2009;0,919268267293009;Maracacume;2106326;Maranhao
2010;1,6134853921649266;Maracacume;2106326;Maranhao
2011;0,41280157316458;Maracacume;2106326;Maranhao
2012;0;Maracacume;2106326;Maranhao
2013;0;Maracacume;2106326;Maranhao
2014;0,4914271523506092;Maracacume;2106326;Maranhao
2015;0,610327678206067;Maracacume;2106326;Maranhao
2016;0,13685590619836577;Maracacume;2106326;Maranhao
2017;1,7054717631621703;Maracacume;2106326;Maranhao
2018;0,17355382075024214;Maracacume;2106326;Maranhao
2019;0,7315222109668518;Maracacume;2106326;Maranhao
2020;0,2736850303620965;Maracacume;2106326;Maranhao
2021;0,07049968558882413;Maracacume;2106326;Maranhao
2022;0,09084724192802304;Maracacume;2106326;Maranhao
2023;1,1319834932201134;Maracacume;2106326;Maranhao
2024;0,28066683890090655;Maracacume;2106326;Maranhao
2007;1135,1011137868377;Maraja do Sena;2106359;Maranhao
2008;17,713367626154444;Maraja do Sena;2106359;Maranhao
2009;5,53009763152614;Maraja do Sena;2106359;Maranhao
2010;3,874435391987129;Maraja do Sena;2106359;Maranhao
2011;4,093387155032114;Maraja do Sena;2106359;Maranhao
2012;3,3289765048088613;Maraja do Sena;2106359;Maranhao
2013;0,7272455566276219;Maraja do Sena;2106359;Maranhao
2014;3,0176796557389745;Maraja do Sena;2106359;Maranhao
2015;0,4244396524283064;Maraja do Sena;2106359;Maranhao
2016;6,068730818469935;Maraja do Sena;2106359;Maranhao
2017;4,5655543663949185;Maraja do Sena;2106359;Maranhao
2018;2,1603946586806044;Maraja do Sena;2106359;Maranhao
2019;5,868473386864948;Maraja do Sena;2106359;Maranhao
2020;8,49116180061913;Maraja do Sena;2106359;Maranhao
2021;3,5488311760005997;Maraja do Sena;2106359;Maranhao
2022;7,310433095208388;Maraja do Sena;2106359;Maranhao
2023;11,07984365486633;Maraja do Sena;2106359;Maranhao
2024;12,039062826820624;Maraja do Sena;2106359;Maranhao
2007;759,2521653069409;Maranhaozinho;2106375;Maranhao
2008;0;Maranhaozinho;2106375;Maranhao
2009;2,2104393800440265;Maranhaozinho;2106375;Maranhao
2010;0,2004770086742824;Maranhaozinho;2106375;Maranhao
2011;0,3987818608654233;Maranhaozinho;2106375;Maranhao
2012;0,05945463595138213;Maranhaozinho;2106375;Maranhao
2013;0;Maranhaozinho;2106375;Maranhao
2014;0,32260480391588653;Maranhaozinho;2106375;Maranhao
2015;0;Maranhaozinho;2106375;Maranhao
2016;0;Maranhaozinho;2106375;Maranhao
2017;0;Maranhaozinho;2106375;Maranhao
2018;0;Maranhaozinho;2106375;Maranhao
2019;0,05655189758131698;Maranhaozinho;2106375;Maranhao
2020;0;Maranhaozinho;2106375;Maranhao
2021;0;Maranhaozinho;2106375;Maranhao
2022;0,0885289515911328;Maranhaozinho;2106375;Maranhao
2023;0;Maranhaozinho;2106375;Maranhao
2024;0;Maranhaozinho;2106375;Maranhao
2007;282,4855223306677;Matinha;2106508;Maranhao
2008;0,5100968363375662;Matinha;2106508;Maranhao
2009;0;Matinha;2106508;Maranhao
2010;0,11296056849814935;Matinha;2106508;Maranhao
2011;0,4833095568677186;Matinha;2106508;Maranhao
2012;0;Matinha;2106508;Maranhao
2013;0,28752255688023604;Matinha;2106508;Maranhao
2014;0,10139892143842398;Matinha;2106508;Maranhao
2015;0;Matinha;2106508;Maranhao
2016;0;Matinha;2106508;Maranhao
2017;0;Matinha;2106508;Maranhao
2018;0;Matinha;2106508;Maranhao
2019;0;Matinha;2106508;Maranhao
2020;0,08450078820642844;Matinha;2106508;Maranhao
2021;0,10139906419029396;Matinha;2106508;Maranhao
2022;0;Matinha;2106508;Maranhao
2023;0;Matinha;2106508;Maranhao
2024;0;Matinha;2106508;Maranhao
2007;548,1762891842425;Matoes do Norte;2106631;Maranhao
2008;8,236546884599141;Matoes do Norte;2106631;Maranhao
2009;3,317411076901866;Matoes do Norte;2106631;Maranhao
2010;4,7043883920877825;Matoes do Norte;2106631;Maranhao
2011;1,916169519652769;Matoes do Norte;2106631;Maranhao
2012;1,8488922796707952;Matoes do Norte;2106631;Maranhao
2013;0,9717318818095664;Matoes do Norte;2106631;Maranhao
2014;0,8453210745085094;Matoes do Norte;2106631;Maranhao
2015;1,7972749688427345;Matoes do Norte;2106631;Maranhao
2016;1,035856502085327;Matoes do Norte;2106631;Maranhao
2017;0,53552317428224;Matoes do Norte;2106631;Maranhao
2018;0,29192926970964833;Matoes do Norte;2106631;Maranhao
2019;1,2522413325833932;Matoes do Norte;2106631;Maranhao
2020;1,8027874904987016;Matoes do Norte;2106631;Maranhao
2021;0,31113755620761346;Matoes do Norte;2106631;Maranhao
2022;1,530989595169305;Matoes do Norte;2106631;Maranhao
2023;0,35031145526386404;Matoes do Norte;2106631;Maranhao
2024;0,08249937324324308;Matoes do Norte;2106631;Maranhao
2007;0;Mirador;2106706;Maranhao
2008;0;Mirador;2106706;Maranhao
2009;0;Mirador;2106706;Maranhao
2010;0;Mirador;2106706;Maranhao
2011;0;Mirador;2106706;Maranhao
2012;0;Mirador;2106706;Maranhao
2013;0;Mirador;2106706;Maranhao
2014;0;Mirador;2106706;Maranhao
2015;0;Mirador;2106706;Maranhao
2016;0;Mirador;2106706;Maranhao
2017;0;Mirador;2106706;Maranhao
2018;0;Mirador;2106706;Maranhao
2019;0;Mirador;2106706;Maranhao
2020;0;Mirador;2106706;Maranhao
2021;0;Mirador;2106706;Maranhao
2022;0;Mirador;2106706;Maranhao
2023;0;Mirador;2106706;Maranhao
2024;0;Mirador;2106706;Maranhao
2007;251,61260962519628;Miranda do Norte;2106755;Maranhao
2008;14,808763959541604;Miranda do Norte;2106755;Maranhao
2009;0,7407085625099894;Miranda do Norte;2106755;Maranhao
2010;3,0346439512162386;Miranda do Norte;2106755;Maranhao
2011;1,166907064647504;Miranda do Norte;2106755;Maranhao
2012;0,42968138107787746;Miranda do Norte;2106755;Maranhao
2013;1,2703455008800328;Miranda do Norte;2106755;Maranhao
2014;0,520179751989124;Miranda do Norte;2106755;Maranhao
2015;0,2628786224169938;Miranda do Norte;2106755;Maranhao
2016;1,1971468336937217;Miranda do Norte;2106755;Maranhao
2017;1,973898625241903;Miranda do Norte;2106755;Maranhao
2018;0,44705890706284485;Miranda do Norte;2106755;Maranhao
2019;1,803497806788877;Miranda do Norte;2106755;Maranhao
2020;2,232119307772398;Miranda do Norte;2106755;Maranhao
2021;0,9633443299964701;Miranda do Norte;2106755;Maranhao
2022;1,014072203666162;Miranda do Norte;2106755;Maranhao
2023;1,1214609174304895;Miranda do Norte;2106755;Maranhao
2024;0,2808995431689598;Miranda do Norte;2106755;Maranhao
2007;675,3955795630521;Mirinzal;2106805;Maranhao
2008;0;Mirinzal;2106805;Maranhao
2009;0;Mirinzal;2106805;Maranhao
2010;0;Mirinzal;2106805;Maranhao
2011;0;Mirinzal;2106805;Maranhao
2012;0;Mirinzal;2106805;Maranhao
2013;0,07031926253462883;Mirinzal;2106805;Maranhao
2014;0;Mirinzal;2106805;Maranhao
2015;0;Mirinzal;2106805;Maranhao
2016;0;Mirinzal;2106805;Maranhao
2017;0;Mirinzal;2106805;Maranhao
2018;0;Mirinzal;2106805;Maranhao
2019;0,15565166364527866;Mirinzal;2106805;Maranhao
2020;0;Mirinzal;2106805;Maranhao
2021;0;Mirinzal;2106805;Maranhao
2022;0;Mirinzal;2106805;Maranhao
2023;0;Mirinzal;2106805;Maranhao
2024;0;Mirinzal;2106805;Maranhao
2007;864,7713623668477;Moncao;2106904;Maranhao
2008;12,31616104792186;Moncao;2106904;Maranhao
2009;2,9053307223357314;Moncao;2106904;Maranhao
2010;1,3306790170836442;Moncao;2106904;Maranhao
2011;1,6393873726083432;Moncao;2106904;Maranhao
2012;0,9657616429810196;Moncao;2106904;Maranhao
2013;2,4056168448741384;Moncao;2106904;Maranhao
2014;0,8935760716974872;Moncao;2106904;Maranhao
2015;0,22371930785905733;Moncao;2106904;Maranhao
2016;0,4749311574667073;Moncao;2106904;Maranhao
2017;1,7725188795813676;Moncao;2106904;Maranhao
2018;0,15284262577531071;Moncao;2106904;Maranhao
2019;0,7643419878681497;Moncao;2106904;Maranhao
2020;4,41898024170131;Moncao;2106904;Maranhao
2021;0,7388412787398884;Moncao;2106904;Maranhao
2022;0,24859239246594206;Moncao;2106904;Maranhao
2023;0,7475282931225682;Moncao;2106904;Maranhao
2024;0;Moncao;2106904;Maranhao
2007;169,2410523493812;Montes Altos;2107001;Maranhao
2008;1,6912348586553527;Montes Altos;2107001;Maranhao
2009;2,584445245456527;Montes Altos;2107001;Maranhao
2010;0,7710907869207289;Montes Altos;2107001;Maranhao
2011;0,7916765838290954;Montes Altos;2107001;Maranhao
2012;0,3894622818344365;Montes Altos;2107001;Maranhao
2013;0,19945222578986999;Montes Altos;2107001;Maranhao
2014;1,109009529691258;Montes Altos;2107001;Maranhao
2015;0,3140758392073301;Montes Altos;2107001;Maranhao
2016;0,5000858923525953;Montes Altos;2107001;Maranhao
2017;0,38021915727604977;Montes Altos;2107001;Maranhao
2018;1,089385180882269;Montes Altos;2107001;Maranhao
2019;2,1988114571691475;Montes Altos;2107001;Maranhao
2020;0,6181792773344981;Montes Altos;2107001;Maranhao
2021;0,951448302395208;Montes Altos;2107001;Maranhao
2022;2,0033412705614526;Montes Altos;2107001;Maranhao
2023;1,024936984887114;Montes Altos;2107001;Maranhao
2024;0;Montes Altos;2107001;Maranhao
2007;5,04219119484368;Morros;2107100;Maranhao
2008;1,6697682775899758;Morros;2107100;Maranhao
2009;0;Morros;2107100;Maranhao
2010;0,15953039382429346;Morros;2107100;Maranhao
2011;0;Morros;2107100;Maranhao
2012;0,06747385918982894;Morros;2107100;Maranhao
2013;0,6575815248608384;Morros;2107100;Maranhao
2014;0;Morros;2107100;Maranhao
2015;0;Morros;2107100;Maranhao
2016;0;Morros;2107100;Maranhao
2017;0;Morros;2107100;Maranhao
2018;0;Morros;2107100;Maranhao
2019;0;Morros;2107100;Maranhao
2020;0,07549307729889336;Morros;2107100;Maranhao
2021;0,2843316236367766;Morros;2107100;Maranhao
2022;0;Morros;2107100;Maranhao
2023;0,07293257474218048;Morros;2107100;Maranhao
2024;0;Morros;2107100;Maranhao
2007;0;Nova Colinas;2107258;Maranhao
2008;0;Nova Colinas;2107258;Maranhao
2009;0;Nova Colinas;2107258;Maranhao
2010;0;Nova Colinas;2107258;Maranhao
2011;0;Nova Colinas;2107258;Maranhao
2012;0;Nova Colinas;2107258;Maranhao
2013;0;Nova Colinas;2107258;Maranhao
2014;0;Nova Colinas;2107258;Maranhao
2015;0;Nova Colinas;2107258;Maranhao
2016;0;Nova Colinas;2107258;Maranhao
2017;0;Nova Colinas;2107258;Maranhao
2018;0;Nova Colinas;2107258;Maranhao
2019;0;Nova Colinas;2107258;Maranhao
2020;0;Nova Colinas;2107258;Maranhao
2021;0;Nova Colinas;2107258;Maranhao
2022;0;Nova Colinas;2107258;Maranhao
2023;0;Nova Colinas;2107258;Maranhao
2024;0;Nova Colinas;2107258;Maranhao
2007;0;Nova Iorque;2107308;Maranhao
2008;0;Nova Iorque;2107308;Maranhao
2009;0;Nova Iorque;2107308;Maranhao
2010;0;Nova Iorque;2107308;Maranhao
2011;0;Nova Iorque;2107308;Maranhao
2012;0;Nova Iorque;2107308;Maranhao
2013;0;Nova Iorque;2107308;Maranhao
2014;0;Nova Iorque;2107308;Maranhao
2015;0;Nova Iorque;2107308;Maranhao
2016;0;Nova Iorque;2107308;Maranhao
2017;0;Nova Iorque;2107308;Maranhao
2018;0;Nova Iorque;2107308;Maranhao
2019;0;Nova Iorque;2107308;Maranhao
2020;0;Nova Iorque;2107308;Maranhao
2021;0;Nova Iorque;2107308;Maranhao
2022;0;Nova Iorque;2107308;Maranhao
2023;0;Nova Iorque;2107308;Maranhao
2024;0;Nova Iorque;2107308;Maranhao
2007;1170,9060518195654;Nova Olinda do Maranhao;2107357;Maranhao
2008;1,7290359861897726;Nova Olinda do Maranhao;2107357;Maranhao
2009;17,404766042958272;Nova Olinda do Maranhao;2107357;Maranhao
2010;3,5138275110917796;Nova Olinda do Maranhao;2107357;Maranhao
2011;4,652409755690217;Nova Olinda do Maranhao;2107357;Maranhao
2012;1,2606806867648712;Nova Olinda do Maranhao;2107357;Maranhao
2013;14,766303447164383;Nova Olinda do Maranhao;2107357;Maranhao
2014;2,1615004703217093;Nova Olinda do Maranhao;2107357;Maranhao
2015;3,875320208284347;Nova Olinda do Maranhao;2107357;Maranhao
2016;0,6322027370975924;Nova Olinda do Maranhao;2107357;Maranhao
2017;0,09964000581530108;Nova Olinda do Maranhao;2107357;Maranhao
2018;0,08828471155139245;Nova Olinda do Maranhao;2107357;Maranhao
2019;0,07619850973136319;Nova Olinda do Maranhao;2107357;Maranhao
2020;9,465714589727654;Nova Olinda do Maranhao;2107357;Maranhao
2021;0,08533734207334862;Nova Olinda do Maranhao;2107357;Maranhao
2022;0,5097588314898033;Nova Olinda do Maranhao;2107357;Maranhao
2023;0;Nova Olinda do Maranhao;2107357;Maranhao
2024;0,06759049449736103;Nova Olinda do Maranhao;2107357;Maranhao
2007;693,7375936115612;Olho d'Agua das Cunhas;2107407;Maranhao
2008;0;Olho d'Agua das Cunhas;2107407;Maranhao
2009;0;Olho d'Agua das Cunhas;2107407;Maranhao
2010;0;Olho d'Agua das Cunhas;2107407;Maranhao
2011;0;Olho d'Agua das Cunhas;2107407;Maranhao
2012;0;Olho d'Agua das Cunhas;2107407;Maranhao
2013;0;Olho d'Agua das Cunhas;2107407;Maranhao
2014;0;Olho d'Agua das Cunhas;2107407;Maranhao
2015;0;Olho d'Agua das Cunhas;2107407;Maranhao
2016;0;Olho d'Agua das Cunhas;2107407;Maranhao
2017;0;Olho d'Agua das Cunhas;2107407;Maranhao
2018;0;Olho d'Agua das Cunhas;2107407;Maranhao
2019;0;Olho d'Agua das Cunhas;2107407;Maranhao
2020;0;Olho d'Agua das Cunhas;2107407;Maranhao
2021;0;Olho d'Agua das Cunhas;2107407;Maranhao
2022;0;Olho d'Agua das Cunhas;2107407;Maranhao
2023;0;Olho d'Agua das Cunhas;2107407;Maranhao
2024;0;Olho d'Agua das Cunhas;2107407;Maranhao
2007;183,30162646774477;Olinda Nova do Maranhao;2107456;Maranhao
2008;0;Olinda Nova do Maranhao;2107456;Maranhao
2009;0;Olinda Nova do Maranhao;2107456;Maranhao
2010;0;Olinda Nova do Maranhao;2107456;Maranhao
2011;0;Olinda Nova do Maranhao;2107456;Maranhao
2012;0;Olinda Nova do Maranhao;2107456;Maranhao
2013;0;Olinda Nova do Maranhao;2107456;Maranhao
2014;0;Olinda Nova do Maranhao;2107456;Maranhao
2015;0;Olinda Nova do Maranhao;2107456;Maranhao
2016;0;Olinda Nova do Maranhao;2107456;Maranhao
2017;0;Olinda Nova do Maranhao;2107456;Maranhao
2018;0;Olinda Nova do Maranhao;2107456;Maranhao
2019;0;Olinda Nova do Maranhao;2107456;Maranhao
2020;0;Olinda Nova do Maranhao;2107456;Maranhao
2021;0;Olinda Nova do Maranhao;2107456;Maranhao
2022;0;Olinda Nova do Maranhao;2107456;Maranhao
2023;0;Olinda Nova do Maranhao;2107456;Maranhao
2024;0;Olinda Nova do Maranhao;2107456;Maranhao
2007;68,88222466729282;Paco do Lumiar;2107506;Maranhao
2008;3,1479171655547806;Paco do Lumiar;2107506;Maranhao
2009;0,44226495216080214;Paco do Lumiar;2107506;Maranhao
2010;0,2904721668550229;Paco do Lumiar;2107506;Maranhao
2011;0,8605842607887776;Paco do Lumiar;2107506;Maranhao
2012;2,14843712198875;Paco do Lumiar;2107506;Maranhao
2013;0,14059873444097898;Paco do Lumiar;2107506;Maranhao
2014;1,397258794735892;Paco do Lumiar;2107506;Maranhao
2015;0,9853699881832259;Paco do Lumiar;2107506;Maranhao
2016;0,20009033481969363;Paco do Lumiar;2107506;Maranhao
2017;0,2240341108993411;Paco do Lumiar;2107506;Maranhao
2018;0,08216572815482008;Paco do Lumiar;2107506;Maranhao
2019;0,22218016552547673;Paco do Lumiar;2107506;Maranhao
2020;1,1244613202572018;Paco do Lumiar;2107506;Maranhao
2021;0,4118138387649901;Paco do Lumiar;2107506;Maranhao
2022;0,06357188668209245;Paco do Lumiar;2107506;Maranhao
2023;0,9271596898719169;Paco do Lumiar;2107506;Maranhao
2024;0;Paco do Lumiar;2107506;Maranhao
2007;439,1952020159739;Palmeirandia;2107605;Maranhao
2008;0,086374634067142;Palmeirandia;2107605;Maranhao
2009;0,06412041702501028;Palmeirandia;2107605;Maranhao
2010;0,1173673232866275;Palmeirandia;2107605;Maranhao
2011;0,12384718983572321;Palmeirandia;2107605;Maranhao
2012;0;Palmeirandia;2107605;Maranhao
2013;0;Palmeirandia;2107605;Maranhao
2014;0,08542016162052224;Palmeirandia;2107605;Maranhao
2015;0;Palmeirandia;2107605;Maranhao
2016;0;Palmeirandia;2107605;Maranhao
2017;0,27008124853722504;Palmeirandia;2107605;Maranhao
2018;0;Palmeirandia;2107605;Maranhao
2019;0;Palmeirandia;2107605;Maranhao
2020;0;Palmeirandia;2107605;Maranhao
2021;0;Palmeirandia;2107605;Maranhao
2022;0;Palmeirandia;2107605;Maranhao
2023;0;Palmeirandia;2107605;Maranhao
2024;0;Palmeirandia;2107605;Maranhao
2007;0;Paraibano;2107704;Maranhao
2008;0;Paraibano;2107704;Maranhao
2009;0;Paraibano;2107704;Maranhao
2010;0;Paraibano;2107704;Maranhao
2011;0;Paraibano;2107704;Maranhao
2012;0;Paraibano;2107704;Maranhao
2013;0;Paraibano;2107704;Maranhao
2014;0;Paraibano;2107704;Maranhao
2015;0;Paraibano;2107704;Maranhao
2016;0;Paraibano;2107704;Maranhao
2017;0;Paraibano;2107704;Maranhao
2018;0;Paraibano;2107704;Maranhao
2019;0;Paraibano;2107704;Maranhao
2020;0;Paraibano;2107704;Maranhao
2021;0;Paraibano;2107704;Maranhao
2022;0;Paraibano;2107704;Maranhao
2023;0;Paraibano;2107704;Maranhao
2024;0;Paraibano;2107704;Maranhao
2007;0;Passagem Franca;2107902;Maranhao
2008;0;Passagem Franca;2107902;Maranhao
2009;0;Passagem Franca;2107902;Maranhao
2010;0;Passagem Franca;2107902;Maranhao
2011;0;Passagem Franca;2107902;Maranhao
2012;0;Passagem Franca;2107902;Maranhao
2013;0;Passagem Franca;2107902;Maranhao
2014;0;Passagem Franca;2107902;Maranhao
2015;0;Passagem Franca;2107902;Maranhao
2016;0;Passagem Franca;2107902;Maranhao
2017;0;Passagem Franca;2107902;Maranhao
2018;0;Passagem Franca;2107902;Maranhao
2019;0;Passagem Franca;2107902;Maranhao
2020;0;Passagem Franca;2107902;Maranhao
2021;0;Passagem Franca;2107902;Maranhao
2022;0;Passagem Franca;2107902;Maranhao
2023;0;Passagem Franca;2107902;Maranhao
2024;0;Passagem Franca;2107902;Maranhao
2007;0;Pastos Bons;2108009;Maranhao
2008;0;Pastos Bons;2108009;Maranhao
2009;0;Pastos Bons;2108009;Maranhao
2010;0;Pastos Bons;2108009;Maranhao
2011;0;Pastos Bons;2108009;Maranhao
2012;0;Pastos Bons;2108009;Maranhao
2013;0;Pastos Bons;2108009;Maranhao
2014;0;Pastos Bons;2108009;Maranhao
2015;0;Pastos Bons;2108009;Maranhao
2016;0;Pastos Bons;2108009;Maranhao
2017;0;Pastos Bons;2108009;Maranhao
2018;0;Pastos Bons;2108009;Maranhao
2019;0;Pastos Bons;2108009;Maranhao
2020;0;Pastos Bons;2108009;Maranhao
2021;0;Pastos Bons;2108009;Maranhao
2022;0;Pastos Bons;2108009;Maranhao
2023;0;Pastos Bons;2108009;Maranhao
2024;0;Pastos Bons;2108009;Maranhao
2007;1143,865672034596;Paulo Ramos;2108108;Maranhao
2008;2,153354142602073;Paulo Ramos;2108108;Maranhao
2009;1,0017484745393979;Paulo Ramos;2108108;Maranhao
2010;0,46919699824873545;Paulo Ramos;2108108;Maranhao
2011;0,30460913311008314;Paulo Ramos;2108108;Maranhao
2012;0,1733553666657449;Paulo Ramos;2108108;Maranhao
2013;0;Paulo Ramos;2108108;Maranhao
2014;0;Paulo Ramos;2108108;Maranhao
2015;0;Paulo Ramos;2108108;Maranhao
2016;0,21558375882087621;Paulo Ramos;2108108;Maranhao
2017;0,20019248402894768;Paulo Ramos;2108108;Maranhao
2018;0,22190603299491837;Paulo Ramos;2108108;Maranhao
2019;0,182775418073364;Paulo Ramos;2108108;Maranhao
2020;0,46597565699377874;Paulo Ramos;2108108;Maranhao
2021;0,41058577071992186;Paulo Ramos;2108108;Maranhao
2022;1,0815029520392474;Paulo Ramos;2108108;Maranhao
2023;1,4996810923452688;Paulo Ramos;2108108;Maranhao
2024;1,705435833971928;Paulo Ramos;2108108;Maranhao
2007;251,13219424926666;Pedreiras;2108207;Maranhao
2008;0,3638996768140134;Pedreiras;2108207;Maranhao
2009;0,27929387523325944;Pedreiras;2108207;Maranhao
2010;0,015982895209039144;Pedreiras;2108207;Maranhao
2011;0,1268511389008809;Pedreiras;2108207;Maranhao
2012;0,07724317490487986;Pedreiras;2108207;Maranhao
2013;0;Pedreiras;2108207;Maranhao
2014;0;Pedreiras;2108207;Maranhao
2015;0;Pedreiras;2108207;Maranhao
2016;0;Pedreiras;2108207;Maranhao
2017;0;Pedreiras;2108207;Maranhao
2018;0;Pedreiras;2108207;Maranhao
2019;0;Pedreiras;2108207;Maranhao
2020;0;Pedreiras;2108207;Maranhao
2021;0;Pedreiras;2108207;Maranhao
2022;0,0790291012926374;Pedreiras;2108207;Maranhao
2023;0,07762615862684669;Pedreiras;2108207;Maranhao
2024;0;Pedreiras;2108207;Maranhao
2007;1655,6295817542007;Pedro do Rosario;2108256;Maranhao
2008;3,7951952892339373;Pedro do Rosario;2108256;Maranhao
2009;1,7567769746376007;Pedro do Rosario;2108256;Maranhao
2010;0,1672012258519876;Pedro do Rosario;2108256;Maranhao
2011;0,9732829808924104;Pedro do Rosario;2108256;Maranhao
2012;0;Pedro do Rosario;2108256;Maranhao
2013;0,8849912354703574;Pedro do Rosario;2108256;Maranhao
2014;0;Pedro do Rosario;2108256;Maranhao
2015;0,6948486713696249;Pedro do Rosario;2108256;Maranhao
2016;0,9354454421794277;Pedro do Rosario;2108256;Maranhao
2017;1,5878131411128413;Pedro do Rosario;2108256;Maranhao
2018;0;Pedro do Rosario;2108256;Maranhao
2019;0,06807906237008099;Pedro do Rosario;2108256;Maranhao
2020;2,711127602611095;Pedro do Rosario;2108256;Maranhao
2021;0,41210715267236137;Pedro do Rosario;2108256;Maranhao
2022;0;Pedro do Rosario;2108256;Maranhao
2023;0;Pedro do Rosario;2108256;Maranhao
2024;0;Pedro do Rosario;2108256;Maranhao
2007;522,8552067532145;Penalva;2108306;Maranhao
2008;3,1410539641373076;Penalva;2108306;Maranhao
2009;0,2834961434919753;Penalva;2108306;Maranhao
2010;0,12378456755546641;Penalva;2108306;Maranhao
2011;2,07965224350265;Penalva;2108306;Maranhao
2012;0,4632489544218493;Penalva;2108306;Maranhao
2013;1,4370857171187752;Penalva;2108306;Maranhao
2014;0,2507773520029056;Penalva;2108306;Maranhao
2015;0,24575230839819834;Penalva;2108306;Maranhao
2016;0,6991801689722801;Penalva;2108306;Maranhao
2017;1,195917023926083;Penalva;2108306;Maranhao
2018;0,22403129933683916;Penalva;2108306;Maranhao
2019;0,795899942485576;Penalva;2108306;Maranhao
2020;2,064595845748196;Penalva;2108306;Maranhao
2021;0,07280137777868008;Penalva;2108306;Maranhao
2022;0,42839461548704133;Penalva;2108306;Maranhao
2023;0,2209761285735424;Penalva;2108306;Maranhao
2024;0;Penalva;2108306;Maranhao
2007;242,99547839931546;Peri Mirim;2108405;Maranhao
2008;1,1303551284180577;Peri Mirim;2108405;Maranhao
2009;0,0969825507695951;Peri Mirim;2108405;Maranhao
2010;0;Peri Mirim;2108405;Maranhao
2011;0,08238872014755404;Peri Mirim;2108405;Maranhao
2012;0;Peri Mirim;2108405;Maranhao
2013;0;Peri Mirim;2108405;Maranhao
2014;0,1557239083676257;Peri Mirim;2108405;Maranhao
2015;0;Peri Mirim;2108405;Maranhao
2016;0;Peri Mirim;2108405;Maranhao
2017;0;Peri Mirim;2108405;Maranhao
2018;0;Peri Mirim;2108405;Maranhao
2019;0;Peri Mirim;2108405;Maranhao
2020;0,7050657825744308;Peri Mirim;2108405;Maranhao
2021;0,24215379714625374;Peri Mirim;2108405;Maranhao
2022;0;Peri Mirim;2108405;Maranhao
2023;0;Peri Mirim;2108405;Maranhao
2024;0;Peri Mirim;2108405;Maranhao
2007;656,8575425428371;Peritoro;2108454;Maranhao
2008;10,657025150605474;Peritoro;2108454;Maranhao
2009;8,470153638878719;Peritoro;2108454;Maranhao
2010;0,6746884280269337;Peritoro;2108454;Maranhao
2011;4,768245757149665;Peritoro;2108454;Maranhao
2012;1,2141663450938722;Peritoro;2108454;Maranhao
2013;0;Peritoro;2108454;Maranhao
2014;0;Peritoro;2108454;Maranhao
2015;1,2527017684764257;Peritoro;2108454;Maranhao
2016;0,9946034024755099;Peritoro;2108454;Maranhao
2017;0,25667603906505587;Peritoro;2108454;Maranhao
2018;0,23006726962037494;Peritoro;2108454;Maranhao
2019;0,236465468327316;Peritoro;2108454;Maranhao
2020;1,2284911256356563;Peritoro;2108454;Maranhao
2021;8,332322306286805;Peritoro;2108454;Maranhao
2022;4,152485183526061;Peritoro;2108454;Maranhao
2023;2,225120740965179;Peritoro;2108454;Maranhao
2024;0;Peritoro;2108454;Maranhao
2007;196,90433806440356;Pindare-Mirim;2108504;Maranhao
2008;0;Pindare-Mirim;2108504;Maranhao
2009;0;Pindare-Mirim;2108504;Maranhao
2010;0;Pindare-Mirim;2108504;Maranhao
2011;0;Pindare-Mirim;2108504;Maranhao
2012;0;Pindare-Mirim;2108504;Maranhao
2013;0;Pindare-Mirim;2108504;Maranhao
2014;0;Pindare-Mirim;2108504;Maranhao
2015;0;Pindare-Mirim;2108504;Maranhao
2016;0;Pindare-Mirim;2108504;Maranhao
2017;0;Pindare-Mirim;2108504;Maranhao
2018;0;Pindare-Mirim;2108504;Maranhao
2019;0;Pindare-Mirim;2108504;Maranhao
2020;0;Pindare-Mirim;2108504;Maranhao
2021;0;Pindare-Mirim;2108504;Maranhao
2022;0;Pindare-Mirim;2108504;Maranhao
2023;0;Pindare-Mirim;2108504;Maranhao
2024;0;Pindare-Mirim;2108504;Maranhao
2007;891,6445623891116;Pinheiro;2108603;Maranhao
2008;4,113318599488918;Pinheiro;2108603;Maranhao
2009;1,0233668941995844;Pinheiro;2108603;Maranhao
2010;0,5019028769649002;Pinheiro;2108603;Maranhao
2011;1,8166409596698587;Pinheiro;2108603;Maranhao
2012;0;Pinheiro;2108603;Maranhao
2013;1,2313488368006404;Pinheiro;2108603;Maranhao
2014;0,7304977124023747;Pinheiro;2108603;Maranhao
2015;0,34357113291055796;Pinheiro;2108603;Maranhao
2016;0,10668444145418357;Pinheiro;2108603;Maranhao
2017;1,646512384104815;Pinheiro;2108603;Maranhao
2018;0,07735053401884;Pinheiro;2108603;Maranhao
2019;0,9865146700738954;Pinheiro;2108603;Maranhao
2020;4,09213742403161;Pinheiro;2108603;Maranhao
2021;1,7341098170425804;Pinheiro;2108603;Maranhao
2022;0,1691587936165226;Pinheiro;2108603;Maranhao
2023;0,6338352641870949;Pinheiro;2108603;Maranhao
2024;0;Pinheiro;2108603;Maranhao
2007;475,0453327525493;Pio XII;2108702;Maranhao
2008;0;Pio XII;2108702;Maranhao
2009;0;Pio XII;2108702;Maranhao
2010;0;Pio XII;2108702;Maranhao
2011;0;Pio XII;2108702;Maranhao
2012;0;Pio XII;2108702;Maranhao
2013;0;Pio XII;2108702;Maranhao
2014;0;Pio XII;2108702;Maranhao
2015;0;Pio XII;2108702;Maranhao
2016;0;Pio XII;2108702;Maranhao
2017;0;Pio XII;2108702;Maranhao
2018;0;Pio XII;2108702;Maranhao
2019;0;Pio XII;2108702;Maranhao
2020;0;Pio XII;2108702;Maranhao
2021;0;Pio XII;2108702;Maranhao
2022;0;Pio XII;2108702;Maranhao
2023;0;Pio XII;2108702;Maranhao
2024;0;Pio XII;2108702;Maranhao
2007;279,64529839486556;Pirapemas;2108801;Maranhao
2008;8,225095390009942;Pirapemas;2108801;Maranhao
2009;10,852220856909211;Pirapemas;2108801;Maranhao
2010;1,2278948633487246;Pirapemas;2108801;Maranhao
2011;2,988758760113261;Pirapemas;2108801;Maranhao
2012;1,7457723607037876;Pirapemas;2108801;Maranhao
2013;0;Pirapemas;2108801;Maranhao
2014;0;Pirapemas;2108801;Maranhao
2015;0,5782491871031562;Pirapemas;2108801;Maranhao
2016;0,14793136658794853;Pirapemas;2108801;Maranhao
2017;0,4849251434781795;Pirapemas;2108801;Maranhao
2018;0,2763476238914579;Pirapemas;2108801;Maranhao
2019;1,3577556555582648;Pirapemas;2108801;Maranhao
2020;0,9847877022105495;Pirapemas;2108801;Maranhao
2021;1,8831503721566092;Pirapemas;2108801;Maranhao
2022;2,014705352888605;Pirapemas;2108801;Maranhao
2023;1,1499321809707495;Pirapemas;2108801;Maranhao
2024;0,6876809984150591;Pirapemas;2108801;Maranhao
2007;960,7778991721751;Pocao de Pedras;2108900;Maranhao
2008;0,04438461306913756;Pocao de Pedras;2108900;Maranhao
2009;0,05059881633261964;Pocao de Pedras;2108900;Maranhao
2010;0;Pocao de Pedras;2108900;Maranhao
2011;0,011439582927668467;Pocao de Pedras;2108900;Maranhao
2012;0;Pocao de Pedras;2108900;Maranhao
2013;0;Pocao de Pedras;2108900;Maranhao
2014;0;Pocao de Pedras;2108900;Maranhao
2015;0;Pocao de Pedras;2108900;Maranhao
2016;0;Pocao de Pedras;2108900;Maranhao
2017;0;Pocao de Pedras;2108900;Maranhao
2018;0;Pocao de Pedras;2108900;Maranhao
2019;0;Pocao de Pedras;2108900;Maranhao
2020;0;Pocao de Pedras;2108900;Maranhao
2021;0;Pocao de Pedras;2108900;Maranhao
2022;0;Pocao de Pedras;2108900;Maranhao
2023;0;Pocao de Pedras;2108900;Maranhao
2024;0;Pocao de Pedras;2108900;Maranhao
2007;557,8934679651259;Porto Franco;2109007;Maranhao
2008;2,39628980731168;Porto Franco;2109007;Maranhao
2009;2,1787786722167346;Porto Franco;2109007;Maranhao
2010;0,8116551662599766;Porto Franco;2109007;Maranhao
2011;1,3604257647195863;Porto Franco;2109007;Maranhao
2012;2,4450836213928224;Porto Franco;2109007;Maranhao
2013;0,8083257654214758;Porto Franco;2109007;Maranhao
2014;1,502500436571355;Porto Franco;2109007;Maranhao
2015;2,018108488831419;Porto Franco;2109007;Maranhao
2016;1,930781649796273;Porto Franco;2109007;Maranhao
2017;1,5827085768302975;Porto Franco;2109007;Maranhao
2018;0,7878423673883117;Porto Franco;2109007;Maranhao
2019;1,1319237445975443;Porto Franco;2109007;Maranhao
2020;0,2841199184753362;Porto Franco;2109007;Maranhao
2021;2,6852487616431726;Porto Franco;2109007;Maranhao
2022;2,7773667323330558;Porto Franco;2109007;Maranhao
2023;1,4798800502753304;Porto Franco;2109007;Maranhao
2024;0;Porto Franco;2109007;Maranhao
2007;126,29590182323453;Porto Rico do Maranhao;2109056;Maranhao
2008;0;Porto Rico do Maranhao;2109056;Maranhao
2009;0,16364333946731058;Porto Rico do Maranhao;2109056;Maranhao
2010;0;Porto Rico do Maranhao;2109056;Maranhao
2011;0;Porto Rico do Maranhao;2109056;Maranhao
2012;0;Porto Rico do Maranhao;2109056;Maranhao
2013;0;Porto Rico do Maranhao;2109056;Maranhao
2014;0;Porto Rico do Maranhao;2109056;Maranhao
2015;0;Porto Rico do Maranhao;2109056;Maranhao
2016;0;Porto Rico do Maranhao;2109056;Maranhao
2017;0;Porto Rico do Maranhao;2109056;Maranhao
2018;0;Porto Rico do Maranhao;2109056;Maranhao
2019;0;Porto Rico do Maranhao;2109056;Maranhao
2020;0;Porto Rico do Maranhao;2109056;Maranhao
2021;0;Porto Rico do Maranhao;2109056;Maranhao
2022;0;Porto Rico do Maranhao;2109056;Maranhao
2023;0;Porto Rico do Maranhao;2109056;Maranhao
2024;0;Porto Rico do Maranhao;2109056;Maranhao
2007;725,1978737365573;Presidente Dutra;2109106;Maranhao
2008;5,477933485970299;Presidente Dutra;2109106;Maranhao
2009;1,6392662236464055;Presidente Dutra;2109106;Maranhao
2010;2,481223034630574;Presidente Dutra;2109106;Maranhao
2011;0,9821109643559438;Presidente Dutra;2109106;Maranhao
2012;3,475649096923563;Presidente Dutra;2109106;Maranhao
2013;2,0465175537752693;Presidente Dutra;2109106;Maranhao
2014;1,1583251341394898;Presidente Dutra;2109106;Maranhao
2015;2,195482102679122;Presidente Dutra;2109106;Maranhao
2016;1,7437196153250187;Presidente Dutra;2109106;Maranhao
2017;0,8712300323684952;Presidente Dutra;2109106;Maranhao
2018;0,6423798331746753;Presidente Dutra;2109106;Maranhao
2019;1,3547518317269394;Presidente Dutra;2109106;Maranhao
2020;1,6760503468862185;Presidente Dutra;2109106;Maranhao
2021;2,2921478884571465;Presidente Dutra;2109106;Maranhao
2022;0,9846736043412255;Presidente Dutra;2109106;Maranhao
2023;0,4057124853876647;Presidente Dutra;2109106;Maranhao
2024;1,445600470473005;Presidente Dutra;2109106;Maranhao
2007;35,31978163634277;Presidente Juscelino;2109205;Maranhao
2008;15,48603600176474;Presidente Juscelino;2109205;Maranhao
2009;0;Presidente Juscelino;2109205;Maranhao
2010;3,703190716269339;Presidente Juscelino;2109205;Maranhao
2011;2,669024096067339;Presidente Juscelino;2109205;Maranhao
2012;0,6265421397320323;Presidente Juscelino;2109205;Maranhao
2013;2,1555867995741296;Presidente Juscelino;2109205;Maranhao
2014;0,43405564502565047;Presidente Juscelino;2109205;Maranhao
2015;0,41197315146234853;Presidente Juscelino;2109205;Maranhao
2016;1,0251670185788408;Presidente Juscelino;2109205;Maranhao
2017;1,292916047783506;Presidente Juscelino;2109205;Maranhao
2018;0,38884618236134305;Presidente Juscelino;2109205;Maranhao
2019;0,1403252699417547;Presidente Juscelino;2109205;Maranhao
2020;0,27837683233445387;Presidente Juscelino;2109205;Maranhao
2021;0,5666055594468149;Presidente Juscelino;2109205;Maranhao
2022;0;Presidente Juscelino;2109205;Maranhao
2023;1,1152508432334234;Presidente Juscelino;2109205;Maranhao
2024;0,4786346244518813;Presidente Juscelino;2109205;Maranhao
2007;436,06870869056695;Presidente Medici;2109239;Maranhao
2008;0;Presidente Medici;2109239;Maranhao
2009;0;Presidente Medici;2109239;Maranhao
2010;0;Presidente Medici;2109239;Maranhao
2011;0,2776408179382598;Presidente Medici;2109239;Maranhao
2012;0;Presidente Medici;2109239;Maranhao
2013;0;Presidente Medici;2109239;Maranhao
2014;0;Presidente Medici;2109239;Maranhao
2015;0;Presidente Medici;2109239;Maranhao
2016;0;Presidente Medici;2109239;Maranhao
2017;0;Presidente Medici;2109239;Maranhao
2018;0;Presidente Medici;2109239;Maranhao
2019;0;Presidente Medici;2109239;Maranhao
2020;0;Presidente Medici;2109239;Maranhao
2021;0;Presidente Medici;2109239;Maranhao
2022;0;Presidente Medici;2109239;Maranhao
2023;0;Presidente Medici;2109239;Maranhao
2024;0;Presidente Medici;2109239;Maranhao
2007;551,1986203745172;Presidente Sarney;2109270;Maranhao
2008;7,872595808340442;Presidente Sarney;2109270;Maranhao
2009;1,616896022217461;Presidente Sarney;2109270;Maranhao
2010;0,5278295929778413;Presidente Sarney;2109270;Maranhao
2011;3,5971533187797466;Presidente Sarney;2109270;Maranhao
2012;0,08507762158441975;Presidente Sarney;2109270;Maranhao
2013;0,5810470530579323;Presidente Sarney;2109270;Maranhao
2014;0,25539617112624063;Presidente Sarney;2109270;Maranhao
2015;0;Presidente Sarney;2109270;Maranhao
2016;0,23661112975634874;Presidente Sarney;2109270;Maranhao
2017;1,7227177106084215;Presidente Sarney;2109270;Maranhao
2018;0,07977833427597598;Presidente Sarney;2109270;Maranhao
2019;0,20560157254239186;Presidente Sarney;2109270;Maranhao
2020;4,948178158324126;Presidente Sarney;2109270;Maranhao
2021;1,5648446687253466;Presidente Sarney;2109270;Maranhao
2022;0;Presidente Sarney;2109270;Maranhao
2023;0,8944549686019767;Presidente Sarney;2109270;Maranhao
2024;0;Presidente Sarney;2109270;Maranhao
2007;20,5518669508905;Presidente Vargas;2109304;Maranhao
2008;7,4784641747641345;Presidente Vargas;2109304;Maranhao
2009;0,6117370435871625;Presidente Vargas;2109304;Maranhao
2010;1,6357631811638906;Presidente Vargas;2109304;Maranhao
2011;0,7019325345798731;Presidente Vargas;2109304;Maranhao
2012;0,06906238787524699;Presidente Vargas;2109304;Maranhao
2013;0,39528945780664937;Presidente Vargas;2109304;Maranhao
2014;0,0985604984044066;Presidente Vargas;2109304;Maranhao
2015;0,2663084703218892;Presidente Vargas;2109304;Maranhao
2016;0,42110711911375687;Presidente Vargas;2109304;Maranhao
2017;0,25129691295212775;Presidente Vargas;2109304;Maranhao
2018;0,06310576413785476;Presidente Vargas;2109304;Maranhao
2019;0,15816963824872654;Presidente Vargas;2109304;Maranhao
2020;0,07730785146296187;Presidente Vargas;2109304;Maranhao
2021;0,2914929741188065;Presidente Vargas;2109304;Maranhao
2022;0;Presidente Vargas;2109304;Maranhao
2023;0,30433025041009754;Presidente Vargas;2109304;Maranhao
2024;0,04931440156074357;Presidente Vargas;2109304;Maranhao
2007;13,676005447317985;Raposa;2109452;Maranhao
2008;0,14527998683143378;Raposa;2109452;Maranhao
2009;0;Raposa;2109452;Maranhao
2010;0;Raposa;2109452;Maranhao
2011;0;Raposa;2109452;Maranhao
2012;0,06776873813361149;Raposa;2109452;Maranhao
2013;0,09433015704925657;Raposa;2109452;Maranhao
2014;0,07990824547628822;Raposa;2109452;Maranhao
2015;0;Raposa;2109452;Maranhao
2016;0;Raposa;2109452;Maranhao
2017;0;Raposa;2109452;Maranhao
2018;0;Raposa;2109452;Maranhao
2019;0;Raposa;2109452;Maranhao
2020;0,035324735746333616;Raposa;2109452;Maranhao
2021;0;Raposa;2109452;Maranhao
2022;0;Raposa;2109452;Maranhao
2023;0;Raposa;2109452;Maranhao
2024;0;Raposa;2109452;Maranhao
2007;0;Riachao;2109502;Maranhao
2008;0;Riachao;2109502;Maranhao
2009;0;Riachao;2109502;Maranhao
2010;0;Riachao;2109502;Maranhao
2011;0;Riachao;2109502;Maranhao
2012;0;Riachao;2109502;Maranhao
2013;0;Riachao;2109502;Maranhao
2014;0;Riachao;2109502;Maranhao
2015;0;Riachao;2109502;Maranhao
2016;0;Riachao;2109502;Maranhao
2017;0;Riachao;2109502;Maranhao
2018;0;Riachao;2109502;Maranhao
2019;0;Riachao;2109502;Maranhao
2020;0;Riachao;2109502;Maranhao
2021;0;Riachao;2109502;Maranhao
2022;0;Riachao;2109502;Maranhao
2023;0;Riachao;2109502;Maranhao
2024;0;Riachao;2109502;Maranhao
2007;428,94819333044353;Ribamar Fiquene;2109551;Maranhao
2008;1,182743705167246;Ribamar Fiquene;2109551;Maranhao
2009;0,46200874096569927;Ribamar Fiquene;2109551;Maranhao
2010;0,8534395513699692;Ribamar Fiquene;2109551;Maranhao
2011;0,4432702642391488;Ribamar Fiquene;2109551;Maranhao
2012;0,5246219580231624;Ribamar Fiquene;2109551;Maranhao
2013;0,2329906055077191;Ribamar Fiquene;2109551;Maranhao
2014;0,18085942762289609;Ribamar Fiquene;2109551;Maranhao
2015;0,09519887813613574;Ribamar Fiquene;2109551;Maranhao
2016;6,3172781661149555;Ribamar Fiquene;2109551;Maranhao
2017;1,2802239114660088;Ribamar Fiquene;2109551;Maranhao
2018;0,3803655628567254;Ribamar Fiquene;2109551;Maranhao
2019;0,39361191762355807;Ribamar Fiquene;2109551;Maranhao
2020;0,23524163775172302;Ribamar Fiquene;2109551;Maranhao
2021;0,3517452455970886;Ribamar Fiquene;2109551;Maranhao
2022;1,4412596307281813;Ribamar Fiquene;2109551;Maranhao
2023;0,2842186602025607;Ribamar Fiquene;2109551;Maranhao
2024;0;Ribamar Fiquene;2109551;Maranhao
2007;72,3607817360594;Rosario;2109601;Maranhao
2008;12,158937145261437;Rosario;2109601;Maranhao
2009;0,09415562809434638;Rosario;2109601;Maranhao
2010;3,4544362228801924;Rosario;2109601;Maranhao
2011;2,4770216808533143;Rosario;2109601;Maranhao
2012;1,0854611604013147;Rosario;2109601;Maranhao
2013;2,498252593350994;Rosario;2109601;Maranhao
2014;1,2123498436174764;Rosario;2109601;Maranhao
2015;0,8978183815681605;Rosario;2109601;Maranhao
2016;0,07404089752967026;Rosario;2109601;Maranhao
2017;0,38651108727363354;Rosario;2109601;Maranhao
2018;1,1468765389121638;Rosario;2109601;Maranhao
2019;0,09306498060676126;Rosario;2109601;Maranhao
2020;1,911932469818796;Rosario;2109601;Maranhao
2021;0,6331732536289343;Rosario;2109601;Maranhao
2022;0,2677428427834989;Rosario;2109601;Maranhao
2023;0,9272872694381011;Rosario;2109601;Maranhao
2024;0,19055576159532578;Rosario;2109601;Maranhao
2007;0;Sambaiba;2109700;Maranhao
2008;0;Sambaiba;2109700;Maranhao
2009;0;Sambaiba;2109700;Maranhao
2010;0;Sambaiba;2109700;Maranhao
2011;0;Sambaiba;2109700;Maranhao
2012;0;Sambaiba;2109700;Maranhao
2013;0;Sambaiba;2109700;Maranhao
2014;0;Sambaiba;2109700;Maranhao
2015;0;Sambaiba;2109700;Maranhao
2016;0;Sambaiba;2109700;Maranhao
2017;0;Sambaiba;2109700;Maranhao
2018;0;Sambaiba;2109700;Maranhao
2019;0;Sambaiba;2109700;Maranhao
2020;0;Sambaiba;2109700;Maranhao
2021;0;Sambaiba;2109700;Maranhao
2022;0;Sambaiba;2109700;Maranhao
2023;0;Sambaiba;2109700;Maranhao
2024;0;Sambaiba;2109700;Maranhao
2007;79,80514898653121;Santa Filomena do Maranhao;2109759;Maranhao
2008;2,649891608590201;Santa Filomena do Maranhao;2109759;Maranhao
2009;0,8359658559813719;Santa Filomena do Maranhao;2109759;Maranhao
2010;0,7175721230409116;Santa Filomena do Maranhao;2109759;Maranhao
2011;1,0895221795758114;Santa Filomena do Maranhao;2109759;Maranhao
2012;0,7359878892268931;Santa Filomena do Maranhao;2109759;Maranhao
2013;1,0004234056521761;Santa Filomena do Maranhao;2109759;Maranhao
2014;0,22527874264835152;Santa Filomena do Maranhao;2109759;Maranhao
2015;0,8743359608663801;Santa Filomena do Maranhao;2109759;Maranhao
2016;0,23950993614047922;Santa Filomena do Maranhao;2109759;Maranhao
2017;0,9932440759007071;Santa Filomena do Maranhao;2109759;Maranhao
2018;0,6791077926658147;Santa Filomena do Maranhao;2109759;Maranhao
2019;0,3322660957664433;Santa Filomena do Maranhao;2109759;Maranhao
2020;0,6698892106910006;Santa Filomena do Maranhao;2109759;Maranhao
2021;0,4792867798882826;Santa Filomena do Maranhao;2109759;Maranhao
2022;0,14878909564137552;Santa Filomena do Maranhao;2109759;Maranhao
2023;0,6773306907345282;Santa Filomena do Maranhao;2109759;Maranhao
2024;0,2351455617796366;Santa Filomena do Maranhao;2109759;Maranhao
2007;1270,6548030375975;Santa Helena;2109809;Maranhao
2008;8,901009240133513;Santa Helena;2109809;Maranhao
2009;1,7048860226419496;Santa Helena;2109809;Maranhao
2010;3,2743479416593573;Santa Helena;2109809;Maranhao
2011;3,5245676310698526;Santa Helena;2109809;Maranhao
2012;0,19461141569863688;Santa Helena;2109809;Maranhao
2013;2,053722894161952;Santa Helena;2109809;Maranhao
2014;1,7903955495131136;Santa Helena;2109809;Maranhao
2015;0,10120471924468895;Santa Helena;2109809;Maranhao
2016;0,8047530950239811;Santa Helena;2109809;Maranhao
2017;1,6067225075194027;Santa Helena;2109809;Maranhao
2018;0,20014390912064353;Santa Helena;2109809;Maranhao
2019;0,6383791964744457;Santa Helena;2109809;Maranhao
2020;12,146522418707095;Santa Helena;2109809;Maranhao
2021;2,285368576222006;Santa Helena;2109809;Maranhao
2022;0,08568960439270148;Santa Helena;2109809;Maranhao
2023;0;Santa Helena;2109809;Maranhao
2024;0;Santa Helena;2109809;Maranhao
2007;782,3437065261188;Santa Ines;2109908;Maranhao
2008;0;Santa Ines;2109908;Maranhao
2009;0;Santa Ines;2109908;Maranhao
2010;0;Santa Ines;2109908;Maranhao
2011;0;Santa Ines;2109908;Maranhao
2012;0;Santa Ines;2109908;Maranhao
2013;0;Santa Ines;2109908;Maranhao
2014;0;Santa Ines;2109908;Maranhao
2015;0;Santa Ines;2109908;Maranhao
2016;0;Santa Ines;2109908;Maranhao
2017;0;Santa Ines;2109908;Maranhao
2018;0;Santa Ines;2109908;Maranhao
2019;0;Santa Ines;2109908;Maranhao
2020;0;Santa Ines;2109908;Maranhao
2021;0;Santa Ines;2109908;Maranhao
2022;0;Santa Ines;2109908;Maranhao
2023;0;Santa Ines;2109908;Maranhao
2024;0;Santa Ines;2109908;Maranhao
2007;4459,160634532375;Santa Luzia;2110005;Maranhao
2008;38,09691918824874;Santa Luzia;2110005;Maranhao
2009;14,75776062657621;Santa Luzia;2110005;Maranhao
2010;4,52517635048644;Santa Luzia;2110005;Maranhao
2011;3,926575510608612;Santa Luzia;2110005;Maranhao
2012;1,4138270389325065;Santa Luzia;2110005;Maranhao
2013;0,7537197881491777;Santa Luzia;2110005;Maranhao
2014;1,2992494573931463;Santa Luzia;2110005;Maranhao
2015;1,3228007782478868;Santa Luzia;2110005;Maranhao
2016;5,113973880139399;Santa Luzia;2110005;Maranhao
2017;3,1188539548263403;Santa Luzia;2110005;Maranhao
2018;1,3275015213299541;Santa Luzia;2110005;Maranhao
2019;4,046971781987028;Santa Luzia;2110005;Maranhao
2020;6,148441719477405;Santa Luzia;2110005;Maranhao
2021;3,776368973294228;Santa Luzia;2110005;Maranhao
2022;2,434989396243867;Santa Luzia;2110005;Maranhao
2023;7,2185443127391355;Santa Luzia;2110005;Maranhao
2024;2,588544679669147;Santa Luzia;2110005;Maranhao
2007;958,0050591644923;Santa Luzia do Parua;2110039;Maranhao
2008;0,43313163347986305;Santa Luzia do Parua;2110039;Maranhao
2009;0,24409501730066627;Santa Luzia do Parua;2110039;Maranhao
2010;0,3848624407377438;Santa Luzia do Parua;2110039;Maranhao
2011;0,5417778892559711;Santa Luzia do Parua;2110039;Maranhao
2012;0;Santa Luzia do Parua;2110039;Maranhao
2013;0;Santa Luzia do Parua;2110039;Maranhao
2014;0,06406954157104759;Santa Luzia do Parua;2110039;Maranhao
2015;0;Santa Luzia do Parua;2110039;Maranhao
2016;0;Santa Luzia do Parua;2110039;Maranhao
2017;0,40624913052767353;Santa Luzia do Parua;2110039;Maranhao
2018;0;Santa Luzia do Parua;2110039;Maranhao
2019;0;Santa Luzia do Parua;2110039;Maranhao
2020;1,4803488438296697;Santa Luzia do Parua;2110039;Maranhao
2021;0;Santa Luzia do Parua;2110039;Maranhao
2022;0;Santa Luzia do Parua;2110039;Maranhao
2023;0;Santa Luzia do Parua;2110039;Maranhao
2024;0;Santa Luzia do Parua;2110039;Maranhao
2007;228,64722589139362;Santa Rita;2110203;Maranhao
2008;22,06822874149227;Santa Rita;2110203;Maranhao
2009;0,14924356220812374;Santa Rita;2110203;Maranhao
2010;8,781371199007323;Santa Rita;2110203;Maranhao
2011;1,6173581719764472;Santa Rita;2110203;Maranhao
2012;2,486339304418393;Santa Rita;2110203;Maranhao
2013;3,541046350575119;Santa Rita;2110203;Maranhao
2014;1,9859188434285673;Santa Rita;2110203;Maranhao
2015;2,130862699038054;Santa Rita;2110203;Maranhao
2016;2,0747055280562265;Santa Rita;2110203;Maranhao
2017;2,246024355040014;Santa Rita;2110203;Maranhao
2018;1,7736074046132897;Santa Rita;2110203;Maranhao
2019;0,9455776540883907;Santa Rita;2110203;Maranhao
2020;4,183402541223636;Santa Rita;2110203;Maranhao
2021;1,9314067952181597;Santa Rita;2110203;Maranhao
2022;2,0756898453899817;Santa Rita;2110203;Maranhao
2023;4,918274855335159;Santa Rita;2110203;Maranhao
2024;1,994568357118699;Santa Rita;2110203;Maranhao
2007;643,9008469789258;Santo Antonio dos Lopes;2110302;Maranhao
2008;6,141190844607978;Santo Antonio dos Lopes;2110302;Maranhao
2009;3,562520015448957;Santo Antonio dos Lopes;2110302;Maranhao
2010;1,697031104187717;Santo Antonio dos Lopes;2110302;Maranhao
2011;1,6849552233403298;Santo Antonio dos Lopes;2110302;Maranhao
2012;0,5919915964914875;Santo Antonio dos Lopes;2110302;Maranhao
2013;0;Santo Antonio dos Lopes;2110302;Maranhao
2014;0;Santo Antonio dos Lopes;2110302;Maranhao
2015;0,7101316205610135;Santo Antonio dos Lopes;2110302;Maranhao
2016;1,119420256878912;Santo Antonio dos Lopes;2110302;Maranhao
2017;0,6977691731603229;Santo Antonio dos Lopes;2110302;Maranhao
2018;0,11214322453399772;Santo Antonio dos Lopes;2110302;Maranhao
2019;1,0980685250897666;Santo Antonio dos Lopes;2110302;Maranhao
2020;0,13588278890179512;Santo Antonio dos Lopes;2110302;Maranhao
2021;1,3544095099116575;Santo Antonio dos Lopes;2110302;Maranhao
2022;2,6435487371281274;Santo Antonio dos Lopes;2110302;Maranhao
2023;1,4527451629417352;Santo Antonio dos Lopes;2110302;Maranhao
2024;0,28875843460963785;Santo Antonio dos Lopes;2110302;Maranhao
2007;356,90256289967823;Sao Bento;2110500;Maranhao
2008;0;Sao Bento;2110500;Maranhao
2009;0;Sao Bento;2110500;Maranhao
2010;0;Sao Bento;2110500;Maranhao
2011;0;Sao Bento;2110500;Maranhao
2012;0;Sao Bento;2110500;Maranhao
2013;0;Sao Bento;2110500;Maranhao
2014;0;Sao Bento;2110500;Maranhao
2015;0;Sao Bento;2110500;Maranhao
2016;0;Sao Bento;2110500;Maranhao
2017;0;Sao Bento;2110500;Maranhao
2018;0;Sao Bento;2110500;Maranhao
2019;0;Sao Bento;2110500;Maranhao
2020;0,09535189564826688;Sao Bento;2110500;Maranhao
2021;0;Sao Bento;2110500;Maranhao
2022;0;Sao Bento;2110500;Maranhao
2023;0;Sao Bento;2110500;Maranhao
2024;0;Sao Bento;2110500;Maranhao
2007;0;Sao Domingos do Azeitao;2110658;Maranhao
2008;0;Sao Domingos do Azeitao;2110658;Maranhao
2009;0;Sao Domingos do Azeitao;2110658;Maranhao
2010;0;Sao Domingos do Azeitao;2110658;Maranhao
2011;0;Sao Domingos do Azeitao;2110658;Maranhao
2012;0;Sao Domingos do Azeitao;2110658;Maranhao
2013;0;Sao Domingos do Azeitao;2110658;Maranhao
2014;0;Sao Domingos do Azeitao;2110658;Maranhao
2015;0;Sao Domingos do Azeitao;2110658;Maranhao
2016;0;Sao Domingos do Azeitao;2110658;Maranhao
2017;0;Sao Domingos do Azeitao;2110658;Maranhao
2018;0;Sao Domingos do Azeitao;2110658;Maranhao
2019;0;Sao Domingos do Azeitao;2110658;Maranhao
2020;0;Sao Domingos do Azeitao;2110658;Maranhao
2021;0;Sao Domingos do Azeitao;2110658;Maranhao
2022;0;Sao Domingos do Azeitao;2110658;Maranhao
2023;0;Sao Domingos do Azeitao;2110658;Maranhao
2024;0;Sao Domingos do Azeitao;2110658;Maranhao
2007;716,810813494818;Sao Domingos do Maranhao;2110708;Maranhao
2008;32,09960108958484;Sao Domingos do Maranhao;2110708;Maranhao
2009;9,856081134672404;Sao Domingos do Maranhao;2110708;Maranhao
2010;17,513283729106057;Sao Domingos do Maranhao;2110708;Maranhao
2011;7,302872946575064;Sao Domingos do Maranhao;2110708;Maranhao
2012;19,448474212937462;Sao Domingos do Maranhao;2110708;Maranhao
2013;14,377647046018662;Sao Domingos do Maranhao;2110708;Maranhao
2014;11,129103682117078;Sao Domingos do Maranhao;2110708;Maranhao
2015;8,388165933073559;Sao Domingos do Maranhao;2110708;Maranhao
2016;6,341621813991626;Sao Domingos do Maranhao;2110708;Maranhao
2017;9,627490113506383;Sao Domingos do Maranhao;2110708;Maranhao
2018;9,087645427281052;Sao Domingos do Maranhao;2110708;Maranhao
2019;6,17377244054331;Sao Domingos do Maranhao;2110708;Maranhao
2020;5,63327614383078;Sao Domingos do Maranhao;2110708;Maranhao
2021;7,536445927010154;Sao Domingos do Maranhao;2110708;Maranhao
2022;11,597905360975671;Sao Domingos do Maranhao;2110708;Maranhao
2023;7,599490653661919;Sao Domingos do Maranhao;2110708;Maranhao
2024;4,428170659459459;Sao Domingos do Maranhao;2110708;Maranhao
2007;0;Sao Felix de Balsas;2110807;Maranhao
2008;0;Sao Felix de Balsas;2110807;Maranhao
2009;0;Sao Felix de Balsas;2110807;Maranhao
2010;0;Sao Felix de Balsas;2110807;Maranhao
2011;0;Sao Felix de Balsas;2110807;Maranhao
2012;0;Sao Felix de Balsas;2110807;Maranhao
2013;0;Sao Felix de Balsas;2110807;Maranhao
2014;0;Sao Felix de Balsas;2110807;Maranhao
2015;0;Sao Felix de Balsas;2110807;Maranhao
2016;0;Sao Felix de Balsas;2110807;Maranhao
2017;0;Sao Felix de Balsas;2110807;Maranhao
2018;0;Sao Felix de Balsas;2110807;Maranhao
2019;0;Sao Felix de Balsas;2110807;Maranhao
2020;0;Sao Felix de Balsas;2110807;Maranhao
2021;0;Sao Felix de Balsas;2110807;Maranhao
2022;0;Sao Felix de Balsas;2110807;Maranhao
2023;0;Sao Felix de Balsas;2110807;Maranhao
2024;0;Sao Felix de Balsas;2110807;Maranhao
2007;706,0707473175945;Sao Francisco do Brejao;2110856;Maranhao
2008;2,336503317954753;Sao Francisco do Brejao;2110856;Maranhao
2009;1,503700191085143;Sao Francisco do Brejao;2110856;Maranhao
2010;0,34612919988774893;Sao Francisco do Brejao;2110856;Maranhao
2011;1,1483833744860688;Sao Francisco do Brejao;2110856;Maranhao
2012;0,5985986317802476;Sao Francisco do Brejao;2110856;Maranhao
2013;0;Sao Francisco do Brejao;2110856;Maranhao
2014;1,0744247182531932;Sao Francisco do Brejao;2110856;Maranhao
2015;0,8825895469290428;Sao Francisco do Brejao;2110856;Maranhao
2016;0,31072770153377915;Sao Francisco do Brejao;2110856;Maranhao
2017;0,4459522303241593;Sao Francisco do Brejao;2110856;Maranhao
2018;0,2563729878967651;Sao Francisco do Brejao;2110856;Maranhao
2019;0,304848764582659;Sao Francisco do Brejao;2110856;Maranhao
2020;0,7153993243445004;Sao Francisco do Brejao;2110856;Maranhao
2021;0,5435629891176151;Sao Francisco do Brejao;2110856;Maranhao
2022;0,303217620911243;Sao Francisco do Brejao;2110856;Maranhao
2023;0,19224771001048596;Sao Francisco do Brejao;2110856;Maranhao
2024;0;Sao Francisco do Brejao;2110856;Maranhao
2007;142,02435324155218;Sao Joao Batista;2111003;Maranhao
2008;0;Sao Joao Batista;2111003;Maranhao
2009;0;Sao Joao Batista;2111003;Maranhao
2010;0;Sao Joao Batista;2111003;Maranhao
2011;0;Sao Joao Batista;2111003;Maranhao
2012;0;Sao Joao Batista;2111003;Maranhao
2013;0;Sao Joao Batista;2111003;Maranhao
2014;0;Sao Joao Batista;2111003;Maranhao
2015;0;Sao Joao Batista;2111003;Maranhao
2016;0;Sao Joao Batista;2111003;Maranhao
2017;0;Sao Joao Batista;2111003;Maranhao
2018;0;Sao Joao Batista;2111003;Maranhao
2019;0;Sao Joao Batista;2111003;Maranhao
2020;0;Sao Joao Batista;2111003;Maranhao
2021;0;Sao Joao Batista;2111003;Maranhao
2022;0;Sao Joao Batista;2111003;Maranhao
2023;0;Sao Joao Batista;2111003;Maranhao
2024;0;Sao Joao Batista;2111003;Maranhao
2007;659,2050705752303;Sao Joao do Caru;2111029;Maranhao
2008;0,16256606135854348;Sao Joao do Caru;2111029;Maranhao
2009;21,742017105663958;Sao Joao do Caru;2111029;Maranhao
2010;1,944481724008647;Sao Joao do Caru;2111029;Maranhao
2011;4,369908621406595;Sao Joao do Caru;2111029;Maranhao
2012;0,5553734201150198;Sao Joao do Caru;2111029;Maranhao
2013;2,269843517201101;Sao Joao do Caru;2111029;Maranhao
2014;0,670411271324464;Sao Joao do Caru;2111029;Maranhao
2015;0;Sao Joao do Caru;2111029;Maranhao
2016;0,20274087619667855;Sao Joao do Caru;2111029;Maranhao
2017;0,3458859265620569;Sao Joao do Caru;2111029;Maranhao
2018;0;Sao Joao do Caru;2111029;Maranhao
2019;0,13086383021114625;Sao Joao do Caru;2111029;Maranhao
2020;0,8919330731619219;Sao Joao do Caru;2111029;Maranhao
2021;0;Sao Joao do Caru;2111029;Maranhao
2022;0,10899531075065166;Sao Joao do Caru;2111029;Maranhao
2023;0,12446068572415474;Sao Joao do Caru;2111029;Maranhao
2024;0,08426424084872253;Sao Joao do Caru;2111029;Maranhao
2007;246,5327104577593;Sao Joao do Paraiso;2111052;Maranhao
2008;0,6372763286969936;Sao Joao do Paraiso;2111052;Maranhao
2009;0,8567316040738895;Sao Joao do Paraiso;2111052;Maranhao
2010;0,49959309940511176;Sao Joao do Paraiso;2111052;Maranhao
2011;0,8167559654487985;Sao Joao do Paraiso;2111052;Maranhao
2012;1,1811166588716018;Sao Joao do Paraiso;2111052;Maranhao
2013;0,39825153566951765;Sao Joao do Paraiso;2111052;Maranhao
2014;0,30010220645614666;Sao Joao do Paraiso;2111052;Maranhao
2015;0,2634263639233748;Sao Joao do Paraiso;2111052;Maranhao
2016;0,3249472686129622;Sao Joao do Paraiso;2111052;Maranhao
2017;0;Sao Joao do Paraiso;2111052;Maranhao
2018;0,4879816439693811;Sao Joao do Paraiso;2111052;Maranhao
2019;0,16338900837821435;Sao Joao do Paraiso;2111052;Maranhao
2020;0,6013389027403189;Sao Joao do Paraiso;2111052;Maranhao
2021;0,5376181113011429;Sao Joao do Paraiso;2111052;Maranhao
2022;1,2948502484476256;Sao Joao do Paraiso;2111052;Maranhao
2023;0,4591385589304916;Sao Joao do Paraiso;2111052;Maranhao
2024;0;Sao Joao do Paraiso;2111052;Maranhao
2007;0,7536167444052088;Sao Joao do Soter;2111078;Maranhao
2008;0;Sao Joao do Soter;2111078;Maranhao
2009;0;Sao Joao do Soter;2111078;Maranhao
2010;0,005399328470661199;Sao Joao do Soter;2111078;Maranhao
2011;0,0010412913124859334;Sao Joao do Soter;2111078;Maranhao
2012;0;Sao Joao do Soter;2111078;Maranhao
2013;0;Sao Joao do Soter;2111078;Maranhao
2014;0;Sao Joao do Soter;2111078;Maranhao
2015;0;Sao Joao do Soter;2111078;Maranhao
2016;0;Sao Joao do Soter;2111078;Maranhao
2017;0;Sao Joao do Soter;2111078;Maranhao
2018;0,018071300818161197;Sao Joao do Soter;2111078;Maranhao
2019;0;Sao Joao do Soter;2111078;Maranhao
2020;0;Sao Joao do Soter;2111078;Maranhao
2021;0,00008609195956403789;Sao Joao do Soter;2111078;Maranhao
2022;0;Sao Joao do Soter;2111078;Maranhao
2023;0,006481230141413244;Sao Joao do Soter;2111078;Maranhao
2024;0;Sao Joao do Soter;2111078;Maranhao
2007;84,46807387478185;Sao Jose de Ribamar;2111201;Maranhao
2008;5,200057605249245;Sao Jose de Ribamar;2111201;Maranhao
2009;0;Sao Jose de Ribamar;2111201;Maranhao
2010;0,2543392206729586;Sao Jose de Ribamar;2111201;Maranhao
2011;0,4560492947850373;Sao Jose de Ribamar;2111201;Maranhao
2012;0,612623370328729;Sao Jose de Ribamar;2111201;Maranhao
2013;0;Sao Jose de Ribamar;2111201;Maranhao
2014;0,3167736601958172;Sao Jose de Ribamar;2111201;Maranhao
2015;0,14294018520460755;Sao Jose de Ribamar;2111201;Maranhao
2016;0;Sao Jose de Ribamar;2111201;Maranhao
2017;0,16677142223389535;Sao Jose de Ribamar;2111201;Maranhao
2018;0,09483428951008775;Sao Jose de Ribamar;2111201;Maranhao
2019;0,06530712969744468;Sao Jose de Ribamar;2111201;Maranhao
2020;0,5720416333078715;Sao Jose de Ribamar;2111201;Maranhao
2021;0,11885938623996226;Sao Jose de Ribamar;2111201;Maranhao
2022;0,0876683146686315;Sao Jose de Ribamar;2111201;Maranhao
2023;0,7812577432499159;Sao Jose de Ribamar;2111201;Maranhao
2024;0;Sao Jose de Ribamar;2111201;Maranhao
2007;289,01809539110604;Sao Jose dos Basilios;2111250;Maranhao
2008;3,1494442249766084;Sao Jose dos Basilios;2111250;Maranhao
2009;1,0163092262133415;Sao Jose dos Basilios;2111250;Maranhao
2010;1,4110919265682809;Sao Jose dos Basilios;2111250;Maranhao
2011;0,5340573237737531;Sao Jose dos Basilios;2111250;Maranhao
2012;0,336458013983581;Sao Jose dos Basilios;2111250;Maranhao
2013;0,2534149868153893;Sao Jose dos Basilios;2111250;Maranhao
2014;1,5199174283221113;Sao Jose dos Basilios;2111250;Maranhao
2015;1,400392009249864;Sao Jose dos Basilios;2111250;Maranhao
2016;0,3456289020889995;Sao Jose dos Basilios;2111250;Maranhao
2017;0,6290171278197881;Sao Jose dos Basilios;2111250;Maranhao
2018;0,3443859793320412;Sao Jose dos Basilios;2111250;Maranhao
2019;0,3966121248183919;Sao Jose dos Basilios;2111250;Maranhao
2020;0,07139833056498078;Sao Jose dos Basilios;2111250;Maranhao
2021;0,43472253836706676;Sao Jose dos Basilios;2111250;Maranhao
2022;0,3369713861862531;Sao Jose dos Basilios;2111250;Maranhao
2023;0,4632528155367402;Sao Jose dos Basilios;2111250;Maranhao
2024;0,7029127526011768;Sao Jose dos Basilios;2111250;Maranhao
2007;348,08382030273856;Sao Luis;2111300;Maranhao
2008;15,760943907273466;Sao Luis;2111300;Maranhao
2009;0;Sao Luis;2111300;Maranhao
2010;1,2577554548853822;Sao Luis;2111300;Maranhao
2011;1,5461054107156516;Sao Luis;2111300;Maranhao
2012;0,24540998798461103;Sao Luis;2111300;Maranhao
2013;0,26514313225863695;Sao Luis;2111300;Maranhao
2014;2,1488056490409497;Sao Luis;2111300;Maranhao
2015;1,1153240483896671;Sao Luis;2111300;Maranhao
2016;0,6159487189173867;Sao Luis;2111300;Maranhao
2017;0,362242650307264;Sao Luis;2111300;Maranhao
2018;0,52270748263473;Sao Luis;2111300;Maranhao
2019;0,630315144967493;Sao Luis;2111300;Maranhao
2020;1,245411540878724;Sao Luis;2111300;Maranhao
2021;1,4806931789863957;Sao Luis;2111300;Maranhao
2022;0,641283237631179;Sao Luis;2111300;Maranhao
2023;1,4406758831081663;Sao Luis;2111300;Maranhao
2024;0;Sao Luis;2111300;Maranhao
2007;946,5889277666952;Sao Luis Gonzaga do Maranhao;2111409;Maranhao
2008;1,704032585547983;Sao Luis Gonzaga do Maranhao;2111409;Maranhao
2009;1,0341857158568477;Sao Luis Gonzaga do Maranhao;2111409;Maranhao
2010;0,023980454730221902;Sao Luis Gonzaga do Maranhao;2111409;Maranhao
2011;0,15098591874214726;Sao Luis Gonzaga do Maranhao;2111409;Maranhao
2012;0,18916938209386683;Sao Luis Gonzaga do Maranhao;2111409;Maranhao
2013;0;Sao Luis Gonzaga do Maranhao;2111409;Maranhao
2014;0;Sao Luis Gonzaga do Maranhao;2111409;Maranhao
2015;0;Sao Luis Gonzaga do Maranhao;2111409;Maranhao
2016;0,07798825390105714;Sao Luis Gonzaga do Maranhao;2111409;Maranhao
2017;0,3940774059683969;Sao Luis Gonzaga do Maranhao;2111409;Maranhao
2018;0;Sao Luis Gonzaga do Maranhao;2111409;Maranhao
2019;0;Sao Luis Gonzaga do Maranhao;2111409;Maranhao
2020;0,0712238496348266;Sao Luis Gonzaga do Maranhao;2111409;Maranhao
2021;0,06544567484149165;Sao Luis Gonzaga do Maranhao;2111409;Maranhao
2022;0,17045725839152914;Sao Luis Gonzaga do Maranhao;2111409;Maranhao
2023;0;Sao Luis Gonzaga do Maranhao;2111409;Maranhao
2024;0;Sao Luis Gonzaga do Maranhao;2111409;Maranhao
2007;501,66838744678904;Sao Mateus do Maranhao;2111508;Maranhao
2008;1,5676800887139706;Sao Mateus do Maranhao;2111508;Maranhao
2009;1,0379380838886985;Sao Mateus do Maranhao;2111508;Maranhao
2010;0,2460404597885516;Sao Mateus do Maranhao;2111508;Maranhao
2011;0,29907998072719105;Sao Mateus do Maranhao;2111508;Maranhao
2012;0,24348741930199563;Sao Mateus do Maranhao;2111508;Maranhao
2013;0;Sao Mateus do Maranhao;2111508;Maranhao
2014;0;Sao Mateus do Maranhao;2111508;Maranhao
2015;0,2525649384056041;Sao Mateus do Maranhao;2111508;Maranhao
2016;0;Sao Mateus do Maranhao;2111508;Maranhao
2017;0,1936492442093809;Sao Mateus do Maranhao;2111508;Maranhao
2018;0,07347508329661645;Sao Mateus do Maranhao;2111508;Maranhao
2019;0;Sao Mateus do Maranhao;2111508;Maranhao
2020;0,1431779636549194;Sao Mateus do Maranhao;2111508;Maranhao
2021;0;Sao Mateus do Maranhao;2111508;Maranhao
2022;0;Sao Mateus do Maranhao;2111508;Maranhao
2023;0;Sao Mateus do Maranhao;2111508;Maranhao
2024;0;Sao Mateus do Maranhao;2111508;Maranhao
2007;459,635977693004;Sao Pedro da Agua Branca;2111532;Maranhao
2008;0,30371644698796013;Sao Pedro da Agua Branca;2111532;Maranhao
2009;0,7547301237107378;Sao Pedro da Agua Branca;2111532;Maranhao
2010;0,10872073034933312;Sao Pedro da Agua Branca;2111532;Maranhao
2011;0,22981350704098594;Sao Pedro da Agua Branca;2111532;Maranhao
2012;0;Sao Pedro da Agua Branca;2111532;Maranhao
2013;0,20847794915405377;Sao Pedro da Agua Branca;2111532;Maranhao
2014;0,12723561782363546;Sao Pedro da Agua Branca;2111532;Maranhao
2015;0;Sao Pedro da Agua Branca;2111532;Maranhao
2016;0,5804458157922378;Sao Pedro da Agua Branca;2111532;Maranhao
2017;0,9201060235134556;Sao Pedro da Agua Branca;2111532;Maranhao
2018;0,10032934832071494;Sao Pedro da Agua Branca;2111532;Maranhao
2019;0,7107734108794344;Sao Pedro da Agua Branca;2111532;Maranhao
2020;1,0506127728879515;Sao Pedro da Agua Branca;2111532;Maranhao
2021;0,9928303687188601;Sao Pedro da Agua Branca;2111532;Maranhao
2022;0,294936834507989;Sao Pedro da Agua Branca;2111532;Maranhao
2023;1,9578102347738653;Sao Pedro da Agua Branca;2111532;Maranhao
2024;0,5420550788925124;Sao Pedro da Agua Branca;2111532;Maranhao
2007;0;Sao Pedro dos Crentes;2111573;Maranhao
2008;0;Sao Pedro dos Crentes;2111573;Maranhao
2009;0;Sao Pedro dos Crentes;2111573;Maranhao
2010;0;Sao Pedro dos Crentes;2111573;Maranhao
2011;0;Sao Pedro dos Crentes;2111573;Maranhao
2012;0;Sao Pedro dos Crentes;2111573;Maranhao
2013;0;Sao Pedro dos Crentes;2111573;Maranhao
2014;0;Sao Pedro dos Crentes;2111573;Maranhao
2015;0;Sao Pedro dos Crentes;2111573;Maranhao
2016;0;Sao Pedro dos Crentes;2111573;Maranhao
2017;0;Sao Pedro dos Crentes;2111573;Maranhao
2018;0;Sao Pedro dos Crentes;2111573;Maranhao
2019;0;Sao Pedro dos Crentes;2111573;Maranhao
2020;0;Sao Pedro dos Crentes;2111573;Maranhao
2021;0;Sao Pedro dos Crentes;2111573;Maranhao
2022;0;Sao Pedro dos Crentes;2111573;Maranhao
2023;0;Sao Pedro dos Crentes;2111573;Maranhao
2024;0;Sao Pedro dos Crentes;2111573;Maranhao
2007;0;Sao Raimundo das Mangabeiras;2111607;Maranhao
2008;0;Sao Raimundo das Mangabeiras;2111607;Maranhao
2009;0;Sao Raimundo das Mangabeiras;2111607;Maranhao
2010;0;Sao Raimundo das Mangabeiras;2111607;Maranhao
2011;0;Sao Raimundo das Mangabeiras;2111607;Maranhao
2012;0;Sao Raimundo das Mangabeiras;2111607;Maranhao
2013;0;Sao Raimundo das Mangabeiras;2111607;Maranhao
2014;0;Sao Raimundo das Mangabeiras;2111607;Maranhao
2015;0;Sao Raimundo das Mangabeiras;2111607;Maranhao
2016;0;Sao Raimundo das Mangabeiras;2111607;Maranhao
2017;0;Sao Raimundo das Mangabeiras;2111607;Maranhao
2018;0;Sao Raimundo das Mangabeiras;2111607;Maranhao
2019;0;Sao Raimundo das Mangabeiras;2111607;Maranhao
2020;0;Sao Raimundo das Mangabeiras;2111607;Maranhao
2021;0;Sao Raimundo das Mangabeiras;2111607;Maranhao
2022;0;Sao Raimundo das Mangabeiras;2111607;Maranhao
2023;0;Sao Raimundo das Mangabeiras;2111607;Maranhao
2024;0;Sao Raimundo das Mangabeiras;2111607;Maranhao
2007;416,9167514678996;Sao Raimundo do Doca Bezerra;2111631;Maranhao
2008;0,4227309065329262;Sao Raimundo do Doca Bezerra;2111631;Maranhao
2009;0;Sao Raimundo do Doca Bezerra;2111631;Maranhao
2010;0,24994614037513468;Sao Raimundo do Doca Bezerra;2111631;Maranhao
2011;0;Sao Raimundo do Doca Bezerra;2111631;Maranhao
2012;0,34591818733278384;Sao Raimundo do Doca Bezerra;2111631;Maranhao
2013;0;Sao Raimundo do Doca Bezerra;2111631;Maranhao
2014;0;Sao Raimundo do Doca Bezerra;2111631;Maranhao
2015;0;Sao Raimundo do Doca Bezerra;2111631;Maranhao
2016;0,22049427900690916;Sao Raimundo do Doca Bezerra;2111631;Maranhao
2017;0;Sao Raimundo do Doca Bezerra;2111631;Maranhao
2018;0,06378874772579697;Sao Raimundo do Doca Bezerra;2111631;Maranhao
2019;0,07383537638740047;Sao Raimundo do Doca Bezerra;2111631;Maranhao
2020;0;Sao Raimundo do Doca Bezerra;2111631;Maranhao
2021;0;Sao Raimundo do Doca Bezerra;2111631;Maranhao
2022;0;Sao Raimundo do Doca Bezerra;2111631;Maranhao
2023;0,14850800707137837;Sao Raimundo do Doca Bezerra;2111631;Maranhao
2024;0,09659639213163942;Sao Raimundo do Doca Bezerra;2111631;Maranhao
2007;226,14849752266318;Sao Roberto;2111672;Maranhao
2008;0;Sao Roberto;2111672;Maranhao
2009;0;Sao Roberto;2111672;Maranhao
2010;0;Sao Roberto;2111672;Maranhao
2011;0;Sao Roberto;2111672;Maranhao
2012;0;Sao Roberto;2111672;Maranhao
2013;0;Sao Roberto;2111672;Maranhao
2014;0;Sao Roberto;2111672;Maranhao
2015;0;Sao Roberto;2111672;Maranhao
2016;0;Sao Roberto;2111672;Maranhao
2017;0;Sao Roberto;2111672;Maranhao
2018;0;Sao Roberto;2111672;Maranhao
2019;0;Sao Roberto;2111672;Maranhao
2020;0;Sao Roberto;2111672;Maranhao
2021;0;Sao Roberto;2111672;Maranhao
2022;0;Sao Roberto;2111672;Maranhao
2023;0;Sao Roberto;2111672;Maranhao
2024;0;Sao Roberto;2111672;Maranhao
2007;297,25342362712513;Sao Vicente Ferrer;2111706;Maranhao
2008;0;Sao Vicente Ferrer;2111706;Maranhao
2009;0;Sao Vicente Ferrer;2111706;Maranhao
2010;0;Sao Vicente Ferrer;2111706;Maranhao
2011;0;Sao Vicente Ferrer;2111706;Maranhao
2012;0;Sao Vicente Ferrer;2111706;Maranhao
2013;0;Sao Vicente Ferrer;2111706;Maranhao
2014;0;Sao Vicente Ferrer;2111706;Maranhao
2015;0;Sao Vicente Ferrer;2111706;Maranhao
2016;0;Sao Vicente Ferrer;2111706;Maranhao
2017;0;Sao Vicente Ferrer;2111706;Maranhao
2018;0;Sao Vicente Ferrer;2111706;Maranhao
2019;0;Sao Vicente Ferrer;2111706;Maranhao
2020;0;Sao Vicente Ferrer;2111706;Maranhao
2021;0;Sao Vicente Ferrer;2111706;Maranhao
2022;0;Sao Vicente Ferrer;2111706;Maranhao
2023;0;Sao Vicente Ferrer;2111706;Maranhao
2024;0;Sao Vicente Ferrer;2111706;Maranhao
2007;361,26895364012756;Satubinha;2111722;Maranhao
2008;0;Satubinha;2111722;Maranhao
2009;0;Satubinha;2111722;Maranhao
2010;0;Satubinha;2111722;Maranhao
2011;0;Satubinha;2111722;Maranhao
2012;0;Satubinha;2111722;Maranhao
2013;0;Satubinha;2111722;Maranhao
2014;0;Satubinha;2111722;Maranhao
2015;0;Satubinha;2111722;Maranhao
2016;0;Satubinha;2111722;Maranhao
2017;0;Satubinha;2111722;Maranhao
2018;0;Satubinha;2111722;Maranhao
2019;0;Satubinha;2111722;Maranhao
2020;0;Satubinha;2111722;Maranhao
2021;0;Satubinha;2111722;Maranhao
2022;0;Satubinha;2111722;Maranhao
2023;0;Satubinha;2111722;Maranhao
2024;0;Satubinha;2111722;Maranhao
2007;100,71091942174684;Senador Alexandre Costa;2111748;Maranhao
2008;10,98835597276583;Senador Alexandre Costa;2111748;Maranhao
2009;3,1998506308281667;Senador Alexandre Costa;2111748;Maranhao
2010;5,366855531175534;Senador Alexandre Costa;2111748;Maranhao
2011;4,896085852075965;Senador Alexandre Costa;2111748;Maranhao
2012;4,529889964529806;Senador Alexandre Costa;2111748;Maranhao
2013;2,519986053949774;Senador Alexandre Costa;2111748;Maranhao
2014;2,1423673637311174;Senador Alexandre Costa;2111748;Maranhao
2015;0,7628472311187913;Senador Alexandre Costa;2111748;Maranhao
2016;2,1021827156098074;Senador Alexandre Costa;2111748;Maranhao
2017;1,3067740689395109;Senador Alexandre Costa;2111748;Maranhao
2018;5,343425350604895;Senador Alexandre Costa;2111748;Maranhao
2019;1,3016813961234388;Senador Alexandre Costa;2111748;Maranhao
2020;2,3672834831467866;Senador Alexandre Costa;2111748;Maranhao
2021;2,780534697146807;Senador Alexandre Costa;2111748;Maranhao
2022;1,4116211627558881;Senador Alexandre Costa;2111748;Maranhao
2023;1,2450129787175483;Senador Alexandre Costa;2111748;Maranhao
2024;2,92701612991333;Senador Alexandre Costa;2111748;Maranhao
2007;653,9469959755993;Senador La Rocque;2111763;Maranhao
2008;9,280850380059539;Senador La Rocque;2111763;Maranhao
2009;4,384861824169696;Senador La Rocque;2111763;Maranhao
2010;1,394038424317418;Senador La Rocque;2111763;Maranhao
2011;2,370947169444418;Senador La Rocque;2111763;Maranhao
2012;2,2113473412096525;Senador La Rocque;2111763;Maranhao
2013;0,4389746265545928;Senador La Rocque;2111763;Maranhao
2014;1,864953762198116;Senador La Rocque;2111763;Maranhao
2015;1,2858486649922234;Senador La Rocque;2111763;Maranhao
2016;1,9437581456046638;Senador La Rocque;2111763;Maranhao
2017;1,3100847287597326;Senador La Rocque;2111763;Maranhao
2018;0,22274919478286587;Senador La Rocque;2111763;Maranhao
2019;0,40165126426983166;Senador La Rocque;2111763;Maranhao
2020;0,5219959988397129;Senador La Rocque;2111763;Maranhao
2021;0,3799783625498291;Senador La Rocque;2111763;Maranhao
2022;0,8315575902715573;Senador La Rocque;2111763;Maranhao
2023;1,1892600455869002;Senador La Rocque;2111763;Maranhao
2024;0;Senador La Rocque;2111763;Maranhao
2007;1090,8752556131763;Serrano do Maranhao;2111789;Maranhao
2008;0,48119645025115626;Serrano do Maranhao;2111789;Maranhao
2009;0,44558088955733766;Serrano do Maranhao;2111789;Maranhao
2010;0,06943242107469588;Serrano do Maranhao;2111789;Maranhao
2011;0;Serrano do Maranhao;2111789;Maranhao
2012;0;Serrano do Maranhao;2111789;Maranhao
2013;0,17802830946355924;Serrano do Maranhao;2111789;Maranhao
2014;0,13709381728956488;Serrano do Maranhao;2111789;Maranhao
2015;0,0704300204809936;Serrano do Maranhao;2111789;Maranhao
2016;0;Serrano do Maranhao;2111789;Maranhao
2017;0;Serrano do Maranhao;2111789;Maranhao
2018;0,08226760663348179;Serrano do Maranhao;2111789;Maranhao
2019;0;Serrano do Maranhao;2111789;Maranhao
2020;0;Serrano do Maranhao;2111789;Maranhao
2021;0;Serrano do Maranhao;2111789;Maranhao
2022;0;Serrano do Maranhao;2111789;Maranhao
2023;0;Serrano do Maranhao;2111789;Maranhao
2024;0;Serrano do Maranhao;2111789;Maranhao
2007;57,846936708461946;Sitio Novo;2111805;Maranhao
2008;0,06078443058641234;Sitio Novo;2111805;Maranhao
2009;0,6500087808738753;Sitio Novo;2111805;Maranhao
2010;0,11038457482535348;Sitio Novo;2111805;Maranhao
2011;0,06562865806417006;Sitio Novo;2111805;Maranhao
2012;0;Sitio Novo;2111805;Maranhao
2013;0,09746443656720541;Sitio Novo;2111805;Maranhao
2014;0,09658648928276385;Sitio Novo;2111805;Maranhao
2015;0,20971246674234845;Sitio Novo;2111805;Maranhao
2016;0;Sitio Novo;2111805;Maranhao
2017;0,06733914817392529;Sitio Novo;2111805;Maranhao
2018;0;Sitio Novo;2111805;Maranhao
2019;0,19326882690533823;Sitio Novo;2111805;Maranhao
2020;0;Sitio Novo;2111805;Maranhao
2021;0,09250057607892144;Sitio Novo;2111805;Maranhao
2022;0;Sitio Novo;2111805;Maranhao
2023;0,15959413833285824;Sitio Novo;2111805;Maranhao
2024;0;Sitio Novo;2111805;Maranhao
2007;0;Sucupira do Norte;2111904;Maranhao
2008;0;Sucupira do Norte;2111904;Maranhao
2009;0;Sucupira do Norte;2111904;Maranhao
2010;0;Sucupira do Norte;2111904;Maranhao
2011;0;Sucupira do Norte;2111904;Maranhao
2012;0;Sucupira do Norte;2111904;Maranhao
2013;0;Sucupira do Norte;2111904;Maranhao
2014;0;Sucupira do Norte;2111904;Maranhao
2015;0;Sucupira do Norte;2111904;Maranhao
2016;0;Sucupira do Norte;2111904;Maranhao
2017;0;Sucupira do Norte;2111904;Maranhao
2018;0;Sucupira do Norte;2111904;Maranhao
2019;0;Sucupira do Norte;2111904;Maranhao
2020;0;Sucupira do Norte;2111904;Maranhao
2021;0;Sucupira do Norte;2111904;Maranhao
2022;0;Sucupira do Norte;2111904;Maranhao
2023;0;Sucupira do Norte;2111904;Maranhao
2024;0;Sucupira do Norte;2111904;Maranhao
2007;0;Tasso Fragoso;2112001;Maranhao
2008;0;Tasso Fragoso;2112001;Maranhao
2009;0;Tasso Fragoso;2112001;Maranhao
2010;0;Tasso Fragoso;2112001;Maranhao
2011;0;Tasso Fragoso;2112001;Maranhao
2012;0;Tasso Fragoso;2112001;Maranhao
2013;0;Tasso Fragoso;2112001;Maranhao
2014;0;Tasso Fragoso;2112001;Maranhao
2015;0;Tasso Fragoso;2112001;Maranhao
2016;0;Tasso Fragoso;2112001;Maranhao
2017;0;Tasso Fragoso;2112001;Maranhao
2018;0;Tasso Fragoso;2112001;Maranhao
2019;0;Tasso Fragoso;2112001;Maranhao
2020;0;Tasso Fragoso;2112001;Maranhao
2021;0;Tasso Fragoso;2112001;Maranhao
2022;0;Tasso Fragoso;2112001;Maranhao
2023;0;Tasso Fragoso;2112001;Maranhao
2024;0;Tasso Fragoso;2112001;Maranhao
2007;41,29076797579447;Timbiras;2112100;Maranhao
2008;1,4099908681580833;Timbiras;2112100;Maranhao
2009;0,7089694006550397;Timbiras;2112100;Maranhao
2010;0,0781621453223525;Timbiras;2112100;Maranhao
2011;0,12114022859413381;Timbiras;2112100;Maranhao
2012;0,19274689444574614;Timbiras;2112100;Maranhao
2013;0;Timbiras;2112100;Maranhao
2014;0;Timbiras;2112100;Maranhao
2015;0;Timbiras;2112100;Maranhao
2016;0,0633735316834127;Timbiras;2112100;Maranhao
2017;0,3397123617169331;Timbiras;2112100;Maranhao
2018;0;Timbiras;2112100;Maranhao
2019;0,16022655317303205;Timbiras;2112100;Maranhao
2020;0,06256268057873175;Timbiras;2112100;Maranhao
2021;0,21689519840404234;Timbiras;2112100;Maranhao
2022;0,344574929116891;Timbiras;2112100;Maranhao
2023;0,2281718577994621;Timbiras;2112100;Maranhao
2024;0;Timbiras;2112100;Maranhao
2007;291,91407527265096;Trizidela do Vale;2112233;Maranhao
2008;0,06748771775968812;Trizidela do Vale;2112233;Maranhao
2009;0;Trizidela do Vale;2112233;Maranhao
2010;0,025752397807765753;Trizidela do Vale;2112233;Maranhao
2011;0,023977923000010632;Trizidela do Vale;2112233;Maranhao
2012;0;Trizidela do Vale;2112233;Maranhao
2013;0;Trizidela do Vale;2112233;Maranhao
2014;0;Trizidela do Vale;2112233;Maranhao
2015;0;Trizidela do Vale;2112233;Maranhao
2016;0;Trizidela do Vale;2112233;Maranhao
2017;0;Trizidela do Vale;2112233;Maranhao
2018;0;Trizidela do Vale;2112233;Maranhao
2019;0;Trizidela do Vale;2112233;Maranhao
2020;0;Trizidela do Vale;2112233;Maranhao
2021;0;Trizidela do Vale;2112233;Maranhao
2022;0;Trizidela do Vale;2112233;Maranhao
2023;0;Trizidela do Vale;2112233;Maranhao
2024;0;Trizidela do Vale;2112233;Maranhao
2007;242,9149342058713;Tufilandia;2112274;Maranhao
2008;0;Tufilandia;2112274;Maranhao
2009;0;Tufilandia;2112274;Maranhao
2010;0;Tufilandia;2112274;Maranhao
2011;0;Tufilandia;2112274;Maranhao
2012;0;Tufilandia;2112274;Maranhao
2013;0;Tufilandia;2112274;Maranhao
2014;0;Tufilandia;2112274;Maranhao
2015;0;Tufilandia;2112274;Maranhao
2016;0;Tufilandia;2112274;Maranhao
2017;0;Tufilandia;2112274;Maranhao
2018;0;Tufilandia;2112274;Maranhao
2019;0;Tufilandia;2112274;Maranhao
2020;0;Tufilandia;2112274;Maranhao
2021;0;Tufilandia;2112274;Maranhao
2022;0;Tufilandia;2112274;Maranhao
2023;0;Tufilandia;2112274;Maranhao
2024;0;Tufilandia;2112274;Maranhao
2007;1106,2415920404455;Tuntum;2112308;Maranhao
2008;23,325924092713745;Tuntum;2112308;Maranhao
2009;7,251596238560785;Tuntum;2112308;Maranhao
2010;7,757147705836373;Tuntum;2112308;Maranhao
2011;5,513137421861481;Tuntum;2112308;Maranhao
2012;10,243993050922287;Tuntum;2112308;Maranhao
2013;7,039728115387906;Tuntum;2112308;Maranhao
2014;8,388287538376147;Tuntum;2112308;Maranhao
2015;8,894408697158061;Tuntum;2112308;Maranhao
2016;7,687673636899622;Tuntum;2112308;Maranhao
2017;9,419357403601019;Tuntum;2112308;Maranhao
2018;4,670028849829116;Tuntum;2112308;Maranhao
2019;8,065313762889524;Tuntum;2112308;Maranhao
2020;3,805648189825977;Tuntum;2112308;Maranhao
2021;10,181932472620215;Tuntum;2112308;Maranhao
2022;6,997896898868228;Tuntum;2112308;Maranhao
2023;13,356890367765626;Tuntum;2112308;Maranhao
2024;8,928363727698795;Tuntum;2112308;Maranhao
2007;1889,4629324900166;Turiacu;2112407;Maranhao
2008;7,474861285955428;Turiacu;2112407;Maranhao
2009;16,98144286362458;Turiacu;2112407;Maranhao
2010;4,603352080782719;Turiacu;2112407;Maranhao
2011;1,1396733526431537;Turiacu;2112407;Maranhao
2012;0;Turiacu;2112407;Maranhao
2013;0,8421355918952751;Turiacu;2112407;Maranhao
2014;11,980276085377412;Turiacu;2112407;Maranhao
2015;1,6311928893395222;Turiacu;2112407;Maranhao
2016;0,9989648818279414;Turiacu;2112407;Maranhao
2017;2,333382664570307;Turiacu;2112407;Maranhao
2018;4,709241358085124;Turiacu;2112407;Maranhao
2019;6,098189261741248;Turiacu;2112407;Maranhao
2020;1,0972096337048822;Turiacu;2112407;Maranhao
2021;0,6673180934552395;Turiacu;2112407;Maranhao
2022;0;Turiacu;2112407;Maranhao
2023;1,4682765489771947;Turiacu;2112407;Maranhao
2024;4,458681067071652;Turiacu;2112407;Maranhao
2007;1140,2517708125158;Turilandia;2112456;Maranhao
2008;13,417666837966179;Turilandia;2112456;Maranhao
2009;5,360091987905245;Turilandia;2112456;Maranhao
2010;7,209482290301808;Turilandia;2112456;Maranhao
2011;9,757344461884726;Turilandia;2112456;Maranhao
2012;0,45117468488698603;Turilandia;2112456;Maranhao
2013;0,40226996085056926;Turilandia;2112456;Maranhao
2014;4,094062616479364;Turilandia;2112456;Maranhao
2015;0;Turilandia;2112456;Maranhao
2016;1,7613198490416722;Turilandia;2112456;Maranhao
2017;1,3811143582608643;Turilandia;2112456;Maranhao
2018;0,09460067053116164;Turilandia;2112456;Maranhao
2019;0,1180674901051043;Turilandia;2112456;Maranhao
2020;11,43895897770568;Turilandia;2112456;Maranhao
2021;2,673180862707436;Turilandia;2112456;Maranhao
2022;0,3131044520148159;Turilandia;2112456;Maranhao
2023;0;Turilandia;2112456;Maranhao
2024;0;Turilandia;2112456;Maranhao
2007;30,13249751269219;Vargem Grande;2112704;Maranhao
2008;4,338966027677037;Vargem Grande;2112704;Maranhao
2009;2,2201189179680654;Vargem Grande;2112704;Maranhao
2010;1,8835518615190523;Vargem Grande;2112704;Maranhao
2011;0,7477212522197848;Vargem Grande;2112704;Maranhao
2012;0,2536365146904235;Vargem Grande;2112704;Maranhao
2013;0;Vargem Grande;2112704;Maranhao
2014;0,12940542278047656;Vargem Grande;2112704;Maranhao
2015;0;Vargem Grande;2112704;Maranhao
2016;0;Vargem Grande;2112704;Maranhao
2017;0,3406487058590856;Vargem Grande;2112704;Maranhao
2018;0,06826709062600544;Vargem Grande;2112704;Maranhao
2019;0,23023622147479084;Vargem Grande;2112704;Maranhao
2020;0,6282792110826156;Vargem Grande;2112704;Maranhao
2021;0,26586941246326207;Vargem Grande;2112704;Maranhao
2022;0,14091248359088193;Vargem Grande;2112704;Maranhao
2023;0,9296118018982884;Vargem Grande;2112704;Maranhao
2024;1,506772754691059;Vargem Grande;2112704;Maranhao
2007;479,5527295520149;Viana;2112803;Maranhao
2008;6,277150013734022;Viana;2112803;Maranhao
2009;0,9115562906476185;Viana;2112803;Maranhao
2010;0,28497897065247696;Viana;2112803;Maranhao
2011;0,45042341253186874;Viana;2112803;Maranhao
2012;0,25651414646229703;Viana;2112803;Maranhao
2013;2,0383231791736525;Viana;2112803;Maranhao
2014;0,29083166767867985;Viana;2112803;Maranhao
2015;0;Viana;2112803;Maranhao
2016;0,07203386165189955;Viana;2112803;Maranhao
2017;0,1669514200394991;Viana;2112803;Maranhao
2018;0;Viana;2112803;Maranhao
2019;0,3980013284016661;Viana;2112803;Maranhao
2020;0,1461106654668764;Viana;2112803;Maranhao
2021;0,6232664255976336;Viana;2112803;Maranhao
2022;0;Viana;2112803;Maranhao
2023;0,22668591620991135;Viana;2112803;Maranhao
2024;0;Viana;2112803;Maranhao
2007;969,0524239970946;Vila Nova dos Martirios;2112852;Maranhao
2008;2,132917041806883;Vila Nova dos Martirios;2112852;Maranhao
2009;1,9818229859095622;Vila Nova dos Martirios;2112852;Maranhao
2010;0,9159141106855677;Vila Nova dos Martirios;2112852;Maranhao
2011;1,019911072089703;Vila Nova dos Martirios;2112852;Maranhao
2012;2,2641387933303747;Vila Nova dos Martirios;2112852;Maranhao
2013;0,4739224318537675;Vila Nova dos Martirios;2112852;Maranhao
2014;1,7740814287902194;Vila Nova dos Martirios;2112852;Maranhao
2015;0,2711150523983223;Vila Nova dos Martirios;2112852;Maranhao
2016;0,21165219759804332;Vila Nova dos Martirios;2112852;Maranhao
2017;1,0986186733717616;Vila Nova dos Martirios;2112852;Maranhao
2018;0,6507917657372457;Vila Nova dos Martirios;2112852;Maranhao
2019;0,6205425114368984;Vila Nova dos Martirios;2112852;Maranhao
2020;0,4880253085001519;Vila Nova dos Martirios;2112852;Maranhao
2021;0,5854658892040342;Vila Nova dos Martirios;2112852;Maranhao
2022;3,5065818336654746;Vila Nova dos Martirios;2112852;Maranhao
2023;0,745410829825121;Vila Nova dos Martirios;2112852;Maranhao
2024;0,1924820380164515;Vila Nova dos Martirios;2112852;Maranhao
2007;221,90805149738404;Vitoria do Mearim;2112902;Maranhao
2008;2,911696913040369;Vitoria do Mearim;2112902;Maranhao
2009;1,7148775530272249;Vitoria do Mearim;2112902;Maranhao
2010;0,9534108410465998;Vitoria do Mearim;2112902;Maranhao
2011;0,8448317035391785;Vitoria do Mearim;2112902;Maranhao
2012;0,38241132733263045;Vitoria do Mearim;2112902;Maranhao
2013;1,2986485964900771;Vitoria do Mearim;2112902;Maranhao
2014;0;Vitoria do Mearim;2112902;Maranhao
2015;0;Vitoria do Mearim;2112902;Maranhao
2016;0,2256738124527032;Vitoria do Mearim;2112902;Maranhao
2017;0,6682657621193994;Vitoria do Mearim;2112902;Maranhao
2018;0;Vitoria do Mearim;2112902;Maranhao
2019;0,08700576072747333;Vitoria do Mearim;2112902;Maranhao
2020;1,4013969186701267;Vitoria do Mearim;2112902;Maranhao
2021;1,003630917768994;Vitoria do Mearim;2112902;Maranhao
2022;1,0440601701950696;Vitoria do Mearim;2112902;Maranhao
2023;0,08813309787723367;Vitoria do Mearim;2112902;Maranhao
2024;0;Vitoria do Mearim;2112902;Maranhao
2007;1141,9286085572676;Vitorino Freire;2113009;Maranhao
2008;0;Vitorino Freire;2113009;Maranhao
2009;0;Vitorino Freire;2113009;Maranhao
2010;0;Vitorino Freire;2113009;Maranhao
2011;0;Vitorino Freire;2113009;Maranhao
2012;0;Vitorino Freire;2113009;Maranhao
2013;0;Vitorino Freire;2113009;Maranhao
2014;0;Vitorino Freire;2113009;Maranhao
2015;0;Vitorino Freire;2113009;Maranhao
2016;0;Vitorino Freire;2113009;Maranhao
2017;0;Vitorino Freire;2113009;Maranhao
2018;0;Vitorino Freire;2113009;Maranhao
2019;0;Vitorino Freire;2113009;Maranhao
2020;0;Vitorino Freire;2113009;Maranhao
2021;0;Vitorino Freire;2113009;Maranhao
2022;0;Vitorino Freire;2113009;Maranhao
2023;0;Vitorino Freire;2113009;Maranhao
2024;0;Vitorino Freire;2113009;Maranhao
2007;1689,7672221593723;Ze Doca;2114007;Maranhao
2008;3,8599521211995813;Ze Doca;2114007;Maranhao
2009;21,48390179823014;Ze Doca;2114007;Maranhao
2010;3,9699982003446754;Ze Doca;2114007;Maranhao
2011;6,525348378377411;Ze Doca;2114007;Maranhao
2012;1,5443912517547445;Ze Doca;2114007;Maranhao
2013;4,653784306611403;Ze Doca;2114007;Maranhao
2014;4,835295815828598;Ze Doca;2114007;Maranhao
2015;0,5120518372561033;Ze Doca;2114007;Maranhao
2016;2,0074585339512248;Ze Doca;2114007;Maranhao
2017;0,6415486920892891;Ze Doca;2114007;Maranhao
2018;0,6056476684581618;Ze Doca;2114007;Maranhao
2019;0,9506684998749131;Ze Doca;2114007;Maranhao
2020;1,0273581396287017;Ze Doca;2114007;Maranhao
2021;0,3654751613741635;Ze Doca;2114007;Maranhao
2022;1,6231055338768696;Ze Doca;2114007;Maranhao
2023;0,47856397977958404;Ze Doca;2114007;Maranhao
2024;0,6499039977115875;Ze Doca;2114007;Maranhao
2007;0;Acorizal;5100102;Mato Grosso
2008;0;Acorizal;5100102;Mato Grosso
2009;0;Acorizal;5100102;Mato Grosso
2010;0;Acorizal;5100102;Mato Grosso
2011;0;Acorizal;5100102;Mato Grosso
2012;0;Acorizal;5100102;Mato Grosso
2013;0;Acorizal;5100102;Mato Grosso
2014;0;Acorizal;5100102;Mato Grosso
2015;0;Acorizal;5100102;Mato Grosso
2016;0;Acorizal;5100102;Mato Grosso
2017;0;Acorizal;5100102;Mato Grosso
2018;0;Acorizal;5100102;Mato Grosso
2019;0;Acorizal;5100102;Mato Grosso
2020;0;Acorizal;5100102;Mato Grosso
2021;0;Acorizal;5100102;Mato Grosso
2022;0;Acorizal;5100102;Mato Grosso
2023;0;Acorizal;5100102;Mato Grosso
2024;0;Acorizal;5100102;Mato Grosso
2007;37,32345550522987;Agua Boa;5100201;Mato Grosso
2008;0,8380169389340102;Agua Boa;5100201;Mato Grosso
2009;0;Agua Boa;5100201;Mato Grosso
2010;0;Agua Boa;5100201;Mato Grosso
2011;0,10906771532622257;Agua Boa;5100201;Mato Grosso
2012;0;Agua Boa;5100201;Mato Grosso
2013;0;Agua Boa;5100201;Mato Grosso
2014;0,09503126021799647;Agua Boa;5100201;Mato Grosso
2015;0,918026517543211;Agua Boa;5100201;Mato Grosso
2016;0,5929608626759397;Agua Boa;5100201;Mato Grosso
2017;1,735211003976324;Agua Boa;5100201;Mato Grosso
2018;0;Agua Boa;5100201;Mato Grosso
2019;0;Agua Boa;5100201;Mato Grosso
2020;0,20853395112126413;Agua Boa;5100201;Mato Grosso
2021;0,5528929651179;Agua Boa;5100201;Mato Grosso
2022;0;Agua Boa;5100201;Mato Grosso
2023;0,36842530370695226;Agua Boa;5100201;Mato Grosso
2024;0;Agua Boa;5100201;Mato Grosso
2007;4903,089747619084;Alta Floresta;5100250;Mato Grosso
2008;15,317092796385348;Alta Floresta;5100250;Mato Grosso
2009;7,078927996678321;Alta Floresta;5100250;Mato Grosso
2010;2,820320004570541;Alta Floresta;5100250;Mato Grosso
2011;5,663906403193855;Alta Floresta;5100250;Mato Grosso
2012;1,5498812005570672;Alta Floresta;5100250;Mato Grosso
2013;6,999365924311392;Alta Floresta;5100250;Mato Grosso
2014;9,789665946242515;Alta Floresta;5100250;Mato Grosso
2015;8,972480966338555;Alta Floresta;5100250;Mato Grosso
2016;8,740995617207266;Alta Floresta;5100250;Mato Grosso
2017;11,735465632794922;Alta Floresta;5100250;Mato Grosso
2018;8,523985086488022;Alta Floresta;5100250;Mato Grosso
2019;15,148775447413428;Alta Floresta;5100250;Mato Grosso
2020;18,493232042360255;Alta Floresta;5100250;Mato Grosso
2021;14,561333119849369;Alta Floresta;5100250;Mato Grosso
2022;16,33410879003189;Alta Floresta;5100250;Mato Grosso
2023;12,84339865202797;Alta Floresta;5100250;Mato Grosso
2024;7,6723363805803535;Alta Floresta;5100250;Mato Grosso
2007;0;Alto Araguaia;5100300;Mato Grosso
2008;0;Alto Araguaia;5100300;Mato Grosso
2009;0;Alto Araguaia;5100300;Mato Grosso
2010;0;Alto Araguaia;5100300;Mato Grosso
2011;0;Alto Araguaia;5100300;Mato Grosso
2012;0;Alto Araguaia;5100300;Mato Grosso
2013;0;Alto Araguaia;5100300;Mato Grosso
2014;0;Alto Araguaia;5100300;Mato Grosso
2015;0;Alto Araguaia;5100300;Mato Grosso
2016;0;Alto Araguaia;5100300;Mato Grosso
2017;0;Alto Araguaia;5100300;Mato Grosso
2018;0;Alto Araguaia;5100300;Mato Grosso
2019;0;Alto Araguaia;5100300;Mato Grosso
2020;0;Alto Araguaia;5100300;Mato Grosso
2021;0;Alto Araguaia;5100300;Mato Grosso
2022;0;Alto Araguaia;5100300;Mato Grosso
2023;0;Alto Araguaia;5100300;Mato Grosso
2024;0;Alto Araguaia;5100300;Mato Grosso
2007;1107,0232018722222;Alto Boa Vista;5100359;Mato Grosso
2008;18,2231086342551;Alto Boa Vista;5100359;Mato Grosso
2009;13,657887286158317;Alto Boa Vista;5100359;Mato Grosso
2010;3,7696474702753333;Alto Boa Vista;5100359;Mato Grosso
2011;19,69916415323504;Alto Boa Vista;5100359;Mato Grosso
2012;4,825469373037653;Alto Boa Vista;5100359;Mato Grosso
2013;2,067236633887785;Alto Boa Vista;5100359;Mato Grosso
2014;1,0405928622539744;Alto Boa Vista;5100359;Mato Grosso
2015;0,5309354252034892;Alto Boa Vista;5100359;Mato Grosso
2016;1,0486737113193052;Alto Boa Vista;5100359;Mato Grosso
2017;6,340658478475948;Alto Boa Vista;5100359;Mato Grosso
2018;20,493840734786488;Alto Boa Vista;5100359;Mato Grosso
2019;0,7098012908175657;Alto Boa Vista;5100359;Mato Grosso
2020;1,4524980621547585;Alto Boa Vista;5100359;Mato Grosso
2021;15,545167769715729;Alto Boa Vista;5100359;Mato Grosso
2022;4,858451490626856;Alto Boa Vista;5100359;Mato Grosso
2023;0,6851059699823893;Alto Boa Vista;5100359;Mato Grosso
2024;9,845852847537866;Alto Boa Vista;5100359;Mato Grosso
2007;0;Alto Garcas;5100409;Mato Grosso
2008;0;Alto Garcas;5100409;Mato Grosso
2009;0;Alto Garcas;5100409;Mato Grosso
2010;0;Alto Garcas;5100409;Mato Grosso
2011;0;Alto Garcas;5100409;Mato Grosso
2012;0;Alto Garcas;5100409;Mato Grosso
2013;0;Alto Garcas;5100409;Mato Grosso
2014;0;Alto Garcas;5100409;Mato Grosso
2015;0;Alto Garcas;5100409;Mato Grosso
2016;0;Alto Garcas;5100409;Mato Grosso
2017;0;Alto Garcas;5100409;Mato Grosso
2018;0;Alto Garcas;5100409;Mato Grosso
2019;0;Alto Garcas;5100409;Mato Grosso
2020;0;Alto Garcas;5100409;Mato Grosso
2021;0;Alto Garcas;5100409;Mato Grosso
2022;0;Alto Garcas;5100409;Mato Grosso
2023;0;Alto Garcas;5100409;Mato Grosso
2024;0;Alto Garcas;5100409;Mato Grosso
2007;411,06393682023537;Alto Paraguai;5100508;Mato Grosso
2008;0,5579420606650908;Alto Paraguai;5100508;Mato Grosso
2009;0,29627334322157906;Alto Paraguai;5100508;Mato Grosso
2010;0;Alto Paraguai;5100508;Mato Grosso
2011;0,16006069308911008;Alto Paraguai;5100508;Mato Grosso
2012;0;Alto Paraguai;5100508;Mato Grosso
2013;0;Alto Paraguai;5100508;Mato Grosso
2014;0;Alto Paraguai;5100508;Mato Grosso
2015;0,25051170239540205;Alto Paraguai;5100508;Mato Grosso
2016;0,08045166118050363;Alto Paraguai;5100508;Mato Grosso
2017;0;Alto Paraguai;5100508;Mato Grosso
2018;0,33761725910302115;Alto Paraguai;5100508;Mato Grosso
2019;0;Alto Paraguai;5100508;Mato Grosso
2020;0;Alto Paraguai;5100508;Mato Grosso
2021;0,10249235431964225;Alto Paraguai;5100508;Mato Grosso
2022;0;Alto Paraguai;5100508;Mato Grosso
2023;0,09571044155522968;Alto Paraguai;5100508;Mato Grosso
2024;0;Alto Paraguai;5100508;Mato Grosso
2007;0;Alto Taquari;5100607;Mato Grosso
2008;0;Alto Taquari;5100607;Mato Grosso
2009;0;Alto Taquari;5100607;Mato Grosso
2010;0;Alto Taquari;5100607;Mato Grosso
2011;0;Alto Taquari;5100607;Mato Grosso
2012;0;Alto Taquari;5100607;Mato Grosso
2013;0;Alto Taquari;5100607;Mato Grosso
2014;0;Alto Taquari;5100607;Mato Grosso
2015;0;Alto Taquari;5100607;Mato Grosso
2016;0;Alto Taquari;5100607;Mato Grosso
2017;0;Alto Taquari;5100607;Mato Grosso
2018;0;Alto Taquari;5100607;Mato Grosso
2019;0;Alto Taquari;5100607;Mato Grosso
2020;0;Alto Taquari;5100607;Mato Grosso
2021;0;Alto Taquari;5100607;Mato Grosso
2022;0;Alto Taquari;5100607;Mato Grosso
2023;0;Alto Taquari;5100607;Mato Grosso
2024;0;Alto Taquari;5100607;Mato Grosso
2007;1993,7885210326515;Apiacas;5100805;Mato Grosso
2008;45,963895268097644;Apiacas;5100805;Mato Grosso
2009;13,590785072759811;Apiacas;5100805;Mato Grosso
2010;14,958006548107239;Apiacas;5100805;Mato Grosso
2011;14,097840300745373;Apiacas;5100805;Mato Grosso
2012;12,137334445553028;Apiacas;5100805;Mato Grosso
2013;18,58751169340081;Apiacas;5100805;Mato Grosso
2014;11,9726436590015;Apiacas;5100805;Mato Grosso
2015;16,42781819348355;Apiacas;5100805;Mato Grosso
2016;18,142220167003707;Apiacas;5100805;Mato Grosso
2017;27,14198461775322;Apiacas;5100805;Mato Grosso
2018;28,819232704818425;Apiacas;5100805;Mato Grosso
2019;85,59437735927962;Apiacas;5100805;Mato Grosso
2020;51,811113095214075;Apiacas;5100805;Mato Grosso
2021;97,01721808075337;Apiacas;5100805;Mato Grosso
2022;79,05943697039248;Apiacas;5100805;Mato Grosso
2023;57,54702055300763;Apiacas;5100805;Mato Grosso
2024;18,561153408865575;Apiacas;5100805;Mato Grosso
2007;822,4482983056585;Araguaiana;5101001;Mato Grosso
2008;3,715781363853905;Araguaiana;5101001;Mato Grosso
2009;0,22952460966846738;Araguaiana;5101001;Mato Grosso
2010;0,09726480335817261;Araguaiana;5101001;Mato Grosso
2011;0;Araguaiana;5101001;Mato Grosso
2012;0,33448447940935666;Araguaiana;5101001;Mato Grosso
2013;0,2247539176434563;Araguaiana;5101001;Mato Grosso
2014;0,08086274810306983;Araguaiana;5101001;Mato Grosso
2015;0,06875525168318357;Araguaiana;5101001;Mato Grosso
2016;0,18673648579428698;Araguaiana;5101001;Mato Grosso
2017;0;Araguaiana;5101001;Mato Grosso
2018;0;Araguaiana;5101001;Mato Grosso
2019;0;Araguaiana;5101001;Mato Grosso
2020;0;Araguaiana;5101001;Mato Grosso
2021;0,1312054514911839;Araguaiana;5101001;Mato Grosso
2022;0;Araguaiana;5101001;Mato Grosso
2023;0,0772971612935511;Araguaiana;5101001;Mato Grosso
2024;0;Araguaiana;5101001;Mato Grosso
2007;0;Araguainha;5101209;Mato Grosso
2008;0;Araguainha;5101209;Mato Grosso
2009;0;Araguainha;5101209;Mato Grosso
2010;0;Araguainha;5101209;Mato Grosso
2011;0;Araguainha;5101209;Mato Grosso
2012;0;Araguainha;5101209;Mato Grosso
2013;0;Araguainha;5101209;Mato Grosso
2014;0;Araguainha;5101209;Mato Grosso
2015;0;Araguainha;5101209;Mato Grosso
2016;0;Araguainha;5101209;Mato Grosso
2017;0;Araguainha;5101209;Mato Grosso
2018;0;Araguainha;5101209;Mato Grosso
2019;0;Araguainha;5101209;Mato Grosso
2020;0;Araguainha;5101209;Mato Grosso
2021;0;Araguainha;5101209;Mato Grosso
2022;0;Araguainha;5101209;Mato Grosso
2023;0;Araguainha;5101209;Mato Grosso
2024;0;Araguainha;5101209;Mato Grosso
2007;1217,1664945216185;Araputanga;5101258;Mato Grosso
2008;0,24636053608409486;Araputanga;5101258;Mato Grosso
2009;0,24313605017261555;Araputanga;5101258;Mato Grosso
2010;1,4690401421153763;Araputanga;5101258;Mato Grosso
2011;0,28448273136820124;Araputanga;5101258;Mato Grosso
2012;0;Araputanga;5101258;Mato Grosso
2013;0,6620289846738578;Araputanga;5101258;Mato Grosso
2014;0,8135383478545392;Araputanga;5101258;Mato Grosso
2015;0;Araputanga;5101258;Mato Grosso
2016;0;Araputanga;5101258;Mato Grosso
2017;0;Araputanga;5101258;Mato Grosso
2018;0,10353267471809911;Araputanga;5101258;Mato Grosso
2019;0,07107686091361116;Araputanga;5101258;Mato Grosso
2020;5,9483847009418795;Araputanga;5101258;Mato Grosso
2021;1,7971054272209075;Araputanga;5101258;Mato Grosso
2022;0,7651122036228897;Araputanga;5101258;Mato Grosso
2023;0;Araputanga;5101258;Mato Grosso
2024;0;Araputanga;5101258;Mato Grosso
2007;364,8965519220939;Arenapolis;5101308;Mato Grosso
2008;0,23441052195588277;Arenapolis;5101308;Mato Grosso
2009;0,21919355522725642;Arenapolis;5101308;Mato Grosso
2010;0,10203323067521994;Arenapolis;5101308;Mato Grosso
2011;0;Arenapolis;5101308;Mato Grosso
2012;0;Arenapolis;5101308;Mato Grosso
2013;0,3545867331082982;Arenapolis;5101308;Mato Grosso
2014;0,0862784988542128;Arenapolis;5101308;Mato Grosso
2015;0,07354584383378727;Arenapolis;5101308;Mato Grosso
2016;0;Arenapolis;5101308;Mato Grosso
2017;0;Arenapolis;5101308;Mato Grosso
2018;0,6863479819311402;Arenapolis;5101308;Mato Grosso
2019;0,6649536863212459;Arenapolis;5101308;Mato Grosso
2020;0,08223156557441647;Arenapolis;5101308;Mato Grosso
2021;0,27640902362063613;Arenapolis;5101308;Mato Grosso
2022;0;Arenapolis;5101308;Mato Grosso
2023;0;Arenapolis;5101308;Mato Grosso
2024;0;Arenapolis;5101308;Mato Grosso
2007;3678,711449828604;Aripuana;5101407;Mato Grosso
2008;80,37228307280431;Aripuana;5101407;Mato Grosso
2009;41,379334598808896;Aripuana;5101407;Mato Grosso
2010;31,73259846532376;Aripuana;5101407;Mato Grosso
2011;34,0490273356121;Aripuana;5101407;Mato Grosso
2012;21,38885626503337;Aripuana;5101407;Mato Grosso
2013;40,01357403875505;Aripuana;5101407;Mato Grosso
2014;39,894079553627954;Aripuana;5101407;Mato Grosso
2015;52,08650451208181;Aripuana;5101407;Mato Grosso
2016;83,50950878213493;Aripuana;5101407;Mato Grosso
2017;91,93149655329245;Aripuana;5101407;Mato Grosso
2018;110,74961973275079;Aripuana;5101407;Mato Grosso
2019;153,85575101300037;Aripuana;5101407;Mato Grosso
2020;142,88099443716962;Aripuana;5101407;Mato Grosso
2021;167,38920647153103;Aripuana;5101407;Mato Grosso
2022;132,6636197389132;Aripuana;5101407;Mato Grosso
2023;93,0536868515874;Aripuana;5101407;Mato Grosso
2024;68,0794364472266;Aripuana;5101407;Mato Grosso
2007;357,25504524122465;Barao de Melgaco;5101605;Mato Grosso
2008;4,533470661087937;Barao de Melgaco;5101605;Mato Grosso
2009;1,839476827316313;Barao de Melgaco;5101605;Mato Grosso
2010;3,6259141694908417;Barao de Melgaco;5101605;Mato Grosso
2011;1,8307992372360187;Barao de Melgaco;5101605;Mato Grosso
2012;3,245593767118638;Barao de Melgaco;5101605;Mato Grosso
2013;0,3950597704371406;Barao de Melgaco;5101605;Mato Grosso
2014;1,3125630671525395;Barao de Melgaco;5101605;Mato Grosso
2015;1,550439680751885;Barao de Melgaco;5101605;Mato Grosso
2016;1,6611119781311023;Barao de Melgaco;5101605;Mato Grosso
2017;0,343303332100116;Barao de Melgaco;5101605;Mato Grosso
2018;0,5694594417604933;Barao de Melgaco;5101605;Mato Grosso
2019;0,2950534709391991;Barao de Melgaco;5101605;Mato Grosso
2020;5,093798572682975;Barao de Melgaco;5101605;Mato Grosso
2021;0;Barao de Melgaco;5101605;Mato Grosso
2022;6,479575292482617;Barao de Melgaco;5101605;Mato Grosso
2023;0,06602004404856726;Barao de Melgaco;5101605;Mato Grosso
2024;0;Barao de Melgaco;5101605;Mato Grosso
2007;3285,4949714127133;Barra do Bugres;5101704;Mato Grosso
2008;8,6050031643885;Barra do Bugres;5101704;Mato Grosso
2009;11,709203536810277;Barra do Bugres;5101704;Mato Grosso
2010;3,7321958046316674;Barra do Bugres;5101704;Mato Grosso
2011;4,536537461551315;Barra do Bugres;5101704;Mato Grosso
2012;3,0746570891852523;Barra do Bugres;5101704;Mato Grosso
2013;2,4745548716873116;Barra do Bugres;5101704;Mato Grosso
2014;2,8250568085267376;Barra do Bugres;5101704;Mato Grosso
2015;4,515053725418816;Barra do Bugres;5101704;Mato Grosso
2016;2,922359105177662;Barra do Bugres;5101704;Mato Grosso
2017;7,306596023535829;Barra do Bugres;5101704;Mato Grosso
2018;2,854484620946277;Barra do Bugres;5101704;Mato Grosso
2019;2,737313406309684;Barra do Bugres;5101704;Mato Grosso
2020;4,3855250311976235;Barra do Bugres;5101704;Mato Grosso
2021;9,90481302200628;Barra do Bugres;5101704;Mato Grosso
2022;23,466110569297978;Barra do Bugres;5101704;Mato Grosso
2023;6,073891337868292;Barra do Bugres;5101704;Mato Grosso
2024;0;Barra do Bugres;5101704;Mato Grosso
2007;1268,4745219143024;Barra do Garcas;5101803;Mato Grosso
2008;4,92555551944153;Barra do Garcas;5101803;Mato Grosso
2009;0;Barra do Garcas;5101803;Mato Grosso
2010;0;Barra do Garcas;5101803;Mato Grosso
2011;0;Barra do Garcas;5101803;Mato Grosso
2012;0;Barra do Garcas;5101803;Mato Grosso
2013;0;Barra do Garcas;5101803;Mato Grosso
2014;0;Barra do Garcas;5101803;Mato Grosso
2015;0;Barra do Garcas;5101803;Mato Grosso
2016;0;Barra do Garcas;5101803;Mato Grosso
2017;0,6416614305911631;Barra do Garcas;5101803;Mato Grosso
2018;0;Barra do Garcas;5101803;Mato Grosso
2019;1,902786659542409;Barra do Garcas;5101803;Mato Grosso
2020;0;Barra do Garcas;5101803;Mato Grosso
2021;0;Barra do Garcas;5101803;Mato Grosso
2022;0;Barra do Garcas;5101803;Mato Grosso
2023;0;Barra do Garcas;5101803;Mato Grosso
2024;0;Barra do Garcas;5101803;Mato Grosso
2007;2672,018681326521;Bom Jesus do Araguaia;5101852;Mato Grosso
2008;14,458835306799767;Bom Jesus do Araguaia;5101852;Mato Grosso
2009;10,89241335000647;Bom Jesus do Araguaia;5101852;Mato Grosso
2010;2,3702385696577983;Bom Jesus do Araguaia;5101852;Mato Grosso
2011;12,233788081142054;Bom Jesus do Araguaia;5101852;Mato Grosso
2012;1,8741629992300028;Bom Jesus do Araguaia;5101852;Mato Grosso
2013;0,2838543889755286;Bom Jesus do Araguaia;5101852;Mato Grosso
2014;2,504848332161308;Bom Jesus do Araguaia;5101852;Mato Grosso
2015;18,812947139820405;Bom Jesus do Araguaia;5101852;Mato Grosso
2016;11,077264264730985;Bom Jesus do Araguaia;5101852;Mato Grosso
2017;9,484886052833565;Bom Jesus do Araguaia;5101852;Mato Grosso
2018;4,277744169251993;Bom Jesus do Araguaia;5101852;Mato Grosso
2019;1,7644206573267054;Bom Jesus do Araguaia;5101852;Mato Grosso
2020;2,5425492822432263;Bom Jesus do Araguaia;5101852;Mato Grosso
2021;1,2009959896395588;Bom Jesus do Araguaia;5101852;Mato Grosso
2022;0,9764833963622541;Bom Jesus do Araguaia;5101852;Mato Grosso
2023;8,453418639317558;Bom Jesus do Araguaia;5101852;Mato Grosso
2024;5,46893791082544;Bom Jesus do Araguaia;5101852;Mato Grosso
2007;4132,895118560953;Brasnorte;5101902;Mato Grosso
2008;117,04353674282112;Brasnorte;5101902;Mato Grosso
2009;16,017622370332248;Brasnorte;5101902;Mato Grosso
2010;11,6934962399676;Brasnorte;5101902;Mato Grosso
2011;13,520515064912303;Brasnorte;5101902;Mato Grosso
2012;9,548874063020158;Brasnorte;5101902;Mato Grosso
2013;11,951968240038427;Brasnorte;5101902;Mato Grosso
2014;16,63434843828566;Brasnorte;5101902;Mato Grosso
2015;31,244050319050547;Brasnorte;5101902;Mato Grosso
2016;26,617646044859402;Brasnorte;5101902;Mato Grosso
2017;25,2671480808109;Brasnorte;5101902;Mato Grosso
2018;15,10682817072624;Brasnorte;5101902;Mato Grosso
2019;47,39119011414908;Brasnorte;5101902;Mato Grosso
2020;33,730976660409375;Brasnorte;5101902;Mato Grosso
2021;12,212063772425395;Brasnorte;5101902;Mato Grosso
2022;15,051348672108153;Brasnorte;5101902;Mato Grosso
2023;25,647869674741425;Brasnorte;5101902;Mato Grosso
2024;33,970930359149975;Brasnorte;5101902;Mato Grosso
2007;1917,8212270021734;Caceres;5102504;Mato Grosso
2008;13,91935432444857;Caceres;5102504;Mato Grosso
2009;2,1756505089325135;Caceres;5102504;Mato Grosso
2010;1,1021018530086168;Caceres;5102504;Mato Grosso
2011;1,2135419679197075;Caceres;5102504;Mato Grosso
2012;1,467544921443509;Caceres;5102504;Mato Grosso
2013;5,284661073058297;Caceres;5102504;Mato Grosso
2014;2,5407724522452235;Caceres;5102504;Mato Grosso
2015;8,132958268377186;Caceres;5102504;Mato Grosso
2016;5,8720645686761666;Caceres;5102504;Mato Grosso
2017;8,281783341098746;Caceres;5102504;Mato Grosso
2018;2,063083916069944;Caceres;5102504;Mato Grosso
2019;2,062117815866841;Caceres;5102504;Mato Grosso
2020;5,914945479643831;Caceres;5102504;Mato Grosso
2021;5,050309712440925;Caceres;5102504;Mato Grosso
2022;5,896372647754543;Caceres;5102504;Mato Grosso
2023;2,9049534273785302;Caceres;5102504;Mato Grosso
2024;0;Caceres;5102504;Mato Grosso
2007;0,25216986522987056;Campinapolis;5102603;Mato Grosso
2008;0;Campinapolis;5102603;Mato Grosso
2009;0;Campinapolis;5102603;Mato Grosso
2010;0;Campinapolis;5102603;Mato Grosso
2011;0;Campinapolis;5102603;Mato Grosso
2012;0;Campinapolis;5102603;Mato Grosso
2013;0;Campinapolis;5102603;Mato Grosso
2014;0;Campinapolis;5102603;Mato Grosso
2015;0;Campinapolis;5102603;Mato Grosso
2016;0;Campinapolis;5102603;Mato Grosso
2017;0;Campinapolis;5102603;Mato Grosso
2018;0;Campinapolis;5102603;Mato Grosso
2019;0;Campinapolis;5102603;Mato Grosso
2020;0;Campinapolis;5102603;Mato Grosso
2021;0;Campinapolis;5102603;Mato Grosso
2022;0;Campinapolis;5102603;Mato Grosso
2023;0;Campinapolis;5102603;Mato Grosso
2024;0;Campinapolis;5102603;Mato Grosso
2007;261,2718756000902;Campo Novo do Parecis;5102637;Mato Grosso
2008;0,9709003475930651;Campo Novo do Parecis;5102637;Mato Grosso
2009;0,15103192601725285;Campo Novo do Parecis;5102637;Mato Grosso
2010;0,004040631810175644;Campo Novo do Parecis;5102637;Mato Grosso
2011;1,1944225534369062;Campo Novo do Parecis;5102637;Mato Grosso
2012;0;Campo Novo do Parecis;5102637;Mato Grosso
2013;0,014594379565430969;Campo Novo do Parecis;5102637;Mato Grosso
2014;0,5205354468452658;Campo Novo do Parecis;5102637;Mato Grosso
2015;0;Campo Novo do Parecis;5102637;Mato Grosso
2016;0,7979580911877935;Campo Novo do Parecis;5102637;Mato Grosso
2017;0,24329795539242202;Campo Novo do Parecis;5102637;Mato Grosso
2018;0;Campo Novo do Parecis;5102637;Mato Grosso
2019;3,0440441294459;Campo Novo do Parecis;5102637;Mato Grosso
2020;0;Campo Novo do Parecis;5102637;Mato Grosso
2021;3,9659009687180022;Campo Novo do Parecis;5102637;Mato Grosso
2022;1,8874018915041701;Campo Novo do Parecis;5102637;Mato Grosso
2023;0;Campo Novo do Parecis;5102637;Mato Grosso
2024;1,9533711496699169;Campo Novo do Parecis;5102637;Mato Grosso
2007;364,6911354852547;Campo Verde;5102678;Mato Grosso
2008;1,6554420588194418;Campo Verde;5102678;Mato Grosso
2009;0,6626157926020231;Campo Verde;5102678;Mato Grosso
2010;0,14584196117641385;Campo Verde;5102678;Mato Grosso
2011;0,20784210986965118;Campo Verde;5102678;Mato Grosso
2012;0;Campo Verde;5102678;Mato Grosso
2013;0,17546560546073403;Campo Verde;5102678;Mato Grosso
2014;0,27886919352271;Campo Verde;5102678;Mato Grosso
2015;0;Campo Verde;5102678;Mato Grosso
2016;0,24180247425752882;Campo Verde;5102678;Mato Grosso
2017;0,3015025831505399;Campo Verde;5102678;Mato Grosso
2018;0;Campo Verde;5102678;Mato Grosso
2019;0,3490126896745801;Campo Verde;5102678;Mato Grosso
2020;0,31553150952380904;Campo Verde;5102678;Mato Grosso
2021;0,20542199061921812;Campo Verde;5102678;Mato Grosso
2022;0;Campo Verde;5102678;Mato Grosso
2023;0;Campo Verde;5102678;Mato Grosso
2024;0;Campo Verde;5102678;Mato Grosso
2007;104,51772296389208;Campos de Julio;5102686;Mato Grosso
2008;0,6263551653840216;Campos de Julio;5102686;Mato Grosso
2009;0;Campos de Julio;5102686;Mato Grosso
2010;0,1716886482348732;Campos de Julio;5102686;Mato Grosso
2011;0,06584375561965847;Campos de Julio;5102686;Mato Grosso
2012;0;Campos de Julio;5102686;Mato Grosso
2013;0,5056485174575734;Campos de Julio;5102686;Mato Grosso
2014;0;Campos de Julio;5102686;Mato Grosso
2015;0,1318549018285671;Campos de Julio;5102686;Mato Grosso
2016;1,1576598809593701;Campos de Julio;5102686;Mato Grosso
2017;0,3292175311443496;Campos de Julio;5102686;Mato Grosso
2018;0,36352817683272515;Campos de Julio;5102686;Mato Grosso
2019;4,3320608679083135;Campos de Julio;5102686;Mato Grosso
2020;0,09149610049325893;Campos de Julio;5102686;Mato Grosso
2021;0,6634533830224234;Campos de Julio;5102686;Mato Grosso
2022;0,4684230121318741;Campos de Julio;5102686;Mato Grosso
2023;0,08741877412637136;Campos de Julio;5102686;Mato Grosso
2024;0;Campos de Julio;5102686;Mato Grosso
2007;1589,5541965901784;Canabrava do Norte;5102694;Mato Grosso
2008;25,541304237875433;Canabrava do Norte;5102694;Mato Grosso
2009;6,959283670302286;Canabrava do Norte;5102694;Mato Grosso
2010;1,6669592707868788;Canabrava do Norte;5102694;Mato Grosso
2011;13,416780405319097;Canabrava do Norte;5102694;Mato Grosso
2012;0,9857888434749951;Canabrava do Norte;5102694;Mato Grosso
2013;11,014481388603194;Canabrava do Norte;5102694;Mato Grosso
2014;1,7086898827791879;Canabrava do Norte;5102694;Mato Grosso
2015;2,4184659611250496;Canabrava do Norte;5102694;Mato Grosso
2016;2,6692400144570305;Canabrava do Norte;5102694;Mato Grosso
2017;1,2028522074778545;Canabrava do Norte;5102694;Mato Grosso
2018;1,5818875149180003;Canabrava do Norte;5102694;Mato Grosso
2019;4,35935276509928;Canabrava do Norte;5102694;Mato Grosso
2020;2,123557541723863;Canabrava do Norte;5102694;Mato Grosso
2021;6,130344418192104;Canabrava do Norte;5102694;Mato Grosso
2022;2,900648215087004;Canabrava do Norte;5102694;Mato Grosso
2023;0,10097194456101662;Canabrava do Norte;5102694;Mato Grosso
2024;1,598847946842576;Canabrava do Norte;5102694;Mato Grosso
2007;1874,2126970157474;Canarana;5102702;Mato Grosso
2008;5,5933219130875065;Canarana;5102702;Mato Grosso
2009;0,5382691742740587;Canarana;5102702;Mato Grosso
2010;0;Canarana;5102702;Mato Grosso
2011;1,963452614636182;Canarana;5102702;Mato Grosso
2012;7,082190057838333;Canarana;5102702;Mato Grosso
2013;2,5717300449236022;Canarana;5102702;Mato Grosso
2014;7,682666250414486;Canarana;5102702;Mato Grosso
2015;1,526339064078246;Canarana;5102702;Mato Grosso
2016;0,667262713538979;Canarana;5102702;Mato Grosso
2017;1,608787249540034;Canarana;5102702;Mato Grosso
2018;0,14152604711505712;Canarana;5102702;Mato Grosso
2019;19,747718411238147;Canarana;5102702;Mato Grosso
2020;3,45766958103955;Canarana;5102702;Mato Grosso
2021;0,8685308534049118;Canarana;5102702;Mato Grosso
2022;1,2325464209996215;Canarana;5102702;Mato Grosso
2023;8,617235184778073;Canarana;5102702;Mato Grosso
2024;7,355090232615141;Canarana;5102702;Mato Grosso
2007;1695,367846538233;Carlinda;5102793;Mato Grosso
2008;3,9475760591227935;Carlinda;5102793;Mato Grosso
2009;0,2172991832861628;Carlinda;5102793;Mato Grosso
2010;0,2989671378794688;Carlinda;5102793;Mato Grosso
2011;0,753651145960269;Carlinda;5102793;Mato Grosso
2012;0,13516198869191468;Carlinda;5102793;Mato Grosso
2013;4,380635735681448;Carlinda;5102793;Mato Grosso
2014;1,4418875354354608;Carlinda;5102793;Mato Grosso
2015;2,4296128804146306;Carlinda;5102793;Mato Grosso
2016;5,061462301094991;Carlinda;5102793;Mato Grosso
2017;2,3068212624631474;Carlinda;5102793;Mato Grosso
2018;2,4199389326389427;Carlinda;5102793;Mato Grosso
2019;2,0973689338393005;Carlinda;5102793;Mato Grosso
2020;1,6001114248640445;Carlinda;5102793;Mato Grosso
2021;1,9063727038876266;Carlinda;5102793;Mato Grosso
2022;1,4709483622664958;Carlinda;5102793;Mato Grosso
2023;2,25351898032753;Carlinda;5102793;Mato Grosso
2024;1,786626789468688;Carlinda;5102793;Mato Grosso
2007;2430,792368053827;Castanheira;5102850;Mato Grosso
2008;27,747543950676935;Castanheira;5102850;Mato Grosso
2009;15,760197734777135;Castanheira;5102850;Mato Grosso
2010;8,709757445924955;Castanheira;5102850;Mato Grosso
2011;6,829126215723077;Castanheira;5102850;Mato Grosso
2012;11,430414768782775;Castanheira;5102850;Mato Grosso
2013;8,0154748240079;Castanheira;5102850;Mato Grosso
2014;5,307498654441206;Castanheira;5102850;Mato Grosso
2015;9,190333907570167;Castanheira;5102850;Mato Grosso
2016;11,65042155822272;Castanheira;5102850;Mato Grosso
2017;7,721994232059623;Castanheira;5102850;Mato Grosso
2018;3,1802986740033368;Castanheira;5102850;Mato Grosso
2019;8,749167854910986;Castanheira;5102850;Mato Grosso
2020;7,202615834705143;Castanheira;5102850;Mato Grosso
2021;5,050334792017526;Castanheira;5102850;Mato Grosso
2022;4,253913729545143;Castanheira;5102850;Mato Grosso
2023;3,550804039978628;Castanheira;5102850;Mato Grosso
2024;0,9295153446767896;Castanheira;5102850;Mato Grosso
2007;424,4856939150087;Chapada dos Guimaraes;5103007;Mato Grosso
2008;0,14185602648357146;Chapada dos Guimaraes;5103007;Mato Grosso
2009;0,6513482415551701;Chapada dos Guimaraes;5103007;Mato Grosso
2010;0,25677865670098754;Chapada dos Guimaraes;5103007;Mato Grosso
2011;0,3735061023811539;Chapada dos Guimaraes;5103007;Mato Grosso
2012;0,4856854189143785;Chapada dos Guimaraes;5103007;Mato Grosso
2013;0;Chapada dos Guimaraes;5103007;Mato Grosso
2014;0,7279270629365336;Chapada dos Guimaraes;5103007;Mato Grosso
2015;0,3200793078674159;Chapada dos Guimaraes;5103007;Mato Grosso
2016;0,07484765367736355;Chapada dos Guimaraes;5103007;Mato Grosso
2017;0;Chapada dos Guimaraes;5103007;Mato Grosso
2018;0;Chapada dos Guimaraes;5103007;Mato Grosso
2019;0,06472303924951277;Chapada dos Guimaraes;5103007;Mato Grosso
2020;0,0688492071451285;Chapada dos Guimaraes;5103007;Mato Grosso
2021;0,12533789200176512;Chapada dos Guimaraes;5103007;Mato Grosso
2022;0;Chapada dos Guimaraes;5103007;Mato Grosso
2023;0;Chapada dos Guimaraes;5103007;Mato Grosso
2024;0;Chapada dos Guimaraes;5103007;Mato Grosso
2007;1485,2836042533904;Claudia;5103056;Mato Grosso
2008;26,437346579850033;Claudia;5103056;Mato Grosso
2009;25,252288010540564;Claudia;5103056;Mato Grosso
2010;8,325347491204418;Claudia;5103056;Mato Grosso
2011;11,683404148705879;Claudia;5103056;Mato Grosso
2012;3,947899876530384;Claudia;5103056;Mato Grosso
2013;19,451352193048354;Claudia;5103056;Mato Grosso
2014;21,507675444537195;Claudia;5103056;Mato Grosso
2015;20,801031676262205;Claudia;5103056;Mato Grosso
2016;13,64425327091568;Claudia;5103056;Mato Grosso
2017;31,60682365427297;Claudia;5103056;Mato Grosso
2018;49,41537179167766;Claudia;5103056;Mato Grosso
2019;91,92395077028361;Claudia;5103056;Mato Grosso
2020;44,07320854010985;Claudia;5103056;Mato Grosso
2021;24,22800569837534;Claudia;5103056;Mato Grosso
2022;16,570450738729445;Claudia;5103056;Mato Grosso
2023;39,026151460658205;Claudia;5103056;Mato Grosso
2024;20,396207918027034;Claudia;5103056;Mato Grosso
2007;228,90062624190864;Cocalinho;5103106;Mato Grosso
2008;1,2725695159893498;Cocalinho;5103106;Mato Grosso
2009;0,6280504337958847;Cocalinho;5103106;Mato Grosso
2010;2,343596763344858;Cocalinho;5103106;Mato Grosso
2011;1,496238494615899;Cocalinho;5103106;Mato Grosso
2012;1,6604541217337994;Cocalinho;5103106;Mato Grosso
2013;2,1134095023935027;Cocalinho;5103106;Mato Grosso
2014;1,3733570494043352;Cocalinho;5103106;Mato Grosso
2015;7,070829943072888;Cocalinho;5103106;Mato Grosso
2016;4,363334644943586;Cocalinho;5103106;Mato Grosso
2017;11,41574798274763;Cocalinho;5103106;Mato Grosso
2018;0,3689581788377408;Cocalinho;5103106;Mato Grosso
2019;2,2784916893399383;Cocalinho;5103106;Mato Grosso
2020;0,6959102271191207;Cocalinho;5103106;Mato Grosso
2021;0,4624889405164718;Cocalinho;5103106;Mato Grosso
2022;1,8781690994666662;Cocalinho;5103106;Mato Grosso
2023;0,1479217682195561;Cocalinho;5103106;Mato Grosso
2024;0;Cocalinho;5103106;Mato Grosso
2007;2486,712097290663;Colider;5103205;Mato Grosso
2008;8,377656188423948;Colider;5103205;Mato Grosso
2009;2,4107788380832194;Colider;5103205;Mato Grosso
2010;0,6095611617477991;Colider;5103205;Mato Grosso
2011;0,48166895664628034;Colider;5103205;Mato Grosso
2012;1,9907775234739804;Colider;5103205;Mato Grosso
2013;1,0869516646699457;Colider;5103205;Mato Grosso
2014;1,5172692600397923;Colider;5103205;Mato Grosso
2015;11,285304458007822;Colider;5103205;Mato Grosso
2016;2,5034432590601323;Colider;5103205;Mato Grosso
2017;3,5187463994196695;Colider;5103205;Mato Grosso
2018;2,5092162729842307;Colider;5103205;Mato Grosso
2019;8,365786664412921;Colider;5103205;Mato Grosso
2020;5,632054508004988;Colider;5103205;Mato Grosso
2021;5,012572263641699;Colider;5103205;Mato Grosso
2022;3,09882171227047;Colider;5103205;Mato Grosso
2023;2,3555973864904103;Colider;5103205;Mato Grosso
2024;0,555938679629217;Colider;5103205;Mato Grosso
2007;3318,444635028351;Colniza;5103254;Mato Grosso
2008;123,38572547541476;Colniza;5103254;Mato Grosso
2009;74,37518784512115;Colniza;5103254;Mato Grosso
2010;78,10140907204831;Colniza;5103254;Mato Grosso
2011;86,87727674080958;Colniza;5103254;Mato Grosso
2012;80,31145559515724;Colniza;5103254;Mato Grosso
2013;155,88010191664478;Colniza;5103254;Mato Grosso
2014;145,63187560967313;Colniza;5103254;Mato Grosso
2015;249,83939104356122;Colniza;5103254;Mato Grosso
2016;223,10575572698798;Colniza;5103254;Mato Grosso
2017;174,4420488750884;Colniza;5103254;Mato Grosso
2018;234,53816607073628;Colniza;5103254;Mato Grosso
2019;197,65123226877478;Colniza;5103254;Mato Grosso
2020;239,4294370870225;Colniza;5103254;Mato Grosso
2021;267,4233328151816;Colniza;5103254;Mato Grosso
2022;397,79942873461476;Colniza;5103254;Mato Grosso
2023;149,26515968057845;Colniza;5103254;Mato Grosso
2024;113,13973397235421;Colniza;5103254;Mato Grosso
2007;2914,631708651535;Comodoro;5103304;Mato Grosso
2008;44,90420872809312;Comodoro;5103304;Mato Grosso
2009;13,608004948314377;Comodoro;5103304;Mato Grosso
2010;19,33759743758806;Comodoro;5103304;Mato Grosso
2011;17,724213873539448;Comodoro;5103304;Mato Grosso
2012;7,364242112564038;Comodoro;5103304;Mato Grosso
2013;30,700370520547647;Comodoro;5103304;Mato Grosso
2014;15,805483914832125;Comodoro;5103304;Mato Grosso
2015;33,38865916609522;Comodoro;5103304;Mato Grosso
2016;20,85153672072802;Comodoro;5103304;Mato Grosso
2017;25,264658218874416;Comodoro;5103304;Mato Grosso
2018;31,768453478529427;Comodoro;5103304;Mato Grosso
2019;30,489998713612962;Comodoro;5103304;Mato Grosso
2020;32,467272831612426;Comodoro;5103304;Mato Grosso
2021;23,368579089612478;Comodoro;5103304;Mato Grosso
2022;12,499502990499154;Comodoro;5103304;Mato Grosso
2023;10,08675534966191;Comodoro;5103304;Mato Grosso
2024;5,513647957464552;Comodoro;5103304;Mato Grosso
2007;3627,6373171238215;Confresa;5103353;Mato Grosso
2008;63,75938855418148;Confresa;5103353;Mato Grosso
2009;7,3990620679173205;Confresa;5103353;Mato Grosso
2010;12,918349558742818;Confresa;5103353;Mato Grosso
2011;24,969208659419106;Confresa;5103353;Mato Grosso
2012;49,46321467864021;Confresa;5103353;Mato Grosso
2013;19,604609277392377;Confresa;5103353;Mato Grosso
2014;23,763306179786532;Confresa;5103353;Mato Grosso
2015;20,87653345671231;Confresa;5103353;Mato Grosso
2016;18,3122877268503;Confresa;5103353;Mato Grosso
2017;26,46212640257915;Confresa;5103353;Mato Grosso
2018;15,224487703952434;Confresa;5103353;Mato Grosso
2019;9,529444919647013;Confresa;5103353;Mato Grosso
2020;29,368885364708834;Confresa;5103353;Mato Grosso
2021;36,06830331742308;Confresa;5103353;Mato Grosso
2022;32,705744075226114;Confresa;5103353;Mato Grosso
2023;15,065942045320474;Confresa;5103353;Mato Grosso
2024;4,345886973401642;Confresa;5103353;Mato Grosso
2007;573,1353143426306;Conquista D'Oeste;5103361;Mato Grosso
2008;1,6651572987397063;Conquista D'Oeste;5103361;Mato Grosso
2009;0,8476684207253308;Conquista D'Oeste;5103361;Mato Grosso
2010;1,1770690190341506;Conquista D'Oeste;5103361;Mato Grosso
2011;2,725377838961041;Conquista D'Oeste;5103361;Mato Grosso
2012;0,21801870791408706;Conquista D'Oeste;5103361;Mato Grosso
2013;0,14141832159007509;Conquista D'Oeste;5103361;Mato Grosso
2014;0,48030603828844537;Conquista D'Oeste;5103361;Mato Grosso
2015;0,5506815840592035;Conquista D'Oeste;5103361;Mato Grosso
2016;0;Conquista D'Oeste;5103361;Mato Grosso
2017;0,20732039799308485;Conquista D'Oeste;5103361;Mato Grosso
2018;0,0202782577774528;Conquista D'Oeste;5103361;Mato Grosso
2019;0,7744926663171614;Conquista D'Oeste;5103361;Mato Grosso
2020;0,18498237794260208;Conquista D'Oeste;5103361;Mato Grosso
2021;2,662620683414617;Conquista D'Oeste;5103361;Mato Grosso
2022;1,8206414002514757;Conquista D'Oeste;5103361;Mato Grosso
2023;7,39205510318584;Conquista D'Oeste;5103361;Mato Grosso
2024;19,853059467312278;Conquista D'Oeste;5103361;Mato Grosso
2007;1760,1231925374746;Cotriguacu;5103379;Mato Grosso
2008;77,06387611618736;Cotriguacu;5103379;Mato Grosso
2009;35,86875996659383;Cotriguacu;5103379;Mato Grosso
2010;26,420949960978184;Cotriguacu;5103379;Mato Grosso
2011;21,374598720693932;Cotriguacu;5103379;Mato Grosso
2012;44,09186861437428;Cotriguacu;5103379;Mato Grosso
2013;42,599256190936394;Cotriguacu;5103379;Mato Grosso
2014;45,88818630702917;Cotriguacu;5103379;Mato Grosso
2015;58,201411528396456;Cotriguacu;5103379;Mato Grosso
2016;50,738176321078505;Cotriguacu;5103379;Mato Grosso
2017;45,07859720217877;Cotriguacu;5103379;Mato Grosso
2018;22,142914330021814;Cotriguacu;5103379;Mato Grosso
2019;32,89162583410809;Cotriguacu;5103379;Mato Grosso
2020;49,77961399295892;Cotriguacu;5103379;Mato Grosso
2021;30,328655957063056;Cotriguacu;5103379;Mato Grosso
2022;40,538549430193044;Cotriguacu;5103379;Mato Grosso
2023;29,691047725421267;Cotriguacu;5103379;Mato Grosso
2024;5,539527781261436;Cotriguacu;5103379;Mato Grosso
2007;131,39663053636684;Cuiaba;5103403;Mato Grosso
2008;0;Cuiaba;5103403;Mato Grosso
2009;0,5859812133782307;Cuiaba;5103403;Mato Grosso
2010;0;Cuiaba;5103403;Mato Grosso
2011;0,1460004495892265;Cuiaba;5103403;Mato Grosso
2012;0;Cuiaba;5103403;Mato Grosso
2013;0,079852418456829;Cuiaba;5103403;Mato Grosso
2014;0,20945560264402094;Cuiaba;5103403;Mato Grosso
2015;0;Cuiaba;5103403;Mato Grosso
2016;0;Cuiaba;5103403;Mato Grosso
2017;0;Cuiaba;5103403;Mato Grosso
2018;0;Cuiaba;5103403;Mato Grosso
2019;0;Cuiaba;5103403;Mato Grosso
2020;0;Cuiaba;5103403;Mato Grosso
2021;0;Cuiaba;5103403;Mato Grosso
2022;0;Cuiaba;5103403;Mato Grosso
2023;0,07238612053591854;Cuiaba;5103403;Mato Grosso
2024;0;Cuiaba;5103403;Mato Grosso
2007;287,6717634647277;Curvelandia;5103437;Mato Grosso
2008;0,6203157420306089;Curvelandia;5103437;Mato Grosso
2009;0;Curvelandia;5103437;Mato Grosso
2010;0;Curvelandia;5103437;Mato Grosso
2011;0;Curvelandia;5103437;Mato Grosso
2012;0;Curvelandia;5103437;Mato Grosso
2013;0,11252228234923964;Curvelandia;5103437;Mato Grosso
2014;0;Curvelandia;5103437;Mato Grosso
2015;0;Curvelandia;5103437;Mato Grosso
2016;0;Curvelandia;5103437;Mato Grosso
2017;0;Curvelandia;5103437;Mato Grosso
2018;0;Curvelandia;5103437;Mato Grosso
2019;0,13394485640762238;Curvelandia;5103437;Mato Grosso
2020;0,30470070496971013;Curvelandia;5103437;Mato Grosso
2021;0,10556495839327353;Curvelandia;5103437;Mato Grosso
2022;0;Curvelandia;5103437;Mato Grosso
2023;0,0028877574625257403;Curvelandia;5103437;Mato Grosso
2024;0;Curvelandia;5103437;Mato Grosso
2007;1099,2016586693903;Denise;5103452;Mato Grosso
2008;0,8908382262385697;Denise;5103452;Mato Grosso
2009;0,3952740631453415;Denise;5103452;Mato Grosso
2010;0,2512418595019027;Denise;5103452;Mato Grosso
2011;0;Denise;5103452;Mato Grosso
2012;0;Denise;5103452;Mato Grosso
2013;0;Denise;5103452;Mato Grosso
2014;0;Denise;5103452;Mato Grosso
2015;0;Denise;5103452;Mato Grosso
2016;0,07531651596274443;Denise;5103452;Mato Grosso
2017;0,623929653376833;Denise;5103452;Mato Grosso
2018;0;Denise;5103452;Mato Grosso
2019;0,08540569891179517;Denise;5103452;Mato Grosso
2020;0,28531334046059764;Denise;5103452;Mato Grosso
2021;0,08395710691140648;Denise;5103452;Mato Grosso
2022;0,32525145086299656;Denise;5103452;Mato Grosso
2023;0;Denise;5103452;Mato Grosso
2024;0;Denise;5103452;Mato Grosso
2007;601,2775248681307;Diamantino;5103502;Mato Grosso
2008;5,08191649010678;Diamantino;5103502;Mato Grosso
2009;0,8836263459889461;Diamantino;5103502;Mato Grosso
2010;0,8501877568961881;Diamantino;5103502;Mato Grosso
2011;1,2211982945761883;Diamantino;5103502;Mato Grosso
2012;1,4979669063584935;Diamantino;5103502;Mato Grosso
2013;1,8996478209691796;Diamantino;5103502;Mato Grosso
2014;4,775920778475593;Diamantino;5103502;Mato Grosso
2015;5,538187724409281;Diamantino;5103502;Mato Grosso
2016;3,446192982529896;Diamantino;5103502;Mato Grosso
2017;6,944487202841014;Diamantino;5103502;Mato Grosso
2018;4,008187006853046;Diamantino;5103502;Mato Grosso
2019;0,5757392806953509;Diamantino;5103502;Mato Grosso
2020;6,013676141834611;Diamantino;5103502;Mato Grosso
2021;5,675174265919053;Diamantino;5103502;Mato Grosso
2022;1,303804532632265;Diamantino;5103502;Mato Grosso
2023;7,547741566728297;Diamantino;5103502;Mato Grosso
2024;2,9190978478498915;Diamantino;5103502;Mato Grosso
2007;795,7580265708948;Dom Aquino;5103601;Mato Grosso
2008;0,12658384296160102;Dom Aquino;5103601;Mato Grosso
2009;0;Dom Aquino;5103601;Mato Grosso
2010;0,1976166636346388;Dom Aquino;5103601;Mato Grosso
2011;0;Dom Aquino;5103601;Mato Grosso
2012;0;Dom Aquino;5103601;Mato Grosso
2013;0;Dom Aquino;5103601;Mato Grosso
2014;0;Dom Aquino;5103601;Mato Grosso
2015;0;Dom Aquino;5103601;Mato Grosso
2016;0;Dom Aquino;5103601;Mato Grosso
2017;0;Dom Aquino;5103601;Mato Grosso
2018;0;Dom Aquino;5103601;Mato Grosso
2019;0,1912599959973534;Dom Aquino;5103601;Mato Grosso
2020;0,0964166307375884;Dom Aquino;5103601;Mato Grosso
2021;0,1368389494316396;Dom Aquino;5103601;Mato Grosso
2022;0;Dom Aquino;5103601;Mato Grosso
2023;0;Dom Aquino;5103601;Mato Grosso
2024;0;Dom Aquino;5103601;Mato Grosso
2007;1750,569945316006;Feliz Natal;5103700;Mato Grosso
2008;223,946071406106;Feliz Natal;5103700;Mato Grosso
2009;3,61575367625309;Feliz Natal;5103700;Mato Grosso
2010;27,852677486600594;Feliz Natal;5103700;Mato Grosso
2011;27,474340752128494;Feliz Natal;5103700;Mato Grosso
2012;20,090000752498593;Feliz Natal;5103700;Mato Grosso
2013;21,93302131207827;Feliz Natal;5103700;Mato Grosso
2014;49,47590788796237;Feliz Natal;5103700;Mato Grosso
2015;84,06506459468977;Feliz Natal;5103700;Mato Grosso
2016;79,3012433044643;Feliz Natal;5103700;Mato Grosso
2017;40,49634524851254;Feliz Natal;5103700;Mato Grosso
2018;63,087387667938735;Feliz Natal;5103700;Mato Grosso
2019;47,42170065067891;Feliz Natal;5103700;Mato Grosso
2020;63,45248025712421;Feliz Natal;5103700;Mato Grosso
2021;42,719773413144885;Feliz Natal;5103700;Mato Grosso
2022;49,051355225493225;Feliz Natal;5103700;Mato Grosso
2023;99,60710044301531;Feliz Natal;5103700;Mato Grosso
2024;22,594646817566204;Feliz Natal;5103700;Mato Grosso
2007;721,2753251451994;Figueiropolis D'Oeste;5103809;Mato Grosso
2008;0,9102331071865534;Figueiropolis D'Oeste;5103809;Mato Grosso
2009;0,16796333812886646;Figueiropolis D'Oeste;5103809;Mato Grosso
2010;0,12133434500766661;Figueiropolis D'Oeste;5103809;Mato Grosso
2011;0,3140405453515869;Figueiropolis D'Oeste;5103809;Mato Grosso
2012;0;Figueiropolis D'Oeste;5103809;Mato Grosso
2013;0,0027332116257334543;Figueiropolis D'Oeste;5103809;Mato Grosso
2014;0;Figueiropolis D'Oeste;5103809;Mato Grosso
2015;0,07990016857067779;Figueiropolis D'Oeste;5103809;Mato Grosso
2016;0;Figueiropolis D'Oeste;5103809;Mato Grosso
2017;0;Figueiropolis D'Oeste;5103809;Mato Grosso
2018;0,04101957678581811;Figueiropolis D'Oeste;5103809;Mato Grosso
2019;0;Figueiropolis D'Oeste;5103809;Mato Grosso
2020;0,32312783794243055;Figueiropolis D'Oeste;5103809;Mato Grosso
2021;0;Figueiropolis D'Oeste;5103809;Mato Grosso
2022;0;Figueiropolis D'Oeste;5103809;Mato Grosso
2023;0;Figueiropolis D'Oeste;5103809;Mato Grosso
2024;0;Figueiropolis D'Oeste;5103809;Mato Grosso
2007;3291,7221220812294;Gaucha do Norte;5103858;Mato Grosso
2008;196,35620113301744;Gaucha do Norte;5103858;Mato Grosso
2009;9,262754037700319;Gaucha do Norte;5103858;Mato Grosso
2010;3,2302631637790324;Gaucha do Norte;5103858;Mato Grosso
2011;9,703502234753183;Gaucha do Norte;5103858;Mato Grosso
2012;10,320310579281418;Gaucha do Norte;5103858;Mato Grosso
2013;25,238359766681185;Gaucha do Norte;5103858;Mato Grosso
2014;32,39404453226519;Gaucha do Norte;5103858;Mato Grosso
2015;10,752822628736773;Gaucha do Norte;5103858;Mato Grosso
2016;58,07810836170046;Gaucha do Norte;5103858;Mato Grosso
2017;48,304241807594686;Gaucha do Norte;5103858;Mato Grosso
2018;8,553282477127677;Gaucha do Norte;5103858;Mato Grosso
2019;15,619259476155813;Gaucha do Norte;5103858;Mato Grosso
2020;52,578604579286655;Gaucha do Norte;5103858;Mato Grosso
2021;21,709787655094896;Gaucha do Norte;5103858;Mato Grosso
2022;18,49737837967865;Gaucha do Norte;5103858;Mato Grosso
2023;17,28881163806928;Gaucha do Norte;5103858;Mato Grosso
2024;5,486317668840172;Gaucha do Norte;5103858;Mato Grosso
2007;0;General Carneiro;5103908;Mato Grosso
2008;0;General Carneiro;5103908;Mato Grosso
2009;0;General Carneiro;5103908;Mato Grosso
2010;0;General Carneiro;5103908;Mato Grosso
2011;0;General Carneiro;5103908;Mato Grosso
2012;0;General Carneiro;5103908;Mato Grosso
2013;0;General Carneiro;5103908;Mato Grosso
2014;0;General Carneiro;5103908;Mato Grosso
2015;0;General Carneiro;5103908;Mato Grosso
2016;0;General Carneiro;5103908;Mato Grosso
2017;0;General Carneiro;5103908;Mato Grosso
2018;0;General Carneiro;5103908;Mato Grosso
2019;0;General Carneiro;5103908;Mato Grosso
2020;0;General Carneiro;5103908;Mato Grosso
2021;0;General Carneiro;5103908;Mato Grosso
2022;0;General Carneiro;5103908;Mato Grosso
2023;0;General Carneiro;5103908;Mato Grosso
2024;0;General Carneiro;5103908;Mato Grosso
2007;286,27746633796124;Gloria D'Oeste;5103957;Mato Grosso
2008;0,6435552523398201;Gloria D'Oeste;5103957;Mato Grosso
2009;0,05220998295460712;Gloria D'Oeste;5103957;Mato Grosso
2010;0;Gloria D'Oeste;5103957;Mato Grosso
2011;0;Gloria D'Oeste;5103957;Mato Grosso
2012;0;Gloria D'Oeste;5103957;Mato Grosso
2013;0;Gloria D'Oeste;5103957;Mato Grosso
2014;0;Gloria D'Oeste;5103957;Mato Grosso
2015;0,1088581670580988;Gloria D'Oeste;5103957;Mato Grosso
2016;0;Gloria D'Oeste;5103957;Mato Grosso
2017;0,08470643444883164;Gloria D'Oeste;5103957;Mato Grosso
2018;0;Gloria D'Oeste;5103957;Mato Grosso
2019;0;Gloria D'Oeste;5103957;Mato Grosso
2020;0,09874215354517797;Gloria D'Oeste;5103957;Mato Grosso
2021;0;Gloria D'Oeste;5103957;Mato Grosso
2022;0;Gloria D'Oeste;5103957;Mato Grosso
2023;0;Gloria D'Oeste;5103957;Mato Grosso
2024;0;Gloria D'Oeste;5103957;Mato Grosso
2007;2364,967875764518;Guaranta do Norte;5104104;Mato Grosso
2008;39,50883691079778;Guaranta do Norte;5104104;Mato Grosso
2009;9,059894472780995;Guaranta do Norte;5104104;Mato Grosso
2010;4,794795291130304;Guaranta do Norte;5104104;Mato Grosso
2011;9,210363637999041;Guaranta do Norte;5104104;Mato Grosso
2012;4,0061769638171985;Guaranta do Norte;5104104;Mato Grosso
2013;8,024807470562324;Guaranta do Norte;5104104;Mato Grosso
2014;7,350412849978301;Guaranta do Norte;5104104;Mato Grosso
2015;11,495521566582374;Guaranta do Norte;5104104;Mato Grosso
2016;14,712769104927093;Guaranta do Norte;5104104;Mato Grosso
2017;7,318562211919655;Guaranta do Norte;5104104;Mato Grosso
2018;4,10308728796328;Guaranta do Norte;5104104;Mato Grosso
2019;13,042305518210187;Guaranta do Norte;5104104;Mato Grosso
2020;8,006731140734544;Guaranta do Norte;5104104;Mato Grosso
2021;11,575115648704376;Guaranta do Norte;5104104;Mato Grosso
2022;10,734981717440727;Guaranta do Norte;5104104;Mato Grosso
2023;7,373024406976406;Guaranta do Norte;5104104;Mato Grosso
2024;3,1378391428251193;Guaranta do Norte;5104104;Mato Grosso
2007;166,7829319342197;Guiratinga;5104203;Mato Grosso
2008;0,13862616386588827;Guiratinga;5104203;Mato Grosso
2009;0;Guiratinga;5104203;Mato Grosso
2010;0;Guiratinga;5104203;Mato Grosso
2011;0;Guiratinga;5104203;Mato Grosso
2012;0;Guiratinga;5104203;Mato Grosso
2013;0;Guiratinga;5104203;Mato Grosso
2014;0;Guiratinga;5104203;Mato Grosso
2015;0;Guiratinga;5104203;Mato Grosso
2016;0;Guiratinga;5104203;Mato Grosso
2017;0;Guiratinga;5104203;Mato Grosso
2018;0;Guiratinga;5104203;Mato Grosso
2019;0;Guiratinga;5104203;Mato Grosso
2020;0;Guiratinga;5104203;Mato Grosso
2021;0;Guiratinga;5104203;Mato Grosso
2022;0;Guiratinga;5104203;Mato Grosso
2023;0;Guiratinga;5104203;Mato Grosso
2024;0;Guiratinga;5104203;Mato Grosso
2007;564,958611826941;Indiavai;5104500;Mato Grosso
2008;0,9747809535234337;Indiavai;5104500;Mato Grosso
2009;0,26172293888775844;Indiavai;5104500;Mato Grosso
2010;0,18269932889743623;Indiavai;5104500;Mato Grosso
2011;0;Indiavai;5104500;Mato Grosso
2012;0;Indiavai;5104500;Mato Grosso
2013;0;Indiavai;5104500;Mato Grosso
2014;0;Indiavai;5104500;Mato Grosso
2015;0;Indiavai;5104500;Mato Grosso
2016;0;Indiavai;5104500;Mato Grosso
2017;0;Indiavai;5104500;Mato Grosso
2018;0;Indiavai;5104500;Mato Grosso
2019;0;Indiavai;5104500;Mato Grosso
2020;0;Indiavai;5104500;Mato Grosso
2021;0;Indiavai;5104500;Mato Grosso
2022;0;Indiavai;5104500;Mato Grosso
2023;0;Indiavai;5104500;Mato Grosso
2024;0;Indiavai;5104500;Mato Grosso
2007;1758,7810698004596;Ipiranga do Norte;5104526;Mato Grosso
2008;3,8798741035215474;Ipiranga do Norte;5104526;Mato Grosso
2009;7,47949235025165;Ipiranga do Norte;5104526;Mato Grosso
2010;42,241631136027785;Ipiranga do Norte;5104526;Mato Grosso
2011;11,371168715306196;Ipiranga do Norte;5104526;Mato Grosso
2012;1,147800974957669;Ipiranga do Norte;5104526;Mato Grosso
2013;2,7455191320067307;Ipiranga do Norte;5104526;Mato Grosso
2014;3,668804292899999;Ipiranga do Norte;5104526;Mato Grosso
2015;5,200343063303012;Ipiranga do Norte;5104526;Mato Grosso
2016;3,8123040304418483;Ipiranga do Norte;5104526;Mato Grosso
2017;1,2061928957265702;Ipiranga do Norte;5104526;Mato Grosso
2018;0,9217945145726828;Ipiranga do Norte;5104526;Mato Grosso
2019;4,4085841026169375;Ipiranga do Norte;5104526;Mato Grosso
2020;0,35275384803983806;Ipiranga do Norte;5104526;Mato Grosso
2021;3,9462706015149704;Ipiranga do Norte;5104526;Mato Grosso
2022;7,0402950001066635;Ipiranga do Norte;5104526;Mato Grosso
2023;1,4265955808774404;Ipiranga do Norte;5104526;Mato Grosso
2024;1,6801519517463526;Ipiranga do Norte;5104526;Mato Grosso
2007;1378,7607783071055;Itanhanga;5104542;Mato Grosso
2008;90,8262275793941;Itanhanga;5104542;Mato Grosso
2009;9,033599692140136;Itanhanga;5104542;Mato Grosso
2010;37,08762150617187;Itanhanga;5104542;Mato Grosso
2011;46,77892659188283;Itanhanga;5104542;Mato Grosso
2012;25,02868517780572;Itanhanga;5104542;Mato Grosso
2013;24,43764568075504;Itanhanga;5104542;Mato Grosso
2014;19,382211508762467;Itanhanga;5104542;Mato Grosso
2015;32,89445599009393;Itanhanga;5104542;Mato Grosso
2016;5,342071335181934;Itanhanga;5104542;Mato Grosso
2017;5,632853118178875;Itanhanga;5104542;Mato Grosso
2018;12,22722723716845;Itanhanga;5104542;Mato Grosso
2019;1,9260785558799203;Itanhanga;5104542;Mato Grosso
2020;31,961271330157864;Itanhanga;5104542;Mato Grosso
2021;10,436419105383376;Itanhanga;5104542;Mato Grosso
2022;8,212369246877273;Itanhanga;5104542;Mato Grosso
2023;10,241177633710691;Itanhanga;5104542;Mato Grosso
2024;22,651323156285613;Itanhanga;5104542;Mato Grosso
2007;1640,6162529566511;Itauba;5104559;Mato Grosso
2008;42,16307525352546;Itauba;5104559;Mato Grosso
2009;1,7654984291891527;Itauba;5104559;Mato Grosso
2010;2,793879024482614;Itauba;5104559;Mato Grosso
2011;8,559161845164043;Itauba;5104559;Mato Grosso
2012;2,0488976317219096;Itauba;5104559;Mato Grosso
2013;5,026764721468627;Itauba;5104559;Mato Grosso
2014;24,906938305546664;Itauba;5104559;Mato Grosso
2015;65,14148888293374;Itauba;5104559;Mato Grosso
2016;19,90440665231375;Itauba;5104559;Mato Grosso
2017;18,415011314739917;Itauba;5104559;Mato Grosso
2018;21,716919544465398;Itauba;5104559;Mato Grosso
2019;27,11027009649461;Itauba;5104559;Mato Grosso
2020;13,457843254174323;Itauba;5104559;Mato Grosso
2021;14,340816384740641;Itauba;5104559;Mato Grosso
2022;7,342471898139102;Itauba;5104559;Mato Grosso
2023;3,6057833376351107;Itauba;5104559;Mato Grosso
2024;17,82320315742224;Itauba;5104559;Mato Grosso
2007;158,80529146163082;Itiquira;5104609;Mato Grosso
2008;0;Itiquira;5104609;Mato Grosso
2009;0;Itiquira;5104609;Mato Grosso
2010;0;Itiquira;5104609;Mato Grosso
2011;0;Itiquira;5104609;Mato Grosso
2012;0;Itiquira;5104609;Mato Grosso
2013;0;Itiquira;5104609;Mato Grosso
2014;0,17356951816165972;Itiquira;5104609;Mato Grosso
2015;0;Itiquira;5104609;Mato Grosso
2016;0;Itiquira;5104609;Mato Grosso
2017;0;Itiquira;5104609;Mato Grosso
2018;0;Itiquira;5104609;Mato Grosso
2019;0;Itiquira;5104609;Mato Grosso
2020;0;Itiquira;5104609;Mato Grosso
2021;0;Itiquira;5104609;Mato Grosso
2022;0;Itiquira;5104609;Mato Grosso
2023;0;Itiquira;5104609;Mato Grosso
2024;0;Itiquira;5104609;Mato Grosso
2007;748,0523931571922;Jaciara;5104807;Mato Grosso
2008;0,3466231284401548;Jaciara;5104807;Mato Grosso
2009;0,3453194675070418;Jaciara;5104807;Mato Grosso
2010;0;Jaciara;5104807;Mato Grosso
2011;0,083670146888859;Jaciara;5104807;Mato Grosso
2012;0,2265826117478465;Jaciara;5104807;Mato Grosso
2013;0;Jaciara;5104807;Mato Grosso
2014;0;Jaciara;5104807;Mato Grosso
2015;0,15845142799643594;Jaciara;5104807;Mato Grosso
2016;0;Jaciara;5104807;Mato Grosso
2017;0;Jaciara;5104807;Mato Grosso
2018;0;Jaciara;5104807;Mato Grosso
2019;0;Jaciara;5104807;Mato Grosso
2020;0;Jaciara;5104807;Mato Grosso
2021;0;Jaciara;5104807;Mato Grosso
2022;0;Jaciara;5104807;Mato Grosso
2023;0;Jaciara;5104807;Mato Grosso
2024;0;Jaciara;5104807;Mato Grosso
2007;0;Jangada;5104906;Mato Grosso
2008;0;Jangada;5104906;Mato Grosso
2009;0;Jangada;5104906;Mato Grosso
2010;0;Jangada;5104906;Mato Grosso
2011;0;Jangada;5104906;Mato Grosso
2012;0;Jangada;5104906;Mato Grosso
2013;0;Jangada;5104906;Mato Grosso
2014;0;Jangada;5104906;Mato Grosso
2015;0;Jangada;5104906;Mato Grosso
2016;0;Jangada;5104906;Mato Grosso
2017;0;Jangada;5104906;Mato Grosso
2018;0;Jangada;5104906;Mato Grosso
2019;0;Jangada;5104906;Mato Grosso
2020;0;Jangada;5104906;Mato Grosso
2021;0;Jangada;5104906;Mato Grosso
2022;0;Jangada;5104906;Mato Grosso
2023;0;Jangada;5104906;Mato Grosso
2024;0;Jangada;5104906;Mato Grosso
2007;1090,483102772281;Jauru;5105002;Mato Grosso
2008;1,7474914912998907;Jauru;5105002;Mato Grosso
2009;0,2534745893597284;Jauru;5105002;Mato Grosso
2010;0,7062663679559241;Jauru;5105002;Mato Grosso
2011;0,10134610406000666;Jauru;5105002;Mato Grosso
2012;0,15606895289898462;Jauru;5105002;Mato Grosso
2013;0,0843742313860295;Jauru;5105002;Mato Grosso
2014;0,6577894851990035;Jauru;5105002;Mato Grosso
2015;0,586030928291873;Jauru;5105002;Mato Grosso
2016;0,36476572334882346;Jauru;5105002;Mato Grosso
2017;0,6737776832817404;Jauru;5105002;Mato Grosso
2018;0,4485975486273011;Jauru;5105002;Mato Grosso
2019;0,2223736830169279;Jauru;5105002;Mato Grosso
2020;0,9303056958611313;Jauru;5105002;Mato Grosso
2021;2,4031218447008023;Jauru;5105002;Mato Grosso
2022;0,11677265776956341;Jauru;5105002;Mato Grosso
2023;0,42349336852210534;Jauru;5105002;Mato Grosso
2024;0;Jauru;5105002;Mato Grosso
2007;7658,959351661533;Juara;5105101;Mato Grosso
2008;123,98351950810009;Juara;5105101;Mato Grosso
2009;30,77768492718968;Juara;5105101;Mato Grosso
2010;15,132750034796931;Juara;5105101;Mato Grosso
2011;56,816096885587505;Juara;5105101;Mato Grosso
2012;15,818716453047431;Juara;5105101;Mato Grosso
2013;15,909906309046464;Juara;5105101;Mato Grosso
2014;27,932271205372277;Juara;5105101;Mato Grosso
2015;46,04183796482777;Juara;5105101;Mato Grosso
2016;38,57306124148512;Juara;5105101;Mato Grosso
2017;21,469735145822035;Juara;5105101;Mato Grosso
2018;25,762035475966865;Juara;5105101;Mato Grosso
2019;85,44865283549392;Juara;5105101;Mato Grosso
2020;52,57120816314192;Juara;5105101;Mato Grosso
2021;88,21931057825114;Juara;5105101;Mato Grosso
2022;80,47581192907819;Juara;5105101;Mato Grosso
2023;116,53795200469048;Juara;5105101;Mato Grosso
2024;52,817029358721356;Juara;5105101;Mato Grosso
2007;4228,502799864924;Juina;5105150;Mato Grosso
2008;53,266965737253855;Juina;5105150;Mato Grosso
2009;20,742035040657196;Juina;5105150;Mato Grosso
2010;9,847974212094131;Juina;5105150;Mato Grosso
2011;7,331260192314002;Juina;5105150;Mato Grosso
2012;14,056163245894627;Juina;5105150;Mato Grosso
2013;27,538165880616;Juina;5105150;Mato Grosso
2014;33,192745118379044;Juina;5105150;Mato Grosso
2015;51,80900669887599;Juina;5105150;Mato Grosso
2016;51,45709244222678;Juina;5105150;Mato Grosso
2017;32,85669302736654;Juina;5105150;Mato Grosso
2018;22,194712879503577;Juina;5105150;Mato Grosso
2019;43,57745353946364;Juina;5105150;Mato Grosso
2020;20,37071077268812;Juina;5105150;Mato Grosso
2021;48,45151136069875;Juina;5105150;Mato Grosso
2022;29,057739312127335;Juina;5105150;Mato Grosso
2023;31,161825969861233;Juina;5105150;Mato Grosso
2024;18,78974522093023;Juina;5105150;Mato Grosso
2007;1118,5942153075393;Juruena;5105176;Mato Grosso
2008;40,50030889302271;Juruena;5105176;Mato Grosso
2009;15,368843221667955;Juruena;5105176;Mato Grosso
2010;14,891338363183051;Juruena;5105176;Mato Grosso
2011;6,218359847233188;Juruena;5105176;Mato Grosso
2012;10,191179059116195;Juruena;5105176;Mato Grosso
2013;12,066481066993875;Juruena;5105176;Mato Grosso
2014;6,17238236832146;Juruena;5105176;Mato Grosso
2015;7,103148999316329;Juruena;5105176;Mato Grosso
2016;11,175281285972536;Juruena;5105176;Mato Grosso
2017;16,880344051322062;Juruena;5105176;Mato Grosso
2018;4,417550274290087;Juruena;5105176;Mato Grosso
2019;3,946614072566847;Juruena;5105176;Mato Grosso
2020;5,441461693097881;Juruena;5105176;Mato Grosso
2021;3,3325315775806326;Juruena;5105176;Mato Grosso
2022;4,334994073788899;Juruena;5105176;Mato Grosso
2023;6,599924400820067;Juruena;5105176;Mato Grosso
2024;2,730985352206866;Juruena;5105176;Mato Grosso
2007;938,5320600183036;Juscimeira;5105200;Mato Grosso
2008;1,4629987593432734;Juscimeira;5105200;Mato Grosso
2009;0;Juscimeira;5105200;Mato Grosso
2010;0,06790657297920816;Juscimeira;5105200;Mato Grosso
2011;0,1550213256200922;Juscimeira;5105200;Mato Grosso
2012;0,0699848964014079;Juscimeira;5105200;Mato Grosso
2013;0,08994580884770101;Juscimeira;5105200;Mato Grosso
2014;0;Juscimeira;5105200;Mato Grosso
2015;0,09738187192858543;Juscimeira;5105200;Mato Grosso
2016;0,07718394510258929;Juscimeira;5105200;Mato Grosso
2017;0;Juscimeira;5105200;Mato Grosso
2018;0,22403686883488205;Juscimeira;5105200;Mato Grosso
2019;0;Juscimeira;5105200;Mato Grosso
2020;0;Juscimeira;5105200;Mato Grosso
2021;0,1674532004716587;Juscimeira;5105200;Mato Grosso
2022;0,07352373582869712;Juscimeira;5105200;Mato Grosso
2023;0,21507640080961812;Juscimeira;5105200;Mato Grosso
2024;0;Juscimeira;5105200;Mato Grosso
2007;1158,5536300576891;Lambari D'Oeste;5105234;Mato Grosso
2008;2,1590580099308854;Lambari D'Oeste;5105234;Mato Grosso
2009;0,9544614758693418;Lambari D'Oeste;5105234;Mato Grosso
2010;0,7786059622667933;Lambari D'Oeste;5105234;Mato Grosso
2011;1,2362864439225378;Lambari D'Oeste;5105234;Mato Grosso
2012;0,6731863615825562;Lambari D'Oeste;5105234;Mato Grosso
2013;0;Lambari D'Oeste;5105234;Mato Grosso
2014;0,5445360600273195;Lambari D'Oeste;5105234;Mato Grosso
2015;2,1170661765164223;Lambari D'Oeste;5105234;Mato Grosso
2016;1,3932541535745195;Lambari D'Oeste;5105234;Mato Grosso
2017;1,133960325584809;Lambari D'Oeste;5105234;Mato Grosso
2018;0,5323963849681346;Lambari D'Oeste;5105234;Mato Grosso
2019;0,49497190654708856;Lambari D'Oeste;5105234;Mato Grosso
2020;0,41176248950169647;Lambari D'Oeste;5105234;Mato Grosso
2021;0,7257623704055464;Lambari D'Oeste;5105234;Mato Grosso
2022;0,6050117076970141;Lambari D'Oeste;5105234;Mato Grosso
2023;2,310557566928981;Lambari D'Oeste;5105234;Mato Grosso
2024;0;Lambari D'Oeste;5105234;Mato Grosso
2007;512,0471429976764;Lucas do Rio Verde;5105259;Mato Grosso
2008;7,367646648407956;Lucas do Rio Verde;5105259;Mato Grosso
2009;0,5918868478872321;Lucas do Rio Verde;5105259;Mato Grosso
2010;4,350358904174331;Lucas do Rio Verde;5105259;Mato Grosso
2011;0,5835369307455068;Lucas do Rio Verde;5105259;Mato Grosso
2012;4,816391422683129;Lucas do Rio Verde;5105259;Mato Grosso
2013;3,0953121574366156;Lucas do Rio Verde;5105259;Mato Grosso
2014;1,4462463528250002;Lucas do Rio Verde;5105259;Mato Grosso
2015;7,025444182164346;Lucas do Rio Verde;5105259;Mato Grosso
2016;0,6891037611093024;Lucas do Rio Verde;5105259;Mato Grosso
2017;1,0952859486827664;Lucas do Rio Verde;5105259;Mato Grosso
2018;2,074873427177357;Lucas do Rio Verde;5105259;Mato Grosso
2019;0,6251226213275217;Lucas do Rio Verde;5105259;Mato Grosso
2020;6,211113290177577;Lucas do Rio Verde;5105259;Mato Grosso
2021;0,5274741221919159;Lucas do Rio Verde;5105259;Mato Grosso
2022;0,08566158464442442;Lucas do Rio Verde;5105259;Mato Grosso
2023;1,2318355486162984;Lucas do Rio Verde;5105259;Mato Grosso
2024;0,20674340166103963;Lucas do Rio Verde;5105259;Mato Grosso
2007;27,771256038187552;Luciara;5105309;Mato Grosso
2008;2,1149753586062996;Luciara;5105309;Mato Grosso
2009;0,42023467973422535;Luciara;5105309;Mato Grosso
2010;0,7071316506850307;Luciara;5105309;Mato Grosso
2011;0;Luciara;5105309;Mato Grosso
2012;0,3975971453730611;Luciara;5105309;Mato Grosso
2013;0,10496286064830429;Luciara;5105309;Mato Grosso
2014;1,1026597193539511;Luciara;5105309;Mato Grosso
2015;0,4568734840477383;Luciara;5105309;Mato Grosso
2016;0,22014906866413117;Luciara;5105309;Mato Grosso
2017;0,1512195342192113;Luciara;5105309;Mato Grosso
2018;0,8165405076385049;Luciara;5105309;Mato Grosso
2019;0,45823350563412973;Luciara;5105309;Mato Grosso
2020;0,20818838257715588;Luciara;5105309;Mato Grosso
2021;0;Luciara;5105309;Mato Grosso
2022;0,46969393093055817;Luciara;5105309;Mato Grosso
2023;0,1766367392819456;Luciara;5105309;Mato Grosso
2024;0;Luciara;5105309;Mato Grosso
2007;3224,7193600560204;Marcelandia;5105580;Mato Grosso
2008;176,91638648612349;Marcelandia;5105580;Mato Grosso
2009;3,3520217561879773;Marcelandia;5105580;Mato Grosso
2010;5,845838223208764;Marcelandia;5105580;Mato Grosso
2011;20,65333569329883;Marcelandia;5105580;Mato Grosso
2012;12,409433931623033;Marcelandia;5105580;Mato Grosso
2013;36,60664724438041;Marcelandia;5105580;Mato Grosso
2014;35,10230445967703;Marcelandia;5105580;Mato Grosso
2015;44,777819833806234;Marcelandia;5105580;Mato Grosso
2016;55,228437976626886;Marcelandia;5105580;Mato Grosso
2017;47,99304963901705;Marcelandia;5105580;Mato Grosso
2018;22,056331545054285;Marcelandia;5105580;Mato Grosso
2019;95,99356454423885;Marcelandia;5105580;Mato Grosso
2020;112,10372175866323;Marcelandia;5105580;Mato Grosso
2021;133,12843685579986;Marcelandia;5105580;Mato Grosso
2022;70,38127822506327;Marcelandia;5105580;Mato Grosso
2023;111,1590664329894;Marcelandia;5105580;Mato Grosso
2024;86,2969434025095;Marcelandia;5105580;Mato Grosso
2007;1816,4114363643112;Matupa;5105606;Mato Grosso
2008;75,1755936195095;Matupa;5105606;Mato Grosso
2009;9,058570454334905;Matupa;5105606;Mato Grosso
2010;9,202138315787026;Matupa;5105606;Mato Grosso
2011;28,925736187140725;Matupa;5105606;Mato Grosso
2012;13,722737598098531;Matupa;5105606;Mato Grosso
2013;17,14496481752715;Matupa;5105606;Mato Grosso
2014;19,030469367359757;Matupa;5105606;Mato Grosso
2015;15,088548097558197;Matupa;5105606;Mato Grosso
2016;17,634111547124995;Matupa;5105606;Mato Grosso
2017;8,440651311404295;Matupa;5105606;Mato Grosso
2018;5,233757207903519;Matupa;5105606;Mato Grosso
2019;21,075058458869364;Matupa;5105606;Mato Grosso
2020;18,433457477831354;Matupa;5105606;Mato Grosso
2021;8,285139040430524;Matupa;5105606;Mato Grosso
2022;11,11977434242242;Matupa;5105606;Mato Grosso
2023;6,614098362399478;Matupa;5105606;Mato Grosso
2024;6,317555921563584;Matupa;5105606;Mato Grosso
2007;925,9052449373937;Mirassol d'Oeste;5105622;Mato Grosso
2008;6,399267810509519;Mirassol d'Oeste;5105622;Mato Grosso
2009;1,7774590819511416;Mirassol d'Oeste;5105622;Mato Grosso
2010;1,7496695788858403;Mirassol d'Oeste;5105622;Mato Grosso
2011;0,8226656944301131;Mirassol d'Oeste;5105622;Mato Grosso
2012;0,9726590094310001;Mirassol d'Oeste;5105622;Mato Grosso
2013;1,014551546410527;Mirassol d'Oeste;5105622;Mato Grosso
2014;0,07130479726089525;Mirassol d'Oeste;5105622;Mato Grosso
2015;0,5420040957154321;Mirassol d'Oeste;5105622;Mato Grosso
2016;1,0967859956531585;Mirassol d'Oeste;5105622;Mato Grosso
2017;1,1170638634813002;Mirassol d'Oeste;5105622;Mato Grosso
2018;0,502661836312977;Mirassol d'Oeste;5105622;Mato Grosso
2019;1,5908606189510313;Mirassol d'Oeste;5105622;Mato Grosso
2020;2,185223629422781;Mirassol d'Oeste;5105622;Mato Grosso
2021;0,6814272350522452;Mirassol d'Oeste;5105622;Mato Grosso
2022;0,4959677479281235;Mirassol d'Oeste;5105622;Mato Grosso
2023;0,7725928622719653;Mirassol d'Oeste;5105622;Mato Grosso
2024;0;Mirassol d'Oeste;5105622;Mato Grosso
2007;327,4541594418472;Nobres;5105903;Mato Grosso
2008;0,7118006142495655;Nobres;5105903;Mato Grosso
2009;1,4394341954513004;Nobres;5105903;Mato Grosso
2010;0,7562629937666248;Nobres;5105903;Mato Grosso
2011;0,43159451753538053;Nobres;5105903;Mato Grosso
2012;5,6608188699883595;Nobres;5105903;Mato Grosso
2013;0,9339670082755175;Nobres;5105903;Mato Grosso
2014;8,745084132277329;Nobres;5105903;Mato Grosso
2015;0,10398502461398491;Nobres;5105903;Mato Grosso
2016;2,3183782827021497;Nobres;5105903;Mato Grosso
2017;3,337387688560253;Nobres;5105903;Mato Grosso
2018;0,16573166614075027;Nobres;5105903;Mato Grosso
2019;0,0734861317088719;Nobres;5105903;Mato Grosso
2020;0;Nobres;5105903;Mato Grosso
2021;0;Nobres;5105903;Mato Grosso
2022;0;Nobres;5105903;Mato Grosso
2023;0;Nobres;5105903;Mato Grosso
2024;0;Nobres;5105903;Mato Grosso
2007;913,2770916033627;Nortelandia;5106000;Mato Grosso
2008;0,6135465104418816;Nortelandia;5106000;Mato Grosso
2009;0,6642787804078232;Nortelandia;5106000;Mato Grosso
2010;1,0343932329879078;Nortelandia;5106000;Mato Grosso
2011;0,5673115419964672;Nortelandia;5106000;Mato Grosso
2012;0,2871554636122809;Nortelandia;5106000;Mato Grosso
2013;0,14757995170945337;Nortelandia;5106000;Mato Grosso
2014;0,3271052941041632;Nortelandia;5106000;Mato Grosso
2015;0,6982177891569643;Nortelandia;5106000;Mato Grosso
2016;0,1748411432715437;Nortelandia;5106000;Mato Grosso
2017;0,6435667741469641;Nortelandia;5106000;Mato Grosso
2018;0,5490091881420083;Nortelandia;5106000;Mato Grosso
2019;0,7179194833331535;Nortelandia;5106000;Mato Grosso
2020;1,0885170896974214;Nortelandia;5106000;Mato Grosso
2021;2,3745306837802005;Nortelandia;5106000;Mato Grosso
2022;0,37137965497787645;Nortelandia;5106000;Mato Grosso
2023;0;Nortelandia;5106000;Mato Grosso
2024;0;Nortelandia;5106000;Mato Grosso
2007;112,64518857874423;Nossa Senhora do Livramento;5106109;Mato Grosso
2008;0,11207524006172025;Nossa Senhora do Livramento;5106109;Mato Grosso
2009;0;Nossa Senhora do Livramento;5106109;Mato Grosso
2010;0,08695552330126086;Nossa Senhora do Livramento;5106109;Mato Grosso
2011;0,08541955143820783;Nossa Senhora do Livramento;5106109;Mato Grosso
2012;0,4188409247473235;Nossa Senhora do Livramento;5106109;Mato Grosso
2013;0;Nossa Senhora do Livramento;5106109;Mato Grosso
2014;0,0911377575701998;Nossa Senhora do Livramento;5106109;Mato Grosso
2015;0,4457668864561025;Nossa Senhora do Livramento;5106109;Mato Grosso
2016;0;Nossa Senhora do Livramento;5106109;Mato Grosso
2017;0;Nossa Senhora do Livramento;5106109;Mato Grosso
2018;0;Nossa Senhora do Livramento;5106109;Mato Grosso
2019;0;Nossa Senhora do Livramento;5106109;Mato Grosso
2020;0,3906827874636458;Nossa Senhora do Livramento;5106109;Mato Grosso
2021;0;Nossa Senhora do Livramento;5106109;Mato Grosso
2022;0;Nossa Senhora do Livramento;5106109;Mato Grosso
2023;0,19813616703593478;Nossa Senhora do Livramento;5106109;Mato Grosso
2024;0;Nossa Senhora do Livramento;5106109;Mato Grosso
2007;2841,2641288344175;Nova Bandeirantes;5106158;Mato Grosso
2008;125,0142133072878;Nova Bandeirantes;5106158;Mato Grosso
2009;52,515245086807404;Nova Bandeirantes;5106158;Mato Grosso
2010;17,087883973312838;Nova Bandeirantes;5106158;Mato Grosso
2011;48,43942937297387;Nova Bandeirantes;5106158;Mato Grosso
2012;33,858863777665086;Nova Bandeirantes;5106158;Mato Grosso
2013;63,111428489907766;Nova Bandeirantes;5106158;Mato Grosso
2014;70,27188157364257;Nova Bandeirantes;5106158;Mato Grosso
2015;36,44435027732645;Nova Bandeirantes;5106158;Mato Grosso
2016;81,89819141523222;Nova Bandeirantes;5106158;Mato Grosso
2017;48,900880598099036;Nova Bandeirantes;5106158;Mato Grosso
2018;59,5732253748433;Nova Bandeirantes;5106158;Mato Grosso
2019;123,9773779360912;Nova Bandeirantes;5106158;Mato Grosso
2020;50,696973970599984;Nova Bandeirantes;5106158;Mato Grosso
2021;123,95243693998988;Nova Bandeirantes;5106158;Mato Grosso
2022;177,60716762503253;Nova Bandeirantes;5106158;Mato Grosso
2023;69,26087047380541;Nova Bandeirantes;5106158;Mato Grosso
2024;21,90218485510947;Nova Bandeirantes;5106158;Mato Grosso
2007;1164,0505766889823;Nova Brasilandia;5106208;Mato Grosso
2008;3,6783439659972235;Nova Brasilandia;5106208;Mato Grosso
2009;1,5866167016554136;Nova Brasilandia;5106208;Mato Grosso
2010;0;Nova Brasilandia;5106208;Mato Grosso
2011;0,18532666333098113;Nova Brasilandia;5106208;Mato Grosso
2012;0,4715008532765985;Nova Brasilandia;5106208;Mato Grosso
2013;0;Nova Brasilandia;5106208;Mato Grosso
2014;0,39379600895827793;Nova Brasilandia;5106208;Mato Grosso
2015;0,14453642795357247;Nova Brasilandia;5106208;Mato Grosso
2016;0,14817942830696218;Nova Brasilandia;5106208;Mato Grosso
2017;0,6357726873074983;Nova Brasilandia;5106208;Mato Grosso
2018;0;Nova Brasilandia;5106208;Mato Grosso
2019;0,1785869461923038;Nova Brasilandia;5106208;Mato Grosso
2020;0,08100778281271492;Nova Brasilandia;5106208;Mato Grosso
2021;0,06620619327133198;Nova Brasilandia;5106208;Mato Grosso
2022;0;Nova Brasilandia;5106208;Mato Grosso
2023;0;Nova Brasilandia;5106208;Mato Grosso
2024;0;Nova Brasilandia;5106208;Mato Grosso
2007;2940,438762178169;Nova Canaa do Norte;5106216;Mato Grosso
2008;20,72949732939122;Nova Canaa do Norte;5106216;Mato Grosso
2009;4,922025278030894;Nova Canaa do Norte;5106216;Mato Grosso
2010;3,41044675270367;Nova Canaa do Norte;5106216;Mato Grosso
2011;4,1114829768804375;Nova Canaa do Norte;5106216;Mato Grosso
2012;0,7113675568257003;Nova Canaa do Norte;5106216;Mato Grosso
2013;2,06317315933501;Nova Canaa do Norte;5106216;Mato Grosso
2014;12,438396566988876;Nova Canaa do Norte;5106216;Mato Grosso
2015;19,120229955471224;Nova Canaa do Norte;5106216;Mato Grosso
2016;9,739729680358234;Nova Canaa do Norte;5106216;Mato Grosso
2017;12,47011583449023;Nova Canaa do Norte;5106216;Mato Grosso
2018;15,757834048591445;Nova Canaa do Norte;5106216;Mato Grosso
2019;16,009153707523918;Nova Canaa do Norte;5106216;Mato Grosso
2020;9,195997923787855;Nova Canaa do Norte;5106216;Mato Grosso
2021;14,181791012812665;Nova Canaa do Norte;5106216;Mato Grosso
2022;4,322783104631666;Nova Canaa do Norte;5106216;Mato Grosso
2023;8,573749740169164;Nova Canaa do Norte;5106216;Mato Grosso
2024;7,625586870170897;Nova Canaa do Norte;5106216;Mato Grosso
2007;913,3353175174885;Nova Guarita;5108808;Mato Grosso
2008;3,2535965677267615;Nova Guarita;5108808;Mato Grosso
2009;0,07614800314849972;Nova Guarita;5108808;Mato Grosso
2010;0,3519079214193137;Nova Guarita;5108808;Mato Grosso
2011;1,2777608421494229;Nova Guarita;5108808;Mato Grosso
2012;1,1700768614468966;Nova Guarita;5108808;Mato Grosso
2013;1,6469324157306366;Nova Guarita;5108808;Mato Grosso
2014;1,5765867013131225;Nova Guarita;5108808;Mato Grosso
2015;2,3190961955571257;Nova Guarita;5108808;Mato Grosso
2016;1,682882908393594;Nova Guarita;5108808;Mato Grosso
2017;2,339648691522462;Nova Guarita;5108808;Mato Grosso
2018;2,3990437013046124;Nova Guarita;5108808;Mato Grosso
2019;4,239500415269651;Nova Guarita;5108808;Mato Grosso
2020;1,3028115083476584;Nova Guarita;5108808;Mato Grosso
2021;1,4068030267293385;Nova Guarita;5108808;Mato Grosso
2022;1,4835636389866755;Nova Guarita;5108808;Mato Grosso
2023;1,002778689060614;Nova Guarita;5108808;Mato Grosso
2024;1,4886819114701861;Nova Guarita;5108808;Mato Grosso
2007;1736,6898313975537;Nova Lacerda;5106182;Mato Grosso
2008;19,13476518913871;Nova Lacerda;5106182;Mato Grosso
2009;9,055586528336722;Nova Lacerda;5106182;Mato Grosso
2010;6,737915323940885;Nova Lacerda;5106182;Mato Grosso
2011;14,92933928648543;Nova Lacerda;5106182;Mato Grosso
2012;6,0467482078656065;Nova Lacerda;5106182;Mato Grosso
2013;13,840532463130181;Nova Lacerda;5106182;Mato Grosso
2014;18,359271261370353;Nova Lacerda;5106182;Mato Grosso
2015;12,618799691740163;Nova Lacerda;5106182;Mato Grosso
2016;17,507015214762603;Nova Lacerda;5106182;Mato Grosso
2017;14,785899831586471;Nova Lacerda;5106182;Mato Grosso
2018;5,902661423920552;Nova Lacerda;5106182;Mato Grosso
2019;4,888297361399534;Nova Lacerda;5106182;Mato Grosso
2020;2,1068055669476298;Nova Lacerda;5106182;Mato Grosso
2021;2,2458635850817066;Nova Lacerda;5106182;Mato Grosso
2022;0,7507867268466839;Nova Lacerda;5106182;Mato Grosso
2023;1,8359771250444092;Nova Lacerda;5106182;Mato Grosso
2024;4,873867323026998;Nova Lacerda;5106182;Mato Grosso
2007;952,2989917416934;Nova Marilandia;5108857;Mato Grosso
2008;11,384562783709622;Nova Marilandia;5108857;Mato Grosso
2009;5,090170105590962;Nova Marilandia;5108857;Mato Grosso
2010;2,87665066084282;Nova Marilandia;5108857;Mato Grosso
2011;3,989572801097641;Nova Marilandia;5108857;Mato Grosso
2012;3,0584379003114734;Nova Marilandia;5108857;Mato Grosso
2013;2,7124055334828645;Nova Marilandia;5108857;Mato Grosso
2014;1,0574033067335915;Nova Marilandia;5108857;Mato Grosso
2015;2,751259684345876;Nova Marilandia;5108857;Mato Grosso
2016;0,22671832648365298;Nova Marilandia;5108857;Mato Grosso
2017;4,1290680794668555;Nova Marilandia;5108857;Mato Grosso
2018;0,37739104238034915;Nova Marilandia;5108857;Mato Grosso
2019;1,0264176102605103;Nova Marilandia;5108857;Mato Grosso
2020;0,5581055732071897;Nova Marilandia;5108857;Mato Grosso
2021;2,3288725846649223;Nova Marilandia;5108857;Mato Grosso
2022;0;Nova Marilandia;5108857;Mato Grosso
2023;0,19187935303521825;Nova Marilandia;5108857;Mato Grosso
2024;1,4093695536780235;Nova Marilandia;5108857;Mato Grosso
2007;3022,966144040715;Nova Maringa;5108907;Mato Grosso
2008;17,876244468017802;Nova Maringa;5108907;Mato Grosso
2009;11,30955569957783;Nova Maringa;5108907;Mato Grosso
2010;5,5679119799896215;Nova Maringa;5108907;Mato Grosso
2011;8,860148947325616;Nova Maringa;5108907;Mato Grosso
2012;5,4505080324837305;Nova Maringa;5108907;Mato Grosso
2013;44,20033317190576;Nova Maringa;5108907;Mato Grosso
2014;36,00489405590285;Nova Maringa;5108907;Mato Grosso
2015;40,98707865844327;Nova Maringa;5108907;Mato Grosso
2016;23,600877150102534;Nova Maringa;5108907;Mato Grosso
2017;49,05560997780345;Nova Maringa;5108907;Mato Grosso
2018;40,712023665324516;Nova Maringa;5108907;Mato Grosso
2019;35,458893701378315;Nova Maringa;5108907;Mato Grosso
2020;18,173409787020617;Nova Maringa;5108907;Mato Grosso
2021;30,16710463749904;Nova Maringa;5108907;Mato Grosso
2022;26,2558145094118;Nova Maringa;5108907;Mato Grosso
2023;129,8388294353876;Nova Maringa;5108907;Mato Grosso
2024;203,68751796417953;Nova Maringa;5108907;Mato Grosso
2007;2311,950123194119;Nova Monte Verde;5108956;Mato Grosso
2008;23,430974108449806;Nova Monte Verde;5108956;Mato Grosso
2009;6,552675996688203;Nova Monte Verde;5108956;Mato Grosso
2010;2,6366692847804343;Nova Monte Verde;5108956;Mato Grosso
2011;3,575579191096706;Nova Monte Verde;5108956;Mato Grosso
2012;5,1362019652224316;Nova Monte Verde;5108956;Mato Grosso
2013;3,0077956944440687;Nova Monte Verde;5108956;Mato Grosso
2014;5,255049305085978;Nova Monte Verde;5108956;Mato Grosso
2015;6,2637980375969;Nova Monte Verde;5108956;Mato Grosso
2016;18,445467156890064;Nova Monte Verde;5108956;Mato Grosso
2017;17,43309532942095;Nova Monte Verde;5108956;Mato Grosso
2018;16,811643250994887;Nova Monte Verde;5108956;Mato Grosso
2019;40,029476903408884;Nova Monte Verde;5108956;Mato Grosso
2020;18,89199494502009;Nova Monte Verde;5108956;Mato Grosso
2021;26,108021901003625;Nova Monte Verde;5108956;Mato Grosso
2022;34,264720065375975;Nova Monte Verde;5108956;Mato Grosso
2023;33,42554511826768;Nova Monte Verde;5108956;Mato Grosso
2024;4,908632905395043;Nova Monte Verde;5108956;Mato Grosso
2007;2816,8942316986245;Nova Mutum;5106224;Mato Grosso
2008;10,236259132428314;Nova Mutum;5106224;Mato Grosso
2009;4,371731645590133;Nova Mutum;5106224;Mato Grosso
2010;12,325618214462175;Nova Mutum;5106224;Mato Grosso
2011;9,493088267860443;Nova Mutum;5106224;Mato Grosso
2012;11,309855532955465;Nova Mutum;5106224;Mato Grosso
2013;6,608868843533356;Nova Mutum;5106224;Mato Grosso
2014;5,596410868611604;Nova Mutum;5106224;Mato Grosso
2015;13,660978543149152;Nova Mutum;5106224;Mato Grosso
2016;3,60041081649418;Nova Mutum;5106224;Mato Grosso
2017;2,458501076529597;Nova Mutum;5106224;Mato Grosso
2018;7,013655905876937;Nova Mutum;5106224;Mato Grosso
2019;30,41320530085352;Nova Mutum;5106224;Mato Grosso
2020;2,0415236615341805;Nova Mutum;5106224;Mato Grosso
2021;4,578827822620972;Nova Mutum;5106224;Mato Grosso
2022;8,82500367647229;Nova Mutum;5106224;Mato Grosso
2023;11,05743121233125;Nova Mutum;5106224;Mato Grosso
2024;6,89225855177169;Nova Mutum;5106224;Mato Grosso
2007;189,20518039886218;Nova Nazare;5106174;Mato Grosso
2008;11,042765717992541;Nova Nazare;5106174;Mato Grosso
2009;0,15800197543919134;Nova Nazare;5106174;Mato Grosso
2010;0,27175140188485863;Nova Nazare;5106174;Mato Grosso
2011;0,6637169645229388;Nova Nazare;5106174;Mato Grosso
2012;0,09598779913343489;Nova Nazare;5106174;Mato Grosso
2013;0,19009360953873114;Nova Nazare;5106174;Mato Grosso
2014;0,5642763103885859;Nova Nazare;5106174;Mato Grosso
2015;0,13775728807540366;Nova Nazare;5106174;Mato Grosso
2016;0,0724727828778927;Nova Nazare;5106174;Mato Grosso
2017;63,440610601461714;Nova Nazare;5106174;Mato Grosso
2018;0;Nova Nazare;5106174;Mato Grosso
2019;0;Nova Nazare;5106174;Mato Grosso
2020;0,0810377509774879;Nova Nazare;5106174;Mato Grosso
2021;0,3156558929489503;Nova Nazare;5106174;Mato Grosso
2022;0,10578837938332399;Nova Nazare;5106174;Mato Grosso
2023;0,2132453467040613;Nova Nazare;5106174;Mato Grosso
2024;0;Nova Nazare;5106174;Mato Grosso
2007;829,0405389608013;Nova Olimpia;5106232;Mato Grosso
2008;4,271498241458698;Nova Olimpia;5106232;Mato Grosso
2009;0,485022328328194;Nova Olimpia;5106232;Mato Grosso
2010;0,5265773867234711;Nova Olimpia;5106232;Mato Grosso
2011;0,1819497754057433;Nova Olimpia;5106232;Mato Grosso
2012;0,07885144005224735;Nova Olimpia;5106232;Mato Grosso
2013;0;Nova Olimpia;5106232;Mato Grosso
2014;0,41106522137553403;Nova Olimpia;5106232;Mato Grosso
2015;0,16453621456983392;Nova Olimpia;5106232;Mato Grosso
2016;0,8628893089855943;Nova Olimpia;5106232;Mato Grosso
2017;0,26172172325095333;Nova Olimpia;5106232;Mato Grosso
2018;0,10997353943145824;Nova Olimpia;5106232;Mato Grosso
2019;0,8027701481261583;Nova Olimpia;5106232;Mato Grosso
2020;1,5984933345491399;Nova Olimpia;5106232;Mato Grosso
2021;1,6764930377764697;Nova Olimpia;5106232;Mato Grosso
2022;0,3199179354620608;Nova Olimpia;5106232;Mato Grosso
2023;0,4836138497695543;Nova Olimpia;5106232;Mato Grosso
2024;0;Nova Olimpia;5106232;Mato Grosso
2007;1301,8460084670687;Nova Santa Helena;5106190;Mato Grosso
2008;16,888152919030862;Nova Santa Helena;5106190;Mato Grosso
2009;3,7274677602112614;Nova Santa Helena;5106190;Mato Grosso
2010;1,1198213702794264;Nova Santa Helena;5106190;Mato Grosso
2011;3,952036051122041;Nova Santa Helena;5106190;Mato Grosso
2012;3,1994723723891743;Nova Santa Helena;5106190;Mato Grosso
2013;5,208515386467689;Nova Santa Helena;5106190;Mato Grosso
2014;4,158491449244342;Nova Santa Helena;5106190;Mato Grosso
2015;1,8527314548827711;Nova Santa Helena;5106190;Mato Grosso
2016;2,185189009162692;Nova Santa Helena;5106190;Mato Grosso
2017;3,476858159361842;Nova Santa Helena;5106190;Mato Grosso
2018;2,6743759339871933;Nova Santa Helena;5106190;Mato Grosso
2019;5,506151836042641;Nova Santa Helena;5106190;Mato Grosso
2020;10,461146090905864;Nova Santa Helena;5106190;Mato Grosso
2021;8,829338446791155;Nova Santa Helena;5106190;Mato Grosso
2022;11,15361392904411;Nova Santa Helena;5106190;Mato Grosso
2023;28,15225372753552;Nova Santa Helena;5106190;Mato Grosso
2024;58,50381935436428;Nova Santa Helena;5106190;Mato Grosso
2007;4018,035807572826;Nova Ubirata;5106240;Mato Grosso
2008;140,18465655464263;Nova Ubirata;5106240;Mato Grosso
2009;30,843742581351623;Nova Ubirata;5106240;Mato Grosso
2010;22,924297735379383;Nova Ubirata;5106240;Mato Grosso
2011;94,13678620965602;Nova Ubirata;5106240;Mato Grosso
2012;19,85660933975053;Nova Ubirata;5106240;Mato Grosso
2013;9,685067178878441;Nova Ubirata;5106240;Mato Grosso
2014;15,551141995477845;Nova Ubirata;5106240;Mato Grosso
2015;28,108928946702683;Nova Ubirata;5106240;Mato Grosso
2016;23,5071782054554;Nova Ubirata;5106240;Mato Grosso
2017;43,73474207614502;Nova Ubirata;5106240;Mato Grosso
2018;23,425339010586338;Nova Ubirata;5106240;Mato Grosso
2019;19,10027999289584;Nova Ubirata;5106240;Mato Grosso
2020;31,97908927362601;Nova Ubirata;5106240;Mato Grosso
2021;59,234929259211064;Nova Ubirata;5106240;Mato Grosso
2022;55,83994752200773;Nova Ubirata;5106240;Mato Grosso
2023;115,96255741118512;Nova Ubirata;5106240;Mato Grosso
2024;18,06060998917712;Nova Ubirata;5106240;Mato Grosso
2007;785,9931754070674;Nova Xavantina;5106257;Mato Grosso
2008;0,14397930505476636;Nova Xavantina;5106257;Mato Grosso
2009;0;Nova Xavantina;5106257;Mato Grosso
2010;4,741641516265404;Nova Xavantina;5106257;Mato Grosso
2011;0;Nova Xavantina;5106257;Mato Grosso
2012;0;Nova Xavantina;5106257;Mato Grosso
2013;0,07063692529967006;Nova Xavantina;5106257;Mato Grosso
2014;0;Nova Xavantina;5106257;Mato Grosso
2015;0;Nova Xavantina;5106257;Mato Grosso
2016;0,0634371179868932;Nova Xavantina;5106257;Mato Grosso
2017;0,3739846173920815;Nova Xavantina;5106257;Mato Grosso
2018;0;Nova Xavantina;5106257;Mato Grosso
2019;0,24745101400033775;Nova Xavantina;5106257;Mato Grosso
2020;0;Nova Xavantina;5106257;Mato Grosso
2021;0;Nova Xavantina;5106257;Mato Grosso
2022;0;Nova Xavantina;5106257;Mato Grosso
2023;0;Nova Xavantina;5106257;Mato Grosso
2024;0;Nova Xavantina;5106257;Mato Grosso
2007;691,0510297065014;Novo Horizonte do Norte;5106273;Mato Grosso
2008;2,5568273554383407;Novo Horizonte do Norte;5106273;Mato Grosso
2009;0,23105169143450996;Novo Horizonte do Norte;5106273;Mato Grosso
2010;0,07400474883195755;Novo Horizonte do Norte;5106273;Mato Grosso
2011;0,39365243059954214;Novo Horizonte do Norte;5106273;Mato Grosso
2012;0,07914444413481313;Novo Horizonte do Norte;5106273;Mato Grosso
2013;0,06726470478320808;Novo Horizonte do Norte;5106273;Mato Grosso
2014;1,1775488910013208;Novo Horizonte do Norte;5106273;Mato Grosso
2015;0,422569852287005;Novo Horizonte do Norte;5106273;Mato Grosso
2016;0,9613325407774352;Novo Horizonte do Norte;5106273;Mato Grosso
2017;0,3140933629157171;Novo Horizonte do Norte;5106273;Mato Grosso
2018;0;Novo Horizonte do Norte;5106273;Mato Grosso
2019;0,5177878806783519;Novo Horizonte do Norte;5106273;Mato Grosso
2020;0,4775407691060589;Novo Horizonte do Norte;5106273;Mato Grosso
2021;0,4595387529004524;Novo Horizonte do Norte;5106273;Mato Grosso
2022;0;Novo Horizonte do Norte;5106273;Mato Grosso
2023;0,3804780907618848;Novo Horizonte do Norte;5106273;Mato Grosso
2024;0,20265643915756243;Novo Horizonte do Norte;5106273;Mato Grosso
2007;2409,595597175004;Novo Mundo;5106265;Mato Grosso
2008;42,025101607210935;Novo Mundo;5106265;Mato Grosso
2009;12,26292810093527;Novo Mundo;5106265;Mato Grosso
2010;13,370288543205712;Novo Mundo;5106265;Mato Grosso
2011;15,192453805922028;Novo Mundo;5106265;Mato Grosso
2012;4,1826817405258865;Novo Mundo;5106265;Mato Grosso
2013;14,05911449894494;Novo Mundo;5106265;Mato Grosso
2014;15,224321436083587;Novo Mundo;5106265;Mato Grosso
2015;22,408764523334643;Novo Mundo;5106265;Mato Grosso
2016;20,12362351401671;Novo Mundo;5106265;Mato Grosso
2017;19,60965197813743;Novo Mundo;5106265;Mato Grosso
2018;13,694037974286447;Novo Mundo;5106265;Mato Grosso
2019;21,838074590422348;Novo Mundo;5106265;Mato Grosso
2020;19,562549364820228;Novo Mundo;5106265;Mato Grosso
2021;17,8900322934159;Novo Mundo;5106265;Mato Grosso
2022;14,466197952887034;Novo Mundo;5106265;Mato Grosso
2023;11,7817745663677;Novo Mundo;5106265;Mato Grosso
2024;6,59027503565244;Novo Mundo;5106265;Mato Grosso
2007;182,06460393217793;Novo Santo Antonio;5106315;Mato Grosso
2008;8,887913553073703;Novo Santo Antonio;5106315;Mato Grosso
2009;5,204480366728452;Novo Santo Antonio;5106315;Mato Grosso
2010;2,3694862221386135;Novo Santo Antonio;5106315;Mato Grosso
2011;12,139025557312902;Novo Santo Antonio;5106315;Mato Grosso
2012;2,612526336701159;Novo Santo Antonio;5106315;Mato Grosso
2013;4,775952350998501;Novo Santo Antonio;5106315;Mato Grosso
2014;3,8998290898938786;Novo Santo Antonio;5106315;Mato Grosso
2015;6,502570123482085;Novo Santo Antonio;5106315;Mato Grosso
2016;4,697006911021689;Novo Santo Antonio;5106315;Mato Grosso
2017;5,2537457158295435;Novo Santo Antonio;5106315;Mato Grosso
2018;3,45594368753691;Novo Santo Antonio;5106315;Mato Grosso
2019;2,335381775278676;Novo Santo Antonio;5106315;Mato Grosso
2020;0,44030578238074175;Novo Santo Antonio;5106315;Mato Grosso
2021;9,707040149599505;Novo Santo Antonio;5106315;Mato Grosso
2022;2,4099638052607424;Novo Santo Antonio;5106315;Mato Grosso
2023;3,1313712935744418;Novo Santo Antonio;5106315;Mato Grosso
2024;1,2864883910912785;Novo Santo Antonio;5106315;Mato Grosso
2007;1,184721732367584;Novo Sao Joaquim;5106281;Mato Grosso
2008;0;Novo Sao Joaquim;5106281;Mato Grosso
2009;0;Novo Sao Joaquim;5106281;Mato Grosso
2010;0;Novo Sao Joaquim;5106281;Mato Grosso
2011;0;Novo Sao Joaquim;5106281;Mato Grosso
2012;0;Novo Sao Joaquim;5106281;Mato Grosso
2013;0;Novo Sao Joaquim;5106281;Mato Grosso
2014;0;Novo Sao Joaquim;5106281;Mato Grosso
2015;0;Novo Sao Joaquim;5106281;Mato Grosso
2016;0;Novo Sao Joaquim;5106281;Mato Grosso
2017;0;Novo Sao Joaquim;5106281;Mato Grosso
2018;0;Novo Sao Joaquim;5106281;Mato Grosso
2019;0;Novo Sao Joaquim;5106281;Mato Grosso
2020;0;Novo Sao Joaquim;5106281;Mato Grosso
2021;0;Novo Sao Joaquim;5106281;Mato Grosso
2022;0;Novo Sao Joaquim;5106281;Mato Grosso
2023;0;Novo Sao Joaquim;5106281;Mato Grosso
2024;0;Novo Sao Joaquim;5106281;Mato Grosso
2007;2169,306347849241;Paranaita;5106299;Mato Grosso
2008;41,24360919831784;Paranaita;5106299;Mato Grosso
2009;7,746680479070057;Paranaita;5106299;Mato Grosso
2010;9,750190671202516;Paranaita;5106299;Mato Grosso
2011;16,102748320379735;Paranaita;5106299;Mato Grosso
2012;6,1156020624928775;Paranaita;5106299;Mato Grosso
2013;12,988520424929687;Paranaita;5106299;Mato Grosso
2014;39,48213922763094;Paranaita;5106299;Mato Grosso
2015;23,439620433278698;Paranaita;5106299;Mato Grosso
2016;50,523469080926716;Paranaita;5106299;Mato Grosso
2017;40,99436890896311;Paranaita;5106299;Mato Grosso
2018;41,65030161101876;Paranaita;5106299;Mato Grosso
2019;54,960905407238265;Paranaita;5106299;Mato Grosso
2020;23,081548622657333;Paranaita;5106299;Mato Grosso
2021;20,12496300416902;Paranaita;5106299;Mato Grosso
2022;30,91866730358537;Paranaita;5106299;Mato Grosso
2023;49,78816904137632;Paranaita;5106299;Mato Grosso
2024;7,442795351383016;Paranaita;5106299;Mato Grosso
2007;2448,4414727590047;Paranatinga;5106307;Mato Grosso
2008;91,53255923127757;Paranatinga;5106307;Mato Grosso
2009;4,002808142105566;Paranatinga;5106307;Mato Grosso
2010;19,925733302406304;Paranatinga;5106307;Mato Grosso
2011;4,199260880598962;Paranatinga;5106307;Mato Grosso
2012;10,304960218818186;Paranatinga;5106307;Mato Grosso
2013;19,940377427233887;Paranatinga;5106307;Mato Grosso
2014;4,40737893172738;Paranatinga;5106307;Mato Grosso
2015;19,631123819748378;Paranatinga;5106307;Mato Grosso
2016;12,84011272512667;Paranatinga;5106307;Mato Grosso
2017;8,543624467192188;Paranatinga;5106307;Mato Grosso
2018;30,788388199894978;Paranatinga;5106307;Mato Grosso
2019;16,668673559986193;Paranatinga;5106307;Mato Grosso
2020;65,8571417925274;Paranatinga;5106307;Mato Grosso
2021;28,57518978486285;Paranatinga;5106307;Mato Grosso
2022;89,42580343921271;Paranatinga;5106307;Mato Grosso
2023;36,78743059423369;Paranatinga;5106307;Mato Grosso
2024;58,20910737711486;Paranatinga;5106307;Mato Grosso
2007;19,974237726594843;Pedra Preta;5106372;Mato Grosso
2008;0;Pedra Preta;5106372;Mato Grosso
2009;0,15197231341089568;Pedra Preta;5106372;Mato Grosso
2010;0,11564612204040009;Pedra Preta;5106372;Mato Grosso
2011;0;Pedra Preta;5106372;Mato Grosso
2012;0;Pedra Preta;5106372;Mato Grosso
2013;0;Pedra Preta;5106372;Mato Grosso
2014;0;Pedra Preta;5106372;Mato Grosso
2015;0;Pedra Preta;5106372;Mato Grosso
2016;0;Pedra Preta;5106372;Mato Grosso
2017;0;Pedra Preta;5106372;Mato Grosso
2018;0;Pedra Preta;5106372;Mato Grosso
2019;0;Pedra Preta;5106372;Mato Grosso
2020;0;Pedra Preta;5106372;Mato Grosso
2021;0;Pedra Preta;5106372;Mato Grosso
2022;0;Pedra Preta;5106372;Mato Grosso
2023;0;Pedra Preta;5106372;Mato Grosso
2024;0;Pedra Preta;5106372;Mato Grosso
2007;3220,151799045049;Peixoto de Azevedo;5106422;Mato Grosso
2008;69,1853723502341;Peixoto de Azevedo;5106422;Mato Grosso
2009;24,44665714028082;Peixoto de Azevedo;5106422;Mato Grosso
2010;22,378123198872334;Peixoto de Azevedo;5106422;Mato Grosso
2011;56,783017105423234;Peixoto de Azevedo;5106422;Mato Grosso
2012;38,91416635702333;Peixoto de Azevedo;5106422;Mato Grosso
2013;51,63994326675564;Peixoto de Azevedo;5106422;Mato Grosso
2014;23,467812427864423;Peixoto de Azevedo;5106422;Mato Grosso
2015;37,468808594549955;Peixoto de Azevedo;5106422;Mato Grosso
2016;36,16161604006858;Peixoto de Azevedo;5106422;Mato Grosso
2017;39,70445834768901;Peixoto de Azevedo;5106422;Mato Grosso
2018;23,514082367160803;Peixoto de Azevedo;5106422;Mato Grosso
2019;55,34105649423071;Peixoto de Azevedo;5106422;Mato Grosso
2020;64,77218142536307;Peixoto de Azevedo;5106422;Mato Grosso
2021;88,41071994563838;Peixoto de Azevedo;5106422;Mato Grosso
2022;54,94987683914263;Peixoto de Azevedo;5106422;Mato Grosso
2023;80,4757868168868;Peixoto de Azevedo;5106422;Mato Grosso
2024;63,13235177950677;Peixoto de Azevedo;5106422;Mato Grosso
2007;549,9469801721316;Planalto da Serra;5106455;Mato Grosso
2008;1,1696032537312664;Planalto da Serra;5106455;Mato Grosso
2009;0;Planalto da Serra;5106455;Mato Grosso
2010;0;Planalto da Serra;5106455;Mato Grosso
2011;0,18638725543297388;Planalto da Serra;5106455;Mato Grosso
2012;0;Planalto da Serra;5106455;Mato Grosso
2013;0;Planalto da Serra;5106455;Mato Grosso
2014;0,09742358098120203;Planalto da Serra;5106455;Mato Grosso
2015;0,3148964038666666;Planalto da Serra;5106455;Mato Grosso
2016;0;Planalto da Serra;5106455;Mato Grosso
2017;0;Planalto da Serra;5106455;Mato Grosso
2018;0;Planalto da Serra;5106455;Mato Grosso
2019;0;Planalto da Serra;5106455;Mato Grosso
2020;0;Planalto da Serra;5106455;Mato Grosso
2021;0;Planalto da Serra;5106455;Mato Grosso
2022;0;Planalto da Serra;5106455;Mato Grosso
2023;0;Planalto da Serra;5106455;Mato Grosso
2024;0;Planalto da Serra;5106455;Mato Grosso
2007;77,54076088173645;Pocone;5106505;Mato Grosso
2008;0;Pocone;5106505;Mato Grosso
2009;0,6726225463526072;Pocone;5106505;Mato Grosso
2010;0,23259971472394086;Pocone;5106505;Mato Grosso
2011;0;Pocone;5106505;Mato Grosso
2012;0,411318018123158;Pocone;5106505;Mato Grosso
2013;0,376285423257404;Pocone;5106505;Mato Grosso
2014;0,7184009559545976;Pocone;5106505;Mato Grosso
2015;0;Pocone;5106505;Mato Grosso
2016;0;Pocone;5106505;Mato Grosso
2017;0,38017962524071447;Pocone;5106505;Mato Grosso
2018;0,35310508480093233;Pocone;5106505;Mato Grosso
2019;0;Pocone;5106505;Mato Grosso
2020;0,17688166441427222;Pocone;5106505;Mato Grosso
2021;0;Pocone;5106505;Mato Grosso
2022;0;Pocone;5106505;Mato Grosso
2023;0;Pocone;5106505;Mato Grosso
2024;0;Pocone;5106505;Mato Grosso
2007;0;Pontal do Araguaia;5106653;Mato Grosso
2008;0;Pontal do Araguaia;5106653;Mato Grosso
2009;0;Pontal do Araguaia;5106653;Mato Grosso
2010;0;Pontal do Araguaia;5106653;Mato Grosso
2011;0;Pontal do Araguaia;5106653;Mato Grosso
2012;0;Pontal do Araguaia;5106653;Mato Grosso
2013;0;Pontal do Araguaia;5106653;Mato Grosso
2014;0;Pontal do Araguaia;5106653;Mato Grosso
2015;0;Pontal do Araguaia;5106653;Mato Grosso
2016;0;Pontal do Araguaia;5106653;Mato Grosso
2017;0;Pontal do Araguaia;5106653;Mato Grosso
2018;0;Pontal do Araguaia;5106653;Mato Grosso
2019;0;Pontal do Araguaia;5106653;Mato Grosso
2020;0;Pontal do Araguaia;5106653;Mato Grosso
2021;0;Pontal do Araguaia;5106653;Mato Grosso
2022;0;Pontal do Araguaia;5106653;Mato Grosso
2023;0;Pontal do Araguaia;5106653;Mato Grosso
2024;0;Pontal do Araguaia;5106653;Mato Grosso
2007;0;Ponte Branca;5106703;Mato Grosso
2008;0;Ponte Branca;5106703;Mato Grosso
2009;0;Ponte Branca;5106703;Mato Grosso
2010;0;Ponte Branca;5106703;Mato Grosso
2011;0;Ponte Branca;5106703;Mato Grosso
2012;0;Ponte Branca;5106703;Mato Grosso
2013;0;Ponte Branca;5106703;Mato Grosso
2014;0;Ponte Branca;5106703;Mato Grosso
2015;0;Ponte Branca;5106703;Mato Grosso
2016;0;Ponte Branca;5106703;Mato Grosso
2017;0;Ponte Branca;5106703;Mato Grosso
2018;0;Ponte Branca;5106703;Mato Grosso
2019;0;Ponte Branca;5106703;Mato Grosso
2020;0;Ponte Branca;5106703;Mato Grosso
2021;0;Ponte Branca;5106703;Mato Grosso
2022;0;Ponte Branca;5106703;Mato Grosso
2023;0;Ponte Branca;5106703;Mato Grosso
2024;0;Ponte Branca;5106703;Mato Grosso
2007;3814,4676458331314;Pontes e Lacerda;5106752;Mato Grosso
2008;31,099092882554032;Pontes e Lacerda;5106752;Mato Grosso
2009;10,551702273270728;Pontes e Lacerda;5106752;Mato Grosso
2010;3,7383531015656404;Pontes e Lacerda;5106752;Mato Grosso
2011;3,120898828159593;Pontes e Lacerda;5106752;Mato Grosso
2012;1,8035651251223983;Pontes e Lacerda;5106752;Mato Grosso
2013;2,793665566323914;Pontes e Lacerda;5106752;Mato Grosso
2014;2,7508679353027072;Pontes e Lacerda;5106752;Mato Grosso
2015;2,2291445269102588;Pontes e Lacerda;5106752;Mato Grosso
2016;2,365159757077098;Pontes e Lacerda;5106752;Mato Grosso
2017;4,51158651442201;Pontes e Lacerda;5106752;Mato Grosso
2018;2,786461642636131;Pontes e Lacerda;5106752;Mato Grosso
2019;7,538834372225216;Pontes e Lacerda;5106752;Mato Grosso
2020;6,443372968157618;Pontes e Lacerda;5106752;Mato Grosso
2021;6,551392360109458;Pontes e Lacerda;5106752;Mato Grosso
2022;3,5551883473756445;Pontes e Lacerda;5106752;Mato Grosso
2023;2,5450176488565917;Pontes e Lacerda;5106752;Mato Grosso
2024;0,3708242797293858;Pontes e Lacerda;5106752;Mato Grosso
2007;848,4635086335111;Porto Alegre do Norte;5106778;Mato Grosso
2008;12,46435538607199;Porto Alegre do Norte;5106778;Mato Grosso
2009;0,9234089548825464;Porto Alegre do Norte;5106778;Mato Grosso
2010;2,65528148333033;Porto Alegre do Norte;5106778;Mato Grosso
2011;3,794359208361049;Porto Alegre do Norte;5106778;Mato Grosso
2012;1,1044962666469935;Porto Alegre do Norte;5106778;Mato Grosso
2013;1,5299769249569934;Porto Alegre do Norte;5106778;Mato Grosso
2014;1,6279474498512239;Porto Alegre do Norte;5106778;Mato Grosso
2015;3,8774700774964073;Porto Alegre do Norte;5106778;Mato Grosso
2016;0,9205386158133967;Porto Alegre do Norte;5106778;Mato Grosso
2017;0,4166130508085536;Porto Alegre do Norte;5106778;Mato Grosso
2018;0,878114383052154;Porto Alegre do Norte;5106778;Mato Grosso
2019;5,203718830439616;Porto Alegre do Norte;5106778;Mato Grosso
2020;12,361224970349504;Porto Alegre do Norte;5106778;Mato Grosso
2021;16,23577101871343;Porto Alegre do Norte;5106778;Mato Grosso
2022;1,840301352672946;Porto Alegre do Norte;5106778;Mato Grosso
2023;9,65030827401365;Porto Alegre do Norte;5106778;Mato Grosso
2024;0,5691051042730871;Porto Alegre do Norte;5106778;Mato Grosso
2007;355,63184620278406;Porto Esperidiao;5106828;Mato Grosso
2008;6,686390161741793;Porto Esperidiao;5106828;Mato Grosso
2009;0,3569857718352131;Porto Esperidiao;5106828;Mato Grosso
2010;5,684576622932768;Porto Esperidiao;5106828;Mato Grosso
2011;1,1318922378689475;Porto Esperidiao;5106828;Mato Grosso
2012;0,39948572188660775;Porto Esperidiao;5106828;Mato Grosso
2013;0;Porto Esperidiao;5106828;Mato Grosso
2014;1,1811100823242382;Porto Esperidiao;5106828;Mato Grosso
2015;3,8770707845577834;Porto Esperidiao;5106828;Mato Grosso
2016;0,7684242122267739;Porto Esperidiao;5106828;Mato Grosso
2017;0,2780339322447844;Porto Esperidiao;5106828;Mato Grosso
2018;1,050531698419089;Porto Esperidiao;5106828;Mato Grosso
2019;4,750957508906806;Porto Esperidiao;5106828;Mato Grosso
2020;4,467742766129412;Porto Esperidiao;5106828;Mato Grosso
2021;0,9384372787119686;Porto Esperidiao;5106828;Mato Grosso
2022;0,46914275215412043;Porto Esperidiao;5106828;Mato Grosso
2023;0,3269243788923236;Porto Esperidiao;5106828;Mato Grosso
2024;0;Porto Esperidiao;5106828;Mato Grosso
2007;375,8630508811983;Porto Estrela;5106851;Mato Grosso
2008;0,1997728473613004;Porto Estrela;5106851;Mato Grosso
2009;0,15446098325487545;Porto Estrela;5106851;Mato Grosso
2010;0,08526283092605984;Porto Estrela;5106851;Mato Grosso
2011;0;Porto Estrela;5106851;Mato Grosso
2012;0;Porto Estrela;5106851;Mato Grosso
2013;0,15364656840895005;Porto Estrela;5106851;Mato Grosso
2014;0,09612686614664459;Porto Estrela;5106851;Mato Grosso
2015;0,1258764058240151;Porto Estrela;5106851;Mato Grosso
2016;0,4652770344859083;Porto Estrela;5106851;Mato Grosso
2017;0,22722817096781545;Porto Estrela;5106851;Mato Grosso
2018;0,2894712909651893;Porto Estrela;5106851;Mato Grosso
2019;0,08646834661804839;Porto Estrela;5106851;Mato Grosso
2020;0;Porto Estrela;5106851;Mato Grosso
2021;0,15421731422932017;Porto Estrela;5106851;Mato Grosso
2022;0;Porto Estrela;5106851;Mato Grosso
2023;0,21203610674219983;Porto Estrela;5106851;Mato Grosso
2024;0;Porto Estrela;5106851;Mato Grosso
2007;2926,2473443884937;Porto dos Gauchos;5106802;Mato Grosso
2008;29,884450365888615;Porto dos Gauchos;5106802;Mato Grosso
2009;8,828426898006063;Porto dos Gauchos;5106802;Mato Grosso
2010;21,699153164574263;Porto dos Gauchos;5106802;Mato Grosso
2011;20,112637417799295;Porto dos Gauchos;5106802;Mato Grosso
2012;7,192733438017246;Porto dos Gauchos;5106802;Mato Grosso
2013;13,31354736469365;Porto dos Gauchos;5106802;Mato Grosso
2014;16,607278361996322;Porto dos Gauchos;5106802;Mato Grosso
2015;31,80849216458956;Porto dos Gauchos;5106802;Mato Grosso
2016;8,633357685785036;Porto dos Gauchos;5106802;Mato Grosso
2017;18,75651773179159;Porto dos Gauchos;5106802;Mato Grosso
2018;32,60677003694688;Porto dos Gauchos;5106802;Mato Grosso
2019;25,15871283388134;Porto dos Gauchos;5106802;Mato Grosso
2020;51,70705496538178;Porto dos Gauchos;5106802;Mato Grosso
2021;18,286692091949007;Porto dos Gauchos;5106802;Mato Grosso
2022;29,189038124526306;Porto dos Gauchos;5106802;Mato Grosso
2023;96,56284115264437;Porto dos Gauchos;5106802;Mato Grosso
2024;32,92574960091184;Porto dos Gauchos;5106802;Mato Grosso
2007;1853,2182700118972;Poxoreu;5107008;Mato Grosso
2008;4,928571746261997;Poxoreu;5107008;Mato Grosso
2009;0,4400540774306505;Poxoreu;5107008;Mato Grosso
2010;0,24503130473081852;Poxoreu;5107008;Mato Grosso
2011;0,41839996711708133;Poxoreu;5107008;Mato Grosso
2012;0,48531736523797864;Poxoreu;5107008;Mato Grosso
2013;0,30085597451777035;Poxoreu;5107008;Mato Grosso
2014;0,30341620129281527;Poxoreu;5107008;Mato Grosso
2015;1,0898937099728687;Poxoreu;5107008;Mato Grosso
2016;0,4959681504419593;Poxoreu;5107008;Mato Grosso
2017;0;Poxoreu;5107008;Mato Grosso
2018;0;Poxoreu;5107008;Mato Grosso
2019;0;Poxoreu;5107008;Mato Grosso
2020;0,12001955442335255;Poxoreu;5107008;Mato Grosso
2021;0,0779308334624239;Poxoreu;5107008;Mato Grosso
2022;0;Poxoreu;5107008;Mato Grosso
2023;0;Poxoreu;5107008;Mato Grosso
2024;0;Poxoreu;5107008;Mato Grosso
2007;0,6854754271529838;Primavera do Leste;5107040;Mato Grosso
2008;0;Primavera do Leste;5107040;Mato Grosso
2009;0;Primavera do Leste;5107040;Mato Grosso
2010;0;Primavera do Leste;5107040;Mato Grosso
2011;0;Primavera do Leste;5107040;Mato Grosso
2012;0;Primavera do Leste;5107040;Mato Grosso
2013;0;Primavera do Leste;5107040;Mato Grosso
2014;0;Primavera do Leste;5107040;Mato Grosso
2015;0;Primavera do Leste;5107040;Mato Grosso
2016;0;Primavera do Leste;5107040;Mato Grosso
2017;0;Primavera do Leste;5107040;Mato Grosso
2018;0;Primavera do Leste;5107040;Mato Grosso
2019;0;Primavera do Leste;5107040;Mato Grosso
2020;0;Primavera do Leste;5107040;Mato Grosso
2021;0;Primavera do Leste;5107040;Mato Grosso
2022;0;Primavera do Leste;5107040;Mato Grosso
2023;0;Primavera do Leste;5107040;Mato Grosso
2024;0;Primavera do Leste;5107040;Mato Grosso
2007;4948,246652787715;Querencia;5107065;Mato Grosso
2008;71,40797507099002;Querencia;5107065;Mato Grosso
2009;7,310176263174345;Querencia;5107065;Mato Grosso
2010;22,23024861345893;Querencia;5107065;Mato Grosso
2011;14,799621309687534;Querencia;5107065;Mato Grosso
2012;38,720329796021744;Querencia;5107065;Mato Grosso
2013;14,002731989892489;Querencia;5107065;Mato Grosso
2014;15,396724897067582;Querencia;5107065;Mato Grosso
2015;18,555401587567562;Querencia;5107065;Mato Grosso
2016;21,50297168446133;Querencia;5107065;Mato Grosso
2017;17,358031329918308;Querencia;5107065;Mato Grosso
2018;69,99104026828861;Querencia;5107065;Mato Grosso
2019;17,254051754219724;Querencia;5107065;Mato Grosso
2020;22,381908579360175;Querencia;5107065;Mato Grosso
2021;25,36069125131547;Querencia;5107065;Mato Grosso
2022;46,86560289642466;Querencia;5107065;Mato Grosso
2023;46,14540363301512;Querencia;5107065;Mato Grosso
2024;12,137258458578549;Querencia;5107065;Mato Grosso
2007;310,23777751724685;Reserva do Cabacal;5107156;Mato Grosso
2008;0,8730915146284777;Reserva do Cabacal;5107156;Mato Grosso
2009;2,0953299932764917;Reserva do Cabacal;5107156;Mato Grosso
2010;0,7732792417387633;Reserva do Cabacal;5107156;Mato Grosso
2011;1,7158521949158223;Reserva do Cabacal;5107156;Mato Grosso
2012;0,4247442184613561;Reserva do Cabacal;5107156;Mato Grosso
2013;0,20666036996815607;Reserva do Cabacal;5107156;Mato Grosso
2014;0,5090789696466443;Reserva do Cabacal;5107156;Mato Grosso
2015;4,190169792765859;Reserva do Cabacal;5107156;Mato Grosso
2016;0,9956695966877745;Reserva do Cabacal;5107156;Mato Grosso
2017;1,2492590958431673;Reserva do Cabacal;5107156;Mato Grosso
2018;1,4944164267045827;Reserva do Cabacal;5107156;Mato Grosso
2019;1,1046329965345159;Reserva do Cabacal;5107156;Mato Grosso
2020;3,432298492362402;Reserva do Cabacal;5107156;Mato Grosso
2021;2,1833657040612944;Reserva do Cabacal;5107156;Mato Grosso
2022;1,2353336229595269;Reserva do Cabacal;5107156;Mato Grosso
2023;1,2744826996634073;Reserva do Cabacal;5107156;Mato Grosso
2024;0;Reserva do Cabacal;5107156;Mato Grosso
2007;1601,313328162822;Ribeirao Cascalheira;5107180;Mato Grosso
2008;5,544517884785088;Ribeirao Cascalheira;5107180;Mato Grosso
2009;2,3768861701551245;Ribeirao Cascalheira;5107180;Mato Grosso
2010;5,6918159578808325;Ribeirao Cascalheira;5107180;Mato Grosso
2011;8,311953094068526;Ribeirao Cascalheira;5107180;Mato Grosso
2012;2,5335269286135005;Ribeirao Cascalheira;5107180;Mato Grosso
2013;1,9665539351099195;Ribeirao Cascalheira;5107180;Mato Grosso
2014;4,035772031452127;Ribeirao Cascalheira;5107180;Mato Grosso
2015;12,856810736865228;Ribeirao Cascalheira;5107180;Mato Grosso
2016;1,8933203880715757;Ribeirao Cascalheira;5107180;Mato Grosso
2017;9,91717568855749;Ribeirao Cascalheira;5107180;Mato Grosso
2018;1,5824842315019068;Ribeirao Cascalheira;5107180;Mato Grosso
2019;12,71489784628951;Ribeirao Cascalheira;5107180;Mato Grosso
2020;2,1386552465076907;Ribeirao Cascalheira;5107180;Mato Grosso
2021;2,4747650008096196;Ribeirao Cascalheira;5107180;Mato Grosso
2022;15,615308187288843;Ribeirao Cascalheira;5107180;Mato Grosso
2023;3,137121850632524;Ribeirao Cascalheira;5107180;Mato Grosso
2024;0,34163858612286613;Ribeirao Cascalheira;5107180;Mato Grosso
2007;0;Ribeiraozinho;5107198;Mato Grosso
2008;0;Ribeiraozinho;5107198;Mato Grosso
2009;0;Ribeiraozinho;5107198;Mato Grosso
2010;0;Ribeiraozinho;5107198;Mato Grosso
2011;0;Ribeiraozinho;5107198;Mato Grosso
2012;0;Ribeiraozinho;5107198;Mato Grosso
2013;0;Ribeiraozinho;5107198;Mato Grosso
2014;0;Ribeiraozinho;5107198;Mato Grosso
2015;0;Ribeiraozinho;5107198;Mato Grosso
2016;0;Ribeiraozinho;5107198;Mato Grosso
2017;0;Ribeiraozinho;5107198;Mato Grosso
2018;0;Ribeiraozinho;5107198;Mato Grosso
2019;0;Ribeiraozinho;5107198;Mato Grosso
2020;0;Ribeiraozinho;5107198;Mato Grosso
2021;0;Ribeiraozinho;5107198;Mato Grosso
2022;0;Ribeiraozinho;5107198;Mato Grosso
2023;0;Ribeiraozinho;5107198;Mato Grosso
2024;0;Ribeiraozinho;5107198;Mato Grosso
2007;447,0887523228351;Rio Branco;5107206;Mato Grosso
2008;0;Rio Branco;5107206;Mato Grosso
2009;0;Rio Branco;5107206;Mato Grosso
2010;0;Rio Branco;5107206;Mato Grosso
2011;0;Rio Branco;5107206;Mato Grosso
2012;0;Rio Branco;5107206;Mato Grosso
2013;0;Rio Branco;5107206;Mato Grosso
2014;0;Rio Branco;5107206;Mato Grosso
2015;0,11763608189563507;Rio Branco;5107206;Mato Grosso
2016;0;Rio Branco;5107206;Mato Grosso
2017;0;Rio Branco;5107206;Mato Grosso
2018;0,14781824286851666;Rio Branco;5107206;Mato Grosso
2019;0;Rio Branco;5107206;Mato Grosso
2020;0;Rio Branco;5107206;Mato Grosso
2021;0;Rio Branco;5107206;Mato Grosso
2022;0;Rio Branco;5107206;Mato Grosso
2023;0;Rio Branco;5107206;Mato Grosso
2024;0;Rio Branco;5107206;Mato Grosso
2007;1821,1855430217684;Rondolandia;5107578;Mato Grosso
2008;18,23793890097623;Rondolandia;5107578;Mato Grosso
2009;13,827802641201071;Rondolandia;5107578;Mato Grosso
2010;8,564842173625475;Rondolandia;5107578;Mato Grosso
2011;7,014775934210716;Rondolandia;5107578;Mato Grosso
2012;20,140308610492827;Rondolandia;5107578;Mato Grosso
2013;13,14582066834582;Rondolandia;5107578;Mato Grosso
2014;5,06755623181448;Rondolandia;5107578;Mato Grosso
2015;2,351666124786119;Rondolandia;5107578;Mato Grosso
2016;14,915067864233025;Rondolandia;5107578;Mato Grosso
2017;14,405150557096405;Rondolandia;5107578;Mato Grosso
2018;71,80985050732282;Rondolandia;5107578;Mato Grosso
2019;28,279011257054677;Rondolandia;5107578;Mato Grosso
2020;51,29122863089253;Rondolandia;5107578;Mato Grosso
2021;66,09263276438796;Rondolandia;5107578;Mato Grosso
2022;48,066208546373055;Rondolandia;5107578;Mato Grosso
2023;25,989133870260403;Rondolandia;5107578;Mato Grosso
2024;11,178299793669487;Rondolandia;5107578;Mato Grosso
2007;1089,7676760486984;Rondonopolis;5107602;Mato Grosso
2008;0,4547376940384977;Rondonopolis;5107602;Mato Grosso
2009;0,25779153627286555;Rondonopolis;5107602;Mato Grosso
2010;0,6361647863768302;Rondonopolis;5107602;Mato Grosso
2011;0,2738933389606476;Rondonopolis;5107602;Mato Grosso
2012;0,0631000343693062;Rondonopolis;5107602;Mato Grosso
2013;0;Rondonopolis;5107602;Mato Grosso
2014;0,07352329515324457;Rondonopolis;5107602;Mato Grosso
2015;0,9483659917434359;Rondonopolis;5107602;Mato Grosso
2016;1,383553674841788;Rondonopolis;5107602;Mato Grosso
2017;0,691784056755231;Rondonopolis;5107602;Mato Grosso
2018;0,11095779520940349;Rondonopolis;5107602;Mato Grosso
2019;0,08649490513811074;Rondonopolis;5107602;Mato Grosso
2020;0,12842800789485434;Rondonopolis;5107602;Mato Grosso
2021;0,06590866103348646;Rondonopolis;5107602;Mato Grosso
2022;0;Rondonopolis;5107602;Mato Grosso
2023;0,07881915341455102;Rondonopolis;5107602;Mato Grosso
2024;0;Rondonopolis;5107602;Mato Grosso
2007;66,28843125077996;Rosario Oeste;5107701;Mato Grosso
2008;0,24604290137350787;Rosario Oeste;5107701;Mato Grosso
2009;0,09124154879523574;Rosario Oeste;5107701;Mato Grosso
2010;0;Rosario Oeste;5107701;Mato Grosso
2011;0;Rosario Oeste;5107701;Mato Grosso
2012;0,0034873492510318757;Rosario Oeste;5107701;Mato Grosso
2013;0,12765665178613078;Rosario Oeste;5107701;Mato Grosso
2014;0,29661358592324083;Rosario Oeste;5107701;Mato Grosso
2015;0,21412690170940216;Rosario Oeste;5107701;Mato Grosso
2016;0;Rosario Oeste;5107701;Mato Grosso
2017;0;Rosario Oeste;5107701;Mato Grosso
2018;0;Rosario Oeste;5107701;Mato Grosso
2019;0,15456153693175875;Rosario Oeste;5107701;Mato Grosso
2020;0;Rosario Oeste;5107701;Mato Grosso
2021;0;Rosario Oeste;5107701;Mato Grosso
2022;0;Rosario Oeste;5107701;Mato Grosso
2023;0;Rosario Oeste;5107701;Mato Grosso
2024;0;Rosario Oeste;5107701;Mato Grosso
2007;1346,4002768982018;Salto do Ceu;5107750;Mato Grosso
2008;1,4287423519327986;Salto do Ceu;5107750;Mato Grosso
2009;0,5014683811700994;Salto do Ceu;5107750;Mato Grosso
2010;2,9955875026821057;Salto do Ceu;5107750;Mato Grosso
2011;1,571041241562879;Salto do Ceu;5107750;Mato Grosso
2012;1,9283225370797847;Salto do Ceu;5107750;Mato Grosso
2013;0,13427540781102157;Salto do Ceu;5107750;Mato Grosso
2014;1,659472455982728;Salto do Ceu;5107750;Mato Grosso
2015;0,1040802374463007;Salto do Ceu;5107750;Mato Grosso
2016;0,0783706240858752;Salto do Ceu;5107750;Mato Grosso
2017;0,1031662030075717;Salto do Ceu;5107750;Mato Grosso
2018;0,7210033191540851;Salto do Ceu;5107750;Mato Grosso
2019;2,168040462807613;Salto do Ceu;5107750;Mato Grosso
2020;0,1879116098070957;Salto do Ceu;5107750;Mato Grosso
2021;2,1171618332176783;Salto do Ceu;5107750;Mato Grosso
2022;0;Salto do Ceu;5107750;Mato Grosso
2023;0;Salto do Ceu;5107750;Mato Grosso
2024;0;Salto do Ceu;5107750;Mato Grosso
2007;1406,9168183063887;Santa Carmem;5107248;Mato Grosso
2008;24,18184570569656;Santa Carmem;5107248;Mato Grosso
2009;5,449913064382359;Santa Carmem;5107248;Mato Grosso
2010;11,082243726891807;Santa Carmem;5107248;Mato Grosso
2011;10,193172248115559;Santa Carmem;5107248;Mato Grosso
2012;2,8452747753543783;Santa Carmem;5107248;Mato Grosso
2013;24,97430050979328;Santa Carmem;5107248;Mato Grosso
2014;8,774379067334177;Santa Carmem;5107248;Mato Grosso
2015;7,742540126168702;Santa Carmem;5107248;Mato Grosso
2016;20,353396580966134;Santa Carmem;5107248;Mato Grosso
2017;27,09661924069945;Santa Carmem;5107248;Mato Grosso
2018;14,39488627077349;Santa Carmem;5107248;Mato Grosso
2019;16,420990059769856;Santa Carmem;5107248;Mato Grosso
2020;20,869739894014035;Santa Carmem;5107248;Mato Grosso
2021;8,474139656384015;Santa Carmem;5107248;Mato Grosso
2022;37,24777809704095;Santa Carmem;5107248;Mato Grosso
2023;20,455022705009643;Santa Carmem;5107248;Mato Grosso
2024;10,403065324484096;Santa Carmem;5107248;Mato Grosso
2007;1338,7131232539964;Santa Cruz do Xingu;5107743;Mato Grosso
2008;7,300593983806778;Santa Cruz do Xingu;5107743;Mato Grosso
2009;3,0002395459072417;Santa Cruz do Xingu;5107743;Mato Grosso
2010;4,970215633185993;Santa Cruz do Xingu;5107743;Mato Grosso
2011;2,2834257381471734;Santa Cruz do Xingu;5107743;Mato Grosso
2012;0,6403845226466315;Santa Cruz do Xingu;5107743;Mato Grosso
2013;0,37918411476944436;Santa Cruz do Xingu;5107743;Mato Grosso
2014;9,022696106126633;Santa Cruz do Xingu;5107743;Mato Grosso
2015;3,7003606017091393;Santa Cruz do Xingu;5107743;Mato Grosso
2016;16,718726823885067;Santa Cruz do Xingu;5107743;Mato Grosso
2017;16,631337723392015;Santa Cruz do Xingu;5107743;Mato Grosso
2018;20,41196760748194;Santa Cruz do Xingu;5107743;Mato Grosso
2019;10,227884041974445;Santa Cruz do Xingu;5107743;Mato Grosso
2020;11,889586317637956;Santa Cruz do Xingu;5107743;Mato Grosso
2021;11,389439274156718;Santa Cruz do Xingu;5107743;Mato Grosso
2022;13,686595566409322;Santa Cruz do Xingu;5107743;Mato Grosso
2023;13,71085475038204;Santa Cruz do Xingu;5107743;Mato Grosso
2024;2,188504106969506;Santa Cruz do Xingu;5107743;Mato Grosso
2007;657,3844258632856;Santa Rita do Trivelato;5107768;Mato Grosso
2008;1,3017241071291241;Santa Rita do Trivelato;5107768;Mato Grosso
2009;0,3217780297316045;Santa Rita do Trivelato;5107768;Mato Grosso
2010;4,17609597391659;Santa Rita do Trivelato;5107768;Mato Grosso
2011;0,5223566652959394;Santa Rita do Trivelato;5107768;Mato Grosso
2012;0;Santa Rita do Trivelato;5107768;Mato Grosso
2013;2,8526338486024367;Santa Rita do Trivelato;5107768;Mato Grosso
2014;0,5112827523672435;Santa Rita do Trivelato;5107768;Mato Grosso
2015;0,41880554018066;Santa Rita do Trivelato;5107768;Mato Grosso
2016;1,673172800178051;Santa Rita do Trivelato;5107768;Mato Grosso
2017;0,37774791821022463;Santa Rita do Trivelato;5107768;Mato Grosso
2018;0;Santa Rita do Trivelato;5107768;Mato Grosso
2019;1,052001050511832;Santa Rita do Trivelato;5107768;Mato Grosso
2020;0;Santa Rita do Trivelato;5107768;Mato Grosso
2021;8,404192383296316;Santa Rita do Trivelato;5107768;Mato Grosso
2022;0;Santa Rita do Trivelato;5107768;Mato Grosso
2023;0;Santa Rita do Trivelato;5107768;Mato Grosso
2024;1,7561176205980955;Santa Rita do Trivelato;5107768;Mato Grosso
2007;2472,4339504766035;Santa Terezinha;5107776;Mato Grosso
2008;41,561704516277175;Santa Terezinha;5107776;Mato Grosso
2009;7,6640129526624055;Santa Terezinha;5107776;Mato Grosso
2010;4,427192120961297;Santa Terezinha;5107776;Mato Grosso
2011;12,058202463994803;Santa Terezinha;5107776;Mato Grosso
2012;10,198168086705492;Santa Terezinha;5107776;Mato Grosso
2013;13,977326173700508;Santa Terezinha;5107776;Mato Grosso
2014;5,6543466325721905;Santa Terezinha;5107776;Mato Grosso
2015;7,302594332657595;Santa Terezinha;5107776;Mato Grosso
2016;21,61556309022477;Santa Terezinha;5107776;Mato Grosso
2017;21,0730948360145;Santa Terezinha;5107776;Mato Grosso
2018;10,812820863273767;Santa Terezinha;5107776;Mato Grosso
2019;11,040968491457383;Santa Terezinha;5107776;Mato Grosso
2020;17,97995829064924;Santa Terezinha;5107776;Mato Grosso
2021;22,844946026296537;Santa Terezinha;5107776;Mato Grosso
2022;23,294050727799533;Santa Terezinha;5107776;Mato Grosso
2023;9,594512388659231;Santa Terezinha;5107776;Mato Grosso
2024;21,644097165144572;Santa Terezinha;5107776;Mato Grosso
2007;936,1206242536201;Santo Afonso;5107263;Mato Grosso
2008;6,651057492785805;Santo Afonso;5107263;Mato Grosso
2009;8,11146023778756;Santo Afonso;5107263;Mato Grosso
2010;2,7748420461640624;Santo Afonso;5107263;Mato Grosso
2011;2,3379233611042602;Santo Afonso;5107263;Mato Grosso
2012;2,590858448945699;Santo Afonso;5107263;Mato Grosso
2013;6,395475776068149;Santo Afonso;5107263;Mato Grosso
2014;2,031759031744995;Santo Afonso;5107263;Mato Grosso
2015;4,197519155741611;Santo Afonso;5107263;Mato Grosso
2016;1,9773883476867244;Santo Afonso;5107263;Mato Grosso
2017;3,7104151068028948;Santo Afonso;5107263;Mato Grosso
2018;1,9642685487603906;Santo Afonso;5107263;Mato Grosso
2019;2,6414379461877835;Santo Afonso;5107263;Mato Grosso
2020;1,8985047703708828;Santo Afonso;5107263;Mato Grosso
2021;3,317045503928474;Santo Afonso;5107263;Mato Grosso
2022;0,2006050176557849;Santo Afonso;5107263;Mato Grosso
2023;0,693782988870354;Santo Afonso;5107263;Mato Grosso
2024;0;Santo Afonso;5107263;Mato Grosso
2007;1,9123235477895715;Santo Antonio do Leste;5107792;Mato Grosso
2008;0;Santo Antonio do Leste;5107792;Mato Grosso
2009;0;Santo Antonio do Leste;5107792;Mato Grosso
2010;0;Santo Antonio do Leste;5107792;Mato Grosso
2011;0;Santo Antonio do Leste;5107792;Mato Grosso
2012;0,0992221821060207;Santo Antonio do Leste;5107792;Mato Grosso
2013;0;Santo Antonio do Leste;5107792;Mato Grosso
2014;0;Santo Antonio do Leste;5107792;Mato Grosso
2015;0;Santo Antonio do Leste;5107792;Mato Grosso
2016;0;Santo Antonio do Leste;5107792;Mato Grosso
2017;0;Santo Antonio do Leste;5107792;Mato Grosso
2018;0;Santo Antonio do Leste;5107792;Mato Grosso
2019;0;Santo Antonio do Leste;5107792;Mato Grosso
2020;0;Santo Antonio do Leste;5107792;Mato Grosso
2021;0;Santo Antonio do Leste;5107792;Mato Grosso
2022;0;Santo Antonio do Leste;5107792;Mato Grosso
2023;0;Santo Antonio do Leste;5107792;Mato Grosso
2024;0;Santo Antonio do Leste;5107792;Mato Grosso
2007;519,5340441662182;Santo Antonio do Leverger;5107800;Mato Grosso
2008;1,3275151974878343;Santo Antonio do Leverger;5107800;Mato Grosso
2009;2,3501486613753824;Santo Antonio do Leverger;5107800;Mato Grosso
2010;1,0911817672856374;Santo Antonio do Leverger;5107800;Mato Grosso
2011;0,7706077910581202;Santo Antonio do Leverger;5107800;Mato Grosso
2012;0,21485660523625194;Santo Antonio do Leverger;5107800;Mato Grosso
2013;0,07797438880987469;Santo Antonio do Leverger;5107800;Mato Grosso
2014;1,2964537817666766;Santo Antonio do Leverger;5107800;Mato Grosso
2015;2,795862491614698;Santo Antonio do Leverger;5107800;Mato Grosso
2016;1,0722083014540775;Santo Antonio do Leverger;5107800;Mato Grosso
2017;0,8062896792377826;Santo Antonio do Leverger;5107800;Mato Grosso
2018;0,15465547929248963;Santo Antonio do Leverger;5107800;Mato Grosso
2019;0,7858368929982404;Santo Antonio do Leverger;5107800;Mato Grosso
2020;2,67185626301512;Santo Antonio do Leverger;5107800;Mato Grosso
2021;1,357374665039236;Santo Antonio do Leverger;5107800;Mato Grosso
2022;0,2519702358181132;Santo Antonio do Leverger;5107800;Mato Grosso
2023;0,13474954340559686;Santo Antonio do Leverger;5107800;Mato Grosso
2024;0;Santo Antonio do Leverger;5107800;Mato Grosso
2007;4178,236472706199;Sao Felix do Araguaia;5107859;Mato Grosso
2008;210,32604555025267;Sao Felix do Araguaia;5107859;Mato Grosso
2009;16,585740901517696;Sao Felix do Araguaia;5107859;Mato Grosso
2010;6,292204359147579;Sao Felix do Araguaia;5107859;Mato Grosso
2011;19,13905173764217;Sao Felix do Araguaia;5107859;Mato Grosso
2012;17,651721741681396;Sao Felix do Araguaia;5107859;Mato Grosso
2013;16,130564602066222;Sao Felix do Araguaia;5107859;Mato Grosso
2014;22,358358158893385;Sao Felix do Araguaia;5107859;Mato Grosso
2015;20,660402646726997;Sao Felix do Araguaia;5107859;Mato Grosso
2016;6,394685227254016;Sao Felix do Araguaia;5107859;Mato Grosso
2017;6,721222841566157;Sao Felix do Araguaia;5107859;Mato Grosso
2018;33,98835177423005;Sao Felix do Araguaia;5107859;Mato Grosso
2019;13,441705830795042;Sao Felix do Araguaia;5107859;Mato Grosso
2020;17,28421852843441;Sao Felix do Araguaia;5107859;Mato Grosso
2021;21,354585977622545;Sao Felix do Araguaia;5107859;Mato Grosso
2022;34,12270967026446;Sao Felix do Araguaia;5107859;Mato Grosso
2023;37,32331440698103;Sao Felix do Araguaia;5107859;Mato Grosso
2024;12,184177102708727;Sao Felix do Araguaia;5107859;Mato Grosso
2007;26,376688482166596;Sao Jose do Povo;5107297;Mato Grosso
2008;0,009271539284743505;Sao Jose do Povo;5107297;Mato Grosso
2009;0;Sao Jose do Povo;5107297;Mato Grosso
2010;0;Sao Jose do Povo;5107297;Mato Grosso
2011;0;Sao Jose do Povo;5107297;Mato Grosso
2012;0;Sao Jose do Povo;5107297;Mato Grosso
2013;0;Sao Jose do Povo;5107297;Mato Grosso
2014;0;Sao Jose do Povo;5107297;Mato Grosso
2015;0;Sao Jose do Povo;5107297;Mato Grosso
2016;0;Sao Jose do Povo;5107297;Mato Grosso
2017;0;Sao Jose do Povo;5107297;Mato Grosso
2018;0;Sao Jose do Povo;5107297;Mato Grosso
2019;0;Sao Jose do Povo;5107297;Mato Grosso
2020;0;Sao Jose do Povo;5107297;Mato Grosso
2021;0;Sao Jose do Povo;5107297;Mato Grosso
2022;0;Sao Jose do Povo;5107297;Mato Grosso
2023;0;Sao Jose do Povo;5107297;Mato Grosso
2024;0;Sao Jose do Povo;5107297;Mato Grosso
2007;1708,300762936313;Sao Jose do Rio Claro;5107305;Mato Grosso
2008;18,292444236934767;Sao Jose do Rio Claro;5107305;Mato Grosso
2009;8,611924365913207;Sao Jose do Rio Claro;5107305;Mato Grosso
2010;6,187804777138124;Sao Jose do Rio Claro;5107305;Mato Grosso
2011;12,027039650438656;Sao Jose do Rio Claro;5107305;Mato Grosso
2012;7,854349345963921;Sao Jose do Rio Claro;5107305;Mato Grosso
2013;17,48182469800454;Sao Jose do Rio Claro;5107305;Mato Grosso
2014;16,30197665946148;Sao Jose do Rio Claro;5107305;Mato Grosso
2015;22,621115564376392;Sao Jose do Rio Claro;5107305;Mato Grosso
2016;8,138704761833777;Sao Jose do Rio Claro;5107305;Mato Grosso
2017;16,497785623328877;Sao Jose do Rio Claro;5107305;Mato Grosso
2018;10,706518558420626;Sao Jose do Rio Claro;5107305;Mato Grosso
2019;6,814236838549399;Sao Jose do Rio Claro;5107305;Mato Grosso
2020;3,2219819950108617;Sao Jose do Rio Claro;5107305;Mato Grosso
2021;25,06948741927696;Sao Jose do Rio Claro;5107305;Mato Grosso
2022;17,482760135209332;Sao Jose do Rio Claro;5107305;Mato Grosso
2023;8,488578926814881;Sao Jose do Rio Claro;5107305;Mato Grosso
2024;29,52662194856479;Sao Jose do Rio Claro;5107305;Mato Grosso
2007;4191,110119844839;Sao Jose do Xingu;5107354;Mato Grosso
2008;93,83135329180794;Sao Jose do Xingu;5107354;Mato Grosso
2009;5,962555811016851;Sao Jose do Xingu;5107354;Mato Grosso
2010;6,837792861260814;Sao Jose do Xingu;5107354;Mato Grosso
2011;5,928363801659604;Sao Jose do Xingu;5107354;Mato Grosso
2012;19,07340902746835;Sao Jose do Xingu;5107354;Mato Grosso
2013;1,657763496131257;Sao Jose do Xingu;5107354;Mato Grosso
2014;2,474985096348369;Sao Jose do Xingu;5107354;Mato Grosso
2015;11,996234201894906;Sao Jose do Xingu;5107354;Mato Grosso
2016;1,360834323842951;Sao Jose do Xingu;5107354;Mato Grosso
2017;2,0205677251115435;Sao Jose do Xingu;5107354;Mato Grosso
2018;5,764094690171078;Sao Jose do Xingu;5107354;Mato Grosso
2019;3,8774781220771857;Sao Jose do Xingu;5107354;Mato Grosso
2020;1,1962376723548027;Sao Jose do Xingu;5107354;Mato Grosso
2021;1,6060909210700922;Sao Jose do Xingu;5107354;Mato Grosso
2022;6,025084266072422;Sao Jose do Xingu;5107354;Mato Grosso
2023;4,5899759506161715;Sao Jose do Xingu;5107354;Mato Grosso
2024;9,257446790112832;Sao Jose do Xingu;5107354;Mato Grosso
2007;1181,7391144434143;Sao Jose dos Quatro Marcos;5107107;Mato Grosso
2008;1,6841508713997486;Sao Jose dos Quatro Marcos;5107107;Mato Grosso
2009;0,8951517273042178;Sao Jose dos Quatro Marcos;5107107;Mato Grosso
2010;2,097549548204463;Sao Jose dos Quatro Marcos;5107107;Mato Grosso
2011;0,99861233908243;Sao Jose dos Quatro Marcos;5107107;Mato Grosso
2012;0,6087282811898309;Sao Jose dos Quatro Marcos;5107107;Mato Grosso
2013;0,3210103223551262;Sao Jose dos Quatro Marcos;5107107;Mato Grosso
2014;0,32028495836752313;Sao Jose dos Quatro Marcos;5107107;Mato Grosso
2015;0,5694191078528259;Sao Jose dos Quatro Marcos;5107107;Mato Grosso
2016;0,11710281139408539;Sao Jose dos Quatro Marcos;5107107;Mato Grosso
2017;0;Sao Jose dos Quatro Marcos;5107107;Mato Grosso
2018;0,2333575104224264;Sao Jose dos Quatro Marcos;5107107;Mato Grosso
2019;0,8638412563782139;Sao Jose dos Quatro Marcos;5107107;Mato Grosso
2020;0,2961953462800758;Sao Jose dos Quatro Marcos;5107107;Mato Grosso
2021;0,16455475090072252;Sao Jose dos Quatro Marcos;5107107;Mato Grosso
2022;0;Sao Jose dos Quatro Marcos;5107107;Mato Grosso
2023;0;Sao Jose dos Quatro Marcos;5107107;Mato Grosso
2024;0;Sao Jose dos Quatro Marcos;5107107;Mato Grosso
2007;306,0017849413378;Sao Pedro da Cipa;5107404;Mato Grosso
2008;0;Sao Pedro da Cipa;5107404;Mato Grosso
2009;0;Sao Pedro da Cipa;5107404;Mato Grosso
2010;0;Sao Pedro da Cipa;5107404;Mato Grosso
2011;0;Sao Pedro da Cipa;5107404;Mato Grosso
2012;0;Sao Pedro da Cipa;5107404;Mato Grosso
2013;0;Sao Pedro da Cipa;5107404;Mato Grosso
2014;0,084014280089199;Sao Pedro da Cipa;5107404;Mato Grosso
2015;0;Sao Pedro da Cipa;5107404;Mato Grosso
2016;0;Sao Pedro da Cipa;5107404;Mato Grosso
2017;0;Sao Pedro da Cipa;5107404;Mato Grosso
2018;0;Sao Pedro da Cipa;5107404;Mato Grosso
2019;0;Sao Pedro da Cipa;5107404;Mato Grosso
2020;0;Sao Pedro da Cipa;5107404;Mato Grosso
2021;0;Sao Pedro da Cipa;5107404;Mato Grosso
2022;0;Sao Pedro da Cipa;5107404;Mato Grosso
2023;0;Sao Pedro da Cipa;5107404;Mato Grosso
2024;0;Sao Pedro da Cipa;5107404;Mato Grosso
2007;177,65462265168856;Sapezal;5107875;Mato Grosso
2008;6,658831810417388;Sapezal;5107875;Mato Grosso
2009;0,22229065888501665;Sapezal;5107875;Mato Grosso
2010;0,12170176699991853;Sapezal;5107875;Mato Grosso
2011;0,2897034858071106;Sapezal;5107875;Mato Grosso
2012;0,40855203984475635;Sapezal;5107875;Mato Grosso
2013;1,400081989163522;Sapezal;5107875;Mato Grosso
2014;0,20441727983542865;Sapezal;5107875;Mato Grosso
2015;0,24494301853480077;Sapezal;5107875;Mato Grosso
2016;0,14608818017521874;Sapezal;5107875;Mato Grosso
2017;1,1025278579649058;Sapezal;5107875;Mato Grosso
2018;0,3004641008494137;Sapezal;5107875;Mato Grosso
2019;3,3862320594115003;Sapezal;5107875;Mato Grosso
2020;1,996695030943282;Sapezal;5107875;Mato Grosso
2021;3,2250557368236104;Sapezal;5107875;Mato Grosso
2022;0,07068351443215225;Sapezal;5107875;Mato Grosso
2023;0,23171717139271186;Sapezal;5107875;Mato Grosso
2024;0;Sapezal;5107875;Mato Grosso
2007;270,7773536715077;Serra Nova Dourada;5107883;Mato Grosso
2008;9,29314476485244;Serra Nova Dourada;5107883;Mato Grosso
2009;17,810216316729136;Serra Nova Dourada;5107883;Mato Grosso
2010;0,518940269554511;Serra Nova Dourada;5107883;Mato Grosso
2011;5,271157297754217;Serra Nova Dourada;5107883;Mato Grosso
2012;11,068246357803316;Serra Nova Dourada;5107883;Mato Grosso
2013;16,16523548224711;Serra Nova Dourada;5107883;Mato Grosso
2014;3,0216426329706176;Serra Nova Dourada;5107883;Mato Grosso
2015;3,9282061251047913;Serra Nova Dourada;5107883;Mato Grosso
2016;2,1433530026989818;Serra Nova Dourada;5107883;Mato Grosso
2017;5,17561409409984;Serra Nova Dourada;5107883;Mato Grosso
2018;8,074036487875178;Serra Nova Dourada;5107883;Mato Grosso
2019;0,5476948812149485;Serra Nova Dourada;5107883;Mato Grosso
2020;2,201909267923926;Serra Nova Dourada;5107883;Mato Grosso
2021;3,6383300396266924;Serra Nova Dourada;5107883;Mato Grosso
2022;4,061321385711243;Serra Nova Dourada;5107883;Mato Grosso
2023;1,2876671250484821;Serra Nova Dourada;5107883;Mato Grosso
2024;1,3300402185852858;Serra Nova Dourada;5107883;Mato Grosso
2007;2402,129283987299;Sinop;5107909;Mato Grosso
2008;47,38026477674556;Sinop;5107909;Mato Grosso
2009;6,823360667914704;Sinop;5107909;Mato Grosso
2010;3,810769856761304;Sinop;5107909;Mato Grosso
2011;8,004222326996246;Sinop;5107909;Mato Grosso
2012;5,9543076012050715;Sinop;5107909;Mato Grosso
2013;20,493209623167942;Sinop;5107909;Mato Grosso
2014;3,9616098410244165;Sinop;5107909;Mato Grosso
2015;5,19951654701665;Sinop;5107909;Mato Grosso
2016;4,929971799725404;Sinop;5107909;Mato Grosso
2017;7,255216263835587;Sinop;5107909;Mato Grosso
2018;33,81561172759946;Sinop;5107909;Mato Grosso
2019;72,47842394070155;Sinop;5107909;Mato Grosso
2020;10,010188624465913;Sinop;5107909;Mato Grosso
2021;6,403567927920593;Sinop;5107909;Mato Grosso
2022;4,814263760254529;Sinop;5107909;Mato Grosso
2023;4,671141702617433;Sinop;5107909;Mato Grosso
2024;3,366532329342708;Sinop;5107909;Mato Grosso
2007;3971,6982548334895;Sorriso;5107925;Mato Grosso
2008;2,7725414905305645;Sorriso;5107925;Mato Grosso
2009;1,3061510247069281;Sorriso;5107925;Mato Grosso
2010;0,4965169525357057;Sorriso;5107925;Mato Grosso
2011;0,7064645015156374;Sorriso;5107925;Mato Grosso
2012;1,7114364123031676;Sorriso;5107925;Mato Grosso
2013;0,5763413280015611;Sorriso;5107925;Mato Grosso
2014;0,1619955369786825;Sorriso;5107925;Mato Grosso
2015;0,7524942566661743;Sorriso;5107925;Mato Grosso
2016;0,8769611241369031;Sorriso;5107925;Mato Grosso
2017;0,5958250240070189;Sorriso;5107925;Mato Grosso
2018;0,4704619157636155;Sorriso;5107925;Mato Grosso
2019;0,15994153630515123;Sorriso;5107925;Mato Grosso
2020;0,33283432384556566;Sorriso;5107925;Mato Grosso
2021;0,7126848075982598;Sorriso;5107925;Mato Grosso
2022;0,0001466318673033965;Sorriso;5107925;Mato Grosso
2023;0,9178436955491331;Sorriso;5107925;Mato Grosso
2024;0,08344019046104631;Sorriso;5107925;Mato Grosso
2007;2413,2655530284615;Tabapora;5107941;Mato Grosso
2008;65,78391037475679;Tabapora;5107941;Mato Grosso
2009;8,780305689176325;Tabapora;5107941;Mato Grosso
2010;9,454568430562457;Tabapora;5107941;Mato Grosso
2011;13,127306384323104;Tabapora;5107941;Mato Grosso
2012;15,555604616398503;Tabapora;5107941;Mato Grosso
2013;30,209722256985216;Tabapora;5107941;Mato Grosso
2014;16,10414553996149;Tabapora;5107941;Mato Grosso
2015;10,928030853584357;Tabapora;5107941;Mato Grosso
2016;9,753419250191591;Tabapora;5107941;Mato Grosso
2017;27,837934383557556;Tabapora;5107941;Mato Grosso
2018;8,918341002740192;Tabapora;5107941;Mato Grosso
2019;18,05560507648501;Tabapora;5107941;Mato Grosso
2020;7,092403105323317;Tabapora;5107941;Mato Grosso
2021;23,102007902117418;Tabapora;5107941;Mato Grosso
2022;30,629805987601355;Tabapora;5107941;Mato Grosso
2023;30,437639406219468;Tabapora;5107941;Mato Grosso
2024;7,426450541328624;Tabapora;5107941;Mato Grosso
2007;2372,4235067140535;Tangara da Serra;5107958;Mato Grosso
2008;4,633221693178311;Tangara da Serra;5107958;Mato Grosso
2009;1,4457470418113079;Tangara da Serra;5107958;Mato Grosso
2010;1,3640920584273653;Tangara da Serra;5107958;Mato Grosso
2011;0,46411632967728267;Tangara da Serra;5107958;Mato Grosso
2012;0,2010420152547673;Tangara da Serra;5107958;Mato Grosso
2013;0,8841284941659937;Tangara da Serra;5107958;Mato Grosso
2014;1,3483565765188599;Tangara da Serra;5107958;Mato Grosso
2015;0,7475317999220252;Tangara da Serra;5107958;Mato Grosso
2016;0,8532711836326178;Tangara da Serra;5107958;Mato Grosso
2017;0,44493706036533914;Tangara da Serra;5107958;Mato Grosso
2018;0,6518921080640289;Tangara da Serra;5107958;Mato Grosso
2019;3,3739555264655405;Tangara da Serra;5107958;Mato Grosso
2020;0,6173643412090121;Tangara da Serra;5107958;Mato Grosso
2021;0,2725115458256138;Tangara da Serra;5107958;Mato Grosso
2022;0,08237176354968695;Tangara da Serra;5107958;Mato Grosso
2023;2,657510937354831;Tangara da Serra;5107958;Mato Grosso
2024;0;Tangara da Serra;5107958;Mato Grosso
2007;1923,1808045176313;Tapurah;5108006;Mato Grosso
2008;10,131120822727357;Tapurah;5108006;Mato Grosso
2009;7,290682325375161;Tapurah;5108006;Mato Grosso
2010;13,746539990574874;Tapurah;5108006;Mato Grosso
2011;19,833023683142283;Tapurah;5108006;Mato Grosso
2012;4,3472188469791035;Tapurah;5108006;Mato Grosso
2013;16,14222486337557;Tapurah;5108006;Mato Grosso
2014;7,85878280539613;Tapurah;5108006;Mato Grosso
2015;18,497351851454347;Tapurah;5108006;Mato Grosso
2016;7,4003047584724975;Tapurah;5108006;Mato Grosso
2017;7,231319627489003;Tapurah;5108006;Mato Grosso
2018;9,53378440989875;Tapurah;5108006;Mato Grosso
2019;2,213664685921543;Tapurah;5108006;Mato Grosso
2020;5,311927361245014;Tapurah;5108006;Mato Grosso
2021;2,918501072819534;Tapurah;5108006;Mato Grosso
2022;4,632142511850487;Tapurah;5108006;Mato Grosso
2023;10,199687330061488;Tapurah;5108006;Mato Grosso
2024;9,794081477690595;Tapurah;5108006;Mato Grosso
2007;2098,449069094681;Terra Nova do Norte;5108055;Mato Grosso
2008;20,427091013266367;Terra Nova do Norte;5108055;Mato Grosso
2009;11,611655958350243;Terra Nova do Norte;5108055;Mato Grosso
2010;4,8009100710527175;Terra Nova do Norte;5108055;Mato Grosso
2011;4,483952560959814;Terra Nova do Norte;5108055;Mato Grosso
2012;4,3177349076270986;Terra Nova do Norte;5108055;Mato Grosso
2013;7,670840030259972;Terra Nova do Norte;5108055;Mato Grosso
2014;3,416669119602185;Terra Nova do Norte;5108055;Mato Grosso
2015;2,2366486561846584;Terra Nova do Norte;5108055;Mato Grosso
2016;6,004793962341156;Terra Nova do Norte;5108055;Mato Grosso
2017;4,38436646286412;Terra Nova do Norte;5108055;Mato Grosso
2018;4,877199808534448;Terra Nova do Norte;5108055;Mato Grosso
2019;6,948585450178964;Terra Nova do Norte;5108055;Mato Grosso
2020;1,5075445721027247;Terra Nova do Norte;5108055;Mato Grosso
2021;2,8160085143507336;Terra Nova do Norte;5108055;Mato Grosso
2022;2,1860881231889118;Terra Nova do Norte;5108055;Mato Grosso
2023;0,48994974683012443;Terra Nova do Norte;5108055;Mato Grosso
2024;2,468021268374892;Terra Nova do Norte;5108055;Mato Grosso
2007;0;Tesouro;5108105;Mato Grosso
2008;0;Tesouro;5108105;Mato Grosso
2009;0;Tesouro;5108105;Mato Grosso
2010;0;Tesouro;5108105;Mato Grosso
2011;0;Tesouro;5108105;Mato Grosso
2012;0;Tesouro;5108105;Mato Grosso
2013;0;Tesouro;5108105;Mato Grosso
2014;0;Tesouro;5108105;Mato Grosso
2015;0;Tesouro;5108105;Mato Grosso
2016;0;Tesouro;5108105;Mato Grosso
2017;0;Tesouro;5108105;Mato Grosso
2018;0;Tesouro;5108105;Mato Grosso
2019;0;Tesouro;5108105;Mato Grosso
2020;0;Tesouro;5108105;Mato Grosso
2021;0;Tesouro;5108105;Mato Grosso
2022;0;Tesouro;5108105;Mato Grosso
2023;0;Tesouro;5108105;Mato Grosso
2024;0;Tesouro;5108105;Mato Grosso
2007;0;Torixoreu;5108204;Mato Grosso
2008;0;Torixoreu;5108204;Mato Grosso
2009;0;Torixoreu;5108204;Mato Grosso
2010;0;Torixoreu;5108204;Mato Grosso
2011;0;Torixoreu;5108204;Mato Grosso
2012;0;Torixoreu;5108204;Mato Grosso
2013;0;Torixoreu;5108204;Mato Grosso
2014;0;Torixoreu;5108204;Mato Grosso
2015;0;Torixoreu;5108204;Mato Grosso
2016;0;Torixoreu;5108204;Mato Grosso
2017;0;Torixoreu;5108204;Mato Grosso
2018;0;Torixoreu;5108204;Mato Grosso
2019;0;Torixoreu;5108204;Mato Grosso
2020;0;Torixoreu;5108204;Mato Grosso
2021;0;Torixoreu;5108204;Mato Grosso
2022;0;Torixoreu;5108204;Mato Grosso
2023;0;Torixoreu;5108204;Mato Grosso
2024;0;Torixoreu;5108204;Mato Grosso
2007;977,8220717703407;Uniao do Sul;5108303;Mato Grosso
2008;38,97613416071768;Uniao do Sul;5108303;Mato Grosso
2009;2,964289268834901;Uniao do Sul;5108303;Mato Grosso
2010;8,891467748014588;Uniao do Sul;5108303;Mato Grosso
2011;11,131610339535102;Uniao do Sul;5108303;Mato Grosso
2012;15,797010178835336;Uniao do Sul;5108303;Mato Grosso
2013;12,956148086043822;Uniao do Sul;5108303;Mato Grosso
2014;16,70980397177939;Uniao do Sul;5108303;Mato Grosso
2015;38,57366420314494;Uniao do Sul;5108303;Mato Grosso
2016;24,088239401997026;Uniao do Sul;5108303;Mato Grosso
2017;45,90261830693654;Uniao do Sul;5108303;Mato Grosso
2018;28,53810319548324;Uniao do Sul;5108303;Mato Grosso
2019;62,469989113661526;Uniao do Sul;5108303;Mato Grosso
2020;133,7748811150872;Uniao do Sul;5108303;Mato Grosso
2021;67,29500149280743;Uniao do Sul;5108303;Mato Grosso
2022;56,98035219393685;Uniao do Sul;5108303;Mato Grosso
2023;92,88302444493743;Uniao do Sul;5108303;Mato Grosso
2024;43,04690610656555;Uniao do Sul;5108303;Mato Grosso
2007;599,287933268455;Vale de Sao Domingos;5108352;Mato Grosso
2008;0,8932643160419037;Vale de Sao Domingos;5108352;Mato Grosso
2009;0,33766949334335805;Vale de Sao Domingos;5108352;Mato Grosso
2010;0,7919036582555155;Vale de Sao Domingos;5108352;Mato Grosso
2011;0;Vale de Sao Domingos;5108352;Mato Grosso
2012;0,326465235972611;Vale de Sao Domingos;5108352;Mato Grosso
2013;1,3540576078361708;Vale de Sao Domingos;5108352;Mato Grosso
2014;0,1439082933677998;Vale de Sao Domingos;5108352;Mato Grosso
2015;0,8410694950134624;Vale de Sao Domingos;5108352;Mato Grosso
2016;0,09154647133863904;Vale de Sao Domingos;5108352;Mato Grosso
2017;0,20273098937196438;Vale de Sao Domingos;5108352;Mato Grosso
2018;0,3885107780801995;Vale de Sao Domingos;5108352;Mato Grosso
2019;0,2199014570274787;Vale de Sao Domingos;5108352;Mato Grosso
2020;0,5546649978119788;Vale de Sao Domingos;5108352;Mato Grosso
2021;4,181963720313638;Vale de Sao Domingos;5108352;Mato Grosso
2022;3,9409444828766236;Vale de Sao Domingos;5108352;Mato Grosso
2023;4,949654178434936;Vale de Sao Domingos;5108352;Mato Grosso
2024;0;Vale de Sao Domingos;5108352;Mato Grosso
2007;0;Varzea Grande;5108402;Mato Grosso
2008;0;Varzea Grande;5108402;Mato Grosso
2009;0;Varzea Grande;5108402;Mato Grosso
2010;0;Varzea Grande;5108402;Mato Grosso
2011;0;Varzea Grande;5108402;Mato Grosso
2012;0;Varzea Grande;5108402;Mato Grosso
2013;0;Varzea Grande;5108402;Mato Grosso
2014;0;Varzea Grande;5108402;Mato Grosso
2015;0;Varzea Grande;5108402;Mato Grosso
2016;0;Varzea Grande;5108402;Mato Grosso
2017;0;Varzea Grande;5108402;Mato Grosso
2018;0;Varzea Grande;5108402;Mato Grosso
2019;0;Varzea Grande;5108402;Mato Grosso
2020;0;Varzea Grande;5108402;Mato Grosso
2021;0;Varzea Grande;5108402;Mato Grosso
2022;0;Varzea Grande;5108402;Mato Grosso
2023;0;Varzea Grande;5108402;Mato Grosso
2024;0;Varzea Grande;5108402;Mato Grosso
2007;1921,7432566758566;Vera;5108501;Mato Grosso
2008;5,951034457249199;Vera;5108501;Mato Grosso
2009;3,314624971428554;Vera;5108501;Mato Grosso
2010;1,0859313388514942;Vera;5108501;Mato Grosso
2011;1,6792542879832661;Vera;5108501;Mato Grosso
2012;2,919508384922616;Vera;5108501;Mato Grosso
2013;1,5241739779976924;Vera;5108501;Mato Grosso
2014;10,418715973498534;Vera;5108501;Mato Grosso
2015;7,178325147905454;Vera;5108501;Mato Grosso
2016;2,0705651374861964;Vera;5108501;Mato Grosso
2017;4,1681262074824845;Vera;5108501;Mato Grosso
2018;6,905432364027692;Vera;5108501;Mato Grosso
2019;2,201083249383218;Vera;5108501;Mato Grosso
2020;1,9524345785813448;Vera;5108501;Mato Grosso
2021;12,840264787224742;Vera;5108501;Mato Grosso
2022;2,8663190597239945;Vera;5108501;Mato Grosso
2023;1,5722171715356412;Vera;5108501;Mato Grosso
2024;1,0353245164648286;Vera;5108501;Mato Grosso
2007;4458,745067496523;Vila Bela da Santissima Trindade;5105507;Mato Grosso
2008;36,44400865706291;Vila Bela da Santissima Trindade;5105507;Mato Grosso
2009;24,359529167512893;Vila Bela da Santissima Trindade;5105507;Mato Grosso
2010;26,03442604439325;Vila Bela da Santissima Trindade;5105507;Mato Grosso
2011;17,774509635667865;Vila Bela da Santissima Trindade;5105507;Mato Grosso
2012;11,345697801856753;Vila Bela da Santissima Trindade;5105507;Mato Grosso
2013;10,00133286921359;Vila Bela da Santissima Trindade;5105507;Mato Grosso
2014;12,880299974292704;Vila Bela da Santissima Trindade;5105507;Mato Grosso
2015;7,653129761052398;Vila Bela da Santissima Trindade;5105507;Mato Grosso
2016;14,224284775571626;Vila Bela da Santissima Trindade;5105507;Mato Grosso
2017;17,05254595765971;Vila Bela da Santissima Trindade;5105507;Mato Grosso
2018;9,762504166069657;Vila Bela da Santissima Trindade;5105507;Mato Grosso
2019;8,70679095596299;Vila Bela da Santissima Trindade;5105507;Mato Grosso
2020;11,176075672973992;Vila Bela da Santissima Trindade;5105507;Mato Grosso
2021;5,320254421072926;Vila Bela da Santissima Trindade;5105507;Mato Grosso
2022;4,706418495900715;Vila Bela da Santissima Trindade;5105507;Mato Grosso
2023;13,61270216509867;Vila Bela da Santissima Trindade;5105507;Mato Grosso
2024;17,679928275873234;Vila Bela da Santissima Trindade;5105507;Mato Grosso
2007;4504,357320863731;Vila Rica;5108600;Mato Grosso
2008;77,9855097950597;Vila Rica;5108600;Mato Grosso
2009;7,704506218111198;Vila Rica;5108600;Mato Grosso
2010;6,3049277333429306;Vila Rica;5108600;Mato Grosso
2011;12,501827427316943;Vila Rica;5108600;Mato Grosso
2012;11,59432468127764;Vila Rica;5108600;Mato Grosso
2013;7,934488791377461;Vila Rica;5108600;Mato Grosso
2014;4,962065338796238;Vila Rica;5108600;Mato Grosso
2015;6,342168740906913;Vila Rica;5108600;Mato Grosso
2016;5,730337328293394;Vila Rica;5108600;Mato Grosso
2017;5,726181062277953;Vila Rica;5108600;Mato Grosso
2018;3,1367098523971984;Vila Rica;5108600;Mato Grosso
2019;5,715221832175629;Vila Rica;5108600;Mato Grosso
2020;4,556252080879286;Vila Rica;5108600;Mato Grosso
2021;22,051089248662677;Vila Rica;5108600;Mato Grosso
2022;8,63150721733428;Vila Rica;5108600;Mato Grosso
2023;12,911096847414797;Vila Rica;5108600;Mato Grosso
2024;4,080815469074858;Vila Rica;5108600;Mato Grosso
2007;684,7060860136418;Abaetetuba;1500107;Para
2008;1,2424613960392064;Abaetetuba;1500107;Para
2009;2,9896739671142676;Abaetetuba;1500107;Para
2010;3,8289829884054596;Abaetetuba;1500107;Para
2011;0,8320869368751692;Abaetetuba;1500107;Para
2012;2,2409178045443676;Abaetetuba;1500107;Para
2013;0,42117111149517017;Abaetetuba;1500107;Para
2014;0,2439393881625319;Abaetetuba;1500107;Para
2015;0,5861482650246084;Abaetetuba;1500107;Para
2016;0,3856690067861612;Abaetetuba;1500107;Para
2017;1,1789234140866527;Abaetetuba;1500107;Para
2018;0,6396519103752514;Abaetetuba;1500107;Para
2019;0,34012307717826396;Abaetetuba;1500107;Para
2020;1,2244934107992753;Abaetetuba;1500107;Para
2021;1,6968263946206572;Abaetetuba;1500107;Para
2022;0,40692128886863566;Abaetetuba;1500107;Para
2023;0,31446348211739467;Abaetetuba;1500107;Para
2024;0,5648192609955512;Abaetetuba;1500107;Para
2007;544,029851197815;Abel Figueiredo;1500131;Para
2008;2,0430416513672123;Abel Figueiredo;1500131;Para
2009;1,0405524217900506;Abel Figueiredo;1500131;Para
2010;1,7377752785551128;Abel Figueiredo;1500131;Para
2011;0,4365702380566971;Abel Figueiredo;1500131;Para
2012;0;Abel Figueiredo;1500131;Para
2013;0,35608089503521584;Abel Figueiredo;1500131;Para
2014;0,4211885291934384;Abel Figueiredo;1500131;Para
2015;0,1644385884062416;Abel Figueiredo;1500131;Para
2016;0,5040841573761293;Abel Figueiredo;1500131;Para
2017;0,2402553422768378;Abel Figueiredo;1500131;Para
2018;0,9512147374066928;Abel Figueiredo;1500131;Para
2019;4,153506027498901;Abel Figueiredo;1500131;Para
2020;1,213128051320839;Abel Figueiredo;1500131;Para
2021;2,0720799527669476;Abel Figueiredo;1500131;Para
2022;2,7259403528643067;Abel Figueiredo;1500131;Para
2023;1,53300483646723;Abel Figueiredo;1500131;Para
2024;0,17491141879251024;Abel Figueiredo;1500131;Para
2007;2244,019933556017;Acara;1500206;Para
2008;47,75979073352992;Acara;1500206;Para
2009;11,895465461223644;Acara;1500206;Para
2010;30,159612138842373;Acara;1500206;Para
2011;15,00688320817623;Acara;1500206;Para
2012;4,814033032697277;Acara;1500206;Para
2013;18,270716486079618;Acara;1500206;Para
2014;5,834379091348468;Acara;1500206;Para
2015;7,007347264517175;Acara;1500206;Para
2016;7,2124247535574435;Acara;1500206;Para
2017;18,538495417554365;Acara;1500206;Para
2018;16,741240950348107;Acara;1500206;Para
2019;18,166062982018424;Acara;1500206;Para
2020;15,66707660532316;Acara;1500206;Para
2021;10,313944804953639;Acara;1500206;Para
2022;5,708188704906543;Acara;1500206;Para
2023;8,364741384960636;Acara;1500206;Para
2024;12,631878651278807;Acara;1500206;Para
2007;27,014223411474962;Afua;1500305;Para
2008;0,13358219399535531;Afua;1500305;Para
2009;0;Afua;1500305;Para
2010;1,7319582073245856;Afua;1500305;Para
2011;0;Afua;1500305;Para
2012;0,15051121598603556;Afua;1500305;Para
2013;0,07392782951993802;Afua;1500305;Para
2014;0,17189921494880817;Afua;1500305;Para
2015;0;Afua;1500305;Para
2016;0;Afua;1500305;Para
2017;0,12054717208911213;Afua;1500305;Para
2018;0;Afua;1500305;Para
2019;0,10780247932492669;Afua;1500305;Para
2020;0;Afua;1500305;Para
2021;0;Afua;1500305;Para
2022;0,16465130476523432;Afua;1500305;Para
2023;0,2720332688113031;Afua;1500305;Para
2024;0;Afua;1500305;Para
2007;4560,947087602705;Agua Azul do Norte;1500347;Para
2008;22,8745374546865;Agua Azul do Norte;1500347;Para
2009;10,878467741054644;Agua Azul do Norte;1500347;Para
2010;7,148321882325579;Agua Azul do Norte;1500347;Para
2011;7,516241566579344;Agua Azul do Norte;1500347;Para
2012;5,980333967847805;Agua Azul do Norte;1500347;Para
2013;5,3008217741897905;Agua Azul do Norte;1500347;Para
2014;13,49486596775619;Agua Azul do Norte;1500347;Para
2015;9,549555371157139;Agua Azul do Norte;1500347;Para
2016;9,046909069018772;Agua Azul do Norte;1500347;Para
2017;8,363535444862553;Agua Azul do Norte;1500347;Para
2018;4,6679025830975185;Agua Azul do Norte;1500347;Para
2019;9,680450448472588;Agua Azul do Norte;1500347;Para
2020;8,132146407462322;Agua Azul do Norte;1500347;Para
2021;5,368459518826431;Agua Azul do Norte;1500347;Para
2022;4,4998636024630265;Agua Azul do Norte;1500347;Para
2023;3,9131684349788447;Agua Azul do Norte;1500347;Para
2024;3,700547921532549;Agua Azul do Norte;1500347;Para
2007;2310,9228174078376;Alenquer;1500404;Para
2008;39,557240452888806;Alenquer;1500404;Para
2009;18,50562281987502;Alenquer;1500404;Para
2010;27,531522311243407;Alenquer;1500404;Para
2011;21,86844533365137;Alenquer;1500404;Para
2012;14,859315120477248;Alenquer;1500404;Para
2013;17,811671755966405;Alenquer;1500404;Para
2014;16,442435610656066;Alenquer;1500404;Para
2015;15,128995050669173;Alenquer;1500404;Para
2016;16,199661403271964;Alenquer;1500404;Para
2017;27,468203761223485;Alenquer;1500404;Para
2018;22,030701155927137;Alenquer;1500404;Para
2019;19,838942749745648;Alenquer;1500404;Para
2020;32,85926484235845;Alenquer;1500404;Para
2021;31,91596844590526;Alenquer;1500404;Para
2022;29,035255061866064;Alenquer;1500404;Para
2023;22,290819892761697;Alenquer;1500404;Para
2024;34,894175607133285;Alenquer;1500404;Para
2007;1621,784507198834;Almeirim;1500503;Para
2008;59,026652078557454;Almeirim;1500503;Para
2009;23,34307615993181;Almeirim;1500503;Para
2010;38,54389291374376;Almeirim;1500503;Para
2011;6,486189809948875;Almeirim;1500503;Para
2012;19,48644721676855;Almeirim;1500503;Para
2013;9,176219814073837;Almeirim;1500503;Para
2014;23,47965219949605;Almeirim;1500503;Para
2015;12,138711951041724;Almeirim;1500503;Para
2016;14,965068575314394;Almeirim;1500503;Para
2017;20,799116040915415;Almeirim;1500503;Para
2018;18,592933222383174;Almeirim;1500503;Para
2019;29,67244562072369;Almeirim;1500503;Para
2020;24,70141536916831;Almeirim;1500503;Para
2021;31,54043403667862;Almeirim;1500503;Para
2022;18,384417573209582;Almeirim;1500503;Para
2023;22,806592030402932;Almeirim;1500503;Para
2024;29,931589678863258;Almeirim;1500503;Para
2007;5813,721635636335;Altamira;1500602;Para
2008;339,6219893591748;Altamira;1500602;Para
2009;388,93491380446903;Altamira;1500602;Para
2010;193,85133813676038;Altamira;1500602;Para
2011;249,89502871317762;Altamira;1500602;Para
2012;228,95971312344585;Altamira;1500602;Para
2013;296,53594671169327;Altamira;1500602;Para
2014;294,22794684756883;Altamira;1500602;Para
2015;308,1992204157817;Altamira;1500602;Para
2016;408,6537982400085;Altamira;1500602;Para
2017;224,21683681958973;Altamira;1500602;Para
2018;429,95288544050953;Altamira;1500602;Para
2019;575,075842070961;Altamira;1500602;Para
2020;797,6865334027787;Altamira;1500602;Para
2021;765,5287860339106;Altamira;1500602;Para
2022;626,0215439675537;Altamira;1500602;Para
2023;317,6962792321475;Altamira;1500602;Para
2024;166,63037932670895;Altamira;1500602;Para
2007;170,6569854675272;Anajas;1500701;Para
2008;0;Anajas;1500701;Para
2009;1,0282892853447219;Anajas;1500701;Para
2010;11,978023453442315;Anajas;1500701;Para
2011;0,3067108001629317;Anajas;1500701;Para
2012;0,09258131663796688;Anajas;1500701;Para
2013;0;Anajas;1500701;Para
2014;0;Anajas;1500701;Para
2015;0,1056042041201989;Anajas;1500701;Para
2016;0,3790389884144489;Anajas;1500701;Para
2017;0;Anajas;1500701;Para
2018;0;Anajas;1500701;Para
2019;0,39414955682367986;Anajas;1500701;Para
2020;0,8951300692990054;Anajas;1500701;Para
2021;0,9718692758230686;Anajas;1500701;Para
2022;0,13315658524740914;Anajas;1500701;Para
2023;0,1965568987568205;Anajas;1500701;Para
2024;0,07587787529945839;Anajas;1500701;Para
2007;87,1067058679244;Ananindeua;1500800;Para
2008;0;Ananindeua;1500800;Para
2009;0;Ananindeua;1500800;Para
2010;0,07111884978717113;Ananindeua;1500800;Para
2011;0;Ananindeua;1500800;Para
2012;0,08301019067353534;Ananindeua;1500800;Para
2013;0;Ananindeua;1500800;Para
2014;0;Ananindeua;1500800;Para
2015;0;Ananindeua;1500800;Para
2016;0;Ananindeua;1500800;Para
2017;0;Ananindeua;1500800;Para
2018;0;Ananindeua;1500800;Para
2019;0;Ananindeua;1500800;Para
2020;0;Ananindeua;1500800;Para
2021;0;Ananindeua;1500800;Para
2022;0;Ananindeua;1500800;Para
2023;0;Ananindeua;1500800;Para
2024;0;Ananindeua;1500800;Para
2007;1845,3857856876714;Anapu;1500859;Para
2008;74,62669637906592;Anapu;1500859;Para
2009;26,76604166116152;Anapu;1500859;Para
2010;77,50600804557838;Anapu;1500859;Para
2011;223,26593787860864;Anapu;1500859;Para
2012;15,828314449444454;Anapu;1500859;Para
2013;19,161279711186626;Anapu;1500859;Para
2014;32,10045130364817;Anapu;1500859;Para
2015;95,11183780196775;Anapu;1500859;Para
2016;85,49029881944048;Anapu;1500859;Para
2017;98,43099279751124;Anapu;1500859;Para
2018;56,35094426890621;Anapu;1500859;Para
2019;217,31258541849567;Anapu;1500859;Para
2020;111,94868902581243;Anapu;1500859;Para
2021;133,74369541000132;Anapu;1500859;Para
2022;108,23945055799145;Anapu;1500859;Para
2023;95,72291367705787;Anapu;1500859;Para
2024;56,84979123420708;Anapu;1500859;Para
2007;721,894344617923;Augusto Correa;1500909;Para
2008;0,3134231725368131;Augusto Correa;1500909;Para
2009;0,39035377885770944;Augusto Correa;1500909;Para
2010;0,1360282652659684;Augusto Correa;1500909;Para
2011;0;Augusto Correa;1500909;Para
2012;0;Augusto Correa;1500909;Para
2013;0;Augusto Correa;1500909;Para
2014;0;Augusto Correa;1500909;Para
2015;0,18636893846257427;Augusto Correa;1500909;Para
2016;0;Augusto Correa;1500909;Para
2017;0;Augusto Correa;1500909;Para
2018;0;Augusto Correa;1500909;Para
2019;0;Augusto Correa;1500909;Para
2020;0;Augusto Correa;1500909;Para
2021;0;Augusto Correa;1500909;Para
2022;0;Augusto Correa;1500909;Para
2023;0,30605833702345786;Augusto Correa;1500909;Para
2024;0;Augusto Correa;1500909;Para
2007;1494,5538160398878;Aurora do Para;1500958;Para
2008;17,16195844664609;Aurora do Para;1500958;Para
2009;10,674049678456814;Aurora do Para;1500958;Para
2010;10,80711915581371;Aurora do Para;1500958;Para
2011;6,787667818157384;Aurora do Para;1500958;Para
2012;0,8782208379182289;Aurora do Para;1500958;Para
2013;4,702666084381167;Aurora do Para;1500958;Para
2014;0,8579831547625071;Aurora do Para;1500958;Para
2015;0,9248083252491901;Aurora do Para;1500958;Para
2016;1,5096772607308937;Aurora do Para;1500958;Para
2017;4,618091519472411;Aurora do Para;1500958;Para
2018;3,65902771410564;Aurora do Para;1500958;Para
2019;1,2920651179927138;Aurora do Para;1500958;Para
2020;3,106777818352438;Aurora do Para;1500958;Para
2021;2,5933984659742526;Aurora do Para;1500958;Para
2022;2,116373694241257;Aurora do Para;1500958;Para
2023;2,871654912123385;Aurora do Para;1500958;Para
2024;4,8701459318637745;Aurora do Para;1500958;Para
2007;1070,5716420167278;Aveiro;1501006;Para
2008;32,95077420859727;Aveiro;1501006;Para
2009;29,196509231081496;Aveiro;1501006;Para
2010;17,928461633753603;Aveiro;1501006;Para
2011;34,50322506717344;Aveiro;1501006;Para
2012;15,89933029421095;Aveiro;1501006;Para
2013;14,065318484194853;Aveiro;1501006;Para
2014;29,789683267619413;Aveiro;1501006;Para
2015;16,03755506479168;Aveiro;1501006;Para
2016;13,393869022263436;Aveiro;1501006;Para
2017;30,64642732047848;Aveiro;1501006;Para
2018;20,953917162000604;Aveiro;1501006;Para
2019;44,975887475388426;Aveiro;1501006;Para
2020;35,014136994790235;Aveiro;1501006;Para
2021;55,57730690071816;Aveiro;1501006;Para
2022;53,07970235749129;Aveiro;1501006;Para
2023;29,357108078687958;Aveiro;1501006;Para
2024;51,497681673172806;Aveiro;1501006;Para
2007;181,19153902972826;Bagre;1501105;Para
2008;3,7299625992669165;Bagre;1501105;Para
2009;1,8954041904523846;Bagre;1501105;Para
2010;17,41546002354218;Bagre;1501105;Para
2011;2,3288812893775748;Bagre;1501105;Para
2012;0,929338138022671;Bagre;1501105;Para
2013;0,530385429987338;Bagre;1501105;Para
2014;0,2483252241263511;Bagre;1501105;Para
2015;0,7387224314045557;Bagre;1501105;Para
2016;1,7546107989889184;Bagre;1501105;Para
2017;1,4162216740498017;Bagre;1501105;Para
2018;0,8335443723266429;Bagre;1501105;Para
2019;2,3076127750144755;Bagre;1501105;Para
2020;3,262905085974025;Bagre;1501105;Para
2021;6,139765411567087;Bagre;1501105;Para
2022;3,423215062520164;Bagre;1501105;Para
2023;2,5254595424642443;Bagre;1501105;Para
2024;9,166950247959756;Bagre;1501105;Para
2007;1513,3624586180433;Baiao;1501204;Para
2008;18,189126123065314;Baiao;1501204;Para
2009;13,37321349896312;Baiao;1501204;Para
2010;22,770897576866844;Baiao;1501204;Para
2011;7,4496366218367625;Baiao;1501204;Para
2012;7,943589465162184;Baiao;1501204;Para
2013;6,248279375796436;Baiao;1501204;Para
2014;3,7988688367965215;Baiao;1501204;Para
2015;4,447080623743764;Baiao;1501204;Para
2016;5,637623806271399;Baiao;1501204;Para
2017;5,195260557905026;Baiao;1501204;Para
2018;9,904301788298763;Baiao;1501204;Para
2019;7,213567536953947;Baiao;1501204;Para
2020;6,4378955300408505;Baiao;1501204;Para
2021;14,626811051015334;Baiao;1501204;Para
2022;8,88871127613803;Baiao;1501204;Para
2023;8,636148042028255;Baiao;1501204;Para
2024;8,2457877125727;Baiao;1501204;Para
2007;2067,546944271577;Bannach;1501253;Para
2008;48,19768959622592;Bannach;1501253;Para
2009;15,75021012226215;Bannach;1501253;Para
2010;5,626748512739445;Bannach;1501253;Para
2011;5,637564126525146;Bannach;1501253;Para
2012;6,856376585199117;Bannach;1501253;Para
2013;4,588609429659391;Bannach;1501253;Para
2014;2,7220149203797135;Bannach;1501253;Para
2015;22,55840616562278;Bannach;1501253;Para
2016;10,899227525839992;Bannach;1501253;Para
2017;5,474697898378843;Bannach;1501253;Para
2018;1,5762031334045434;Bannach;1501253;Para
2019;2,33903746550727;Bannach;1501253;Para
2020;2,2073268699814954;Bannach;1501253;Para
2021;4,973123688684324;Bannach;1501253;Para
2022;4,0131369990587045;Bannach;1501253;Para
2023;2,5774232949011187;Bannach;1501253;Para
2024;0,44881730333637626;Bannach;1501253;Para
2007;324,2826092613565;Barcarena;1501303;Para
2008;1,0529854917433707;Barcarena;1501303;Para
2009;2,6698720642854235;Barcarena;1501303;Para
2010;1,900212770289138;Barcarena;1501303;Para
2011;1,014289579377479;Barcarena;1501303;Para
2012;2,380321866599103;Barcarena;1501303;Para
2013;0,8208145326228476;Barcarena;1501303;Para
2014;0,9981172353531993;Barcarena;1501303;Para
2015;0,33858681018459674;Barcarena;1501303;Para
2016;0,6957550475316067;Barcarena;1501303;Para
2017;2,771739881577088;Barcarena;1501303;Para
2018;0,8198216197288102;Barcarena;1501303;Para
2019;0,06513317027896674;Barcarena;1501303;Para
2020;2,595801271652761;Barcarena;1501303;Para
2021;1,9707142055497129;Barcarena;1501303;Para
2022;0,5589819380731667;Barcarena;1501303;Para
2023;0,26226206975642835;Barcarena;1501303;Para
2024;0,9248952619247225;Barcarena;1501303;Para
2007;250,21546090951858;Belem;1501402;Para
2008;0,9463791479236942;Belem;1501402;Para
2009;0,08367660603270446;Belem;1501402;Para
2010;0,9111970347183526;Belem;1501402;Para
2011;0,2528677402182715;Belem;1501402;Para
2012;0,23121547561767258;Belem;1501402;Para
2013;0;Belem;1501402;Para
2014;0;Belem;1501402;Para
2015;0,2652994158908736;Belem;1501402;Para
2016;0,27910123160318856;Belem;1501402;Para
2017;0,27459974048543845;Belem;1501402;Para
2018;0,9250682041417083;Belem;1501402;Para
2019;1,2596062241888322;Belem;1501402;Para
2020;0,22694935687341525;Belem;1501402;Para
2021;0,4766750165400838;Belem;1501402;Para
2022;0,07096622385153689;Belem;1501402;Para
2023;0;Belem;1501402;Para
2024;0,0823996451594048;Belem;1501402;Para
2007;803,8761679349285;Belterra;1501451;Para
2008;4,9141667983663915;Belterra;1501451;Para
2009;6,591619054978241;Belterra;1501451;Para
2010;4,254887657677253;Belterra;1501451;Para
2011;1,5738173555122599;Belterra;1501451;Para
2012;2,287433894828356;Belterra;1501451;Para
2013;0,6813660034618608;Belterra;1501451;Para
2014;1,2433346800757477;Belterra;1501451;Para
2015;11,024986500285868;Belterra;1501451;Para
2016;4,516900902660239;Belterra;1501451;Para
2017;1,9695218605179314;Belterra;1501451;Para
2018;2,609915616893163;Belterra;1501451;Para
2019;5,119922255347949;Belterra;1501451;Para
2020;4,472799634742418;Belterra;1501451;Para
2021;16,357264222548498;Belterra;1501451;Para
2022;12,781629897724226;Belterra;1501451;Para
2023;7,535339266809309;Belterra;1501451;Para
2024;5,7899228644926035;Belterra;1501451;Para
2007;121,57586574800499;Benevides;1501501;Para
2008;0,05958573172400516;Benevides;1501501;Para
2009;0;Benevides;1501501;Para
2010;0,05067235650934966;Benevides;1501501;Para
2011;0;Benevides;1501501;Para
2012;0;Benevides;1501501;Para
2013;0,15939060438776836;Benevides;1501501;Para
2014;0;Benevides;1501501;Para
2015;0,11213785010949132;Benevides;1501501;Para
2016;0;Benevides;1501501;Para
2017;0,20573010569629266;Benevides;1501501;Para
2018;0,24792263704334605;Benevides;1501501;Para
2019;0,06491814837161719;Benevides;1501501;Para
2020;0,3126067787899284;Benevides;1501501;Para
2021;0,13876512925020973;Benevides;1501501;Para
2022;0,3526069997552247;Benevides;1501501;Para
2023;0;Benevides;1501501;Para
2024;0,06935059809930139;Benevides;1501501;Para
2007;1701,2403506493895;Bom Jesus do Tocantins;1501576;Para
2008;10,47473730714948;Bom Jesus do Tocantins;1501576;Para
2009;5,445274024328468;Bom Jesus do Tocantins;1501576;Para
2010;7,433909068639227;Bom Jesus do Tocantins;1501576;Para
2011;2,2851963146405754;Bom Jesus do Tocantins;1501576;Para
2012;1,7912188512196603;Bom Jesus do Tocantins;1501576;Para
2013;6,021401244319132;Bom Jesus do Tocantins;1501576;Para
2014;5,643421885901724;Bom Jesus do Tocantins;1501576;Para
2015;5,4538370039672035;Bom Jesus do Tocantins;1501576;Para
2016;8,02434180095156;Bom Jesus do Tocantins;1501576;Para
2017;5,729283114166332;Bom Jesus do Tocantins;1501576;Para
2018;6,837072593056616;Bom Jesus do Tocantins;1501576;Para
2019;7,3410767193529995;Bom Jesus do Tocantins;1501576;Para
2020;19,126325029513758;Bom Jesus do Tocantins;1501576;Para
2021;7,988915614780818;Bom Jesus do Tocantins;1501576;Para
2022;6,514273465642027;Bom Jesus do Tocantins;1501576;Para
2023;5,859158131212388;Bom Jesus do Tocantins;1501576;Para
2024;3,009177170429749;Bom Jesus do Tocantins;1501576;Para
2007;534,1681047793855;Bonito;1501600;Para
2008;6,730499131034957;Bonito;1501600;Para
2009;0,6206006351992479;Bonito;1501600;Para
2010;1,3611884845730318;Bonito;1501600;Para
2011;1,732262927957172;Bonito;1501600;Para
2012;0;Bonito;1501600;Para
2013;0,5600819081400658;Bonito;1501600;Para
2014;0,2831476418802717;Bonito;1501600;Para
2015;0,8243826709289879;Bonito;1501600;Para
2016;0,762362469911153;Bonito;1501600;Para
2017;0,6270054408536208;Bonito;1501600;Para
2018;0;Bonito;1501600;Para
2019;0;Bonito;1501600;Para
2020;0,23981483774807225;Bonito;1501600;Para
2021;0,19806798848284007;Bonito;1501600;Para
2022;0;Bonito;1501600;Para
2023;0,31802524758725775;Bonito;1501600;Para
2024;0;Bonito;1501600;Para
2007;1698,828070356894;Braganca;1501709;Para
2008;1,1796124053788006;Braganca;1501709;Para
2009;6,069483564977663;Braganca;1501709;Para
2010;2,6568075711114605;Braganca;1501709;Para
2011;0,8893184027870515;Braganca;1501709;Para
2012;0,2135453660851602;Braganca;1501709;Para
2013;0;Braganca;1501709;Para
2014;1,1157302991383369;Braganca;1501709;Para
2015;0,5054107110781713;Braganca;1501709;Para
2016;0;Braganca;1501709;Para
2017;0,5675682037131788;Braganca;1501709;Para
2018;0,2933403563327446;Braganca;1501709;Para
2019;0,2240347140376205;Braganca;1501709;Para
2020;0,40478629551627054;Braganca;1501709;Para
2021;0,30132695105102747;Braganca;1501709;Para
2022;0;Braganca;1501709;Para
2023;0,4817944497707972;Braganca;1501709;Para
2024;0,1252943659340508;Braganca;1501709;Para
2007;2490,348694085435;Brasil Novo;1501725;Para
2008;16,809881593363137;Brasil Novo;1501725;Para
2009;56,84402398242315;Brasil Novo;1501725;Para
2010;49,74209643857452;Brasil Novo;1501725;Para
2011;38,42610071517483;Brasil Novo;1501725;Para
2012;8,781721457930635;Brasil Novo;1501725;Para
2013;31,834586596527746;Brasil Novo;1501725;Para
2014;8,630078431585876;Brasil Novo;1501725;Para
2015;10,758860589181307;Brasil Novo;1501725;Para
2016;6,590823748087558;Brasil Novo;1501725;Para
2017;27,730716380404257;Brasil Novo;1501725;Para
2018;18,837402755819742;Brasil Novo;1501725;Para
2019;25,98942869118241;Brasil Novo;1501725;Para
2020;26,709768973166256;Brasil Novo;1501725;Para
2021;20,13104974435724;Brasil Novo;1501725;Para
2022;8,633178766943887;Brasil Novo;1501725;Para
2023;11,389685815383034;Brasil Novo;1501725;Para
2024;9,077670736449805;Brasil Novo;1501725;Para
2007;1039,7132690850115;Brejo Grande do Araguaia;1501758;Para
2008;8,725023770125595;Brejo Grande do Araguaia;1501758;Para
2009;3,153501900406379;Brejo Grande do Araguaia;1501758;Para
2010;2,342027144822009;Brejo Grande do Araguaia;1501758;Para
2011;2,159000226640494;Brejo Grande do Araguaia;1501758;Para
2012;1,0805598490327113;Brejo Grande do Araguaia;1501758;Para
2013;2,550958597489397;Brejo Grande do Araguaia;1501758;Para
2014;2,755023606498184;Brejo Grande do Araguaia;1501758;Para
2015;1,2073666791368294;Brejo Grande do Araguaia;1501758;Para
2016;2,3043996732063055;Brejo Grande do Araguaia;1501758;Para
2017;1,924905189989322;Brejo Grande do Araguaia;1501758;Para
2018;0,8991431867632397;Brejo Grande do Araguaia;1501758;Para
2019;1,1953694982080023;Brejo Grande do Araguaia;1501758;Para
2020;1,399318629713671;Brejo Grande do Araguaia;1501758;Para
2021;1,9573248364599005;Brejo Grande do Araguaia;1501758;Para
2022;1,8592801076324483;Brejo Grande do Araguaia;1501758;Para
2023;1,0438773427233108;Brejo Grande do Araguaia;1501758;Para
2024;0,5696696186158853;Brejo Grande do Araguaia;1501758;Para
2007;2615,664134322572;Breu Branco;1501782;Para
2008;67,46975631840208;Breu Branco;1501782;Para
2009;17,53097447211231;Breu Branco;1501782;Para
2010;53,98793163290937;Breu Branco;1501782;Para
2011;14,775986062840952;Breu Branco;1501782;Para
2012;17,12083197273353;Breu Branco;1501782;Para
2013;11,181078429268773;Breu Branco;1501782;Para
2014;6,528202329782417;Breu Branco;1501782;Para
2015;16,02988256811388;Breu Branco;1501782;Para
2016;9,200913249896102;Breu Branco;1501782;Para
2017;8,898276506031133;Breu Branco;1501782;Para
2018;8,98841138025736;Breu Branco;1501782;Para
2019;9,284292422651907;Breu Branco;1501782;Para
2020;13,110528474581914;Breu Branco;1501782;Para
2021;13,06699917100079;Breu Branco;1501782;Para
2022;8,271611951961098;Breu Branco;1501782;Para
2023;9,113990732650315;Breu Branco;1501782;Para
2024;11,64982877309365;Breu Branco;1501782;Para
2007;529,8979395096712;Breves;1501808;Para
2008;3,9472355192579665;Breves;1501808;Para
2009;0,9676505615621954;Breves;1501808;Para
2010;2,0004275869479757;Breves;1501808;Para
2011;0,6381300537739386;Breves;1501808;Para
2012;0,2773843643748832;Breves;1501808;Para
2013;1,2474929434220672;Breves;1501808;Para
2014;0,5103807052421372;Breves;1501808;Para
2015;0,9120233763445226;Breves;1501808;Para
2016;1,860269363988155;Breves;1501808;Para
2017;1,0367588579321019;Breves;1501808;Para
2018;0,3610259942667976;Breves;1501808;Para
2019;1,8058399594893804;Breves;1501808;Para
2020;1,8783842637032324;Breves;1501808;Para
2021;2,3095265840614774;Breves;1501808;Para
2022;1,5493224759579738;Breves;1501808;Para
2023;1,1098818275863174;Breves;1501808;Para
2024;1,7206575886553395;Breves;1501808;Para
2007;641,8625346372221;Bujaru;1501907;Para
2008;5,608741950293271;Bujaru;1501907;Para
2009;0,5370033330354126;Bujaru;1501907;Para
2010;1,1815651870238657;Bujaru;1501907;Para
2011;1,6514769278658383;Bujaru;1501907;Para
2012;0,8735195062210441;Bujaru;1501907;Para
2013;2,619621959098923;Bujaru;1501907;Para
2014;0,08012805022850203;Bujaru;1501907;Para
2015;1,1058871199513827;Bujaru;1501907;Para
2016;0,682845474263814;Bujaru;1501907;Para
2017;6,157021078338443;Bujaru;1501907;Para
2018;0,908233001266545;Bujaru;1501907;Para
2019;0,1649049290370917;Bujaru;1501907;Para
2020;1,2533324271149184;Bujaru;1501907;Para
2021;0,5716464389882095;Bujaru;1501907;Para
2022;0,2495892463614448;Bujaru;1501907;Para
2023;0,4422145649258979;Bujaru;1501907;Para
2024;0,9667543683018508;Bujaru;1501907;Para
2007;85,09370276935535;Cachoeira do Arari;1502004;Para
2008;0;Cachoeira do Arari;1502004;Para
2009;0,33206531137809636;Cachoeira do Arari;1502004;Para
2010;0,9322549089346167;Cachoeira do Arari;1502004;Para
2011;0,21130363702023983;Cachoeira do Arari;1502004;Para
2012;0;Cachoeira do Arari;1502004;Para
2013;0,0846011916927643;Cachoeira do Arari;1502004;Para
2014;0;Cachoeira do Arari;1502004;Para
2015;0;Cachoeira do Arari;1502004;Para
2016;0,0768711455198601;Cachoeira do Arari;1502004;Para
2017;0;Cachoeira do Arari;1502004;Para
2018;0,2296501181586832;Cachoeira do Arari;1502004;Para
2019;0;Cachoeira do Arari;1502004;Para
2020;0;Cachoeira do Arari;1502004;Para
2021;0,39337479654118557;Cachoeira do Arari;1502004;Para
2022;0,07045265320996484;Cachoeira do Arari;1502004;Para
2023;0,06546152594615566;Cachoeira do Arari;1502004;Para
2024;0;Cachoeira do Arari;1502004;Para
2007;1241,6141333164624;Cachoeira do Piria;1501956;Para
2008;23,361949003640063;Cachoeira do Piria;1501956;Para
2009;81,83165525490553;Cachoeira do Piria;1501956;Para
2010;58,764506081484356;Cachoeira do Piria;1501956;Para
2011;24,346494834632335;Cachoeira do Piria;1501956;Para
2012;3,261038281211127;Cachoeira do Piria;1501956;Para
2013;5,036958548631451;Cachoeira do Piria;1501956;Para
2014;10,505126691726476;Cachoeira do Piria;1501956;Para
2015;12,63355951020265;Cachoeira do Piria;1501956;Para
2016;9,164191237147229;Cachoeira do Piria;1501956;Para
2017;20,99023289436656;Cachoeira do Piria;1501956;Para
2018;19,08329812318098;Cachoeira do Piria;1501956;Para
2019;22,785384219847607;Cachoeira do Piria;1501956;Para
2020;27,858251508011804;Cachoeira do Piria;1501956;Para
2021;15,460928666407716;Cachoeira do Piria;1501956;Para
2022;11,88017620786739;Cachoeira do Piria;1501956;Para
2023;25,79478354422811;Cachoeira do Piria;1501956;Para
2024;15,898432779071564;Cachoeira do Piria;1501956;Para
2007;1128,0776376085835;Cameta;1502103;Para
2008;0,7899752375368505;Cameta;1502103;Para
2009;6,683282568117679;Cameta;1502103;Para
2010;13,546831561411388;Cameta;1502103;Para
2011;1,3833650424920938;Cameta;1502103;Para
2012;0,48287780103154104;Cameta;1502103;Para
2013;0,3969742634063057;Cameta;1502103;Para
2014;0,33642532514712403;Cameta;1502103;Para
2015;0,29344070708702186;Cameta;1502103;Para
2016;0,4081322379230374;Cameta;1502103;Para
2017;1,2703300197826466;Cameta;1502103;Para
2018;1,0519706859582492;Cameta;1502103;Para
2019;0,14275199227356178;Cameta;1502103;Para
2020;0,44585483444666896;Cameta;1502103;Para
2021;0,30361442310043724;Cameta;1502103;Para
2022;0,41994197724801985;Cameta;1502103;Para
2023;0,41006500682878533;Cameta;1502103;Para
2024;0,7291700980253917;Cameta;1502103;Para
2007;1724,1585090267934;Canaa dos Carajas;1502152;Para
2008;8,855498489048218;Canaa dos Carajas;1502152;Para
2009;0,8699568391814836;Canaa dos Carajas;1502152;Para
2010;1,3389302863490935;Canaa dos Carajas;1502152;Para
2011;1,1124818451407787;Canaa dos Carajas;1502152;Para
2012;0,26506180162601134;Canaa dos Carajas;1502152;Para
2013;0,3486600085492562;Canaa dos Carajas;1502152;Para
2014;1,388669425735274;Canaa dos Carajas;1502152;Para
2015;2,668696597493935;Canaa dos Carajas;1502152;Para
2016;2,0592823062674253;Canaa dos Carajas;1502152;Para
2017;1,404356681570825;Canaa dos Carajas;1502152;Para
2018;0,9985072483172073;Canaa dos Carajas;1502152;Para
2019;1,117885017308712;Canaa dos Carajas;1502152;Para
2020;1,9279394116792001;Canaa dos Carajas;1502152;Para
2021;2,4203527044252326;Canaa dos Carajas;1502152;Para
2022;1,7536916640653903;Canaa dos Carajas;1502152;Para
2023;0,6241963452673048;Canaa dos Carajas;1502152;Para
2024;0,6288421706462104;Canaa dos Carajas;1502152;Para
2007;505,07306771589293;Capanema;1502202;Para
2008;4,017282213042712;Capanema;1502202;Para
2009;1,2970963329740721;Capanema;1502202;Para
2010;0,5774147932111209;Capanema;1502202;Para
2011;1,4219251042392194;Capanema;1502202;Para
2012;0;Capanema;1502202;Para
2013;0,1300201740565612;Capanema;1502202;Para
2014;0,28141375406792024;Capanema;1502202;Para
2015;1,2885693258087692;Capanema;1502202;Para
2016;0,10298783779077103;Capanema;1502202;Para
2017;0,2427441530767561;Capanema;1502202;Para
2018;0,06704338605263986;Capanema;1502202;Para
2019;0,0869328308335165;Capanema;1502202;Para
2020;0,5287258811532878;Capanema;1502202;Para
2021;0,3104954704182067;Capanema;1502202;Para
2022;0;Capanema;1502202;Para
2023;0,38794788738414;Capanema;1502202;Para
2024;0;Capanema;1502202;Para
2007;2526,9928163620866;Capitao Poco;1502301;Para
2008;7,112032837078825;Capitao Poco;1502301;Para
2009;11,744911248316955;Capitao Poco;1502301;Para
2010;1,451651432740519;Capitao Poco;1502301;Para
2011;9,20526636136369;Capitao Poco;1502301;Para
2012;0,6080895745018255;Capitao Poco;1502301;Para
2013;1,1258439693270963;Capitao Poco;1502301;Para
2014;1,2116262706018217;Capitao Poco;1502301;Para
2015;1,2082335051173962;Capitao Poco;1502301;Para
2016;1,0644161372131473;Capitao Poco;1502301;Para
2017;1,789817668019812;Capitao Poco;1502301;Para
2018;1,4914420120547573;Capitao Poco;1502301;Para
2019;1,630571208684508;Capitao Poco;1502301;Para
2020;1,1716313691723714;Capitao Poco;1502301;Para
2021;2,291345465175013;Capitao Poco;1502301;Para
2022;1,5294921826857577;Capitao Poco;1502301;Para
2023;4,438169477454732;Capitao Poco;1502301;Para
2024;4,945103327257729;Capitao Poco;1502301;Para
2007;896,7557402744374;Castanhal;1502400;Para
2008;5,610494703010714;Castanhal;1502400;Para
2009;0,5407330615676647;Castanhal;1502400;Para
2010;1,523871093259467;Castanhal;1502400;Para
2011;0,9802648715328118;Castanhal;1502400;Para
2012;0,5508387073294367;Castanhal;1502400;Para
2013;1,2315085602662634;Castanhal;1502400;Para
2014;0,19858325863078707;Castanhal;1502400;Para
2015;0,6679391573880709;Castanhal;1502400;Para
2016;0,8447947870116518;Castanhal;1502400;Para
2017;0,9149715415330121;Castanhal;1502400;Para
2018;0,43996847090597224;Castanhal;1502400;Para
2019;0,25022660979497346;Castanhal;1502400;Para
2020;0,7473096327573283;Castanhal;1502400;Para
2021;0,9202013200741268;Castanhal;1502400;Para
2022;0,49106965203691455;Castanhal;1502400;Para
2023;0,35040733308834726;Castanhal;1502400;Para
2024;0,3180595948619097;Castanhal;1502400;Para
2007;91,17639037557316;Chaves;1502509;Para
2008;0,17720496286271575;Chaves;1502509;Para
2009;0,8398346271653272;Chaves;1502509;Para
2010;2,633700660797266;Chaves;1502509;Para
2011;0,11659405166774112;Chaves;1502509;Para
2012;0,24400297603194596;Chaves;1502509;Para
2013;0,07125546438367968;Chaves;1502509;Para
2014;0,17012137033753338;Chaves;1502509;Para
2015;0,751758024930832;Chaves;1502509;Para
2016;0;Chaves;1502509;Para
2017;2,169486256098352;Chaves;1502509;Para
2018;0;Chaves;1502509;Para
2019;0,2998981313670768;Chaves;1502509;Para
2020;0,06330925207399053;Chaves;1502509;Para
2021;0;Chaves;1502509;Para
2022;0,0710126644141883;Chaves;1502509;Para
2023;0,06251935181150878;Chaves;1502509;Para
2024;0;Chaves;1502509;Para
2007;91,20589807277585;Colares;1502608;Para
2008;0,4752601609127597;Colares;1502608;Para
2009;0;Colares;1502608;Para
2010;0,15753888527160806;Colares;1502608;Para
2011;0,1505185229835293;Colares;1502608;Para
2012;0;Colares;1502608;Para
2013;0;Colares;1502608;Para
2014;0;Colares;1502608;Para
2015;0;Colares;1502608;Para
2016;0,09524218694857106;Colares;1502608;Para
2017;0,1695599386962236;Colares;1502608;Para
2018;0;Colares;1502608;Para
2019;0;Colares;1502608;Para
2020;0,06418276828534886;Colares;1502608;Para
2021;0,08146710543905793;Colares;1502608;Para
2022;0,14426199112222654;Colares;1502608;Para
2023;0;Colares;1502608;Para
2024;0;Colares;1502608;Para
2007;2988,959018188599;Conceicao do Araguaia;1502707;Para
2008;46,98047844213455;Conceicao do Araguaia;1502707;Para
2009;7,22308725001069;Conceicao do Araguaia;1502707;Para
2010;17,79996795047129;Conceicao do Araguaia;1502707;Para
2011;5,170541855538448;Conceicao do Araguaia;1502707;Para
2012;7,318757798662803;Conceicao do Araguaia;1502707;Para
2013;5,846317843525115;Conceicao do Araguaia;1502707;Para
2014;4,281717867354533;Conceicao do Araguaia;1502707;Para
2015;1,6717555519001976;Conceicao do Araguaia;1502707;Para
2016;6,781905459727494;Conceicao do Araguaia;1502707;Para
2017;3,0316235706856554;Conceicao do Araguaia;1502707;Para
2018;2,763516259898964;Conceicao do Araguaia;1502707;Para
2019;8,915600843638547;Conceicao do Araguaia;1502707;Para
2020;2,152730469090733;Conceicao do Araguaia;1502707;Para
2021;4,650098595194214;Conceicao do Araguaia;1502707;Para
2022;4,771781302323855;Conceicao do Araguaia;1502707;Para
2023;7,088073865411417;Conceicao do Araguaia;1502707;Para
2024;7,085813270824343;Conceicao do Araguaia;1502707;Para
2007;608,5953655938212;Concordia do Para;1502756;Para
2008;2,4250666993755767;Concordia do Para;1502756;Para
2009;0,864884837700013;Concordia do Para;1502756;Para
2010;0,4366924180674195;Concordia do Para;1502756;Para
2011;0,5633316752217373;Concordia do Para;1502756;Para
2012;0,5930062199518962;Concordia do Para;1502756;Para
2013;0,5608452305050591;Concordia do Para;1502756;Para
2014;0,2848718026792607;Concordia do Para;1502756;Para
2015;0,49113839130893877;Concordia do Para;1502756;Para
2016;0,2397730647669825;Concordia do Para;1502756;Para
2017;3,101791152925099;Concordia do Para;1502756;Para
2018;0,40324273182265463;Concordia do Para;1502756;Para
2019;0,3118152734324381;Concordia do Para;1502756;Para
2020;0,7708248406357021;Concordia do Para;1502756;Para
2021;0,2936942870157279;Concordia do Para;1502756;Para
2022;0,33296310564100684;Concordia do Para;1502756;Para
2023;0,22908167811782537;Concordia do Para;1502756;Para
2024;0,6278320379189127;Concordia do Para;1502756;Para
2007;6789,707120669393;Cumaru do Norte;1502764;Para
2008;182,7015530051621;Cumaru do Norte;1502764;Para
2009;36,50443275874822;Cumaru do Norte;1502764;Para
2010;42,53074870105823;Cumaru do Norte;1502764;Para
2011;58,916562877376315;Cumaru do Norte;1502764;Para
2012;57,782242366993984;Cumaru do Norte;1502764;Para
2013;37,79918279536427;Cumaru do Norte;1502764;Para
2014;25,48988119652634;Cumaru do Norte;1502764;Para
2015;40,64991152858917;Cumaru do Norte;1502764;Para
2016;32,637619155712834;Cumaru do Norte;1502764;Para
2017;38,37569124111384;Cumaru do Norte;1502764;Para
2018;28,781241262014714;Cumaru do Norte;1502764;Para
2019;43,87964617603574;Cumaru do Norte;1502764;Para
2020;69,78694367795478;Cumaru do Norte;1502764;Para
2021;46,791343940449025;Cumaru do Norte;1502764;Para
2022;25,367203286542644;Cumaru do Norte;1502764;Para
2023;15,430142302990259;Cumaru do Norte;1502764;Para
2024;16,10192895702527;Cumaru do Norte;1502764;Para
2007;2048,813143937206;Curionopolis;1502772;Para
2008;4,692464900106065;Curionopolis;1502772;Para
2009;0,8951199205197204;Curionopolis;1502772;Para
2010;3,646259946925185;Curionopolis;1502772;Para
2011;0,25941629726359905;Curionopolis;1502772;Para
2012;0,4788727762126418;Curionopolis;1502772;Para
2013;0;Curionopolis;1502772;Para
2014;0;Curionopolis;1502772;Para
2015;0,4619894473159573;Curionopolis;1502772;Para
2016;0,4564027604087011;Curionopolis;1502772;Para
2017;1,6604446226253469;Curionopolis;1502772;Para
2018;0,9252107551598412;Curionopolis;1502772;Para
2019;2,771060034355574;Curionopolis;1502772;Para
2020;3,7603718095447216;Curionopolis;1502772;Para
2021;1,35336946957882;Curionopolis;1502772;Para
2022;4,256608149023504;Curionopolis;1502772;Para
2023;0,684311641451268;Curionopolis;1502772;Para
2024;0,5012108989570863;Curionopolis;1502772;Para
2007;203,60669638882567;Curralinho;1502806;Para
2008;0,7005377915403166;Curralinho;1502806;Para
2009;3,2944375933214074;Curralinho;1502806;Para
2010;9,062579070439835;Curralinho;1502806;Para
2011;1,3695525404743758;Curralinho;1502806;Para
2012;0,45198975565286514;Curralinho;1502806;Para
2013;1,6872534742166858;Curralinho;1502806;Para
2014;0,17699491826846628;Curralinho;1502806;Para
2015;0,0899636557099555;Curralinho;1502806;Para
2016;0,9800521743844266;Curralinho;1502806;Para
2017;0,15191838430334975;Curralinho;1502806;Para
2018;0;Curralinho;1502806;Para
2019;1,7073753347242533;Curralinho;1502806;Para
2020;1,08447186121086;Curralinho;1502806;Para
2021;2,7825555985847545;Curralinho;1502806;Para
2022;0,7624494077969696;Curralinho;1502806;Para
2023;1,1523457118807796;Curralinho;1502806;Para
2024;3,0928095151430077;Curralinho;1502806;Para
2007;312,9633268534125;Curua;1502855;Para
2008;4,049022079049109;Curua;1502855;Para
2009;4,2773136610815525;Curua;1502855;Para
2010;7,355262867981341;Curua;1502855;Para
2011;3,3467207199379665;Curua;1502855;Para
2012;2,1142216725567646;Curua;1502855;Para
2013;1,416753812973524;Curua;1502855;Para
2014;5,885482129978745;Curua;1502855;Para
2015;3,791735680050349;Curua;1502855;Para
2016;5,637007479306159;Curua;1502855;Para
2017;5,884555233038844;Curua;1502855;Para
2018;5,04588423013836;Curua;1502855;Para
2019;11,21245547161265;Curua;1502855;Para
2020;9,553594644020373;Curua;1502855;Para
2021;6,86779129858022;Curua;1502855;Para
2022;6,187301415373992;Curua;1502855;Para
2023;6,49582869838008;Curua;1502855;Para
2024;4,386996642025103;Curua;1502855;Para
2007;269,69966922317826;Curuca;1502905;Para
2008;2,279795569839365;Curuca;1502905;Para
2009;1,4471642041647335;Curuca;1502905;Para
2010;1,5822011939134775;Curuca;1502905;Para
2011;0,4077184315344093;Curuca;1502905;Para
2012;0,06848311355059493;Curuca;1502905;Para
2013;2,298078067958809;Curuca;1502905;Para
2014;0,1425016785090778;Curuca;1502905;Para
2015;0,24474901743905902;Curuca;1502905;Para
2016;0,973228871761487;Curuca;1502905;Para
2017;0,4317387245389771;Curuca;1502905;Para
2018;1,0979185433096;Curuca;1502905;Para
2019;0,5614054115897416;Curuca;1502905;Para
2020;0,8681885736452838;Curuca;1502905;Para
2021;0,6820213023985577;Curuca;1502905;Para
2022;0,06992676437162422;Curuca;1502905;Para
2023;0,4117972516433055;Curuca;1502905;Para
2024;0;Curuca;1502905;Para
2007;3243,826806318056;Dom Eliseu;1502939;Para
2008;53,266959410184704;Dom Eliseu;1502939;Para
2009;40,59849515756338;Dom Eliseu;1502939;Para
2010;37,23839343267587;Dom Eliseu;1502939;Para
2011;24,605226689002187;Dom Eliseu;1502939;Para
2012;29,440923625077783;Dom Eliseu;1502939;Para
2013;10,3154787104907;Dom Eliseu;1502939;Para
2014;5,829264007401347;Dom Eliseu;1502939;Para
2015;6,850885969279076;Dom Eliseu;1502939;Para
2016;7,324698072916726;Dom Eliseu;1502939;Para
2017;5,630482523137109;Dom Eliseu;1502939;Para
2018;10,651255485222556;Dom Eliseu;1502939;Para
2019;13,141964138192368;Dom Eliseu;1502939;Para
2020;26,701822862466344;Dom Eliseu;1502939;Para
2021;43,142914377397034;Dom Eliseu;1502939;Para
2022;47,621907742659474;Dom Eliseu;1502939;Para
2023;40,74086016799078;Dom Eliseu;1502939;Para
2024;39,804446286108394;Dom Eliseu;1502939;Para
2007;2640,401577400705;Eldorado do Carajas;1502954;Para
2008;30,334936275181683;Eldorado do Carajas;1502954;Para
2009;24,614033944839832;Eldorado do Carajas;1502954;Para
2010;22,004943386997446;Eldorado do Carajas;1502954;Para
2011;5,298377837388248;Eldorado do Carajas;1502954;Para
2012;2,6212465490608103;Eldorado do Carajas;1502954;Para
2013;4,6454223395137415;Eldorado do Carajas;1502954;Para
2014;4,1146196778914685;Eldorado do Carajas;1502954;Para
2015;4,527561465892977;Eldorado do Carajas;1502954;Para
2016;10,564881368736133;Eldorado do Carajas;1502954;Para
2017;1,9472746941591095;Eldorado do Carajas;1502954;Para
2018;3,9259718662613428;Eldorado do Carajas;1502954;Para
2019;3,4958545115454687;Eldorado do Carajas;1502954;Para
2020;2,847487511372907;Eldorado do Carajas;1502954;Para
2021;3,127018913049021;Eldorado do Carajas;1502954;Para
2022;3,154628839196714;Eldorado do Carajas;1502954;Para
2023;3,4148971918985898;Eldorado do Carajas;1502954;Para
2024;1,0100601887479945;Eldorado do Carajas;1502954;Para
2007;225,40542018170834;Faro;1503002;Para
2008;2,02247830691884;Faro;1503002;Para
2009;2,3171143657870568;Faro;1503002;Para
2010;5,620390162354158;Faro;1503002;Para
2011;3,005671851448392;Faro;1503002;Para
2012;0,7053151620465905;Faro;1503002;Para
2013;1,350386077168981;Faro;1503002;Para
2014;2,4389237705828424;Faro;1503002;Para
2015;3,214087842169293;Faro;1503002;Para
2016;0,8719095467353761;Faro;1503002;Para
2017;1,1485549874332666;Faro;1503002;Para
2018;3,3241571103549967;Faro;1503002;Para
2019;1,182605067768612;Faro;1503002;Para
2020;1,1710722659820905;Faro;1503002;Para
2021;3,4477985925847436;Faro;1503002;Para
2022;4,7555399406976315;Faro;1503002;Para
2023;2,8145325814341287;Faro;1503002;Para
2024;1,8484152751478489;Faro;1503002;Para
2007;1833,5920967053387;Floresta do Araguaia;1503044;Para
2008;20,50256093784561;Floresta do Araguaia;1503044;Para
2009;12,132801266505544;Floresta do Araguaia;1503044;Para
2010;12,6403827715033;Floresta do Araguaia;1503044;Para
2011;4,007056446108257;Floresta do Araguaia;1503044;Para
2012;5,38134098115685;Floresta do Araguaia;1503044;Para
2013;4,9695203816609075;Floresta do Araguaia;1503044;Para
2014;4,0307197029192245;Floresta do Araguaia;1503044;Para
2015;3,235593692494535;Floresta do Araguaia;1503044;Para
2016;3,126010392933725;Floresta do Araguaia;1503044;Para
2017;3,973510254868962;Floresta do Araguaia;1503044;Para
2018;1,2896775942089802;Floresta do Araguaia;1503044;Para
2019;3,1537846438339363;Floresta do Araguaia;1503044;Para
2020;2,3800367125753286;Floresta do Araguaia;1503044;Para
2021;3,027972841230724;Floresta do Araguaia;1503044;Para
2022;2,3115122049765375;Floresta do Araguaia;1503044;Para
2023;3,102917391469181;Floresta do Araguaia;1503044;Para
2024;0,8904371488522816;Floresta do Araguaia;1503044;Para
2007;1401,0652579749328;Garrafao do Norte;1503077;Para
2008;8,277415741127442;Garrafao do Norte;1503077;Para
2009;17,827438518196903;Garrafao do Norte;1503077;Para
2010;6,927067858829011;Garrafao do Norte;1503077;Para
2011;9,828168982546062;Garrafao do Norte;1503077;Para
2012;0,8633139413804184;Garrafao do Norte;1503077;Para
2013;0,3422754808861041;Garrafao do Norte;1503077;Para
2014;3,964356819603947;Garrafao do Norte;1503077;Para
2015;1,263303557010346;Garrafao do Norte;1503077;Para
2016;0,9888519727124709;Garrafao do Norte;1503077;Para
2017;0,6054992822755523;Garrafao do Norte;1503077;Para
2018;0,9817193130593647;Garrafao do Norte;1503077;Para
2019;0,6202384219708215;Garrafao do Norte;1503077;Para
2020;0,9255220406967;Garrafao do Norte;1503077;Para
2021;1,1580773752376408;Garrafao do Norte;1503077;Para
2022;2,011502235815794;Garrafao do Norte;1503077;Para
2023;2,126673205934916;Garrafao do Norte;1503077;Para
2024;0,4592933335177674;Garrafao do Norte;1503077;Para
2007;3589,9226306202004;Goianesia do Para;1503093;Para
2008;35,81138615850145;Goianesia do Para;1503093;Para
2009;25,888378269322388;Goianesia do Para;1503093;Para
2010;49,27119504431853;Goianesia do Para;1503093;Para
2011;21,454763272704604;Goianesia do Para;1503093;Para
2012;16,193822361142335;Goianesia do Para;1503093;Para
2013;38,347863221623726;Goianesia do Para;1503093;Para
2014;23,265051022209917;Goianesia do Para;1503093;Para
2015;24,64381827044156;Goianesia do Para;1503093;Para
2016;20,631369111778564;Goianesia do Para;1503093;Para
2017;23,59831587967522;Goianesia do Para;1503093;Para
2018;20,28202828898967;Goianesia do Para;1503093;Para
2019;29,974674900862812;Goianesia do Para;1503093;Para
2020;38,987139876345196;Goianesia do Para;1503093;Para
2021;28,964633404019317;Goianesia do Para;1503093;Para
2022;27,79356038149294;Goianesia do Para;1503093;Para
2023;18,905760096208617;Goianesia do Para;1503093;Para
2024;30,206041219052427;Goianesia do Para;1503093;Para
2007;95,61378173455839;Gurupa;1503101;Para
2008;3,6069753663752553;Gurupa;1503101;Para
2009;5,5223850965047525;Gurupa;1503101;Para
2010;6,227627239974281;Gurupa;1503101;Para
2011;0,5800639453954312;Gurupa;1503101;Para
2012;3,3980598681472234;Gurupa;1503101;Para
2013;0,6455075498586318;Gurupa;1503101;Para
2014;1,9268376691847373;Gurupa;1503101;Para
2015;0,23968158294360525;Gurupa;1503101;Para
2016;1,248785076537937;Gurupa;1503101;Para
2017;2,1708105644302247;Gurupa;1503101;Para
2018;2,9506524870280835;Gurupa;1503101;Para
2019;4,631436020769974;Gurupa;1503101;Para
2020;3,8286028583146328;Gurupa;1503101;Para
2021;2,1869698382621228;Gurupa;1503101;Para
2022;2,3512404453359226;Gurupa;1503101;Para
2023;1,7304163048568586;Gurupa;1503101;Para
2024;8,646347214759375;Gurupa;1503101;Para
2007;676,1007825029791;Igarape-Acu;1503200;Para
2008;4,185389031770155;Igarape-Acu;1503200;Para
2009;0,9733865154782025;Igarape-Acu;1503200;Para
2010;0,5604712902718508;Igarape-Acu;1503200;Para
2011;0,058802064485817984;Igarape-Acu;1503200;Para
2012;0,13880508624297647;Igarape-Acu;1503200;Para
2013;0,8049942078319643;Igarape-Acu;1503200;Para
2014;0;Igarape-Acu;1503200;Para
2015;0,30406894248134336;Igarape-Acu;1503200;Para
2016;0,09538023206435975;Igarape-Acu;1503200;Para
2017;0,6157269162982574;Igarape-Acu;1503200;Para
2018;0;Igarape-Acu;1503200;Para
2019;0;Igarape-Acu;1503200;Para
2020;0,22146357509739734;Igarape-Acu;1503200;Para
2021;0,06530413102062176;Igarape-Acu;1503200;Para
2022;0;Igarape-Acu;1503200;Para
2023;0,10865553950894809;Igarape-Acu;1503200;Para
2024;0;Igarape-Acu;1503200;Para
2007;458,6706093762747;Igarape-Miri;1503309;Para
2008;2,3970003673570304;Igarape-Miri;1503309;Para
2009;3,146833742711721;Igarape-Miri;1503309;Para
2010;18,191708048587525;Igarape-Miri;1503309;Para
2011;2,7218076808380385;Igarape-Miri;1503309;Para
2012;1,0251790344340888;Igarape-Miri;1503309;Para
2013;0,9773576653896003;Igarape-Miri;1503309;Para
2014;0,26438946885216097;Igarape-Miri;1503309;Para
2015;0,5831305734654789;Igarape-Miri;1503309;Para
2016;0,14871109567170593;Igarape-Miri;1503309;Para
2017;0,48774877611394724;Igarape-Miri;1503309;Para
2018;1,1990487191548562;Igarape-Miri;1503309;Para
2019;0,8186518000592501;Igarape-Miri;1503309;Para
2020;1,079148362926652;Igarape-Miri;1503309;Para
2021;4,4130431037411;Igarape-Miri;1503309;Para
2022;0,5481754352617838;Igarape-Miri;1503309;Para
2023;0,9671909793298423;Igarape-Miri;1503309;Para
2024;1,1776222116361497;Igarape-Miri;1503309;Para
2007;321,50626592412146;Inhangapi;1503408;Para
2008;1,093796486429897;Inhangapi;1503408;Para
2009;0,10686382200380068;Inhangapi;1503408;Para
2010;0;Inhangapi;1503408;Para
2011;0;Inhangapi;1503408;Para
2012;0,06145849201204838;Inhangapi;1503408;Para
2013;0,2377411037762075;Inhangapi;1503408;Para
2014;0;Inhangapi;1503408;Para
2015;0;Inhangapi;1503408;Para
2016;0,06796819666161495;Inhangapi;1503408;Para
2017;0,1966056848581503;Inhangapi;1503408;Para
2018;0,13975909450759605;Inhangapi;1503408;Para
2019;0,18403978410681826;Inhangapi;1503408;Para
2020;0,24782558363052387;Inhangapi;1503408;Para
2021;0,31335655354806247;Inhangapi;1503408;Para
2022;0;Inhangapi;1503408;Para
2023;0;Inhangapi;1503408;Para
2024;0;Inhangapi;1503408;Para
2007;2553,0079020942544;Ipixuna do Para;1503457;Para
2008;46,48903212800389;Ipixuna do Para;1503457;Para
2009;32,84674858238944;Ipixuna do Para;1503457;Para
2010;45,41090179929426;Ipixuna do Para;1503457;Para
2011;14,34696914173246;Ipixuna do Para;1503457;Para
2012;8,982797780532332;Ipixuna do Para;1503457;Para
2013;18,308017766783383;Ipixuna do Para;1503457;Para
2014;6,364802810017791;Ipixuna do Para;1503457;Para
2015;13,98840382262403;Ipixuna do Para;1503457;Para
2016;11,296972254044045;Ipixuna do Para;1503457;Para
2017;8,37916540457628;Ipixuna do Para;1503457;Para
2018;12,534018667687315;Ipixuna do Para;1503457;Para
2019;7,314867663316429;Ipixuna do Para;1503457;Para
2020;23,21876567322055;Ipixuna do Para;1503457;Para
2021;29,62473561287954;Ipixuna do Para;1503457;Para
2022;10,534001573963184;Ipixuna do Para;1503457;Para
2023;19,640961955887573;Ipixuna do Para;1503457;Para
2024;40,49691757696957;Ipixuna do Para;1503457;Para
2007;1202,3618863341824;Irituia;1503507;Para
2008;4,394632615878538;Irituia;1503507;Para
2009;0,8491207721166033;Irituia;1503507;Para
2010;0;Irituia;1503507;Para
2011;4,879917543626571;Irituia;1503507;Para
2012;0,21426116868357226;Irituia;1503507;Para
2013;0,9009262143004185;Irituia;1503507;Para
2014;0,06944584870149322;Irituia;1503507;Para
2015;1,8774993591025384;Irituia;1503507;Para
2016;1,8137108399571102;Irituia;1503507;Para
2017;0,9547761403347288;Irituia;1503507;Para
2018;0,32598753519357726;Irituia;1503507;Para
2019;0,0857028245849816;Irituia;1503507;Para
2020;0,5152809549303403;Irituia;1503507;Para
2021;0,785199578350405;Irituia;1503507;Para
2022;0,45626028790657647;Irituia;1503507;Para
2023;0,6757381695065557;Irituia;1503507;Para
2024;0;Irituia;1503507;Para
2007;4384,308313275695;Itaituba;1503606;Para
2008;169,95712993170955;Itaituba;1503606;Para
2009;148,66674562740585;Itaituba;1503606;Para
2010;91,13120468118998;Itaituba;1503606;Para
2011;89,40692361058443;Itaituba;1503606;Para
2012;94,67597940304255;Itaituba;1503606;Para
2013;188,22732825866373;Itaituba;1503606;Para
2014;99,53245895520433;Itaituba;1503606;Para
2015;90,18501639527307;Itaituba;1503606;Para
2016;129,63210568687748;Itaituba;1503606;Para
2017;79,97336782820538;Itaituba;1503606;Para
2018;95,99820426018185;Itaituba;1503606;Para
2019;168,90218211090345;Itaituba;1503606;Para
2020;272,60768640108336;Itaituba;1503606;Para
2021;355,5777454540037;Itaituba;1503606;Para
2022;347,7558102262964;Itaituba;1503606;Para
2023;111,26205518455906;Itaituba;1503606;Para
2024;154,49625283986808;Itaituba;1503606;Para
2007;4158,408579617682;Itupiranga;1503705;Para
2008;226,16506795219073;Itupiranga;1503705;Para
2009;87,98073725819344;Itupiranga;1503705;Para
2010;51,1716834205637;Itupiranga;1503705;Para
2011;58,94165165876507;Itupiranga;1503705;Para
2012;42,41428645389574;Itupiranga;1503705;Para
2013;62,4706372284711;Itupiranga;1503705;Para
2014;48,57035839417433;Itupiranga;1503705;Para
2015;27,788826541648145;Itupiranga;1503705;Para
2016;87,56866514464534;Itupiranga;1503705;Para
2017;29,214627138556637;Itupiranga;1503705;Para
2018;30,495524298939046;Itupiranga;1503705;Para
2019;34,84438823463018;Itupiranga;1503705;Para
2020;33,22118495898773;Itupiranga;1503705;Para
2021;48,256514625585226;Itupiranga;1503705;Para
2022;26,761691746335266;Itupiranga;1503705;Para
2023;27,565282090276156;Itupiranga;1503705;Para
2024;21,299461941926484;Itupiranga;1503705;Para
2007;1287,9176332818315;Jacareacanga;1503754;Para
2008;23,31111081476651;Jacareacanga;1503754;Para
2009;14,81674528570517;Jacareacanga;1503754;Para
2010;26,302580016718384;Jacareacanga;1503754;Para
2011;28,142442976038346;Jacareacanga;1503754;Para
2012;32,71521579940874;Jacareacanga;1503754;Para
2013;22,430147529748204;Jacareacanga;1503754;Para
2014;24,186093286813332;Jacareacanga;1503754;Para
2015;31,40939056892367;Jacareacanga;1503754;Para
2016;48,78868757677934;Jacareacanga;1503754;Para
2017;35,241115749955604;Jacareacanga;1503754;Para
2018;51,69032509270347;Jacareacanga;1503754;Para
2019;93,9835316771216;Jacareacanga;1503754;Para
2020;88,93299466324734;Jacareacanga;1503754;Para
2021;110,75721752365857;Jacareacanga;1503754;Para
2022;107,5142320491834;Jacareacanga;1503754;Para
2023;57,837943097941135;Jacareacanga;1503754;Para
2024;45,80433297715567;Jacareacanga;1503754;Para
2007;1490,8192689813911;Jacunda;1503804;Para
2008;5,996393477623664;Jacunda;1503804;Para
2009;3,5614461688381285;Jacunda;1503804;Para
2010;6,729210481215106;Jacunda;1503804;Para
2011;2,3028552616896882;Jacunda;1503804;Para
2012;0,8969413091982931;Jacunda;1503804;Para
2013;1,850425983965178;Jacunda;1503804;Para
2014;1,9594680500043078;Jacunda;1503804;Para
2015;3,2945603608526732;Jacunda;1503804;Para
2016;2,15361721017046;Jacunda;1503804;Para
2017;1,9964821974921698;Jacunda;1503804;Para
2018;2,664572481212177;Jacunda;1503804;Para
2019;3,828267690770047;Jacunda;1503804;Para
2020;3,76470082793294;Jacunda;1503804;Para
2021;1,6300176145002172;Jacunda;1503804;Para
2022;1,3994018552510183;Jacunda;1503804;Para
2023;2,4186469315621486;Jacunda;1503804;Para
2024;2,6584086379554908;Jacunda;1503804;Para
2007;1117,3866428498368;Juruti;1503903;Para
2008;11,46750493293089;Juruti;1503903;Para
2009;14,41087906027716;Juruti;1503903;Para
2010;7,465590103462107;Juruti;1503903;Para
2011;6,106727053529654;Juruti;1503903;Para
2012;1,4276941841445976;Juruti;1503903;Para
2013;2,2852815825250365;Juruti;1503903;Para
2014;12,8627707929307;Juruti;1503903;Para
2015;8,33224152500025;Juruti;1503903;Para
2016;3,9778180558331715;Juruti;1503903;Para
2017;11,588861536650926;Juruti;1503903;Para
2018;5,415719540352871;Juruti;1503903;Para
2019;15,781678685696484;Juruti;1503903;Para
2020;9,326653108184932;Juruti;1503903;Para
2021;4,569739210985676;Juruti;1503903;Para
2022;15,603478234859436;Juruti;1503903;Para
2023;8,515238032125202;Juruti;1503903;Para
2024;20,561394721496807;Juruti;1503903;Para
2007;72,27533116275458;Limoeiro do Ajuru;1504000;Para
2008;0,07527233227060035;Limoeiro do Ajuru;1504000;Para
2009;0,3297868852532776;Limoeiro do Ajuru;1504000;Para
2010;2,9230256014574065;Limoeiro do Ajuru;1504000;Para
2011;0,06766073706596083;Limoeiro do Ajuru;1504000;Para
2012;0;Limoeiro do Ajuru;1504000;Para
2013;0;Limoeiro do Ajuru;1504000;Para
2014;0;Limoeiro do Ajuru;1504000;Para
2015;0;Limoeiro do Ajuru;1504000;Para
2016;0,18130675559630005;Limoeiro do Ajuru;1504000;Para
2017;0,14982178873448976;Limoeiro do Ajuru;1504000;Para
2018;0;Limoeiro do Ajuru;1504000;Para
2019;0,05245473991199637;Limoeiro do Ajuru;1504000;Para
2020;0,23528523780395927;Limoeiro do Ajuru;1504000;Para
2021;0,3443837893420141;Limoeiro do Ajuru;1504000;Para
2022;0;Limoeiro do Ajuru;1504000;Para
2023;0,1382968396238417;Limoeiro do Ajuru;1504000;Para
2024;0;Limoeiro do Ajuru;1504000;Para
2007;446,0045340667219;Mae do Rio;1504059;Para
2008;0,2873450062982197;Mae do Rio;1504059;Para
2009;0;Mae do Rio;1504059;Para
2010;0;Mae do Rio;1504059;Para
2011;0,06463711381645448;Mae do Rio;1504059;Para
2012;0;Mae do Rio;1504059;Para
2013;0;Mae do Rio;1504059;Para
2014;0;Mae do Rio;1504059;Para
2015;0,1572753701330165;Mae do Rio;1504059;Para
2016;0,4304100496228001;Mae do Rio;1504059;Para
2017;0,36741607474217247;Mae do Rio;1504059;Para
2018;0;Mae do Rio;1504059;Para
2019;0;Mae do Rio;1504059;Para
2020;0,20618519639664223;Mae do Rio;1504059;Para
2021;0;Mae do Rio;1504059;Para
2022;0;Mae do Rio;1504059;Para
2023;0,0677997728886366;Mae do Rio;1504059;Para
2024;0;Mae do Rio;1504059;Para
2007;162,72235839674693;Magalhaes Barata;1504109;Para
2008;0,407761085605682;Magalhaes Barata;1504109;Para
2009;0;Magalhaes Barata;1504109;Para
2010;0,5293010814757058;Magalhaes Barata;1504109;Para
2011;0,13524740029199833;Magalhaes Barata;1504109;Para
2012;0;Magalhaes Barata;1504109;Para
2013;0,5797963795953788;Magalhaes Barata;1504109;Para
2014;0;Magalhaes Barata;1504109;Para
2015;0,2774775361176928;Magalhaes Barata;1504109;Para
2016;0;Magalhaes Barata;1504109;Para
2017;0,34401888879466047;Magalhaes Barata;1504109;Para
2018;0,5196989473366322;Magalhaes Barata;1504109;Para
2019;0,1674640226371489;Magalhaes Barata;1504109;Para
2020;1,716235060252144;Magalhaes Barata;1504109;Para
2021;1,2145309829420816;Magalhaes Barata;1504109;Para
2022;0,13844686807861134;Magalhaes Barata;1504109;Para
2023;0,17950348980223652;Magalhaes Barata;1504109;Para
2024;0;Magalhaes Barata;1504109;Para
2007;7657,789482618425;Maraba;1504208;Para
2008;347,5082565923613;Maraba;1504208;Para
2009;110,8364706712483;Maraba;1504208;Para
2010;78,83662535844871;Maraba;1504208;Para
2011;64,5885271907499;Maraba;1504208;Para
2012;52,62259524681952;Maraba;1504208;Para
2013;80,96430017120574;Maraba;1504208;Para
2014;38,346275500920555;Maraba;1504208;Para
2015;45,63826210450604;Maraba;1504208;Para
2016;99,51473421543591;Maraba;1504208;Para
2017;41,6174946683342;Maraba;1504208;Para
2018;48,28997442796673;Maraba;1504208;Para
2019;67,26091884918458;Maraba;1504208;Para
2020;57,9496873646758;Maraba;1504208;Para
2021;73,58179591818784;Maraba;1504208;Para
2022;42,45328395299793;Maraba;1504208;Para
2023;36,307097203551514;Maraba;1504208;Para
2024;21,41916498599418;Maraba;1504208;Para
2007;319,2378404217572;Maracana;1504307;Para
2008;1,2935435300722382;Maracana;1504307;Para
2009;0,519292111202139;Maracana;1504307;Para
2010;2,1384371263292583;Maracana;1504307;Para
2011;0,585530171955594;Maracana;1504307;Para
2012;0,41146962885773436;Maracana;1504307;Para
2013;1,3336747771824544;Maracana;1504307;Para
2014;0,18880429525148426;Maracana;1504307;Para
2015;0,6402660895325838;Maracana;1504307;Para
2016;0,6359262546202396;Maracana;1504307;Para
2017;1,4029373551158857;Maracana;1504307;Para
2018;1,073360689187696;Maracana;1504307;Para
2019;1,6375395282482519;Maracana;1504307;Para
2020;0,8917166124546566;Maracana;1504307;Para
2021;0,5946863323697793;Maracana;1504307;Para
2022;0,33624541564915994;Maracana;1504307;Para
2023;0,25986143165176234;Maracana;1504307;Para
2024;0;Maracana;1504307;Para
2007;391,22093099164823;Marapanim;1504406;Para
2008;4,679656626702412;Marapanim;1504406;Para
2009;1,8252959483256774;Marapanim;1504406;Para
2010;0,9787136748072585;Marapanim;1504406;Para
2011;0,22504458623655899;Marapanim;1504406;Para
2012;0;Marapanim;1504406;Para
2013;1,3712858580995912;Marapanim;1504406;Para
2014;0,2841091589091591;Marapanim;1504406;Para
2015;1,4464782156910199;Marapanim;1504406;Para
2016;0,5143150812858736;Marapanim;1504406;Para
2017;0,687880085923451;Marapanim;1504406;Para
2018;0,8089125929172098;Marapanim;1504406;Para
2019;0;Marapanim;1504406;Para
2020;0,6650297407228941;Marapanim;1504406;Para
2021;1,3452731245332779;Marapanim;1504406;Para
2022;0,7047123200757948;Marapanim;1504406;Para
2023;0,16316746614223174;Marapanim;1504406;Para
2024;0;Marapanim;1504406;Para
2007;71,86894625086524;Marituba;1504422;Para
2008;0,129069729858796;Marituba;1504422;Para
2009;0;Marituba;1504422;Para
2010;0;Marituba;1504422;Para
2011;0,0703447285432328;Marituba;1504422;Para
2012;0;Marituba;1504422;Para
2013;0;Marituba;1504422;Para
2014;0;Marituba;1504422;Para
2015;0;Marituba;1504422;Para
2016;0;Marituba;1504422;Para
2017;0,11379987225280982;Marituba;1504422;Para
2018;0;Marituba;1504422;Para
2019;0,10470101224541326;Marituba;1504422;Para
2020;0;Marituba;1504422;Para
2021;0;Marituba;1504422;Para
2022;0,08222987953466111;Marituba;1504422;Para
2023;0;Marituba;1504422;Para
2024;0;Marituba;1504422;Para
2007;1913,631059657488;Medicilandia;1504455;Para
2008;28,16897821560993;Medicilandia;1504455;Para
2009;55,030321536276375;Medicilandia;1504455;Para
2010;46,26562755364743;Medicilandia;1504455;Para
2011;29,060166883625246;Medicilandia;1504455;Para
2012;20,862009273804006;Medicilandia;1504455;Para
2013;38,00781658512611;Medicilandia;1504455;Para
2014;17,20342275707888;Medicilandia;1504455;Para
2015;17,94647549188208;Medicilandia;1504455;Para
2016;7,972701180609677;Medicilandia;1504455;Para
2017;116,55726963871419;Medicilandia;1504455;Para
2018;62,87607695901601;Medicilandia;1504455;Para
2019;112,90020749666463;Medicilandia;1504455;Para
2020;64,62813819925381;Medicilandia;1504455;Para
2021;105,45534875622373;Medicilandia;1504455;Para
2022;102,07849569768513;Medicilandia;1504455;Para
2023;97,14619450235142;Medicilandia;1504455;Para
2024;53,51006013814192;Medicilandia;1504455;Para
2007;149,8244768983734;Melgaco;1504505;Para
2008;4,4940797764424145;Melgaco;1504505;Para
2009;0,0695445792957669;Melgaco;1504505;Para
2010;0,9605034401320173;Melgaco;1504505;Para
2011;0,4321749984358985;Melgaco;1504505;Para
2012;2,1860474882436356;Melgaco;1504505;Para
2013;0,6392228385631453;Melgaco;1504505;Para
2014;1,5642529881369605;Melgaco;1504505;Para
2015;0,25801901309947955;Melgaco;1504505;Para
2016;0,5984557347802703;Melgaco;1504505;Para
2017;2,9222801372613176;Melgaco;1504505;Para
2018;1,5543145701710035;Melgaco;1504505;Para
2019;2,5535945651671286;Melgaco;1504505;Para
2020;2,191864860142855;Melgaco;1504505;Para
2021;1,849792695708107;Melgaco;1504505;Para
2022;1,9171892126904988;Melgaco;1504505;Para
2023;0,7411735731705755;Melgaco;1504505;Para
2024;3,080421227856231;Melgaco;1504505;Para
2007;486,7934093549649;Mocajuba;1504604;Para
2008;0,5003275324230994;Mocajuba;1504604;Para
2009;0,33896946000583555;Mocajuba;1504604;Para
2010;1,9107473420860175;Mocajuba;1504604;Para
2011;0,5680664410022135;Mocajuba;1504604;Para
2012;0,31447547904624407;Mocajuba;1504604;Para
2013;0,15928758967148207;Mocajuba;1504604;Para
2014;0,23047341111134842;Mocajuba;1504604;Para
2015;0;Mocajuba;1504604;Para
2016;0,3079729918340521;Mocajuba;1504604;Para
2017;0,3047721860434021;Mocajuba;1504604;Para
2018;0,3035502656385947;Mocajuba;1504604;Para
2019;0,1046508615972564;Mocajuba;1504604;Para
2020;0,08766463273201819;Mocajuba;1504604;Para
2021;0,00006504864688566886;Mocajuba;1504604;Para
2022;0;Mocajuba;1504604;Para
2023;0,2852627727233329;Mocajuba;1504604;Para
2024;0,2696017613058324;Mocajuba;1504604;Para
2007;3859,9922320545047;Moju;1504703;Para
2008;115,95514213557543;Moju;1504703;Para
2009;66,74439858857468;Moju;1504703;Para
2010;115,47184655661351;Moju;1504703;Para
2011;42,59889554137164;Moju;1504703;Para
2012;43,074237660979975;Moju;1504703;Para
2013;35,926941938177045;Moju;1504703;Para
2014;24,784825538933443;Moju;1504703;Para
2015;25,543577234572;Moju;1504703;Para
2016;30,28365061306542;Moju;1504703;Para
2017;43,137293446284524;Moju;1504703;Para
2018;33,5163262136526;Moju;1504703;Para
2019;27,907128267623502;Moju;1504703;Para
2020;36,28778167227228;Moju;1504703;Para
2021;55,6858774439168;Moju;1504703;Para
2022;74,62916121902042;Moju;1504703;Para
2023;97,24037508760384;Moju;1504703;Para
2024;63,05447650024658;Moju;1504703;Para
2007;1524,4626722429261;Mojui dos Campos;1504752;Para
2008;25,491512354374986;Mojui dos Campos;1504752;Para
2009;29,955332794162445;Mojui dos Campos;1504752;Para
2010;12,747223109107006;Mojui dos Campos;1504752;Para
2011;10,871302152618993;Mojui dos Campos;1504752;Para
2012;11,368986145979653;Mojui dos Campos;1504752;Para
2013;3,943568955358532;Mojui dos Campos;1504752;Para
2014;6,1698400475952955;Mojui dos Campos;1504752;Para
2015;31,919231264883887;Mojui dos Campos;1504752;Para
2016;10,155510924674676;Mojui dos Campos;1504752;Para
2017;19,258291795019424;Mojui dos Campos;1504752;Para
2018;24,189501964013353;Mojui dos Campos;1504752;Para
2019;45,26635203952639;Mojui dos Campos;1504752;Para
2020;31,414801815153815;Mojui dos Campos;1504752;Para
2021;61,83692085575761;Mojui dos Campos;1504752;Para
2022;80,8327005947257;Mojui dos Campos;1504752;Para
2023;91,0430819840163;Mojui dos Campos;1504752;Para
2024;83,22085072995914;Mojui dos Campos;1504752;Para
2007;3059,7958390731246;Monte Alegre;1504802;Para
2008;30,17588801117028;Monte Alegre;1504802;Para
2009;7,31896489848915;Monte Alegre;1504802;Para
2010;19,9600649919542;Monte Alegre;1504802;Para
2011;10,852669657283888;Monte Alegre;1504802;Para
2012;14,983635714610712;Monte Alegre;1504802;Para
2013;9,670406759981622;Monte Alegre;1504802;Para
2014;15,096992225853004;Monte Alegre;1504802;Para
2015;10,964851262158149;Monte Alegre;1504802;Para
2016;23,489161014772098;Monte Alegre;1504802;Para
2017;31,04807112842243;Monte Alegre;1504802;Para
2018;11,591813050980052;Monte Alegre;1504802;Para
2019;25,767719990870752;Monte Alegre;1504802;Para
2020;32,832006824813384;Monte Alegre;1504802;Para
2021;37,56842702292231;Monte Alegre;1504802;Para
2022;37,280289875881394;Monte Alegre;1504802;Para
2023;16,38367018051568;Monte Alegre;1504802;Para
2024;26,31152210046761;Monte Alegre;1504802;Para
2007;99,85533224197657;Muana;1504901;Para
2008;0;Muana;1504901;Para
2009;0,7536896814896986;Muana;1504901;Para
2010;1,6851618253068184;Muana;1504901;Para
2011;0,1236269111702288;Muana;1504901;Para
2012;0,09245629175022581;Muana;1504901;Para
2013;0;Muana;1504901;Para
2014;0;Muana;1504901;Para
2015;0;Muana;1504901;Para
2016;0;Muana;1504901;Para
2017;0;Muana;1504901;Para
2018;0,2600873709278131;Muana;1504901;Para
2019;0;Muana;1504901;Para
2020;0,09313470324969897;Muana;1504901;Para
2021;0,3040429699835982;Muana;1504901;Para
2022;0,12818186762414835;Muana;1504901;Para
2023;0;Muana;1504901;Para
2024;0,32995401518810086;Muana;1504901;Para
2007;1431,2041541551048;Nova Esperanca do Piria;1504950;Para
2008;16,33579151883293;Nova Esperanca do Piria;1504950;Para
2009;59,57541822535936;Nova Esperanca do Piria;1504950;Para
2010;9,995647691124498;Nova Esperanca do Piria;1504950;Para
2011;33,102990929347115;Nova Esperanca do Piria;1504950;Para
2012;2,5720493161404003;Nova Esperanca do Piria;1504950;Para
2013;6,820178379440331;Nova Esperanca do Piria;1504950;Para
2014;13,55367295367824;Nova Esperanca do Piria;1504950;Para
2015;2,731029140558848;Nova Esperanca do Piria;1504950;Para
2016;7,373500277063904;Nova Esperanca do Piria;1504950;Para
2017;5,503500761135831;Nova Esperanca do Piria;1504950;Para
2018;4,542836099383018;Nova Esperanca do Piria;1504950;Para
2019;4,362332830571441;Nova Esperanca do Piria;1504950;Para
2020;7,7111130333045885;Nova Esperanca do Piria;1504950;Para
2021;2,3856515854815794;Nova Esperanca do Piria;1504950;Para
2022;7,904255331343624;Nova Esperanca do Piria;1504950;Para
2023;4,312444395935193;Nova Esperanca do Piria;1504950;Para
2024;4,320554565503579;Nova Esperanca do Piria;1504950;Para
2007;1105,9011563059616;Nova Ipixuna;1504976;Para
2008;11,216112537521077;Nova Ipixuna;1504976;Para
2009;10,406390419501712;Nova Ipixuna;1504976;Para
2010;7,3261930509878725;Nova Ipixuna;1504976;Para
2011;5,324453572100377;Nova Ipixuna;1504976;Para
2012;2,5772029592977264;Nova Ipixuna;1504976;Para
2013;2,19823581307753;Nova Ipixuna;1504976;Para
2014;2,159274352083862;Nova Ipixuna;1504976;Para
2015;3,667773580798495;Nova Ipixuna;1504976;Para
2016;4,486492876130207;Nova Ipixuna;1504976;Para
2017;3,943685875848562;Nova Ipixuna;1504976;Para
2018;3,002665760461036;Nova Ipixuna;1504976;Para
2019;6,409354374662352;Nova Ipixuna;1504976;Para
2020;6,547956666060469;Nova Ipixuna;1504976;Para
2021;3,705646228049816;Nova Ipixuna;1504976;Para
2022;4,031148618727018;Nova Ipixuna;1504976;Para
2023;2,469116929726946;Nova Ipixuna;1504976;Para
2024;2,2895148173915048;Nova Ipixuna;1504976;Para
2007;376,95645949921214;Nova Timboteua;1505007;Para
2008;2,325814428399439;Nova Timboteua;1505007;Para
2009;0,3453709503576534;Nova Timboteua;1505007;Para
2010;0,16890221145257486;Nova Timboteua;1505007;Para
2011;0,19219397348791784;Nova Timboteua;1505007;Para
2012;0,07936031546243638;Nova Timboteua;1505007;Para
2013;0,4051650081524143;Nova Timboteua;1505007;Para
2014;0;Nova Timboteua;1505007;Para
2015;0,27463118857817903;Nova Timboteua;1505007;Para
2016;0,4685827310623051;Nova Timboteua;1505007;Para
2017;0,6064383186438235;Nova Timboteua;1505007;Para
2018;0,5361400007955123;Nova Timboteua;1505007;Para
2019;0;Nova Timboteua;1505007;Para
2020;0,07136417508710338;Nova Timboteua;1505007;Para
2021;0;Nova Timboteua;1505007;Para
2022;0,02411630451002321;Nova Timboteua;1505007;Para
2023;0,3590816984944766;Nova Timboteua;1505007;Para
2024;0;Nova Timboteua;1505007;Para
2007;4735,088242865097;Novo Progresso;1505031;Para
2008;235,91434897552978;Novo Progresso;1505031;Para
2009;316,7808767692498;Novo Progresso;1505031;Para
2010;50,78237877412973;Novo Progresso;1505031;Para
2011;53,14191308975218;Novo Progresso;1505031;Para
2012;74,00025792925652;Novo Progresso;1505031;Para
2013;164,23406362291553;Novo Progresso;1505031;Para
2014;115,43065776930382;Novo Progresso;1505031;Para
2015;169,63415422825722;Novo Progresso;1505031;Para
2016;140,5793130207587;Novo Progresso;1505031;Para
2017;60,57949200316838;Novo Progresso;1505031;Para
2018;192,20328883011427;Novo Progresso;1505031;Para
2019;201,11859244181758;Novo Progresso;1505031;Para
2020;364,0993826370098;Novo Progresso;1505031;Para
2021;414,17453027087834;Novo Progresso;1505031;Para
2022;261,7820693922216;Novo Progresso;1505031;Para
2023;96,5078380406235;Novo Progresso;1505031;Para
2024;62,56943300493994;Novo Progresso;1505031;Para
2007;6017,375441957993;Novo Repartimento;1505064;Para
2008;482,4494246680737;Novo Repartimento;1505064;Para
2009;285,5417515859984;Novo Repartimento;1505064;Para
2010;222,7274266335347;Novo Repartimento;1505064;Para
2011;181,86110563027106;Novo Repartimento;1505064;Para
2012;120,849015189532;Novo Repartimento;1505064;Para
2013;150,3987667182178;Novo Repartimento;1505064;Para
2014;77,78002223307782;Novo Repartimento;1505064;Para
2015;73,55609056370835;Novo Repartimento;1505064;Para
2016;224,92473492717127;Novo Repartimento;1505064;Para
2017;121,6623506609361;Novo Repartimento;1505064;Para
2018;166,98515402084655;Novo Repartimento;1505064;Para
2019;141,16038731896788;Novo Repartimento;1505064;Para
2020;154,81853870281157;Novo Repartimento;1505064;Para
2021;190,52899181595316;Novo Repartimento;1505064;Para
2022;109,36540855290065;Novo Repartimento;1505064;Para
2023;107,96710328008571;Novo Repartimento;1505064;Para
2024;69,37167917707681;Novo Repartimento;1505064;Para
2007;1700,7181876470095;Obidos;1505106;Para
2008;41,32222451692447;Obidos;1505106;Para
2009;27,678762965643433;Obidos;1505106;Para
2010;44,46252265510456;Obidos;1505106;Para
2011;15,606472571739511;Obidos;1505106;Para
2012;10,01102716188144;Obidos;1505106;Para
2013;15,4920618147583;Obidos;1505106;Para
2014;22,995968169262063;Obidos;1505106;Para
2015;13,213469430453202;Obidos;1505106;Para
2016;10,183546933810812;Obidos;1505106;Para
2017;17,94145647275551;Obidos;1505106;Para
2018;22,35372937512862;Obidos;1505106;Para
2019;34,807740742892065;Obidos;1505106;Para
2020;42,423582420096984;Obidos;1505106;Para
2021;29,56960730130993;Obidos;1505106;Para
2022;31,668325747266728;Obidos;1505106;Para
2023;23,694051804610833;Obidos;1505106;Para
2024;21,87755529538596;Obidos;1505106;Para
2007;695,7034105813644;Oeiras do Para;1505205;Para
2008;4,8942290287641805;Oeiras do Para;1505205;Para
2009;8,073349181548338;Oeiras do Para;1505205;Para
2010;56,79415022044831;Oeiras do Para;1505205;Para
2011;6,474455196452638;Oeiras do Para;1505205;Para
2012;3,2464321193742913;Oeiras do Para;1505205;Para
2013;2,330661227793543;Oeiras do Para;1505205;Para
2014;1,868780153465509;Oeiras do Para;1505205;Para
2015;1,9329505127584325;Oeiras do Para;1505205;Para
2016;3,622243009226483;Oeiras do Para;1505205;Para
2017;7,501540454513018;Oeiras do Para;1505205;Para
2018;1,8860470268393137;Oeiras do Para;1505205;Para
2019;2,6966013845497816;Oeiras do Para;1505205;Para
2020;2,4244808619740907;Oeiras do Para;1505205;Para
2021;10,553436552877612;Oeiras do Para;1505205;Para
2022;3,288140713038122;Oeiras do Para;1505205;Para
2023;2,469565604549182;Oeiras do Para;1505205;Para
2024;6,638775967348494;Oeiras do Para;1505205;Para
2007;1397,9700914915015;Oriximina;1505304;Para
2008;29,227401799507035;Oriximina;1505304;Para
2009;17,991390967330133;Oriximina;1505304;Para
2010;37,53166402668894;Oriximina;1505304;Para
2011;12,291507463079023;Oriximina;1505304;Para
2012;4,530055690664114;Oriximina;1505304;Para
2013;8,588058480643054;Oriximina;1505304;Para
2014;8,667262029116621;Oriximina;1505304;Para
2015;13,48856970105515;Oriximina;1505304;Para
2016;11,694065394127783;Oriximina;1505304;Para
2017;11,547171275219885;Oriximina;1505304;Para
2018;14,61998274553457;Oriximina;1505304;Para
2019;20,613243749503265;Oriximina;1505304;Para
2020;24,50014530670512;Oriximina;1505304;Para
2021;17,146935974675497;Oriximina;1505304;Para
2022;14,37871248515479;Oriximina;1505304;Para
2023;15,430386012826165;Oriximina;1505304;Para
2024;13,793663174988252;Oriximina;1505304;Para
2007;484,58664390077587;Ourem;1505403;Para
2008;6,8566975952621085;Ourem;1505403;Para
2009;1,7905644739598323;Ourem;1505403;Para
2010;0,1641372672375337;Ourem;1505403;Para
2011;1,1963539665998242;Ourem;1505403;Para
2012;0;Ourem;1505403;Para
2013;0,082805703586745;Ourem;1505403;Para
2014;0,09697525824796056;Ourem;1505403;Para
2015;0,3334746290942799;Ourem;1505403;Para
2016;0,6903456579634211;Ourem;1505403;Para
2017;0,597163231514147;Ourem;1505403;Para
2018;0,4102476621354165;Ourem;1505403;Para
2019;0,3032459107870423;Ourem;1505403;Para
2020;0,3335218642924712;Ourem;1505403;Para
2021;0,42357019659618145;Ourem;1505403;Para
2022;0;Ourem;1505403;Para
2023;0,47450541395814455;Ourem;1505403;Para
2024;0;Ourem;1505403;Para
2007;1628,604173411715;Ourilandia do Norte;1505437;Para
2008;20,21261239169159;Ourilandia do Norte;1505437;Para
2009;7,300103811972668;Ourilandia do Norte;1505437;Para
2010;3,0742603914747666;Ourilandia do Norte;1505437;Para
2011;5,5350612532994665;Ourilandia do Norte;1505437;Para
2012;4,61995522270469;Ourilandia do Norte;1505437;Para
2013;4,449728744934207;Ourilandia do Norte;1505437;Para
2014;5,732664360274512;Ourilandia do Norte;1505437;Para
2015;5,417866773345802;Ourilandia do Norte;1505437;Para
2016;7,5503342775298155;Ourilandia do Norte;1505437;Para
2017;13,22782680111597;Ourilandia do Norte;1505437;Para
2018;8,700346524868563;Ourilandia do Norte;1505437;Para
2019;16,40616527084439;Ourilandia do Norte;1505437;Para
2020;17,68559615352679;Ourilandia do Norte;1505437;Para
2021;14,959898811901885;Ourilandia do Norte;1505437;Para
2022;7,862605288902914;Ourilandia do Norte;1505437;Para
2023;8,888896067398214;Ourilandia do Norte;1505437;Para
2024;3,755415285643442;Ourilandia do Norte;1505437;Para
2007;4354,460566772134;Pacaja;1505486;Para
2008;259,11967426793;Pacaja;1505486;Para
2009;100,05619644011391;Pacaja;1505486;Para
2010;274,17883553433893;Pacaja;1505486;Para
2011;196,71951004018038;Pacaja;1505486;Para
2012;33,65683432746204;Pacaja;1505486;Para
2013;29,859141273415474;Pacaja;1505486;Para
2014;78,51198523492583;Pacaja;1505486;Para
2015;165,63665200821495;Pacaja;1505486;Para
2016;140,54250862249916;Pacaja;1505486;Para
2017;179,26223531138942;Pacaja;1505486;Para
2018;130,22179102428538;Pacaja;1505486;Para
2019;311,9508998686552;Pacaja;1505486;Para
2020;247,24549655884803;Pacaja;1505486;Para
2021;258,1882001193285;Pacaja;1505486;Para
2022;222,0808418928446;Pacaja;1505486;Para
2023;186,34949794736116;Pacaja;1505486;Para
2024;84,47119510404094;Pacaja;1505486;Para
2007;789,0901111958938;Palestina do Para;1505494;Para
2008;8,12146996311482;Palestina do Para;1505494;Para
2009;2,9528566760119315;Palestina do Para;1505494;Para
2010;4,519482469124777;Palestina do Para;1505494;Para
2011;1,0191005521221226;Palestina do Para;1505494;Para
2012;1,1423664712101493;Palestina do Para;1505494;Para
2013;1,8452817715524217;Palestina do Para;1505494;Para
2014;1,745365361081511;Palestina do Para;1505494;Para
2015;1,2236530049830359;Palestina do Para;1505494;Para
2016;2,331206569169608;Palestina do Para;1505494;Para
2017;1,322191592543901;Palestina do Para;1505494;Para
2018;0,7725427729981087;Palestina do Para;1505494;Para
2019;1,1555662034927663;Palestina do Para;1505494;Para
2020;1,0541681386675716;Palestina do Para;1505494;Para
2021;1,1275757381611913;Palestina do Para;1505494;Para
2022;0,7436257195215897;Palestina do Para;1505494;Para
2023;0,2569710569653317;Palestina do Para;1505494;Para
2024;0;Palestina do Para;1505494;Para
2007;8340,411703554126;Paragominas;1505502;Para
2008;63,229275468311165;Paragominas;1505502;Para
2009;120,42730149152894;Paragominas;1505502;Para
2010;67,6263737217668;Paragominas;1505502;Para
2011;35,12785024099167;Paragominas;1505502;Para
2012;17,08157402702883;Paragominas;1505502;Para
2013;30,588031868760922;Paragominas;1505502;Para
2014;19,737073790621174;Paragominas;1505502;Para
2015;24,02390636478369;Paragominas;1505502;Para
2016;19,900738604210435;Paragominas;1505502;Para
2017;19,598051155939235;Paragominas;1505502;Para
2018;18,07243122311347;Paragominas;1505502;Para
2019;25,791565655636703;Paragominas;1505502;Para
2020;19,56030961139548;Paragominas;1505502;Para
2021;31,198829312230448;Paragominas;1505502;Para
2022;47,0339779578224;Paragominas;1505502;Para
2023;31,587648815225275;Paragominas;1505502;Para
2024;33,92331464341181;Paragominas;1505502;Para
2007;1263,3248693614723;Parauapebas;1505536;Para
2008;27,95903050237222;Parauapebas;1505536;Para
2009;4,855791583422237;Parauapebas;1505536;Para
2010;4,206646823391979;Parauapebas;1505536;Para
2011;2,342749167448836;Parauapebas;1505536;Para
2012;4,242166549294509;Parauapebas;1505536;Para
2013;4,122189792025867;Parauapebas;1505536;Para
2014;1,4178757712991812;Parauapebas;1505536;Para
2015;1,790703924491208;Parauapebas;1505536;Para
2016;5,895051387497647;Parauapebas;1505536;Para
2017;1,5169572942368286;Parauapebas;1505536;Para
2018;2,630978729636495;Parauapebas;1505536;Para
2019;4,534365464860702;Parauapebas;1505536;Para
2020;4,079815950798478;Parauapebas;1505536;Para
2021;7,2844496166678425;Parauapebas;1505536;Para
2022;4,161525364096047;Parauapebas;1505536;Para
2023;2,931986457753563;Parauapebas;1505536;Para
2024;2,9193569394984853;Parauapebas;1505536;Para
2007;909,7896025659045;Pau D'Arco;1505551;Para
2008;10,784135155502138;Pau D'Arco;1505551;Para
2009;4,630579700192831;Pau D'Arco;1505551;Para
2010;1,074549014169911;Pau D'Arco;1505551;Para
2011;2,4798986611071343;Pau D'Arco;1505551;Para
2012;1,25494748270021;Pau D'Arco;1505551;Para
2013;1,4988611869311457;Pau D'Arco;1505551;Para
2014;0,9975541479488738;Pau D'Arco;1505551;Para
2015;0,607408520812875;Pau D'Arco;1505551;Para
2016;0,5588343082908098;Pau D'Arco;1505551;Para
2017;0,48464714727760083;Pau D'Arco;1505551;Para
2018;0,42739219018392793;Pau D'Arco;1505551;Para
2019;1,4202414933449057;Pau D'Arco;1505551;Para
2020;2,9546525786717024;Pau D'Arco;1505551;Para
2021;3,905181450075455;Pau D'Arco;1505551;Para
2022;1,6239864464061105;Pau D'Arco;1505551;Para
2023;4,737266633607639;Pau D'Arco;1505551;Para
2024;2,312583972487861;Pau D'Arco;1505551;Para
2007;354,54582854078836;Peixe-Boi;1505601;Para
2008;3,8155183707726135;Peixe-Boi;1505601;Para
2009;0,135985949338054;Peixe-Boi;1505601;Para
2010;0,5097735795484402;Peixe-Boi;1505601;Para
2011;0,3899249375074781;Peixe-Boi;1505601;Para
2012;0,3436919601271743;Peixe-Boi;1505601;Para
2013;0,48978533887587583;Peixe-Boi;1505601;Para
2014;0;Peixe-Boi;1505601;Para
2015;1,6205464546351105;Peixe-Boi;1505601;Para
2016;0,5276504162329476;Peixe-Boi;1505601;Para
2017;1,7865632204306965;Peixe-Boi;1505601;Para
2018;0,2655839049921169;Peixe-Boi;1505601;Para
2019;0;Peixe-Boi;1505601;Para
2020;0,2480979206410577;Peixe-Boi;1505601;Para
2021;0,31528442566431897;Peixe-Boi;1505601;Para
2022;0,14349323115779894;Peixe-Boi;1505601;Para
2023;0,29620769540339176;Peixe-Boi;1505601;Para
2024;0;Peixe-Boi;1505601;Para
2007;2836,0234768804366;Picarra;1505635;Para
2008;17,12756510961448;Picarra;1505635;Para
2009;12,110151358317204;Picarra;1505635;Para
2010;11,899928756547768;Picarra;1505635;Para
2011;3,517706325733127;Picarra;1505635;Para
2012;2,3342187238673535;Picarra;1505635;Para
2013;3,548771946856165;Picarra;1505635;Para
2014;5,0725671865022735;Picarra;1505635;Para
2015;3,093125518251965;Picarra;1505635;Para
2016;3,1554405349220342;Picarra;1505635;Para
2017;2,7617386023337915;Picarra;1505635;Para
2018;3,794549328226776;Picarra;1505635;Para
2019;1,992578190271592;Picarra;1505635;Para
2020;1,605847780475626;Picarra;1505635;Para
2021;1,9129321953744332;Picarra;1505635;Para
2022;1,9370414887289835;Picarra;1505635;Para
2023;1,0635374461243186;Picarra;1505635;Para
2024;0,5670889582462767;Picarra;1505635;Para
2007;1555,7283230131777;Placas;1505650;Para
2008;85,71140394030361;Placas;1505650;Para
2009;39,519442605958226;Placas;1505650;Para
2010;56,32447911307549;Placas;1505650;Para
2011;39,95687840866559;Placas;1505650;Para
2012;79,57862357805134;Placas;1505650;Para
2013;24,798523380405168;Placas;1505650;Para
2014;53,360894950860995;Placas;1505650;Para
2015;88,85537533420512;Placas;1505650;Para
2016;67,65046777805203;Placas;1505650;Para
2017;87,90021863520188;Placas;1505650;Para
2018;90,25614600967283;Placas;1505650;Para
2019;104,8089597743869;Placas;1505650;Para
2020;85,8654249784036;Placas;1505650;Para
2021;141,3149573385005;Placas;1505650;Para
2022;141,23908190653773;Placas;1505650;Para
2023;63,581698212588215;Placas;1505650;Para
2024;52,54570957177268;Placas;1505650;Para
2007;72,72869090679674;Ponta de Pedras;1505700;Para
2008;0;Ponta de Pedras;1505700;Para
2009;0,40382939578258115;Ponta de Pedras;1505700;Para
2010;0,08281031081900186;Ponta de Pedras;1505700;Para
2011;0,2189624845503868;Ponta de Pedras;1505700;Para
2012;0;Ponta de Pedras;1505700;Para
2013;0;Ponta de Pedras;1505700;Para
2014;0;Ponta de Pedras;1505700;Para
2015;0;Ponta de Pedras;1505700;Para
2016;0;Ponta de Pedras;1505700;Para
2017;0;Ponta de Pedras;1505700;Para
2018;0;Ponta de Pedras;1505700;Para
2019;0;Ponta de Pedras;1505700;Para
2020;0;Ponta de Pedras;1505700;Para
2021;0;Ponta de Pedras;1505700;Para
2022;0;Ponta de Pedras;1505700;Para
2023;0;Ponta de Pedras;1505700;Para
2024;0;Ponta de Pedras;1505700;Para
2007;1283,182685223763;Portel;1505809;Para
2008;96,67363975634203;Portel;1505809;Para
2009;30,97044985009784;Portel;1505809;Para
2010;56,08929241693574;Portel;1505809;Para
2011;73,01935762408391;Portel;1505809;Para
2012;12,347777346158237;Portel;1505809;Para
2013;16,986480797381493;Portel;1505809;Para
2014;60,67866079845762;Portel;1505809;Para
2015;109,66838987512581;Portel;1505809;Para
2016;178,4405613714735;Portel;1505809;Para
2017;167,57354543391835;Portel;1505809;Para
2018;96,79198562636435;Portel;1505809;Para
2019;254,2378133521647;Portel;1505809;Para
2020;189,98533423805216;Portel;1505809;Para
2021;240,64682748719048;Portel;1505809;Para
2022;315,4522886087471;Portel;1505809;Para
2023;201,15456608539952;Portel;1505809;Para
2024;106,81764938835764;Portel;1505809;Para
2007;899,7342872643771;Porto de Moz;1505908;Para
2008;22,30997758131723;Porto de Moz;1505908;Para
2009;53,86199875126616;Porto de Moz;1505908;Para
2010;31,34790190831808;Porto de Moz;1505908;Para
2011;19,35836306130685;Porto de Moz;1505908;Para
2012;20,530349129180234;Porto de Moz;1505908;Para
2013;16,01087419285186;Porto de Moz;1505908;Para
2014;21,646945840799873;Porto de Moz;1505908;Para
2015;21,692886522504406;Porto de Moz;1505908;Para
2016;20,862812665096836;Porto de Moz;1505908;Para
2017;15,055335158024453;Porto de Moz;1505908;Para
2018;35,91415841569897;Porto de Moz;1505908;Para
2019;41,57536897798768;Porto de Moz;1505908;Para
2020;32,10122960063861;Porto de Moz;1505908;Para
2021;51,24554335302935;Porto de Moz;1505908;Para
2022;41,37717826125387;Porto de Moz;1505908;Para
2023;22,3885871694577;Porto de Moz;1505908;Para
2024;16,22656055628453;Porto de Moz;1505908;Para
2007;1466,5206695576398;Prainha;1506005;Para
2008;71,38274045092848;Prainha;1506005;Para
2009;34,106627928005366;Prainha;1506005;Para
2010;68,65300695319885;Prainha;1506005;Para
2011;18,157004666250305;Prainha;1506005;Para
2012;26,376731734728267;Prainha;1506005;Para
2013;27,556632189613154;Prainha;1506005;Para
2014;37,399083381270536;Prainha;1506005;Para
2015;55,1272226448722;Prainha;1506005;Para
2016;47,02619465525347;Prainha;1506005;Para
2017;67,0483497807736;Prainha;1506005;Para
2018;26,79536141022944;Prainha;1506005;Para
2019;74,94021478347457;Prainha;1506005;Para
2020;54,8833029242198;Prainha;1506005;Para
2021;66,91191872540726;Prainha;1506005;Para
2022;85,16625887428468;Prainha;1506005;Para
2023;56,57767915801418;Prainha;1506005;Para
2024;68,27298925232051;Prainha;1506005;Para
2007;181,9416147921557;Primavera;1506104;Para
2008;0,8680454853486572;Primavera;1506104;Para
2009;0,06751879987911533;Primavera;1506104;Para
2010;0,31939436535507804;Primavera;1506104;Para
2011;0,575614425929144;Primavera;1506104;Para
2012;0,08984437490625517;Primavera;1506104;Para
2013;0,23155303543406625;Primavera;1506104;Para
2014;0,16386592978766995;Primavera;1506104;Para
2015;0,49491521829926416;Primavera;1506104;Para
2016;0,14366744012305355;Primavera;1506104;Para
2017;0;Primavera;1506104;Para
2018;0,13956636061143513;Primavera;1506104;Para
2019;0;Primavera;1506104;Para
2020;0,4491528230419437;Primavera;1506104;Para
2021;0,06427601247102936;Primavera;1506104;Para
2022;0,25114356396237636;Primavera;1506104;Para
2023;0,07012178493653261;Primavera;1506104;Para
2024;0;Primavera;1506104;Para
2007;71,28093809498796;Quatipuru;1506112;Para
2008;1,959991144938265;Quatipuru;1506112;Para
2009;0,36300517093358353;Quatipuru;1506112;Para
2010;0,37649529054679504;Quatipuru;1506112;Para
2011;0;Quatipuru;1506112;Para
2012;0,10344740170711958;Quatipuru;1506112;Para
2013;0;Quatipuru;1506112;Para
2014;0;Quatipuru;1506112;Para
2015;1,2249086287651691;Quatipuru;1506112;Para
2016;0,08556646016762033;Quatipuru;1506112;Para
2017;0,21162904469626503;Quatipuru;1506112;Para
2018;0,20531213546926494;Quatipuru;1506112;Para
2019;0;Quatipuru;1506112;Para
2020;0,07785918263773409;Quatipuru;1506112;Para
2021;0,07080757100495973;Quatipuru;1506112;Para
2022;0;Quatipuru;1506112;Para
2023;0,17198837528161132;Quatipuru;1506112;Para
2024;0;Quatipuru;1506112;Para
2007;2635,2986010498726;Redencao;1506138;Para
2008;8,246956805820918;Redencao;1506138;Para
2009;2,9168703722114544;Redencao;1506138;Para
2010;1,170106282893212;Redencao;1506138;Para
2011;1,0527353027666846;Redencao;1506138;Para
2012;2,3018645746616957;Redencao;1506138;Para
2013;1,3097502789925834;Redencao;1506138;Para
2014;0,38884748402619335;Redencao;1506138;Para
2015;0,19221663103706876;Redencao;1506138;Para
2016;0,6324658948002823;Redencao;1506138;Para
2017;0,33537735494193405;Redencao;1506138;Para
2018;0,30590064836722897;Redencao;1506138;Para
2019;1,262015945990088;Redencao;1506138;Para
2020;0,22101787919104762;Redencao;1506138;Para
2021;0,4067062823222166;Redencao;1506138;Para
2022;0,10602023780189516;Redencao;1506138;Para
2023;0,29806517759266943;Redencao;1506138;Para
2024;0,07223016102254869;Redencao;1506138;Para
2007;3328,134501419383;Rio Maria;1506161;Para
2008;15,34800566475933;Rio Maria;1506161;Para
2009;6,769970595340364;Rio Maria;1506161;Para
2010;3,9784122018904533;Rio Maria;1506161;Para
2011;2,7789280378110393;Rio Maria;1506161;Para
2012;2,2822922581549183;Rio Maria;1506161;Para
2013;8,68586448491723;Rio Maria;1506161;Para
2014;3,9566813714817837;Rio Maria;1506161;Para
2015;4,842593306576463;Rio Maria;1506161;Para
2016;7,336855550657797;Rio Maria;1506161;Para
2017;6,217710310258101;Rio Maria;1506161;Para
2018;7,3163097851169585;Rio Maria;1506161;Para
2019;6,090880288726002;Rio Maria;1506161;Para
2020;11,72146180974621;Rio Maria;1506161;Para
2021;5,840691414558166;Rio Maria;1506161;Para
2022;8,120850666360685;Rio Maria;1506161;Para
2023;8,184832685397147;Rio Maria;1506161;Para
2024;3,441750125511759;Rio Maria;1506161;Para
2007;5246,270507235172;Rondon do Para;1506187;Para
2008;53,4877385174406;Rondon do Para;1506187;Para
2009;30,373159970733703;Rondon do Para;1506187;Para
2010;52,684300931048206;Rondon do Para;1506187;Para
2011;26,361749199588726;Rondon do Para;1506187;Para
2012;13,87110570522687;Rondon do Para;1506187;Para
2013;29,259087935405784;Rondon do Para;1506187;Para
2014;22,418849394605203;Rondon do Para;1506187;Para
2015;18,95327692720785;Rondon do Para;1506187;Para
2016;26,43156143294069;Rondon do Para;1506187;Para
2017;19,246876993055945;Rondon do Para;1506187;Para
2018;24,2224427186275;Rondon do Para;1506187;Para
2019;34,086753667853515;Rondon do Para;1506187;Para
2020;36,28314514513153;Rondon do Para;1506187;Para
2021;34,57978333862743;Rondon do Para;1506187;Para
2022;46,80321661303887;Rondon do Para;1506187;Para
2023;35,92612960963658;Rondon do Para;1506187;Para
2024;42,24856923680715;Rondon do Para;1506187;Para
2007;1656,7290689497697;Ruropolis;1506195;Para
2008;49,28925240863421;Ruropolis;1506195;Para
2009;29,90080441043289;Ruropolis;1506195;Para
2010;32,06162928307224;Ruropolis;1506195;Para
2011;40,982265647213445;Ruropolis;1506195;Para
2012;40,61879050970394;Ruropolis;1506195;Para
2013;18,76072754032897;Ruropolis;1506195;Para
2014;34,86861338158989;Ruropolis;1506195;Para
2015;30,879886694991423;Ruropolis;1506195;Para
2016;27,832353386425257;Ruropolis;1506195;Para
2017;42,861243917849905;Ruropolis;1506195;Para
2018;50,043298281797895;Ruropolis;1506195;Para
2019;108,72106270608688;Ruropolis;1506195;Para
2020;98,565096043545;Ruropolis;1506195;Para
2021;169,47251424392144;Ruropolis;1506195;Para
2022;118,14159487940732;Ruropolis;1506195;Para
2023;39,90735699006809;Ruropolis;1506195;Para
2024;25,289283083681717;Ruropolis;1506195;Para
2007;25,632021394174487;Salinopolis;1506203;Para
2008;0,7827369082515797;Salinopolis;1506203;Para
2009;1,8449499154436186;Salinopolis;1506203;Para
2010;2,139675749374695;Salinopolis;1506203;Para
2011;0,40468827779497607;Salinopolis;1506203;Para
2012;0,28853607675492243;Salinopolis;1506203;Para
2013;1,7157439490815445;Salinopolis;1506203;Para
2014;0;Salinopolis;1506203;Para
2015;1,1692630130933233;Salinopolis;1506203;Para
2016;0,20714435346157872;Salinopolis;1506203;Para
2017;0,09215947466296288;Salinopolis;1506203;Para
2018;0,2748663776839083;Salinopolis;1506203;Para
2019;1,1491872783721355;Salinopolis;1506203;Para
2020;0;Salinopolis;1506203;Para
2021;0,8932505969904935;Salinopolis;1506203;Para
2022;0,34323629208121176;Salinopolis;1506203;Para
2023;0;Salinopolis;1506203;Para
2024;0;Salinopolis;1506203;Para
2007;110,5044562203118;Salvaterra;1506302;Para
2008;0,26248597537502505;Salvaterra;1506302;Para
2009;2,160357560526658;Salvaterra;1506302;Para
2010;4,9995322985357245;Salvaterra;1506302;Para
2011;1,0575428590896516;Salvaterra;1506302;Para
2012;0,43503656996967394;Salvaterra;1506302;Para
2013;0,533472526814908;Salvaterra;1506302;Para
2014;0,5414953161788538;Salvaterra;1506302;Para
2015;0,07321207663586653;Salvaterra;1506302;Para
2016;0,24521799070851277;Salvaterra;1506302;Para
2017;2,437519790895966;Salvaterra;1506302;Para
2018;0,11723713624133175;Salvaterra;1506302;Para
2019;0,26052465417450293;Salvaterra;1506302;Para
2020;0,08101095838416143;Salvaterra;1506302;Para
2021;0,3526223057280532;Salvaterra;1506302;Para
2022;0;Salvaterra;1506302;Para
2023;0,19479228002912632;Salvaterra;1506302;Para
2024;0;Salvaterra;1506302;Para
2007;160,77711630210624;Santa Barbara do Para;1506351;Para
2008;1,3420869540997509;Santa Barbara do Para;1506351;Para
2009;0;Santa Barbara do Para;1506351;Para
2010;0,34186312666231944;Santa Barbara do Para;1506351;Para
2011;0,097899286951062;Santa Barbara do Para;1506351;Para
2012;0;Santa Barbara do Para;1506351;Para
2013;0,236878854203519;Santa Barbara do Para;1506351;Para
2014;0;Santa Barbara do Para;1506351;Para
2015;0,1095721562512988;Santa Barbara do Para;1506351;Para
2016;0,08180710128707139;Santa Barbara do Para;1506351;Para
2017;0,16604877643458044;Santa Barbara do Para;1506351;Para
2018;0,23017928981934663;Santa Barbara do Para;1506351;Para
2019;0,4372810742999046;Santa Barbara do Para;1506351;Para
2020;0,3206325901622885;Santa Barbara do Para;1506351;Para
2021;0,095160572629699;Santa Barbara do Para;1506351;Para
2022;0;Santa Barbara do Para;1506351;Para
2023;0;Santa Barbara do Para;1506351;Para
2024;0,06858738138471504;Santa Barbara do Para;1506351;Para
2007;0;Santa Cruz do Arari;1506401;Para
2008;0;Santa Cruz do Arari;1506401;Para
2009;0;Santa Cruz do Arari;1506401;Para
2010;0;Santa Cruz do Arari;1506401;Para
2011;0;Santa Cruz do Arari;1506401;Para
2012;0;Santa Cruz do Arari;1506401;Para
2013;0;Santa Cruz do Arari;1506401;Para
2014;0;Santa Cruz do Arari;1506401;Para
2015;0;Santa Cruz do Arari;1506401;Para
2016;0;Santa Cruz do Arari;1506401;Para
2017;0;Santa Cruz do Arari;1506401;Para
2018;0;Santa Cruz do Arari;1506401;Para
2019;0;Santa Cruz do Arari;1506401;Para
2020;0;Santa Cruz do Arari;1506401;Para
2021;0;Santa Cruz do Arari;1506401;Para
2022;0;Santa Cruz do Arari;1506401;Para
2023;0;Santa Cruz do Arari;1506401;Para
2024;0;Santa Cruz do Arari;1506401;Para
2007;540,868892863453;Santa Izabel do Para;1506500;Para
2008;1,3264112487352384;Santa Izabel do Para;1506500;Para
2009;0,13619237631546188;Santa Izabel do Para;1506500;Para
2010;0,2181123343772218;Santa Izabel do Para;1506500;Para
2011;0,3640006135534308;Santa Izabel do Para;1506500;Para
2012;0,06761597230116256;Santa Izabel do Para;1506500;Para
2013;0,9795284915219014;Santa Izabel do Para;1506500;Para
2014;0,14959265412053047;Santa Izabel do Para;1506500;Para
2015;0,46694742034563874;Santa Izabel do Para;1506500;Para
2016;0,8343911723787195;Santa Izabel do Para;1506500;Para
2017;1,7048984027262581;Santa Izabel do Para;1506500;Para
2018;0,4590926407482985;Santa Izabel do Para;1506500;Para
2019;0;Santa Izabel do Para;1506500;Para
2020;0,3511561423893383;Santa Izabel do Para;1506500;Para
2021;0,49678163435323736;Santa Izabel do Para;1506500;Para
2022;0,2263458588616969;Santa Izabel do Para;1506500;Para
2023;0;Santa Izabel do Para;1506500;Para
2024;0,44945047477906697;Santa Izabel do Para;1506500;Para
2007;1215,5136732308044;Santa Luzia do Para;1506559;Para
2008;5,603333493261976;Santa Luzia do Para;1506559;Para
2009;8,812359294974552;Santa Luzia do Para;1506559;Para
2010;1,0019280336077052;Santa Luzia do Para;1506559;Para
2011;0,3399046740325922;Santa Luzia do Para;1506559;Para
2012;0;Santa Luzia do Para;1506559;Para
2013;0;Santa Luzia do Para;1506559;Para
2014;0,7469982227839187;Santa Luzia do Para;1506559;Para
2015;0;Santa Luzia do Para;1506559;Para
2016;0;Santa Luzia do Para;1506559;Para
2017;0,35007211900598834;Santa Luzia do Para;1506559;Para
2018;0,1823872208661133;Santa Luzia do Para;1506559;Para
2019;0,19643846046505709;Santa Luzia do Para;1506559;Para
2020;0,552168399106667;Santa Luzia do Para;1506559;Para
2021;0;Santa Luzia do Para;1506559;Para
2022;0,00439848220229081;Santa Luzia do Para;1506559;Para
2023;1,0179433468019594;Santa Luzia do Para;1506559;Para
2024;0;Santa Luzia do Para;1506559;Para
2007;5608,288470107571;Santa Maria das Barreiras;1506583;Para
2008;104,46694378967273;Santa Maria das Barreiras;1506583;Para
2009;24,33811882281605;Santa Maria das Barreiras;1506583;Para
2010;46,723827000017394;Santa Maria das Barreiras;1506583;Para
2011;32,93504410897011;Santa Maria das Barreiras;1506583;Para
2012;19,232279439790695;Santa Maria das Barreiras;1506583;Para
2013;20,85471605262686;Santa Maria das Barreiras;1506583;Para
2014;19,67240138485545;Santa Maria das Barreiras;1506583;Para
2015;13,148589275358665;Santa Maria das Barreiras;1506583;Para
2016;18,50374889096921;Santa Maria das Barreiras;1506583;Para
2017;16,736821034171328;Santa Maria das Barreiras;1506583;Para
2018;16,95363802477512;Santa Maria das Barreiras;1506583;Para
2019;28,5962752943015;Santa Maria das Barreiras;1506583;Para
2020;32,712661207805;Santa Maria das Barreiras;1506583;Para
2021;12,35437048722227;Santa Maria das Barreiras;1506583;Para
2022;16,32514282443749;Santa Maria das Barreiras;1506583;Para
2023;13,783609223447268;Santa Maria das Barreiras;1506583;Para
2024;15,204221848813084;Santa Maria das Barreiras;1506583;Para
2007;413,4906464720403;Santa Maria do Para;1506609;Para
2008;0,9497079336154524;Santa Maria do Para;1506609;Para
2009;0,2118603500216033;Santa Maria do Para;1506609;Para
2010;0,27770588185143313;Santa Maria do Para;1506609;Para
2011;0;Santa Maria do Para;1506609;Para
2012;0,21257420884664546;Santa Maria do Para;1506609;Para
2013;0,9401026325033011;Santa Maria do Para;1506609;Para
2014;0,08993333278277896;Santa Maria do Para;1506609;Para
2015;0,09148811896855365;Santa Maria do Para;1506609;Para
2016;0,25046138322231276;Santa Maria do Para;1506609;Para
2017;0,07744840996547678;Santa Maria do Para;1506609;Para
2018;0,13688945848233802;Santa Maria do Para;1506609;Para
2019;0;Santa Maria do Para;1506609;Para
2020;0,10002328858446943;Santa Maria do Para;1506609;Para
2021;0;Santa Maria do Para;1506609;Para
2022;0;Santa Maria do Para;1506609;Para
2023;0,23213117909416975;Santa Maria do Para;1506609;Para
2024;0;Santa Maria do Para;1506609;Para
2007;6808,301061001134;Santana do Araguaia;1506708;Para
2008;186,61815012177527;Santana do Araguaia;1506708;Para
2009;26,545598840323496;Santana do Araguaia;1506708;Para
2010;39,31243705783258;Santana do Araguaia;1506708;Para
2011;33,12180008455876;Santana do Araguaia;1506708;Para
2012;22,952894922068854;Santana do Araguaia;1506708;Para
2013;39,026106800119365;Santana do Araguaia;1506708;Para
2014;23,749892391676394;Santana do Araguaia;1506708;Para
2015;16,563100249536514;Santana do Araguaia;1506708;Para
2016;19,908536611044838;Santana do Araguaia;1506708;Para
2017;14,032255854067207;Santana do Araguaia;1506708;Para
2018;12,247513933074082;Santana do Araguaia;1506708;Para
2019;23,16728246725679;Santana do Araguaia;1506708;Para
2020;51,62262353612431;Santana do Araguaia;1506708;Para
2021;26,27137576194472;Santana do Araguaia;1506708;Para
2022;17,230009400085823;Santana do Araguaia;1506708;Para
2023;7,939516856286586;Santana do Araguaia;1506708;Para
2024;9,663005918636548;Santana do Araguaia;1506708;Para
2007;2923,256389472015;Santarem;1506807;Para
2008;30,858211875576544;Santarem;1506807;Para
2009;18,112102387723027;Santarem;1506807;Para
2010;19,03285122138344;Santarem;1506807;Para
2011;10,94836535299191;Santarem;1506807;Para
2012;7,039647574956291;Santarem;1506807;Para
2013;6,054416384563138;Santarem;1506807;Para
2014;11,206558786027236;Santarem;1506807;Para
2015;22,174782498010433;Santarem;1506807;Para
2016;6,866805573014171;Santarem;1506807;Para
2017;20,67869355671586;Santarem;1506807;Para
2018;12,874095480597777;Santarem;1506807;Para
2019;19,428198887054535;Santarem;1506807;Para
2020;15,555964449816427;Santarem;1506807;Para
2021;17,717577970069808;Santarem;1506807;Para
2022;54,463811831873706;Santarem;1506807;Para
2023;50,46472813300171;Santarem;1506807;Para
2024;57,16599691705387;Santarem;1506807;Para
2007;146,94735422949506;Santarem Novo;1506906;Para
2008;3,0702960717215237;Santarem Novo;1506906;Para
2009;0,20914865166781604;Santarem Novo;1506906;Para
2010;0,23444913009073795;Santarem Novo;1506906;Para
2011;0,1779588361073694;Santarem Novo;1506906;Para
2012;0;Santarem Novo;1506906;Para
2013;0,08015301298571852;Santarem Novo;1506906;Para
2014;0,0819336223971699;Santarem Novo;1506906;Para
2015;0;Santarem Novo;1506906;Para
2016;0,14380643482173575;Santarem Novo;1506906;Para
2017;0,2793546834282973;Santarem Novo;1506906;Para
2018;0,21175834896305684;Santarem Novo;1506906;Para
2019;0,2290004417087348;Santarem Novo;1506906;Para
2020;0,06578508170046266;Santarem Novo;1506906;Para
2021;0,08774807494755986;Santarem Novo;1506906;Para
2022;0,1424166586873943;Santarem Novo;1506906;Para
2023;0,13461977090344757;Santarem Novo;1506906;Para
2024;0;Santarem Novo;1506906;Para
2007;325,52866852375354;Santo Antonio do Taua;1507003;Para
2008;1,9733013301524025;Santo Antonio do Taua;1507003;Para
2009;0,11299361887117373;Santo Antonio do Taua;1507003;Para
2010;0,10199165872393337;Santo Antonio do Taua;1507003;Para
2011;0,31442551772496824;Santo Antonio do Taua;1507003;Para
2012;0;Santo Antonio do Taua;1507003;Para
2013;0,4597095688128553;Santo Antonio do Taua;1507003;Para
2014;0,0783676013275739;Santo Antonio do Taua;1507003;Para
2015;0,22263593241224;Santo Antonio do Taua;1507003;Para
2016;0;Santo Antonio do Taua;1507003;Para
2017;0,24700515858072022;Santo Antonio do Taua;1507003;Para
2018;0;Santo Antonio do Taua;1507003;Para
2019;0;Santo Antonio do Taua;1507003;Para
2020;0,3866768993670818;Santo Antonio do Taua;1507003;Para
2021;0,47057987876596896;Santo Antonio do Taua;1507003;Para
2022;0;Santo Antonio do Taua;1507003;Para
2023;0,12066113495726899;Santo Antonio do Taua;1507003;Para
2024;0,15578021644994983;Santo Antonio do Taua;1507003;Para
2007;228,86030703752095;Sao Caetano de Odivelas;1507102;Para
2008;3,6665300319522873;Sao Caetano de Odivelas;1507102;Para
2009;0,3373228881926329;Sao Caetano de Odivelas;1507102;Para
2010;0,37942287861429447;Sao Caetano de Odivelas;1507102;Para
2011;0,39624863426954454;Sao Caetano de Odivelas;1507102;Para
2012;0;Sao Caetano de Odivelas;1507102;Para
2013;0,4791343813638721;Sao Caetano de Odivelas;1507102;Para
2014;0;Sao Caetano de Odivelas;1507102;Para
2015;0,2300951383988831;Sao Caetano de Odivelas;1507102;Para
2016;1,3144650072403419;Sao Caetano de Odivelas;1507102;Para
2017;0,32572974036647184;Sao Caetano de Odivelas;1507102;Para
2018;0,3329254182013498;Sao Caetano de Odivelas;1507102;Para
2019;0,1847633133602194;Sao Caetano de Odivelas;1507102;Para
2020;0,9001228548882512;Sao Caetano de Odivelas;1507102;Para
2021;0,3782680685359488;Sao Caetano de Odivelas;1507102;Para
2022;0,17581738966003566;Sao Caetano de Odivelas;1507102;Para
2023;0,7718601543235802;Sao Caetano de Odivelas;1507102;Para
2024;0;Sao Caetano de Odivelas;1507102;Para
2007;1261,8166797572994;Sao Domingos do Araguaia;1507151;Para
2008;9,658587492271135;Sao Domingos do Araguaia;1507151;Para
2009;9,902168522807006;Sao Domingos do Araguaia;1507151;Para
2010;5,439150879225771;Sao Domingos do Araguaia;1507151;Para
2011;1,930393375205749;Sao Domingos do Araguaia;1507151;Para
2012;0,8689167310812014;Sao Domingos do Araguaia;1507151;Para
2013;2,3535361608754077;Sao Domingos do Araguaia;1507151;Para
2014;2,4468228226179547;Sao Domingos do Araguaia;1507151;Para
2015;0,8873120286421767;Sao Domingos do Araguaia;1507151;Para
2016;2,5789303954612373;Sao Domingos do Araguaia;1507151;Para
2017;1,5546197367754213;Sao Domingos do Araguaia;1507151;Para
2018;1,0169210471185115;Sao Domingos do Araguaia;1507151;Para
2019;1,4821481954483178;Sao Domingos do Araguaia;1507151;Para
2020;1,5697667775672803;Sao Domingos do Araguaia;1507151;Para
2021;1,5049898003486033;Sao Domingos do Araguaia;1507151;Para
2022;1,423660361973805;Sao Domingos do Araguaia;1507151;Para
2023;1,3548008309006323;Sao Domingos do Araguaia;1507151;Para
2024;0,6314396385052691;Sao Domingos do Araguaia;1507151;Para
2007;1319,8088701546453;Sao Domingos do Capim;1507201;Para
2008;11,960280047957163;Sao Domingos do Capim;1507201;Para
2009;1,51504069440665;Sao Domingos do Capim;1507201;Para
2010;1,0707654166956226;Sao Domingos do Capim;1507201;Para
2011;3,0017849915109083;Sao Domingos do Capim;1507201;Para
2012;0,8767612601938993;Sao Domingos do Capim;1507201;Para
2013;1,9622965571305442;Sao Domingos do Capim;1507201;Para
2014;0,9391767061482885;Sao Domingos do Capim;1507201;Para
2015;1,7749113589839547;Sao Domingos do Capim;1507201;Para
2016;2,707215725705299;Sao Domingos do Capim;1507201;Para
2017;11,43519545480981;Sao Domingos do Capim;1507201;Para
2018;0,9119603961360057;Sao Domingos do Capim;1507201;Para
2019;0,46949396209201544;Sao Domingos do Capim;1507201;Para
2020;2,139077068148325;Sao Domingos do Capim;1507201;Para
2021;1,1899957282625426;Sao Domingos do Capim;1507201;Para
2022;0,8270798519998384;Sao Domingos do Capim;1507201;Para
2023;1,7990764001348778;Sao Domingos do Capim;1507201;Para
2024;1,156657929983758;Sao Domingos do Capim;1507201;Para
2007;15483,574951884486;Sao Felix do Xingu;1507300;Para
2008;758,8403653973004;Sao Felix do Xingu;1507300;Para
2009;439,6990590975837;Sao Felix do Xingu;1507300;Para
2010;349,57484551257045;Sao Felix do Xingu;1507300;Para
2011;139,39102280182254;Sao Felix do Xingu;1507300;Para
2012;167,67119784066287;Sao Felix do Xingu;1507300;Para
2013;221,32101377343548;Sao Felix do Xingu;1507300;Para
2014;152,78888101307788;Sao Felix do Xingu;1507300;Para
2015;199,4021752724151;Sao Felix do Xingu;1507300;Para
2016;314,9485978505738;Sao Felix do Xingu;1507300;Para
2017;236,65140731050155;Sao Felix do Xingu;1507300;Para
2018;277,13641549198417;Sao Felix do Xingu;1507300;Para
2019;544,941382773293;Sao Felix do Xingu;1507300;Para
2020;608,8431833448917;Sao Felix do Xingu;1507300;Para
2021;576,9612510600888;Sao Felix do Xingu;1507300;Para
2022;534,5203349175252;Sao Felix do Xingu;1507300;Para
2023;314,1950101911673;Sao Felix do Xingu;1507300;Para
2024;100,33326154152036;Sao Felix do Xingu;1507300;Para
2007;412,35000096623105;Sao Francisco do Para;1507409;Para
2008;2,6248621607772984;Sao Francisco do Para;1507409;Para
2009;0,10055739680649883;Sao Francisco do Para;1507409;Para
2010;0,8398293613667512;Sao Francisco do Para;1507409;Para
2011;0,16746289152678387;Sao Francisco do Para;1507409;Para
2012;0,2448627552669878;Sao Francisco do Para;1507409;Para
2013;0,45860658614759897;Sao Francisco do Para;1507409;Para
2014;0,08370338109285602;Sao Francisco do Para;1507409;Para
2015;0,0775658587652458;Sao Francisco do Para;1507409;Para
2016;0,3109862126888118;Sao Francisco do Para;1507409;Para
2017;0,24237531562356682;Sao Francisco do Para;1507409;Para
2018;0,06909410150737683;Sao Francisco do Para;1507409;Para
2019;0;Sao Francisco do Para;1507409;Para
2020;0,20891199580870867;Sao Francisco do Para;1507409;Para
2021;0,2358044070157621;Sao Francisco do Para;1507409;Para
2022;0,22346806776779032;Sao Francisco do Para;1507409;Para
2023;0,12447770466807885;Sao Francisco do Para;1507409;Para
2024;0;Sao Francisco do Para;1507409;Para
2007;2469,4390609566376;Sao Geraldo do Araguaia;1507458;Para
2008;7,755555883841812;Sao Geraldo do Araguaia;1507458;Para
2009;3,4820935966798396;Sao Geraldo do Araguaia;1507458;Para
2010;3,536093668577307;Sao Geraldo do Araguaia;1507458;Para
2011;0,9547163212418144;Sao Geraldo do Araguaia;1507458;Para
2012;0,38034857253310134;Sao Geraldo do Araguaia;1507458;Para
2013;2,190869293915046;Sao Geraldo do Araguaia;1507458;Para
2014;1,4736437672802745;Sao Geraldo do Araguaia;1507458;Para
2015;0,6696962264396167;Sao Geraldo do Araguaia;1507458;Para
2016;3,061244931465928;Sao Geraldo do Araguaia;1507458;Para
2017;1,8920583578679844;Sao Geraldo do Araguaia;1507458;Para
2018;0,9904722242129063;Sao Geraldo do Araguaia;1507458;Para
2019;1,4808200871452013;Sao Geraldo do Araguaia;1507458;Para
2020;1,2606346238705546;Sao Geraldo do Araguaia;1507458;Para
2021;1,4740304222070955;Sao Geraldo do Araguaia;1507458;Para
2022;0,5520944513131788;Sao Geraldo do Araguaia;1507458;Para
2023;0,35527566760222273;Sao Geraldo do Araguaia;1507458;Para
2024;0;Sao Geraldo do Araguaia;1507458;Para
2007;100,01383783005694;Sao Joao da Ponta;1507466;Para
2008;3,7603795773109647;Sao Joao da Ponta;1507466;Para
2009;0,30190150293335566;Sao Joao da Ponta;1507466;Para
2010;2,3105929027540175;Sao Joao da Ponta;1507466;Para
2011;0,7264109597122559;Sao Joao da Ponta;1507466;Para
2012;0,07209767960396238;Sao Joao da Ponta;1507466;Para
2013;0,665064930478035;Sao Joao da Ponta;1507466;Para
2014;0,12735698224555964;Sao Joao da Ponta;1507466;Para
2015;0,580251794753028;Sao Joao da Ponta;1507466;Para
2016;0,3721113628687976;Sao Joao da Ponta;1507466;Para
2017;0,7872305188144966;Sao Joao da Ponta;1507466;Para
2018;0,6216733557046369;Sao Joao da Ponta;1507466;Para
2019;0,4508138685166637;Sao Joao da Ponta;1507466;Para
2020;0,6517322250238979;Sao Joao da Ponta;1507466;Para
2021;0,3959156823558511;Sao Joao da Ponta;1507466;Para
2022;0,40076342013385513;Sao Joao da Ponta;1507466;Para
2023;0,3077862205578391;Sao Joao da Ponta;1507466;Para
2024;0;Sao Joao da Ponta;1507466;Para
2007;190,93781547470405;Sao Joao de Pirabas;1507474;Para
2008;4,54622867947713;Sao Joao de Pirabas;1507474;Para
2009;1,9565956075898545;Sao Joao de Pirabas;1507474;Para
2010;1,3407917137280247;Sao Joao de Pirabas;1507474;Para
2011;1,131838849428851;Sao Joao de Pirabas;1507474;Para
2012;1,0038203056768762;Sao Joao de Pirabas;1507474;Para
2013;1,2575540565576102;Sao Joao de Pirabas;1507474;Para
2014;1,804558556980674;Sao Joao de Pirabas;1507474;Para
2015;3,234148072131761;Sao Joao de Pirabas;1507474;Para
2016;1,0765988851467538;Sao Joao de Pirabas;1507474;Para
2017;0,6939397989815675;Sao Joao de Pirabas;1507474;Para
2018;0,8938914302588103;Sao Joao de Pirabas;1507474;Para
2019;1,9360334976977018;Sao Joao de Pirabas;1507474;Para
2020;0,5664350739961087;Sao Joao de Pirabas;1507474;Para
2021;1,9160691341971292;Sao Joao de Pirabas;1507474;Para
2022;0,9567867174888434;Sao Joao de Pirabas;1507474;Para
2023;0,7876236753109053;Sao Joao de Pirabas;1507474;Para
2024;0;Sao Joao de Pirabas;1507474;Para
2007;851,150206404956;Sao Joao do Araguaia;1507508;Para
2008;34,661897982257074;Sao Joao do Araguaia;1507508;Para
2009;15,374950170605857;Sao Joao do Araguaia;1507508;Para
2010;4,85774843226623;Sao Joao do Araguaia;1507508;Para
2011;3,073816946329751;Sao Joao do Araguaia;1507508;Para
2012;2,079207284335961;Sao Joao do Araguaia;1507508;Para
2013;3,3733058253423525;Sao Joao do Araguaia;1507508;Para
2014;4,519668631864189;Sao Joao do Araguaia;1507508;Para
2015;4,933437261142252;Sao Joao do Araguaia;1507508;Para
2016;6,6039451393895;Sao Joao do Araguaia;1507508;Para
2017;4,822365400696795;Sao Joao do Araguaia;1507508;Para
2018;3,9498182075860915;Sao Joao do Araguaia;1507508;Para
2019;5,266375215675678;Sao Joao do Araguaia;1507508;Para
2020;4,772330874687256;Sao Joao do Araguaia;1507508;Para
2021;5,3752458239891645;Sao Joao do Araguaia;1507508;Para
2022;4,806150795894546;Sao Joao do Araguaia;1507508;Para
2023;3,260143204080946;Sao Joao do Araguaia;1507508;Para
2024;2,1579183793972128;Sao Joao do Araguaia;1507508;Para
2007;864,4604308391117;Sao Miguel do Guama;1507607;Para
2008;7,789224986691893;Sao Miguel do Guama;1507607;Para
2009;0,6555595866105862;Sao Miguel do Guama;1507607;Para
2010;0,08081313476501754;Sao Miguel do Guama;1507607;Para
2011;1,344461837302748;Sao Miguel do Guama;1507607;Para
2012;1,2442870016206578;Sao Miguel do Guama;1507607;Para
2013;0,818479944189584;Sao Miguel do Guama;1507607;Para
2014;0,2154795772943773;Sao Miguel do Guama;1507607;Para
2015;1,5251034488845683;Sao Miguel do Guama;1507607;Para
2016;1,2097686965246561;Sao Miguel do Guama;1507607;Para
2017;1,6746946616845984;Sao Miguel do Guama;1507607;Para
2018;0,6651878358830474;Sao Miguel do Guama;1507607;Para
2019;0,21045293316950603;Sao Miguel do Guama;1507607;Para
2020;0,6570978103069047;Sao Miguel do Guama;1507607;Para
2021;0,8411977650932154;Sao Miguel do Guama;1507607;Para
2022;0,39301869720320043;Sao Miguel do Guama;1507607;Para
2023;0,10020036693010514;Sao Miguel do Guama;1507607;Para
2024;0;Sao Miguel do Guama;1507607;Para
2007;124,11726371108637;Sao Sebastiao da Boa Vista;1507706;Para
2008;0;Sao Sebastiao da Boa Vista;1507706;Para
2009;0,4644177239186772;Sao Sebastiao da Boa Vista;1507706;Para
2010;2,099645348655553;Sao Sebastiao da Boa Vista;1507706;Para
2011;0;Sao Sebastiao da Boa Vista;1507706;Para
2012;0,07878948147312928;Sao Sebastiao da Boa Vista;1507706;Para
2013;0,25821203268587334;Sao Sebastiao da Boa Vista;1507706;Para
2014;0;Sao Sebastiao da Boa Vista;1507706;Para
2015;0;Sao Sebastiao da Boa Vista;1507706;Para
2016;0,1360072602666911;Sao Sebastiao da Boa Vista;1507706;Para
2017;0,06995236424740128;Sao Sebastiao da Boa Vista;1507706;Para
2018;0;Sao Sebastiao da Boa Vista;1507706;Para
2019;0,09139526830576473;Sao Sebastiao da Boa Vista;1507706;Para
2020;0,41297977153830234;Sao Sebastiao da Boa Vista;1507706;Para
2021;0,2728362401283159;Sao Sebastiao da Boa Vista;1507706;Para
2022;0;Sao Sebastiao da Boa Vista;1507706;Para
2023;0;Sao Sebastiao da Boa Vista;1507706;Para
2024;0,07609061531503265;Sao Sebastiao da Boa Vista;1507706;Para
2007;1148,2255901450228;Sapucaia;1507755;Para
2008;0,3997501629527386;Sapucaia;1507755;Para
2009;0;Sapucaia;1507755;Para
2010;0,1012988512023118;Sapucaia;1507755;Para
2011;0;Sapucaia;1507755;Para
2012;0;Sapucaia;1507755;Para
2013;0;Sapucaia;1507755;Para
2014;0;Sapucaia;1507755;Para
2015;0,8600720657035901;Sapucaia;1507755;Para
2016;1,0284950483354147;Sapucaia;1507755;Para
2017;3,838960067323492;Sapucaia;1507755;Para
2018;2,1949075010646646;Sapucaia;1507755;Para
2019;4,4097022753344;Sapucaia;1507755;Para
2020;3,7817664276340057;Sapucaia;1507755;Para
2021;1,4896944308382458;Sapucaia;1507755;Para
2022;1,8330979866151276;Sapucaia;1507755;Para
2023;0,4416968738771272;Sapucaia;1507755;Para
2024;0,43029321333758735;Sapucaia;1507755;Para
2007;639,0531405164594;Senador Jose Porfirio;1507805;Para
2008;14,797197059158169;Senador Jose Porfirio;1507805;Para
2009;3,6666602184622303;Senador Jose Porfirio;1507805;Para
2010;28,305200518351427;Senador Jose Porfirio;1507805;Para
2011;100,47342164354818;Senador Jose Porfirio;1507805;Para
2012;19,162113592447582;Senador Jose Porfirio;1507805;Para
2013;14,547574695218524;Senador Jose Porfirio;1507805;Para
2014;28,236632943385683;Senador Jose Porfirio;1507805;Para
2015;58,620445500214956;Senador Jose Porfirio;1507805;Para
2016;68,16683390500577;Senador Jose Porfirio;1507805;Para
2017;98,74814598132949;Senador Jose Porfirio;1507805;Para
2018;49,45861094009923;Senador Jose Porfirio;1507805;Para
2019;328,1588331231484;Senador Jose Porfirio;1507805;Para
2020;147,60639955418645;Senador Jose Porfirio;1507805;Para
2021;112,29435966221644;Senador Jose Porfirio;1507805;Para
2022;122,01299004696119;Senador Jose Porfirio;1507805;Para
2023;72,66001213080338;Senador Jose Porfirio;1507805;Para
2024;46,49203309969739;Senador Jose Porfirio;1507805;Para
2007;33,021417151716086;Soure;1507904;Para
2008;0;Soure;1507904;Para
2009;0,21014668898116035;Soure;1507904;Para
2010;0,8068833915385097;Soure;1507904;Para
2011;0;Soure;1507904;Para
2012;0;Soure;1507904;Para
2013;0;Soure;1507904;Para
2014;0;Soure;1507904;Para
2015;0,3142393510349543;Soure;1507904;Para
2016;0;Soure;1507904;Para
2017;0,5286501693084261;Soure;1507904;Para
2018;0,09135261908560437;Soure;1507904;Para
2019;0;Soure;1507904;Para
2020;0;Soure;1507904;Para
2021;0;Soure;1507904;Para
2022;0;Soure;1507904;Para
2023;0;Soure;1507904;Para
2024;0;Soure;1507904;Para
2007;2012,0129446265819;Tailandia;1507953;Para
2008;71,89482601101646;Tailandia;1507953;Para
2009;16,1901754653516;Tailandia;1507953;Para
2010;48,57769835450066;Tailandia;1507953;Para
2011;19,035434008102534;Tailandia;1507953;Para
2012;8,983965726391235;Tailandia;1507953;Para
2013;33,273152253683584;Tailandia;1507953;Para
2014;9,889577149976498;Tailandia;1507953;Para
2015;6,7028531729030085;Tailandia;1507953;Para
2016;13,706467067812644;Tailandia;1507953;Para
2017;13,772546032741374;Tailandia;1507953;Para
2018;13,625316207091917;Tailandia;1507953;Para
2019;19,96679563222914;Tailandia;1507953;Para
2020;37,48152602548833;Tailandia;1507953;Para
2021;39,4496731890063;Tailandia;1507953;Para
2022;24,67817681997203;Tailandia;1507953;Para
2023;35,63032401343199;Tailandia;1507953;Para
2024;65,12649310998883;Tailandia;1507953;Para
2007;167,0214533622773;Terra Alta;1507961;Para
2008;1,305048057137618;Terra Alta;1507961;Para
2009;0,09975479383865424;Terra Alta;1507961;Para
2010;0,40506612991394486;Terra Alta;1507961;Para
2011;0,15839933732336292;Terra Alta;1507961;Para
2012;0,4229402602755204;Terra Alta;1507961;Para
2013;0,14804417089096386;Terra Alta;1507961;Para
2014;0,19236082654470643;Terra Alta;1507961;Para
2015;0;Terra Alta;1507961;Para
2016;0,3350148521119383;Terra Alta;1507961;Para
2017;0;Terra Alta;1507961;Para
2018;0,31946064610219005;Terra Alta;1507961;Para
2019;0,17324822218519237;Terra Alta;1507961;Para
2020;0,20962494062604214;Terra Alta;1507961;Para
2021;0,13077933262682168;Terra Alta;1507961;Para
2022;0,09979969419134699;Terra Alta;1507961;Para
2023;0,2647169455158124;Terra Alta;1507961;Para
2024;0;Terra Alta;1507961;Para
2007;326,2651152730447;Terra Santa;1507979;Para
2008;5,643963088065494;Terra Santa;1507979;Para
2009;4,057797499849465;Terra Santa;1507979;Para
2010;4,242913923723591;Terra Santa;1507979;Para
2011;1,3944545091022909;Terra Santa;1507979;Para
2012;0,6448021720074442;Terra Santa;1507979;Para
2013;2,982561649496164;Terra Santa;1507979;Para
2014;3,8960494937101386;Terra Santa;1507979;Para
2015;4,551526868095413;Terra Santa;1507979;Para
2016;3,0414077436435676;Terra Santa;1507979;Para
2017;2,208719365312949;Terra Santa;1507979;Para
2018;1,4007140951082584;Terra Santa;1507979;Para
2019;4,561228768067836;Terra Santa;1507979;Para
2020;2,786888798923585;Terra Santa;1507979;Para
2021;3,8933417262238796;Terra Santa;1507979;Para
2022;4,930948184146664;Terra Santa;1507979;Para
2023;5,573530432738585;Terra Santa;1507979;Para
2024;4,5200623044660375;Terra Santa;1507979;Para
2007;2845,1922584401887;Tome-Acu;1508001;Para
2008;36,04450309218238;Tome-Acu;1508001;Para
2009;13,781210796546459;Tome-Acu;1508001;Para
2010;35,883169512938636;Tome-Acu;1508001;Para
2011;6,25081904211035;Tome-Acu;1508001;Para
2012;1,0051136060498203;Tome-Acu;1508001;Para
2013;13,589660222985977;Tome-Acu;1508001;Para
2014;7,6540758147151;Tome-Acu;1508001;Para
2015;4,93159177781498;Tome-Acu;1508001;Para
2016;7,279505524836986;Tome-Acu;1508001;Para
2017;11,49174461026047;Tome-Acu;1508001;Para
2018;16,480499646768887;Tome-Acu;1508001;Para
2019;13,51624482010328;Tome-Acu;1508001;Para
2020;15,954683274807733;Tome-Acu;1508001;Para
2021;22,904509418794422;Tome-Acu;1508001;Para
2022;22,492798477196274;Tome-Acu;1508001;Para
2023;14,902960152776075;Tome-Acu;1508001;Para
2024;23,956959266130468;Tome-Acu;1508001;Para
2007;459,9575260744708;Tracuateua;1508035;Para
2008;1,9477192701293424;Tracuateua;1508035;Para
2009;4,234835178249675;Tracuateua;1508035;Para
2010;0,06301364954890125;Tracuateua;1508035;Para
2011;0,26176753775876466;Tracuateua;1508035;Para
2012;0;Tracuateua;1508035;Para
2013;0;Tracuateua;1508035;Para
2014;0,4585980713527954;Tracuateua;1508035;Para
2015;0,2606887208082138;Tracuateua;1508035;Para
2016;0;Tracuateua;1508035;Para
2017;0,4154159411880193;Tracuateua;1508035;Para
2018;0,19295848121434922;Tracuateua;1508035;Para
2019;0,3592952934722825;Tracuateua;1508035;Para
2020;0,07699291380594428;Tracuateua;1508035;Para
2021;0,2842444016413892;Tracuateua;1508035;Para
2022;0;Tracuateua;1508035;Para
2023;1,0045694251149189;Tracuateua;1508035;Para
2024;0;Tracuateua;1508035;Para
2007;975,0171147906295;Trairao;1508050;Para
2008;42,334154018607705;Trairao;1508050;Para
2009;36,93281855533066;Trairao;1508050;Para
2010;26,675826188065887;Trairao;1508050;Para
2011;49,63718527279562;Trairao;1508050;Para
2012;42,24735035944353;Trairao;1508050;Para
2013;42,52110461297114;Trairao;1508050;Para
2014;43,85278178202421;Trairao;1508050;Para
2015;24,868340166304343;Trairao;1508050;Para
2016;40,501596538620205;Trairao;1508050;Para
2017;81,24077452487005;Trairao;1508050;Para
2018;55,65099936460345;Trairao;1508050;Para
2019;111,91777504517819;Trairao;1508050;Para
2020;82,33122585900509;Trairao;1508050;Para
2021;120,39254909991115;Trairao;1508050;Para
2022;113,499087575111;Trairao;1508050;Para
2023;26,938175013020285;Trairao;1508050;Para
2024;44,226097617329636;Trairao;1508050;Para
2007;2259,0133676508917;Tucuma;1508084;Para
2008;9,83948801992863;Tucuma;1508084;Para
2009;2,578829266041902;Tucuma;1508084;Para
2010;2,3258699723410876;Tucuma;1508084;Para
2011;1,6512548298372864;Tucuma;1508084;Para
2012;0,9629932378941137;Tucuma;1508084;Para
2013;1,6080990726750528;Tucuma;1508084;Para
2014;2,706400583512412;Tucuma;1508084;Para
2015;4,196511838568409;Tucuma;1508084;Para
2016;2,8409118305007284;Tucuma;1508084;Para
2017;3,9104734304236564;Tucuma;1508084;Para
2018;1,8443915827459512;Tucuma;1508084;Para
2019;5,346042454498965;Tucuma;1508084;Para
2020;2,4448486927160915;Tucuma;1508084;Para
2021;0,8709953603310588;Tucuma;1508084;Para
2022;0,8638737672526301;Tucuma;1508084;Para
2023;3,943379837521715;Tucuma;1508084;Para
2024;0,5025111849772026;Tucuma;1508084;Para
2007;680,7556840012259;Tucurui;1508100;Para
2008;26,810791095273128;Tucurui;1508100;Para
2009;2,0897953448391524;Tucurui;1508100;Para
2010;36,678775125586014;Tucurui;1508100;Para
2011;8,893719589525302;Tucurui;1508100;Para
2012;8,545351087523038;Tucurui;1508100;Para
2013;0,8151173942634351;Tucurui;1508100;Para
2014;3,5311201043180818;Tucurui;1508100;Para
2015;23,21770838901973;Tucurui;1508100;Para
2016;9,077348205794653;Tucurui;1508100;Para
2017;7,13435199121987;Tucurui;1508100;Para
2018;16,203001988875993;Tucurui;1508100;Para
2019;8,20691952501329;Tucurui;1508100;Para
2020;8,641882136324243;Tucurui;1508100;Para
2021;14,400712681933738;Tucurui;1508100;Para
2022;7,319524862346884;Tucurui;1508100;Para
2023;10,816988789420021;Tucurui;1508100;Para
2024;8,562637203442241;Tucurui;1508100;Para
2007;3207,5516116285967;Ulianopolis;1508126;Para
2008;135,7818946956738;Ulianopolis;1508126;Para
2009;43,509179768291794;Ulianopolis;1508126;Para
2010;19,224056409241406;Ulianopolis;1508126;Para
2011;22,876022354707604;Ulianopolis;1508126;Para
2012;30,67409982519688;Ulianopolis;1508126;Para
2013;11,118792880278734;Ulianopolis;1508126;Para
2014;2,9540926237766474;Ulianopolis;1508126;Para
2015;22,482671552884558;Ulianopolis;1508126;Para
2016;18,095884301169235;Ulianopolis;1508126;Para
2017;15,381902973604033;Ulianopolis;1508126;Para
2018;6,480239019836155;Ulianopolis;1508126;Para
2019;18,278842363181692;Ulianopolis;1508126;Para
2020;57,04497476108939;Ulianopolis;1508126;Para
2021;74,79258973833706;Ulianopolis;1508126;Para
2022;17,22385850030161;Ulianopolis;1508126;Para
2023;22,20167739509039;Ulianopolis;1508126;Para
2024;22,901212259929714;Ulianopolis;1508126;Para
2007;2779,1136140175768;Uruara;1508159;Para
2008;90,43716899359062;Uruara;1508159;Para
2009;99,08240448985896;Uruara;1508159;Para
2010;68,53765337623616;Uruara;1508159;Para
2011;38,309234912705136;Uruara;1508159;Para
2012;51,87749348833045;Uruara;1508159;Para
2013;47,29853056931091;Uruara;1508159;Para
2014;14,405553638372668;Uruara;1508159;Para
2015;52,97960512380153;Uruara;1508159;Para
2016;63,79783878806619;Uruara;1508159;Para
2017;88,57749610171017;Uruara;1508159;Para
2018;81,61813597438146;Uruara;1508159;Para
2019;154,04738002318584;Uruara;1508159;Para
2020;133,36914369481195;Uruara;1508159;Para
2021;139,61235372277088;Uruara;1508159;Para
2022;193,6343634006545;Uruara;1508159;Para
2023;103,64742950911963;Uruara;1508159;Para
2024;97,62428951118072;Uruara;1508159;Para
2007;219,71870959828624;Vigia;1508209;Para
2008;1,4574752581876085;Vigia;1508209;Para
2009;0,06047745840023425;Vigia;1508209;Para
2010;0,3203224145152372;Vigia;1508209;Para
2011;0,24121421973006438;Vigia;1508209;Para
2012;0,22877836701110846;Vigia;1508209;Para
2013;0,580458286583405;Vigia;1508209;Para
2014;0;Vigia;1508209;Para
2015;1,2743451593138957;Vigia;1508209;Para
2016;0,24243508987706344;Vigia;1508209;Para
2017;0,1669081061264312;Vigia;1508209;Para
2018;0,06435825355879715;Vigia;1508209;Para
2019;0,1910980893607907;Vigia;1508209;Para
2020;0,5440414931984731;Vigia;1508209;Para
2021;0,33424740639368844;Vigia;1508209;Para
2022;0,3782249779212046;Vigia;1508209;Para
2023;0;Vigia;1508209;Para
2024;0;Vigia;1508209;Para
2007;3310,885334307256;Viseu;1508308;Para
2008;14,949303247295783;Viseu;1508308;Para
2009;31,78486067257835;Viseu;1508308;Para
2010;14,882272755378974;Viseu;1508308;Para
2011;3,7023331747278907;Viseu;1508308;Para
2012;0,42533225221438686;Viseu;1508308;Para
2013;0,9089286530194379;Viseu;1508308;Para
2014;3,280140056578538;Viseu;1508308;Para
2015;4,108556077617748;Viseu;1508308;Para
2016;2,1772054624764516;Viseu;1508308;Para
2017;11,04162590130007;Viseu;1508308;Para
2018;4,092602703707665;Viseu;1508308;Para
2019;8,460993940022805;Viseu;1508308;Para
2020;8,651952558283751;Viseu;1508308;Para
2021;3,9269187439250666;Viseu;1508308;Para
2022;1,385996845812931;Viseu;1508308;Para
2023;6,057668456037959;Viseu;1508308;Para
2024;1,5050399276864208;Viseu;1508308;Para
2007;1843,8191164210832;Vitoria do Xingu;1508357;Para
2008;10,513979360343866;Vitoria do Xingu;1508357;Para
2009;1,512757637500191;Vitoria do Xingu;1508357;Para
2010;9,484390270587916;Vitoria do Xingu;1508357;Para
2011;53,124103480224576;Vitoria do Xingu;1508357;Para
2012;5,097918880409194;Vitoria do Xingu;1508357;Para
2013;9,27471841342652;Vitoria do Xingu;1508357;Para
2014;16,914228521335392;Vitoria do Xingu;1508357;Para
2015;47,6761425806401;Vitoria do Xingu;1508357;Para
2016;10,653832257139342;Vitoria do Xingu;1508357;Para
2017;7,150568699527382;Vitoria do Xingu;1508357;Para
2018;4,263217194023092;Vitoria do Xingu;1508357;Para
2019;7,251037402289581;Vitoria do Xingu;1508357;Para
2020;8,436323986699897;Vitoria do Xingu;1508357;Para
2021;4,325976220528262;Vitoria do Xingu;1508357;Para
2022;3,2322989403346924;Vitoria do Xingu;1508357;Para
2023;2,3580555407613417;Vitoria do Xingu;1508357;Para
2024;1,0295229953697846;Vitoria do Xingu;1508357;Para
2007;3350,8556664952307;Xinguara;1508407;Para
2008;4,739868503854932;Xinguara;1508407;Para
2009;4,40229158453402;Xinguara;1508407;Para
2010;3,6939595161411196;Xinguara;1508407;Para
2011;0,8304639140797512;Xinguara;1508407;Para
2012;1,4364035894231415;Xinguara;1508407;Para
2013;0,6359065044853999;Xinguara;1508407;Para
2014;2,2134665776965137;Xinguara;1508407;Para
2015;1,118562910974821;Xinguara;1508407;Para
2016;0,1786670074833508;Xinguara;1508407;Para
2017;1,3640389627949856;Xinguara;1508407;Para
2018;0,8904182750778771;Xinguara;1508407;Para
2019;1,3282127058046416;Xinguara;1508407;Para
2020;1,4553808177442087;Xinguara;1508407;Para
2021;0,8954315373103211;Xinguara;1508407;Para
2022;2,3938590172048433;Xinguara;1508407;Para
2023;1,0173701133274444;Xinguara;1508407;Para
2024;0,3296788029783116;Xinguara;1508407;Para
2007;2200,472285658281;Alta Floresta D'Oeste;1100015;Rondonia
2008;26,294088021192454;Alta Floresta D'Oeste;1100015;Rondonia
2009;5,041011321457652;Alta Floresta D'Oeste;1100015;Rondonia
2010;1,7838232503917761;Alta Floresta D'Oeste;1100015;Rondonia
2011;6,812662342091571;Alta Floresta D'Oeste;1100015;Rondonia
2012;5,261770578385758;Alta Floresta D'Oeste;1100015;Rondonia
2013;6,650227854225507;Alta Floresta D'Oeste;1100015;Rondonia
2014;10,296425610593086;Alta Floresta D'Oeste;1100015;Rondonia
2015;5,0644007784941705;Alta Floresta D'Oeste;1100015;Rondonia
2016;15,572968896222488;Alta Floresta D'Oeste;1100015;Rondonia
2017;19,29699903380317;Alta Floresta D'Oeste;1100015;Rondonia
2018;13,804001073201709;Alta Floresta D'Oeste;1100015;Rondonia
2019;30,0077216010723;Alta Floresta D'Oeste;1100015;Rondonia
2020;25,4243138130238;Alta Floresta D'Oeste;1100015;Rondonia
2021;24,860260446869972;Alta Floresta D'Oeste;1100015;Rondonia
2022;24,18306968599999;Alta Floresta D'Oeste;1100015;Rondonia
2023;14,702784781981544;Alta Floresta D'Oeste;1100015;Rondonia
2024;6,3102498046479605;Alta Floresta D'Oeste;1100015;Rondonia
2007;1244,7822690909284;Alto Alegre dos Parecis;1100379;Rondonia
2008;22,09420207436994;Alto Alegre dos Parecis;1100379;Rondonia
2009;3,833284256826719;Alto Alegre dos Parecis;1100379;Rondonia
2010;3,0863162444541508;Alto Alegre dos Parecis;1100379;Rondonia
2011;8,33819157175005;Alto Alegre dos Parecis;1100379;Rondonia
2012;2,848391182098771;Alto Alegre dos Parecis;1100379;Rondonia
2013;4,798380808752227;Alto Alegre dos Parecis;1100379;Rondonia
2014;5,115669385453048;Alto Alegre dos Parecis;1100379;Rondonia
2015;3,6495747148301176;Alto Alegre dos Parecis;1100379;Rondonia
2016;5,1188405111279955;Alto Alegre dos Parecis;1100379;Rondonia
2017;9,251852457581483;Alto Alegre dos Parecis;1100379;Rondonia
2018;7,2118925126884506;Alto Alegre dos Parecis;1100379;Rondonia
2019;9,932584093182282;Alto Alegre dos Parecis;1100379;Rondonia
2020;12,533735688982519;Alto Alegre dos Parecis;1100379;Rondonia
2021;12,643061094326482;Alto Alegre dos Parecis;1100379;Rondonia
2022;6,151380874531989;Alto Alegre dos Parecis;1100379;Rondonia
2023;4,932485190699563;Alto Alegre dos Parecis;1100379;Rondonia
2024;0,8574049072547991;Alto Alegre dos Parecis;1100379;Rondonia
2007;1622,2199366723048;Alto Paraiso;1100403;Rondonia
2008;14,324502496960184;Alto Paraiso;1100403;Rondonia
2009;11,119469417305263;Alto Paraiso;1100403;Rondonia
2010;8,695510206047576;Alto Paraiso;1100403;Rondonia
2011;15,359071177336538;Alto Paraiso;1100403;Rondonia
2012;13,096045576085894;Alto Paraiso;1100403;Rondonia
2013;27,363210293556303;Alto Paraiso;1100403;Rondonia
2014;13,977072805006557;Alto Paraiso;1100403;Rondonia
2015;23,49529403434814;Alto Paraiso;1100403;Rondonia
2016;46,96206384092783;Alto Paraiso;1100403;Rondonia
2017;53,00224188717592;Alto Paraiso;1100403;Rondonia
2018;65,25700186094453;Alto Paraiso;1100403;Rondonia
2019;46,63801901776233;Alto Paraiso;1100403;Rondonia
2020;41,06542475070326;Alto Paraiso;1100403;Rondonia
2021;28,86276713941365;Alto Paraiso;1100403;Rondonia
2022;21,14417268220528;Alto Paraiso;1100403;Rondonia
2023;14,688470263149723;Alto Paraiso;1100403;Rondonia
2024;3,1220391226241344;Alto Paraiso;1100403;Rondonia
2007;1349,498093410379;Alvorada D'Oeste;1100346;Rondonia
2008;6,441038127273276;Alvorada D'Oeste;1100346;Rondonia
2009;1,4410391046201565;Alvorada D'Oeste;1100346;Rondonia
2010;0,9087625246684089;Alvorada D'Oeste;1100346;Rondonia
2011;2,2865321557839593;Alvorada D'Oeste;1100346;Rondonia
2012;1,9475100661677296;Alvorada D'Oeste;1100346;Rondonia
2013;1,4183964653530132;Alvorada D'Oeste;1100346;Rondonia
2014;2,3631937255312274;Alvorada D'Oeste;1100346;Rondonia
2015;1,5453099736938805;Alvorada D'Oeste;1100346;Rondonia
2016;1,8009036606392668;Alvorada D'Oeste;1100346;Rondonia
2017;1,127404824363664;Alvorada D'Oeste;1100346;Rondonia
2018;1,7325740862596475;Alvorada D'Oeste;1100346;Rondonia
2019;2,528601461932594;Alvorada D'Oeste;1100346;Rondonia
2020;1,8197353303302226;Alvorada D'Oeste;1100346;Rondonia
2021;2,044365186694498;Alvorada D'Oeste;1100346;Rondonia
2022;0,6158236500320803;Alvorada D'Oeste;1100346;Rondonia
2023;1,1624904846937472;Alvorada D'Oeste;1100346;Rondonia
2024;1,2667983505981935;Alvorada D'Oeste;1100346;Rondonia
2007;3087,4272037947107;Ariquemes;1100023;Rondonia
2008;8,31892015802894;Ariquemes;1100023;Rondonia
2009;8,588698601128891;Ariquemes;1100023;Rondonia
2010;4,1318128917487185;Ariquemes;1100023;Rondonia
2011;3,6962590607912156;Ariquemes;1100023;Rondonia
2012;7,105563550779278;Ariquemes;1100023;Rondonia
2013;12,356069510161714;Ariquemes;1100023;Rondonia
2014;10,352061725484962;Ariquemes;1100023;Rondonia
2015;10,179083953419894;Ariquemes;1100023;Rondonia
2016;31,394322234766985;Ariquemes;1100023;Rondonia
2017;20,65907281255733;Ariquemes;1100023;Rondonia
2018;16,762319757554497;Ariquemes;1100023;Rondonia
2019;18,511305054110654;Ariquemes;1100023;Rondonia
2020;22,387304895667626;Ariquemes;1100023;Rondonia
2021;14,913015396171517;Ariquemes;1100023;Rondonia
2022;11,75699500797622;Ariquemes;1100023;Rondonia
2023;13,32395435653589;Ariquemes;1100023;Rondonia
2024;2,035811725577743;Ariquemes;1100023;Rondonia
2007;2108,8278824208214;Buritis;1100452;Rondonia
2008;20,601196218441864;Buritis;1100452;Rondonia
2009;16,618829420180415;Buritis;1100452;Rondonia
2010;33,768756908081215;Buritis;1100452;Rondonia
2011;42,318017764302944;Buritis;1100452;Rondonia
2012;21,525043076100516;Buritis;1100452;Rondonia
2013;50,886153420582694;Buritis;1100452;Rondonia
2014;56,825171119813746;Buritis;1100452;Rondonia
2015;54,360897243493405;Buritis;1100452;Rondonia
2016;81,29412570050016;Buritis;1100452;Rondonia
2017;66,94891761636444;Buritis;1100452;Rondonia
2018;43,788870826219025;Buritis;1100452;Rondonia
2019;30,999668020862376;Buritis;1100452;Rondonia
2020;38,39790912412004;Buritis;1100452;Rondonia
2021;35,70689675313081;Buritis;1100452;Rondonia
2022;27,45122941114887;Buritis;1100452;Rondonia
2023;18,221586219842486;Buritis;1100452;Rondonia
2024;2,6017096712998207;Buritis;1100452;Rondonia
2007;955,1899043996517;Cabixi;1100031;Rondonia
2008;3,8206728473877365;Cabixi;1100031;Rondonia
2009;0,8896256653232505;Cabixi;1100031;Rondonia
2010;0,8603496243230423;Cabixi;1100031;Rondonia
2011;0,7439924554578384;Cabixi;1100031;Rondonia
2012;0,7030016110815032;Cabixi;1100031;Rondonia
2013;1,3887280635126094;Cabixi;1100031;Rondonia
2014;4,996685622390504;Cabixi;1100031;Rondonia
2015;7,18823766401278;Cabixi;1100031;Rondonia
2016;6,851192083482767;Cabixi;1100031;Rondonia
2017;1,871429533197615;Cabixi;1100031;Rondonia
2018;3,18143800247634;Cabixi;1100031;Rondonia
2019;4,708873614846786;Cabixi;1100031;Rondonia
2020;0,9553869518259323;Cabixi;1100031;Rondonia
2021;4,40788607419619;Cabixi;1100031;Rondonia
2022;0,6719015506826618;Cabixi;1100031;Rondonia
2023;2,8181513000753893;Cabixi;1100031;Rondonia
2024;0,19380898217401454;Cabixi;1100031;Rondonia
2007;1459,5283477304652;Cacaulandia;1100601;Rondonia
2008;6,900415859401487;Cacaulandia;1100601;Rondonia
2009;2,7015277030794596;Cacaulandia;1100601;Rondonia
2010;1,0836206008681748;Cacaulandia;1100601;Rondonia
2011;1,3041879507742362;Cacaulandia;1100601;Rondonia
2012;0,9061262668580784;Cacaulandia;1100601;Rondonia
2013;4,057882622668573;Cacaulandia;1100601;Rondonia
2014;2,4954016635214837;Cacaulandia;1100601;Rondonia
2015;4,333372126920472;Cacaulandia;1100601;Rondonia
2016;6,340027587536294;Cacaulandia;1100601;Rondonia
2017;12,191782524169106;Cacaulandia;1100601;Rondonia
2018;4,487432859581094;Cacaulandia;1100601;Rondonia
2019;6,107741843376198;Cacaulandia;1100601;Rondonia
2020;6,92482275682344;Cacaulandia;1100601;Rondonia
2021;10,003295559329146;Cacaulandia;1100601;Rondonia
2022;7,704093126489131;Cacaulandia;1100601;Rondonia
2023;11,22507776098011;Cacaulandia;1100601;Rondonia
2024;2,9030396334667246;Cacaulandia;1100601;Rondonia
2007;2463,874827648508;Cacoal;1100049;Rondonia
2008;4,613636948710237;Cacoal;1100049;Rondonia
2009;3,040061419239206;Cacoal;1100049;Rondonia
2010;1,6597508408398634;Cacoal;1100049;Rondonia
2011;2,314803938263946;Cacoal;1100049;Rondonia
2012;3,3398721013490924;Cacoal;1100049;Rondonia
2013;1,8135837120400948;Cacoal;1100049;Rondonia
2014;4,2790307296627255;Cacoal;1100049;Rondonia
2015;2,32379800002112;Cacoal;1100049;Rondonia
2016;2,7011664192321865;Cacoal;1100049;Rondonia
2017;8,021963675777693;Cacoal;1100049;Rondonia
2018;4,906263674412341;Cacoal;1100049;Rondonia
2019;5,923686877868164;Cacoal;1100049;Rondonia
2020;4,962611109582813;Cacoal;1100049;Rondonia
2021;18,277665073391034;Cacoal;1100049;Rondonia
2022;3,220046633899945;Cacoal;1100049;Rondonia
2023;3,239520617966644;Cacoal;1100049;Rondonia
2024;3,0207300229365672;Cacoal;1100049;Rondonia
2007;1783,6982292055288;Campo Novo de Rondonia;1100700;Rondonia
2008;19,572960168034726;Campo Novo de Rondonia;1100700;Rondonia
2009;24,7621432670938;Campo Novo de Rondonia;1100700;Rondonia
2010;19,91492643639573;Campo Novo de Rondonia;1100700;Rondonia
2011;26,633818377363635;Campo Novo de Rondonia;1100700;Rondonia
2012;13,559068769357069;Campo Novo de Rondonia;1100700;Rondonia
2013;37,28271734323714;Campo Novo de Rondonia;1100700;Rondonia
2014;17,371430837116097;Campo Novo de Rondonia;1100700;Rondonia
2015;20,62158384847116;Campo Novo de Rondonia;1100700;Rondonia
2016;33,13570133299594;Campo Novo de Rondonia;1100700;Rondonia
2017;26,98061826848379;Campo Novo de Rondonia;1100700;Rondonia
2018;21,4061855812919;Campo Novo de Rondonia;1100700;Rondonia
2019;14,617028467524728;Campo Novo de Rondonia;1100700;Rondonia
2020;14,038781788178214;Campo Novo de Rondonia;1100700;Rondonia
2021;19,600331900016176;Campo Novo de Rondonia;1100700;Rondonia
2022;15,332697110501817;Campo Novo de Rondonia;1100700;Rondonia
2023;8,665992509567616;Campo Novo de Rondonia;1100700;Rondonia
2024;5,320634600822059;Campo Novo de Rondonia;1100700;Rondonia
2007;1680,3031133916795;Candeias do Jamari;1100809;Rondonia
2008;47,3837629177073;Candeias do Jamari;1100809;Rondonia
2009;12,221843699111293;Candeias do Jamari;1100809;Rondonia
2010;12,357910334319381;Candeias do Jamari;1100809;Rondonia
2011;17,914298340714865;Candeias do Jamari;1100809;Rondonia
2012;17,617405898533764;Candeias do Jamari;1100809;Rondonia
2013;46,911794779928854;Candeias do Jamari;1100809;Rondonia
2014;39,20883385405091;Candeias do Jamari;1100809;Rondonia
2015;47,63033741666374;Candeias do Jamari;1100809;Rondonia
2016;97,50165299347144;Candeias do Jamari;1100809;Rondonia
2017;105,01406377061643;Candeias do Jamari;1100809;Rondonia
2018;100,83675692212186;Candeias do Jamari;1100809;Rondonia
2019;104,90297007149704;Candeias do Jamari;1100809;Rondonia
2020;113,85568077668165;Candeias do Jamari;1100809;Rondonia
2021;219,74536989563745;Candeias do Jamari;1100809;Rondonia
2022;189,28673331810003;Candeias do Jamari;1100809;Rondonia
2023;89,91645321594258;Candeias do Jamari;1100809;Rondonia
2024;27,30018394485288;Candeias do Jamari;1100809;Rondonia
2007;704,3727305282422;Castanheiras;1100908;Rondonia
2008;4,957204957147016;Castanheiras;1100908;Rondonia
2009;0,4919390574622283;Castanheiras;1100908;Rondonia
2010;0;Castanheiras;1100908;Rondonia
2011;0,7304252179543975;Castanheiras;1100908;Rondonia
2012;0;Castanheiras;1100908;Rondonia
2013;0,33891073455205056;Castanheiras;1100908;Rondonia
2014;1,214058294126633;Castanheiras;1100908;Rondonia
2015;1,5406006625689925;Castanheiras;1100908;Rondonia
2016;4,932388168962103;Castanheiras;1100908;Rondonia
2017;4,1712515087312125;Castanheiras;1100908;Rondonia
2018;1,7430372482309218;Castanheiras;1100908;Rondonia
2019;1,7502217627669534;Castanheiras;1100908;Rondonia
2020;1,4385727703195839;Castanheiras;1100908;Rondonia
2021;1,0877190484549928;Castanheiras;1100908;Rondonia
2022;0,39519185610653973;Castanheiras;1100908;Rondonia
2023;0,2507900120773621;Castanheiras;1100908;Rondonia
2024;0;Castanheiras;1100908;Rondonia
2007;792,4994608587721;Cerejeiras;1100056;Rondonia
2008;2,229887879770956;Cerejeiras;1100056;Rondonia
2009;0,5783615382870564;Cerejeiras;1100056;Rondonia
2010;0,9493708587856979;Cerejeiras;1100056;Rondonia
2011;1,680335821042679;Cerejeiras;1100056;Rondonia
2012;1,2600437620113236;Cerejeiras;1100056;Rondonia
2013;0,6352764665995477;Cerejeiras;1100056;Rondonia
2014;2,6480186190131056;Cerejeiras;1100056;Rondonia
2015;2,925581539129383;Cerejeiras;1100056;Rondonia
2016;6,329324849043384;Cerejeiras;1100056;Rondonia
2017;1,6743329287757143;Cerejeiras;1100056;Rondonia
2018;0,8979833451467643;Cerejeiras;1100056;Rondonia
2019;1,0315644375874562;Cerejeiras;1100056;Rondonia
2020;0,9240114445955039;Cerejeiras;1100056;Rondonia
2021;3,1073770151248428;Cerejeiras;1100056;Rondonia
2022;4,4927109321853;Cerejeiras;1100056;Rondonia
2023;1,4480286269603713;Cerejeiras;1100056;Rondonia
2024;0,536524309406588;Cerejeiras;1100056;Rondonia
2007;2591,5430086344336;Chupinguaia;1100924;Rondonia
2008;17,688810826480104;Chupinguaia;1100924;Rondonia
2009;6,0428247314168395;Chupinguaia;1100924;Rondonia
2010;3,0614211436728818;Chupinguaia;1100924;Rondonia
2011;4,244837443821331;Chupinguaia;1100924;Rondonia
2012;17,405731063716473;Chupinguaia;1100924;Rondonia
2013;4,771821014349173;Chupinguaia;1100924;Rondonia
2014;5,244777854491894;Chupinguaia;1100924;Rondonia
2015;4,797093389333173;Chupinguaia;1100924;Rondonia
2016;8,788733881077238;Chupinguaia;1100924;Rondonia
2017;9,203617096509483;Chupinguaia;1100924;Rondonia
2018;9,351730649860698;Chupinguaia;1100924;Rondonia
2019;15,141268401081957;Chupinguaia;1100924;Rondonia
2020;12,60723644126931;Chupinguaia;1100924;Rondonia
2021;15,271571203579603;Chupinguaia;1100924;Rondonia
2022;4,524075297852813;Chupinguaia;1100924;Rondonia
2023;6,847350702458513;Chupinguaia;1100924;Rondonia
2024;1,2269927709455972;Chupinguaia;1100924;Rondonia
2007;1178,7692747234562;Colorado do Oeste;1100064;Rondonia
2008;1,7468201115913817;Colorado do Oeste;1100064;Rondonia
2009;1,045209152859771;Colorado do Oeste;1100064;Rondonia
2010;0,06551721611999159;Colorado do Oeste;1100064;Rondonia
2011;0,7372984573869054;Colorado do Oeste;1100064;Rondonia
2012;0,17591602632195785;Colorado do Oeste;1100064;Rondonia
2013;0,5467652956665516;Colorado do Oeste;1100064;Rondonia
2014;0,5866207143277627;Colorado do Oeste;1100064;Rondonia
2015;5,629686648509533;Colorado do Oeste;1100064;Rondonia
2016;1,1859619686068543;Colorado do Oeste;1100064;Rondonia
2017;1,7762990949048147;Colorado do Oeste;1100064;Rondonia
2018;0,519194851257465;Colorado do Oeste;1100064;Rondonia
2019;1,8373058069296262;Colorado do Oeste;1100064;Rondonia
2020;0,7004752134721988;Colorado do Oeste;1100064;Rondonia
2021;1,290242571927446;Colorado do Oeste;1100064;Rondonia
2022;1,2237972232464358;Colorado do Oeste;1100064;Rondonia
2023;1,4865907348080163;Colorado do Oeste;1100064;Rondonia
2024;0,13951922172617204;Colorado do Oeste;1100064;Rondonia
2007;2134,663463415765;Corumbiara;1100072;Rondonia
2008;4,389853406850182;Corumbiara;1100072;Rondonia
2009;0,7934680677107067;Corumbiara;1100072;Rondonia
2010;1,294447846777689;Corumbiara;1100072;Rondonia
2011;3,1508900328526823;Corumbiara;1100072;Rondonia
2012;2,378241951947616;Corumbiara;1100072;Rondonia
2013;0,7087776979712512;Corumbiara;1100072;Rondonia
2014;1,7371142674229803;Corumbiara;1100072;Rondonia
2015;3,235725416361112;Corumbiara;1100072;Rondonia
2016;1,7309633775118223;Corumbiara;1100072;Rondonia
2017;2,711189590488202;Corumbiara;1100072;Rondonia
2018;6,554670781570906;Corumbiara;1100072;Rondonia
2019;3,7925904529560306;Corumbiara;1100072;Rondonia
2020;4,077250127022583;Corumbiara;1100072;Rondonia
2021;4,149673730879137;Corumbiara;1100072;Rondonia
2022;3,431035031786354;Corumbiara;1100072;Rondonia
2023;2,8588217909728733;Corumbiara;1100072;Rondonia
2024;0,1095520835227184;Corumbiara;1100072;Rondonia
2007;1486,3976439278288;Costa Marques;1100080;Rondonia
2008;101,04318021163475;Costa Marques;1100080;Rondonia
2009;18,115069298756694;Costa Marques;1100080;Rondonia
2010;20,956953074091246;Costa Marques;1100080;Rondonia
2011;17,47948641494589;Costa Marques;1100080;Rondonia
2012;17,13806512602409;Costa Marques;1100080;Rondonia
2013;30,669893814738387;Costa Marques;1100080;Rondonia
2014;13,874822001623462;Costa Marques;1100080;Rondonia
2015;24,017667973700732;Costa Marques;1100080;Rondonia
2016;24,73921070713198;Costa Marques;1100080;Rondonia
2017;25,653761550191252;Costa Marques;1100080;Rondonia
2018;29,790913459107554;Costa Marques;1100080;Rondonia
2019;42,35755054283246;Costa Marques;1100080;Rondonia
2020;36,54145588989429;Costa Marques;1100080;Rondonia
2021;34,780278357266056;Costa Marques;1100080;Rondonia
2022;39,26227212127807;Costa Marques;1100080;Rondonia
2023;28,071195841690734;Costa Marques;1100080;Rondonia
2024;25,607306604508214;Costa Marques;1100080;Rondonia
2007;1307,3073309103966;Cujubim;1100940;Rondonia
2008;48,58897874076031;Cujubim;1100940;Rondonia
2009;30,699470158783914;Cujubim;1100940;Rondonia
2010;33,624532154163184;Cujubim;1100940;Rondonia
2011;47,18103900152542;Cujubim;1100940;Rondonia
2012;56,91900619449978;Cujubim;1100940;Rondonia
2013;55,127841897411685;Cujubim;1100940;Rondonia
2014;40,145180805106946;Cujubim;1100940;Rondonia
2015;64,98258854616874;Cujubim;1100940;Rondonia
2016;84,76776209748091;Cujubim;1100940;Rondonia
2017;85,98859885345132;Cujubim;1100940;Rondonia
2018;71,0428659758502;Cujubim;1100940;Rondonia
2019;114,04502558804933;Cujubim;1100940;Rondonia
2020;100,97423491847738;Cujubim;1100940;Rondonia
2021;120,74860004365378;Cujubim;1100940;Rondonia
2022;116,47994915273061;Cujubim;1100940;Rondonia
2023;51,536891578055645;Cujubim;1100940;Rondonia
2024;22,094500304580876;Cujubim;1100940;Rondonia
2007;2052,3945576693213;Espigao D'Oeste;1100098;Rondonia
2008;10,693108303144715;Espigao D'Oeste;1100098;Rondonia
2009;4,860738493448016;Espigao D'Oeste;1100098;Rondonia
2010;3,0489987265310363;Espigao D'Oeste;1100098;Rondonia
2011;1,4900107638883633;Espigao D'Oeste;1100098;Rondonia
2012;7,230145478542947;Espigao D'Oeste;1100098;Rondonia
2013;2,2897604714651747;Espigao D'Oeste;1100098;Rondonia
2014;2,7239294752089;Espigao D'Oeste;1100098;Rondonia
2015;1,4815648261654444;Espigao D'Oeste;1100098;Rondonia
2016;2,5566699039221294;Espigao D'Oeste;1100098;Rondonia
2017;4,252881362472659;Espigao D'Oeste;1100098;Rondonia
2018;5,534081352390845;Espigao D'Oeste;1100098;Rondonia
2019;6,891510547484383;Espigao D'Oeste;1100098;Rondonia
2020;4,155453282424977;Espigao D'Oeste;1100098;Rondonia
2021;11,779117730046835;Espigao D'Oeste;1100098;Rondonia
2022;5,7647673035249;Espigao D'Oeste;1100098;Rondonia
2023;4,053143442802095;Espigao D'Oeste;1100098;Rondonia
2024;3,862550003771542;Espigao D'Oeste;1100098;Rondonia
2007;1321,0965170577672;Governador Jorge Teixeira;1101005;Rondonia
2008;3,6629105868826835;Governador Jorge Teixeira;1101005;Rondonia
2009;4,843540556828812;Governador Jorge Teixeira;1101005;Rondonia
2010;1,0569216382400195;Governador Jorge Teixeira;1101005;Rondonia
2011;2,1520523092228596;Governador Jorge Teixeira;1101005;Rondonia
2012;1,3833774061732549;Governador Jorge Teixeira;1101005;Rondonia
2013;3,8293139167600394;Governador Jorge Teixeira;1101005;Rondonia
2014;1,9313205539890468;Governador Jorge Teixeira;1101005;Rondonia
2015;3,6036799401520794;Governador Jorge Teixeira;1101005;Rondonia
2016;4,320210894927;Governador Jorge Teixeira;1101005;Rondonia
2017;6,705098799924088;Governador Jorge Teixeira;1101005;Rondonia
2018;4,154136203710746;Governador Jorge Teixeira;1101005;Rondonia
2019;5,578803139583287;Governador Jorge Teixeira;1101005;Rondonia
2020;5,6601983334390695;Governador Jorge Teixeira;1101005;Rondonia
2021;20,768132973372698;Governador Jorge Teixeira;1101005;Rondonia
2022;30,830025990361165;Governador Jorge Teixeira;1101005;Rondonia
2023;21,340889347628245;Governador Jorge Teixeira;1101005;Rondonia
2024;8,486372814643124;Governador Jorge Teixeira;1101005;Rondonia
2007;1378,9559346654362;Guajara-Mirim;1100106;Rondonia
2008;16,738457499653165;Guajara-Mirim;1100106;Rondonia
2009;8,036996146185787;Guajara-Mirim;1100106;Rondonia
2010;3,702976505595086;Guajara-Mirim;1100106;Rondonia
2011;6,153942186224514;Guajara-Mirim;1100106;Rondonia
2012;6,863734606335787;Guajara-Mirim;1100106;Rondonia
2013;24,290440456542193;Guajara-Mirim;1100106;Rondonia
2014;10,27161609779145;Guajara-Mirim;1100106;Rondonia
2015;21,128671583130664;Guajara-Mirim;1100106;Rondonia
2016;13,018637269392158;Guajara-Mirim;1100106;Rondonia
2017;4,183934591749247;Guajara-Mirim;1100106;Rondonia
2018;15,686015345802723;Guajara-Mirim;1100106;Rondonia
2019;18,421512458044806;Guajara-Mirim;1100106;Rondonia
2020;34,55111814008551;Guajara-Mirim;1100106;Rondonia
2021;27,079829680291002;Guajara-Mirim;1100106;Rondonia
2022;23,92309083775263;Guajara-Mirim;1100106;Rondonia
2023;9,687015965903973;Guajara-Mirim;1100106;Rondonia
2024;6,7331348654770835;Guajara-Mirim;1100106;Rondonia
2007;831,593221289399;Itapua do Oeste;1101104;Rondonia
2008;20,43592071823777;Itapua do Oeste;1101104;Rondonia
2009;3,8430547518447686;Itapua do Oeste;1101104;Rondonia
2010;3,176789164661894;Itapua do Oeste;1101104;Rondonia
2011;13,812961655066399;Itapua do Oeste;1101104;Rondonia
2012;12,327315970602452;Itapua do Oeste;1101104;Rondonia
2013;16,769382104570553;Itapua do Oeste;1101104;Rondonia
2014;8,964831208136589;Itapua do Oeste;1101104;Rondonia
2015;8,84826711872192;Itapua do Oeste;1101104;Rondonia
2016;16,142009381169196;Itapua do Oeste;1101104;Rondonia
2017;13,849040518765262;Itapua do Oeste;1101104;Rondonia
2018;16,36291184439607;Itapua do Oeste;1101104;Rondonia
2019;14,888202451874971;Itapua do Oeste;1101104;Rondonia
2020;13,36435245576436;Itapua do Oeste;1101104;Rondonia
2021;20,506282711660248;Itapua do Oeste;1101104;Rondonia
2022;10,384650526734939;Itapua do Oeste;1101104;Rondonia
2023;15,012667653577811;Itapua do Oeste;1101104;Rondonia
2024;1,7880828872256151;Itapua do Oeste;1101104;Rondonia
2007;2567,098717048643;Jaru;1100114;Rondonia
2008;2,5707139143005335;Jaru;1100114;Rondonia
2009;1,6797959163287912;Jaru;1100114;Rondonia
2010;0,22033015845591225;Jaru;1100114;Rondonia
2011;0,8764600468462049;Jaru;1100114;Rondonia
2012;0,4165907100206599;Jaru;1100114;Rondonia
2013;0,303945543849632;Jaru;1100114;Rondonia
2014;1,2363356605112634;Jaru;1100114;Rondonia
2015;1,9447557233492303;Jaru;1100114;Rondonia
2016;1,657393182942735;Jaru;1100114;Rondonia
2017;1,9571213467480553;Jaru;1100114;Rondonia
2018;1,6180213217411468;Jaru;1100114;Rondonia
2019;2,2765786570552984;Jaru;1100114;Rondonia
2020;4,313783823814031;Jaru;1100114;Rondonia
2021;2,7077024522546003;Jaru;1100114;Rondonia
2022;6,698098051073387;Jaru;1100114;Rondonia
2023;3,0769206552370885;Jaru;1100114;Rondonia
2024;1,6463706281134027;Jaru;1100114;Rondonia
2007;2561,5052747360423;Ji-Parana;1100122;Rondonia
2008;5,867373227206984;Ji-Parana;1100122;Rondonia
2009;5,2221702651998125;Ji-Parana;1100122;Rondonia
2010;0,852261337899776;Ji-Parana;1100122;Rondonia
2011;1,207946176331893;Ji-Parana;1100122;Rondonia
2012;1,5352581478835239;Ji-Parana;1100122;Rondonia
2013;2,8147544527717185;Ji-Parana;1100122;Rondonia
2014;0,5365474294996612;Ji-Parana;1100122;Rondonia
2015;1,2938206692300684;Ji-Parana;1100122;Rondonia
2016;2,9727040787212093;Ji-Parana;1100122;Rondonia
2017;1,210766171017315;Ji-Parana;1100122;Rondonia
2018;1,2370632119817266;Ji-Parana;1100122;Rondonia
2019;3,387367203460982;Ji-Parana;1100122;Rondonia
2020;2,5107758366452955;Ji-Parana;1100122;Rondonia
2021;2,964186627668287;Ji-Parana;1100122;Rondonia
2022;1,2582979584015972;Ji-Parana;1100122;Rondonia
2023;4,532253011024488;Ji-Parana;1100122;Rondonia
2024;0,26005141516279195;Ji-Parana;1100122;Rondonia
2007;2697,2728210602104;Machadinho D'Oeste;1100130;Rondonia
2008;52,95332161408884;Machadinho D'Oeste;1100130;Rondonia
2009;27,729547874186533;Machadinho D'Oeste;1100130;Rondonia
2010;17,88058261467425;Machadinho D'Oeste;1100130;Rondonia
2011;54,29383306422696;Machadinho D'Oeste;1100130;Rondonia
2012;65,64312589151974;Machadinho D'Oeste;1100130;Rondonia
2013;81,05569411142744;Machadinho D'Oeste;1100130;Rondonia
2014;61,15129356212537;Machadinho D'Oeste;1100130;Rondonia
2015;97,2307470091235;Machadinho D'Oeste;1100130;Rondonia
2016;92,72816816723935;Machadinho D'Oeste;1100130;Rondonia
2017;98,3509187152354;Machadinho D'Oeste;1100130;Rondonia
2018;72,0559283303959;Machadinho D'Oeste;1100130;Rondonia
2019;79,19428285405259;Machadinho D'Oeste;1100130;Rondonia
2020;44,38416983071995;Machadinho D'Oeste;1100130;Rondonia
2021;57,194266271040384;Machadinho D'Oeste;1100130;Rondonia
2022;68,74647346783301;Machadinho D'Oeste;1100130;Rondonia
2023;33,59892396404777;Machadinho D'Oeste;1100130;Rondonia
2024;16,304060248834027;Machadinho D'Oeste;1100130;Rondonia
2007;700,076251003855;Ministro Andreazza;1101203;Rondonia
2008;3,324604144648464;Ministro Andreazza;1101203;Rondonia
2009;0,6942916074358828;Ministro Andreazza;1101203;Rondonia
2010;0,22026558186574446;Ministro Andreazza;1101203;Rondonia
2011;0,40600011174378414;Ministro Andreazza;1101203;Rondonia
2012;0,7470914251497494;Ministro Andreazza;1101203;Rondonia
2013;0,10580117126352492;Ministro Andreazza;1101203;Rondonia
2014;0,524713503704997;Ministro Andreazza;1101203;Rondonia
2015;0,32289368040649197;Ministro Andreazza;1101203;Rondonia
2016;0,24192876235267233;Ministro Andreazza;1101203;Rondonia
2017;1,6495219806957506;Ministro Andreazza;1101203;Rondonia
2018;0,6447694304622287;Ministro Andreazza;1101203;Rondonia
2019;1,1938955443543249;Ministro Andreazza;1101203;Rondonia
2020;0,8809611638035444;Ministro Andreazza;1101203;Rondonia
2021;2,30829282316797;Ministro Andreazza;1101203;Rondonia
2022;1,0579015033939436;Ministro Andreazza;1101203;Rondonia
2023;0,786619950006707;Ministro Andreazza;1101203;Rondonia
2024;0,3904696443860026;Ministro Andreazza;1101203;Rondonia
2007;629,5814372509137;Mirante da Serra;1101302;Rondonia
2008;5,211898082998655;Mirante da Serra;1101302;Rondonia
2009;1,607601149559682;Mirante da Serra;1101302;Rondonia
2010;0,29265807482570694;Mirante da Serra;1101302;Rondonia
2011;0,5530716265897068;Mirante da Serra;1101302;Rondonia
2012;2,7978875423256535;Mirante da Serra;1101302;Rondonia
2013;1,3022540231369486;Mirante da Serra;1101302;Rondonia
2014;1,4027882369109312;Mirante da Serra;1101302;Rondonia
2015;2,7188322511742786;Mirante da Serra;1101302;Rondonia
2016;2,84293206762487;Mirante da Serra;1101302;Rondonia
2017;4,45845745411036;Mirante da Serra;1101302;Rondonia
2018;4,44833574977473;Mirante da Serra;1101302;Rondonia
2019;7,8947199181809795;Mirante da Serra;1101302;Rondonia
2020;7,215845394664724;Mirante da Serra;1101302;Rondonia
2021;5,2225187856973285;Mirante da Serra;1101302;Rondonia
2022;2,2794922813756924;Mirante da Serra;1101302;Rondonia
2023;2,2725285425581094;Mirante da Serra;1101302;Rondonia
2024;1,4561334848112069;Mirante da Serra;1101302;Rondonia
2007;1323,2511615246308;Monte Negro;1101401;Rondonia
2008;6,614803491668182;Monte Negro;1101401;Rondonia
2009;7,089929724583664;Monte Negro;1101401;Rondonia
2010;4,91672438900354;Monte Negro;1101401;Rondonia
2011;10,237524892963258;Monte Negro;1101401;Rondonia
2012;8,509742702585042;Monte Negro;1101401;Rondonia
2013;25,75774614959311;Monte Negro;1101401;Rondonia
2014;13,8239897589496;Monte Negro;1101401;Rondonia
2015;13,874144973801059;Monte Negro;1101401;Rondonia
2016;22,79530344442977;Monte Negro;1101401;Rondonia
2017;17,990055753271033;Monte Negro;1101401;Rondonia
2018;16,605895286308353;Monte Negro;1101401;Rondonia
2019;10,812657035963058;Monte Negro;1101401;Rondonia
2020;14,335635446018209;Monte Negro;1101401;Rondonia
2021;16,910378090733186;Monte Negro;1101401;Rondonia
2022;11,541208359555041;Monte Negro;1101401;Rondonia
2023;10,897430465649217;Monte Negro;1101401;Rondonia
2024;1,9713854047881532;Monte Negro;1101401;Rondonia
2007;1265,2294493142344;Nova Brasilandia D'Oeste;1100148;Rondonia
2008;13,775408632657232;Nova Brasilandia D'Oeste;1100148;Rondonia
2009;2,05429677247623;Nova Brasilandia D'Oeste;1100148;Rondonia
2010;1,221161131835875;Nova Brasilandia D'Oeste;1100148;Rondonia
2011;4,838761703196307;Nova Brasilandia D'Oeste;1100148;Rondonia
2012;2,1891939666831126;Nova Brasilandia D'Oeste;1100148;Rondonia
2013;1,8218483618301544;Nova Brasilandia D'Oeste;1100148;Rondonia
2014;2,0062714991064374;Nova Brasilandia D'Oeste;1100148;Rondonia
2015;1,328538359430578;Nova Brasilandia D'Oeste;1100148;Rondonia
2016;2,1494516406656197;Nova Brasilandia D'Oeste;1100148;Rondonia
2017;3,217763456437782;Nova Brasilandia D'Oeste;1100148;Rondonia
2018;1,0938070173838397;Nova Brasilandia D'Oeste;1100148;Rondonia
2019;5,559905458186088;Nova Brasilandia D'Oeste;1100148;Rondonia
2020;3,925114895745283;Nova Brasilandia D'Oeste;1100148;Rondonia
2021;2,398599294888288;Nova Brasilandia D'Oeste;1100148;Rondonia
2022;1,7854204887273972;Nova Brasilandia D'Oeste;1100148;Rondonia
2023;3,2456960809935786;Nova Brasilandia D'Oeste;1100148;Rondonia
2024;0,924427493289354;Nova Brasilandia D'Oeste;1100148;Rondonia
2007;2642,5567295400397;Nova Mamore;1100338;Rondonia
2008;64,97453183282073;Nova Mamore;1100338;Rondonia
2009;28,491298661848198;Nova Mamore;1100338;Rondonia
2010;59,274360697468786;Nova Mamore;1100338;Rondonia
2011;75,8162921679907;Nova Mamore;1100338;Rondonia
2012;76,40417534761522;Nova Mamore;1100338;Rondonia
2013;131,5549332176588;Nova Mamore;1100338;Rondonia
2014;135,34960473466685;Nova Mamore;1100338;Rondonia
2015;146,93177045781567;Nova Mamore;1100338;Rondonia
2016;144,18430497539353;Nova Mamore;1100338;Rondonia
2017;177,1050568333875;Nova Mamore;1100338;Rondonia
2018;146,08921068560196;Nova Mamore;1100338;Rondonia
2019;148,03618609637687;Nova Mamore;1100338;Rondonia
2020;112,70335002081082;Nova Mamore;1100338;Rondonia
2021;94,6807984368808;Nova Mamore;1100338;Rondonia
2022;149,99226957819926;Nova Mamore;1100338;Rondonia
2023;65,84438217092999;Nova Mamore;1100338;Rondonia
2024;11,359502832657991;Nova Mamore;1100338;Rondonia
2007;701,1316275980739;Nova Uniao;1101435;Rondonia
2008;4,425083054240426;Nova Uniao;1101435;Rondonia
2009;1,9489355609892718;Nova Uniao;1101435;Rondonia
2010;0,2936021429131933;Nova Uniao;1101435;Rondonia
2011;1,090913135395474;Nova Uniao;1101435;Rondonia
2012;0,6781808393005874;Nova Uniao;1101435;Rondonia
2013;0,44009218504428566;Nova Uniao;1101435;Rondonia
2014;1,52754052681846;Nova Uniao;1101435;Rondonia
2015;0,15544009742160686;Nova Uniao;1101435;Rondonia
2016;0,8431207264402235;Nova Uniao;1101435;Rondonia
2017;1,2325189681423905;Nova Uniao;1101435;Rondonia
2018;1,2311341221052647;Nova Uniao;1101435;Rondonia
2019;21,48622071215062;Nova Uniao;1101435;Rondonia
2020;9,635949091208548;Nova Uniao;1101435;Rondonia
2021;7,956973612973933;Nova Uniao;1101435;Rondonia
2022;5,332208765085331;Nova Uniao;1101435;Rondonia
2023;2,035806984978195;Nova Uniao;1101435;Rondonia
2024;2,827002633511946;Nova Uniao;1101435;Rondonia
2007;732,7135780218721;Novo Horizonte do Oeste;1100502;Rondonia
2008;3,012338922060737;Novo Horizonte do Oeste;1100502;Rondonia
2009;0,7791090391019835;Novo Horizonte do Oeste;1100502;Rondonia
2010;0,2963447859895736;Novo Horizonte do Oeste;1100502;Rondonia
2011;0,6025710715212828;Novo Horizonte do Oeste;1100502;Rondonia
2012;0,28960367296285594;Novo Horizonte do Oeste;1100502;Rondonia
2013;0,39766142796758874;Novo Horizonte do Oeste;1100502;Rondonia
2014;0,4128967925168576;Novo Horizonte do Oeste;1100502;Rondonia
2015;0,9007809082697626;Novo Horizonte do Oeste;1100502;Rondonia
2016;1,2972996900604443;Novo Horizonte do Oeste;1100502;Rondonia
2017;0,9502254965787948;Novo Horizonte do Oeste;1100502;Rondonia
2018;0,8348402601984933;Novo Horizonte do Oeste;1100502;Rondonia
2019;1,413131731879351;Novo Horizonte do Oeste;1100502;Rondonia
2020;0,558399474736484;Novo Horizonte do Oeste;1100502;Rondonia
2021;0,8122282352865533;Novo Horizonte do Oeste;1100502;Rondonia
2022;1,2657407444372584;Novo Horizonte do Oeste;1100502;Rondonia
2023;0,90456963581101;Novo Horizonte do Oeste;1100502;Rondonia
2024;0;Novo Horizonte do Oeste;1100502;Rondonia
2007;1724,9142482871573;Ouro Preto do Oeste;1100155;Rondonia
2008;1,3306628431370209;Ouro Preto do Oeste;1100155;Rondonia
2009;0,5453774446747208;Ouro Preto do Oeste;1100155;Rondonia
2010;0;Ouro Preto do Oeste;1100155;Rondonia
2011;0,1801834124980332;Ouro Preto do Oeste;1100155;Rondonia
2012;0,5687408920964083;Ouro Preto do Oeste;1100155;Rondonia
2013;0,5757642288507047;Ouro Preto do Oeste;1100155;Rondonia
2014;0,30397669534915234;Ouro Preto do Oeste;1100155;Rondonia
2015;0,24794604568947626;Ouro Preto do Oeste;1100155;Rondonia
2016;8,348483786200871;Ouro Preto do Oeste;1100155;Rondonia
2017;33,779107541254874;Ouro Preto do Oeste;1100155;Rondonia
2018;23,698207717799413;Ouro Preto do Oeste;1100155;Rondonia
2019;22,594764801840007;Ouro Preto do Oeste;1100155;Rondonia
2020;8,57233673739923;Ouro Preto do Oeste;1100155;Rondonia
2021;7,626864250217116;Ouro Preto do Oeste;1100155;Rondonia
2022;2,5842129744341626;Ouro Preto do Oeste;1100155;Rondonia
2023;2,926213488506714;Ouro Preto do Oeste;1100155;Rondonia
2024;0,8374766608172763;Ouro Preto do Oeste;1100155;Rondonia
2007;1096,4525791932804;Parecis;1101450;Rondonia
2008;19,51762948020907;Parecis;1101450;Rondonia
2009;1,3734063015577926;Parecis;1101450;Rondonia
2010;2,6973630547661624;Parecis;1101450;Rondonia
2011;7,574151270982332;Parecis;1101450;Rondonia
2012;19,88326331811389;Parecis;1101450;Rondonia
2013;4,743928404287939;Parecis;1101450;Rondonia
2014;4,045594906592558;Parecis;1101450;Rondonia
2015;5,48732246420133;Parecis;1101450;Rondonia
2016;7,416088342692476;Parecis;1101450;Rondonia
2017;4,229836374194638;Parecis;1101450;Rondonia
2018;7,175886440304861;Parecis;1101450;Rondonia
2019;7,370071190992199;Parecis;1101450;Rondonia
2020;6,024075783170399;Parecis;1101450;Rondonia
2021;3,783820426265826;Parecis;1101450;Rondonia
2022;2,8133274944836595;Parecis;1101450;Rondonia
2023;4,318125696376226;Parecis;1101450;Rondonia
2024;2,5870773794268787;Parecis;1101450;Rondonia
2007;2290,9661811701985;Pimenta Bueno;1100189;Rondonia
2008;43,43724163530294;Pimenta Bueno;1100189;Rondonia
2009;14,049105875076613;Pimenta Bueno;1100189;Rondonia
2010;4,090247247971214;Pimenta Bueno;1100189;Rondonia
2011;4,259375911703698;Pimenta Bueno;1100189;Rondonia
2012;32,59933917898474;Pimenta Bueno;1100189;Rondonia
2013;6,45595289932781;Pimenta Bueno;1100189;Rondonia
2014;3,814062856059314;Pimenta Bueno;1100189;Rondonia
2015;6,584957068137732;Pimenta Bueno;1100189;Rondonia
2016;10,185958222836803;Pimenta Bueno;1100189;Rondonia
2017;20,911980962596143;Pimenta Bueno;1100189;Rondonia
2018;19,710270145500683;Pimenta Bueno;1100189;Rondonia
2019;20,433143298405408;Pimenta Bueno;1100189;Rondonia
2020;17,324293251828344;Pimenta Bueno;1100189;Rondonia
2021;33,13704747827654;Pimenta Bueno;1100189;Rondonia
2022;14,975581408161162;Pimenta Bueno;1100189;Rondonia
2023;15,332377963877002;Pimenta Bueno;1100189;Rondonia
2024;12,388485579241717;Pimenta Bueno;1100189;Rondonia
2007;1234,0356114211747;Pimenteiras do Oeste;1101468;Rondonia
2008;6,44668484425591;Pimenteiras do Oeste;1101468;Rondonia
2009;4,953313777759619;Pimenteiras do Oeste;1101468;Rondonia
2010;5,897223812982;Pimenteiras do Oeste;1101468;Rondonia
2011;6,335699953394427;Pimenteiras do Oeste;1101468;Rondonia
2012;7,473224241530835;Pimenteiras do Oeste;1101468;Rondonia
2013;1,196221081202653;Pimenteiras do Oeste;1101468;Rondonia
2014;1,205747408977671;Pimenteiras do Oeste;1101468;Rondonia
2015;4,440279439442018;Pimenteiras do Oeste;1101468;Rondonia
2016;8,47603562330157;Pimenteiras do Oeste;1101468;Rondonia
2017;2,8632426499348536;Pimenteiras do Oeste;1101468;Rondonia
2018;3,2983703797191652;Pimenteiras do Oeste;1101468;Rondonia
2019;3,700668696273122;Pimenteiras do Oeste;1101468;Rondonia
2020;8,828697019079375;Pimenteiras do Oeste;1101468;Rondonia
2021;9,660077221319257;Pimenteiras do Oeste;1101468;Rondonia
2022;5,608182709414814;Pimenteiras do Oeste;1101468;Rondonia
2023;9,521073204297505;Pimenteiras do Oeste;1101468;Rondonia
2024;1,9971212929471809;Pimenteiras do Oeste;1101468;Rondonia
2007;7260,246285670747;Porto Velho;1100205;Rondonia
2008;208,49646609116976;Porto Velho;1100205;Rondonia
2009;99,55421323698545;Porto Velho;1100205;Rondonia
2010;132,87567654073024;Porto Velho;1100205;Rondonia
2011;318,8961909236226;Porto Velho;1100205;Rondonia
2012;192,98970238591755;Porto Velho;1100205;Rondonia
2013;305,0798719211236;Porto Velho;1100205;Rondonia
2014;221,9155599763867;Porto Velho;1100205;Rondonia
2015;285,3031715835012;Porto Velho;1100205;Rondonia
2016;305,3092226698728;Porto Velho;1100205;Rondonia
2017;346,7573300926467;Porto Velho;1100205;Rondonia
2018;378,07507393091544;Porto Velho;1100205;Rondonia
2019;412,69974643956454;Porto Velho;1100205;Rondonia
2020;449,64409974571015;Porto Velho;1100205;Rondonia
2021;619,3405794737984;Porto Velho;1100205;Rondonia
2022;551,18522541304;Porto Velho;1100205;Rondonia
2023;263,7433086162824;Porto Velho;1100205;Rondonia
2024;127,5290735609377;Porto Velho;1100205;Rondonia
2007;1588,0485160693227;Presidente Medici;1100254;Rondonia
2008;3,501180797007089;Presidente Medici;1100254;Rondonia
2009;1,8465462943927569;Presidente Medici;1100254;Rondonia
2010;0,1254399968545364;Presidente Medici;1100254;Rondonia
2011;0,6742577594500496;Presidente Medici;1100254;Rondonia
2012;0,13333124972831123;Presidente Medici;1100254;Rondonia
2013;0,5098349230357683;Presidente Medici;1100254;Rondonia
2014;0,7079605348344162;Presidente Medici;1100254;Rondonia
2015;0,3130896710365765;Presidente Medici;1100254;Rondonia
2016;0,6452694137299391;Presidente Medici;1100254;Rondonia
2017;0,6293659932679203;Presidente Medici;1100254;Rondonia
2018;0,38701893800463777;Presidente Medici;1100254;Rondonia
2019;0,9799062858831221;Presidente Medici;1100254;Rondonia
2020;0,7437866970827302;Presidente Medici;1100254;Rondonia
2021;1,090804806862139;Presidente Medici;1100254;Rondonia
2022;0,5281195194842767;Presidente Medici;1100254;Rondonia
2023;0,9964769389339119;Presidente Medici;1100254;Rondonia
2024;0,19312643248644268;Presidente Medici;1100254;Rondonia
2007;417,1493553967654;Primavera de Rondonia;1101476;Rondonia
2008;1,058323062825801;Primavera de Rondonia;1101476;Rondonia
2009;0,0011098760755253127;Primavera de Rondonia;1101476;Rondonia
2010;0,06411084602196158;Primavera de Rondonia;1101476;Rondonia
2011;0;Primavera de Rondonia;1101476;Rondonia
2012;0,33578372694903275;Primavera de Rondonia;1101476;Rondonia
2013;1,052676238282519;Primavera de Rondonia;1101476;Rondonia
2014;0,19267697864218314;Primavera de Rondonia;1101476;Rondonia
2015;0,22497767671482272;Primavera de Rondonia;1101476;Rondonia
2016;0;Primavera de Rondonia;1101476;Rondonia
2017;0,4991684398802767;Primavera de Rondonia;1101476;Rondonia
2018;1,2070060689228521;Primavera de Rondonia;1101476;Rondonia
2019;0,2595504385612328;Primavera de Rondonia;1101476;Rondonia
2020;0,29655305071280896;Primavera de Rondonia;1101476;Rondonia
2021;1,4370835316368549;Primavera de Rondonia;1101476;Rondonia
2022;0,2639539059585192;Primavera de Rondonia;1101476;Rondonia
2023;0,21978540946335962;Primavera de Rondonia;1101476;Rondonia
2024;0;Primavera de Rondonia;1101476;Rondonia
2007;1041,6546410904164;Rio Crespo;1100262;Rondonia
2008;7,235547160442168;Rio Crespo;1100262;Rondonia
2009;5,831687151021545;Rio Crespo;1100262;Rondonia
2010;2,1118463194867756;Rio Crespo;1100262;Rondonia
2011;2,7240143722068906;Rio Crespo;1100262;Rondonia
2012;3,4494931999648646;Rio Crespo;1100262;Rondonia
2013;5,156388971250326;Rio Crespo;1100262;Rondonia
2014;4,6162943495741455;Rio Crespo;1100262;Rondonia
2015;8,592994075020234;Rio Crespo;1100262;Rondonia
2016;9,216741433813274;Rio Crespo;1100262;Rondonia
2017;8,04031164275365;Rio Crespo;1100262;Rondonia
2018;6,224896355528806;Rio Crespo;1100262;Rondonia
2019;10,686130589099658;Rio Crespo;1100262;Rondonia
2020;6,186322158494424;Rio Crespo;1100262;Rondonia
2021;8,293937589099746;Rio Crespo;1100262;Rondonia
2022;4,145183305027589;Rio Crespo;1100262;Rondonia
2023;3,0981647766927582;Rio Crespo;1100262;Rondonia
2024;0,4306177071918925;Rio Crespo;1100262;Rondonia
2007;1304,8766965685159;Rolim de Moura;1100288;Rondonia
2008;3,2044717783904075;Rolim de Moura;1100288;Rondonia
2009;0,15598880790181469;Rolim de Moura;1100288;Rondonia
2010;0,17584538396545107;Rolim de Moura;1100288;Rondonia
2011;0,7258990128209267;Rolim de Moura;1100288;Rondonia
2012;1,09788936167053;Rolim de Moura;1100288;Rondonia
2013;0,5966982585392362;Rolim de Moura;1100288;Rondonia
2014;0,5444433005416358;Rolim de Moura;1100288;Rondonia
2015;0,2903170708279748;Rolim de Moura;1100288;Rondonia
2016;0,33328677153375386;Rolim de Moura;1100288;Rondonia
2017;2,270826241610104;Rolim de Moura;1100288;Rondonia
2018;1,7644852687356534;Rolim de Moura;1100288;Rondonia
2019;2,5820536177595548;Rolim de Moura;1100288;Rondonia
2020;0,9624930387632272;Rolim de Moura;1100288;Rondonia
2021;1,321606761143408;Rolim de Moura;1100288;Rondonia
2022;1,8738973324530808;Rolim de Moura;1100288;Rondonia
2023;1,554871549477147;Rolim de Moura;1100288;Rondonia
2024;0;Rolim de Moura;1100288;Rondonia
2007;963,4437321183129;Santa Luzia D'Oeste;1100296;Rondonia
2008;3,6306913526965667;Santa Luzia D'Oeste;1100296;Rondonia
2009;0,9104394810754153;Santa Luzia D'Oeste;1100296;Rondonia
2010;0,5778011560379088;Santa Luzia D'Oeste;1100296;Rondonia
2011;0,15502690621683315;Santa Luzia D'Oeste;1100296;Rondonia
2012;2,349472772434537;Santa Luzia D'Oeste;1100296;Rondonia
2013;0,40802553512050255;Santa Luzia D'Oeste;1100296;Rondonia
2014;0,26923597682734424;Santa Luzia D'Oeste;1100296;Rondonia
2015;0,6156816508881129;Santa Luzia D'Oeste;1100296;Rondonia
2016;0,46221545650526297;Santa Luzia D'Oeste;1100296;Rondonia
2017;0,543716410760159;Santa Luzia D'Oeste;1100296;Rondonia
2018;0,8392042567784692;Santa Luzia D'Oeste;1100296;Rondonia
2019;1,5420984510080502;Santa Luzia D'Oeste;1100296;Rondonia
2020;0,8034693182282957;Santa Luzia D'Oeste;1100296;Rondonia
2021;1,0462905685774537;Santa Luzia D'Oeste;1100296;Rondonia
2022;0,19395902506631257;Santa Luzia D'Oeste;1100296;Rondonia
2023;0,06384858861248364;Santa Luzia D'Oeste;1100296;Rondonia
2024;0;Santa Luzia D'Oeste;1100296;Rondonia
2007;481,0948863467933;Sao Felipe D'Oeste;1101484;Rondonia
2008;0,34823550078213084;Sao Felipe D'Oeste;1101484;Rondonia
2009;0;Sao Felipe D'Oeste;1101484;Rondonia
2010;0,0014055943223446915;Sao Felipe D'Oeste;1101484;Rondonia
2011;0;Sao Felipe D'Oeste;1101484;Rondonia
2012;0,46938095185253526;Sao Felipe D'Oeste;1101484;Rondonia
2013;0,16782388654635882;Sao Felipe D'Oeste;1101484;Rondonia
2014;0,11687946775842127;Sao Felipe D'Oeste;1101484;Rondonia
2015;0,19236970207411067;Sao Felipe D'Oeste;1101484;Rondonia
2016;0,09662157486909398;Sao Felipe D'Oeste;1101484;Rondonia
2017;0,08928577319360942;Sao Felipe D'Oeste;1101484;Rondonia
2018;0;Sao Felipe D'Oeste;1101484;Rondonia
2019;0,5915593488097299;Sao Felipe D'Oeste;1101484;Rondonia
2020;0;Sao Felipe D'Oeste;1101484;Rondonia
2021;0,3329843857330821;Sao Felipe D'Oeste;1101484;Rondonia
2022;0,23159799171428735;Sao Felipe D'Oeste;1101484;Rondonia
2023;0,07674976924175221;Sao Felipe D'Oeste;1101484;Rondonia
2024;0;Sao Felipe D'Oeste;1101484;Rondonia
2007;2341,4128925393247;Sao Francisco do Guapore;1101492;Rondonia
2008;44,9228441156507;Sao Francisco do Guapore;1101492;Rondonia
2009;11,593306155809957;Sao Francisco do Guapore;1101492;Rondonia
2010;14,445655660099153;Sao Francisco do Guapore;1101492;Rondonia
2011;14,02664187820211;Sao Francisco do Guapore;1101492;Rondonia
2012;9,332470128177466;Sao Francisco do Guapore;1101492;Rondonia
2013;16,084554215960168;Sao Francisco do Guapore;1101492;Rondonia
2014;6,7717250128308235;Sao Francisco do Guapore;1101492;Rondonia
2015;10,45857763387849;Sao Francisco do Guapore;1101492;Rondonia
2016;7,255529152332204;Sao Francisco do Guapore;1101492;Rondonia
2017;14,832589965032513;Sao Francisco do Guapore;1101492;Rondonia
2018;26,1200313986156;Sao Francisco do Guapore;1101492;Rondonia
2019;23,104953810918754;Sao Francisco do Guapore;1101492;Rondonia
2020;21,64292816893493;Sao Francisco do Guapore;1101492;Rondonia
2021;32,39165755957377;Sao Francisco do Guapore;1101492;Rondonia
2022;20,544007355265375;Sao Francisco do Guapore;1101492;Rondonia
2023;11,73060703441196;Sao Francisco do Guapore;1101492;Rondonia
2024;7,119890790478997;Sao Francisco do Guapore;1101492;Rondonia
2007;1673,2048283569884;Sao Miguel do Guapore;1100320;Rondonia
2008;41,19606427602557;Sao Miguel do Guapore;1100320;Rondonia
2009;3,791843582706187;Sao Miguel do Guapore;1100320;Rondonia
2010;3,7868239172470046;Sao Miguel do Guapore;1100320;Rondonia
2011;5,355290198688249;Sao Miguel do Guapore;1100320;Rondonia
2012;12,776478928898126;Sao Miguel do Guapore;1100320;Rondonia
2013;7,706203151848239;Sao Miguel do Guapore;1100320;Rondonia
2014;10,876331232585738;Sao Miguel do Guapore;1100320;Rondonia
2015;4,8548861363986475;Sao Miguel do Guapore;1100320;Rondonia
2016;17,48841243609678;Sao Miguel do Guapore;1100320;Rondonia
2017;9,857329142820081;Sao Miguel do Guapore;1100320;Rondonia
2018;8,868819029347193;Sao Miguel do Guapore;1100320;Rondonia
2019;16,907735878405667;Sao Miguel do Guapore;1100320;Rondonia
2020;20,471683685140796;Sao Miguel do Guapore;1100320;Rondonia
2021;12,512827682339223;Sao Miguel do Guapore;1100320;Rondonia
2022;10,24589833530711;Sao Miguel do Guapore;1100320;Rondonia
2023;6,513075203372711;Sao Miguel do Guapore;1100320;Rondonia
2024;3,5369986914839155;Sao Miguel do Guapore;1100320;Rondonia
2007;1177,9875896651342;Seringueiras;1101500;Rondonia
2008;42,57665538168232;Seringueiras;1101500;Rondonia
2009;4,266243269933105;Seringueiras;1101500;Rondonia
2010;4,8136077596690585;Seringueiras;1101500;Rondonia
2011;7,870025784112657;Seringueiras;1101500;Rondonia
2012;12,57923854422564;Seringueiras;1101500;Rondonia
2013;10,070327200009494;Seringueiras;1101500;Rondonia
2014;7,76816700309824;Seringueiras;1101500;Rondonia
2015;6,869484899587212;Seringueiras;1101500;Rondonia
2016;7,375424757219191;Seringueiras;1101500;Rondonia
2017;6,226359862168607;Seringueiras;1101500;Rondonia
2018;8,958338761399599;Seringueiras;1101500;Rondonia
2019;53,116330193660275;Seringueiras;1101500;Rondonia
2020;33,8404857966685;Seringueiras;1101500;Rondonia
2021;31,714897401911145;Seringueiras;1101500;Rondonia
2022;16,867100965952744;Seringueiras;1101500;Rondonia
2023;7,3743855077876965;Seringueiras;1101500;Rondonia
2024;2,9766920048501406;Seringueiras;1101500;Rondonia
2007;440,65877274708515;Teixeiropolis;1101559;Rondonia
2008;0,5183504075652202;Teixeiropolis;1101559;Rondonia
2009;0,17795684634243963;Teixeiropolis;1101559;Rondonia
2010;0;Teixeiropolis;1101559;Rondonia
2011;0,1460102561187548;Teixeiropolis;1101559;Rondonia
2012;0,14701858889665992;Teixeiropolis;1101559;Rondonia
2013;0;Teixeiropolis;1101559;Rondonia
2014;0;Teixeiropolis;1101559;Rondonia
2015;0,37555716287931945;Teixeiropolis;1101559;Rondonia
2016;0,06589446618956482;Teixeiropolis;1101559;Rondonia
2017;0,012221812855314464;Teixeiropolis;1101559;Rondonia
2018;0,00045532095621153714;Teixeiropolis;1101559;Rondonia
2019;0,2812851621279035;Teixeiropolis;1101559;Rondonia
2020;0,3614361830426026;Teixeiropolis;1101559;Rondonia
2021;0,31727703184231887;Teixeiropolis;1101559;Rondonia
2022;0,02528594059883795;Teixeiropolis;1101559;Rondonia
2023;0,0003741762476531612;Teixeiropolis;1101559;Rondonia
2024;0,031261134449840834;Teixeiropolis;1101559;Rondonia
2007;1708,8555148818498;Theobroma;1101609;Rondonia
2008;7,110619455036547;Theobroma;1101609;Rondonia
2009;6,406380878145424;Theobroma;1101609;Rondonia
2010;1,8942177521213686;Theobroma;1101609;Rondonia
2011;2,2256179255412545;Theobroma;1101609;Rondonia
2012;3,0309365416570024;Theobroma;1101609;Rondonia
2013;4,943703591815142;Theobroma;1101609;Rondonia
2014;3,5434454579330987;Theobroma;1101609;Rondonia
2015;4,443428628409626;Theobroma;1101609;Rondonia
2016;4,345000452739294;Theobroma;1101609;Rondonia
2017;3,308746163367312;Theobroma;1101609;Rondonia
2018;2,648056114315955;Theobroma;1101609;Rondonia
2019;5,5029296246160015;Theobroma;1101609;Rondonia
2020;4,710757935197316;Theobroma;1101609;Rondonia
2021;4,504530526970199;Theobroma;1101609;Rondonia
2022;5,522832053699804;Theobroma;1101609;Rondonia
2023;3,9225876059166316;Theobroma;1101609;Rondonia
2024;2,900187426895129;Theobroma;1101609;Rondonia
2007;672,4725476945673;Urupa;1101708;Rondonia
2008;2,1438355254980532;Urupa;1101708;Rondonia
2009;1,6039477625239256;Urupa;1101708;Rondonia
2010;0,2113282802116423;Urupa;1101708;Rondonia
2011;1,1614542182222192;Urupa;1101708;Rondonia
2012;0,8385469217523677;Urupa;1101708;Rondonia
2013;0,6906151902323798;Urupa;1101708;Rondonia
2014;0,8052121090351508;Urupa;1101708;Rondonia
2015;1,0195441838625205;Urupa;1101708;Rondonia
2016;1,11994962991209;Urupa;1101708;Rondonia
2017;0,794579369722317;Urupa;1101708;Rondonia
2018;0,6800905357355572;Urupa;1101708;Rondonia
2019;0,4694288228919255;Urupa;1101708;Rondonia
2020;1,0424217881750344;Urupa;1101708;Rondonia
2021;0,8447661150074084;Urupa;1101708;Rondonia
2022;0,1381303664365707;Urupa;1101708;Rondonia
2023;0,4509718686504871;Urupa;1101708;Rondonia
2024;0,13408857543712016;Urupa;1101708;Rondonia
2007;1156,9354964811241;Vale do Anari;1101757;Rondonia
2008;11,981219145043507;Vale do Anari;1101757;Rondonia
2009;10,110865754310211;Vale do Anari;1101757;Rondonia
2010;3,5566949488629223;Vale do Anari;1101757;Rondonia
2011;6,976363715877908;Vale do Anari;1101757;Rondonia
2012;11,956529999418214;Vale do Anari;1101757;Rondonia
2013;8,577090191032832;Vale do Anari;1101757;Rondonia
2014;10,921442640766537;Vale do Anari;1101757;Rondonia
2015;14,16776709642172;Vale do Anari;1101757;Rondonia
2016;19,56443224702934;Vale do Anari;1101757;Rondonia
2017;10,019705123018543;Vale do Anari;1101757;Rondonia
2018;8,810172500829855;Vale do Anari;1101757;Rondonia
2019;9,403733921198482;Vale do Anari;1101757;Rondonia
2020;7,182268891160278;Vale do Anari;1101757;Rondonia
2021;9,237334114351272;Vale do Anari;1101757;Rondonia
2022;4,3685981293754175;Vale do Anari;1101757;Rondonia
2023;4,175321279398422;Vale do Anari;1101757;Rondonia
2024;1,4241944558113153;Vale do Anari;1101757;Rondonia
2007;857,1048786375231;Vale do Paraiso;1101807;Rondonia
2008;0,6716849485465056;Vale do Paraiso;1101807;Rondonia
2009;0,6616892463328841;Vale do Paraiso;1101807;Rondonia
2010;0,07015951160956238;Vale do Paraiso;1101807;Rondonia
2011;0,24807062137344932;Vale do Paraiso;1101807;Rondonia
2012;0,6274548265264177;Vale do Paraiso;1101807;Rondonia
2013;0,239217140111823;Vale do Paraiso;1101807;Rondonia
2014;1,5302452444082382;Vale do Paraiso;1101807;Rondonia
2015;1,1815825733193988;Vale do Paraiso;1101807;Rondonia
2016;3,980738462970828;Vale do Paraiso;1101807;Rondonia
2017;5,015216757296719;Vale do Paraiso;1101807;Rondonia
2018;2,8981985406567246;Vale do Paraiso;1101807;Rondonia
2019;1,7990442081949787;Vale do Paraiso;1101807;Rondonia
2020;2,0446835338291662;Vale do Paraiso;1101807;Rondonia
2021;2,1837729320125905;Vale do Paraiso;1101807;Rondonia
2022;1,153650404474501;Vale do Paraiso;1101807;Rondonia
2023;0,3045582305926726;Vale do Paraiso;1101807;Rondonia
2024;0,28477622935930696;Vale do Paraiso;1101807;Rondonia
2007;1646,7083808703983;Vilhena;1100304;Rondonia
2008;59,82492920028358;Vilhena;1100304;Rondonia
2009;6,24877177050565;Vilhena;1100304;Rondonia
2010;8,639886629839836;Vilhena;1100304;Rondonia
2011;7,879665797183842;Vilhena;1100304;Rondonia
2012;8,732725936665455;Vilhena;1100304;Rondonia
2013;7,9896058709364794;Vilhena;1100304;Rondonia
2014;7,476016926953669;Vilhena;1100304;Rondonia
2015;15,867212481663753;Vilhena;1100304;Rondonia
2016;13,735763092059608;Vilhena;1100304;Rondonia
2017;14,716449746851756;Vilhena;1100304;Rondonia
2018;17,312045306778685;Vilhena;1100304;Rondonia
2019;24,999547382914184;Vilhena;1100304;Rondonia
2020;18,95221683606238;Vilhena;1100304;Rondonia
2021;24,189062696390607;Vilhena;1100304;Rondonia
2022;10,743824715341113;Vilhena;1100304;Rondonia
2023;7,839714606640771;Vilhena;1100304;Rondonia
2024;3,8982266423829808;Vilhena;1100304;Rondonia
2007;693,8011593044148;Alto Alegre;1400050;Roraima
2008;36,39036358064149;Alto Alegre;1400050;Roraima
2009;4,255979575940029;Alto Alegre;1400050;Roraima
2010;6,568873196348909;Alto Alegre;1400050;Roraima
2011;11,291042189638363;Alto Alegre;1400050;Roraima
2012;7,009597842917933;Alto Alegre;1400050;Roraima
2013;15,465091841891175;Alto Alegre;1400050;Roraima
2014;6,585787806112503;Alto Alegre;1400050;Roraima
2015;6,912005743532061;Alto Alegre;1400050;Roraima
2016;24,46222926679066;Alto Alegre;1400050;Roraima
2017;1,8046971209828755;Alto Alegre;1400050;Roraima
2018;5,16291532360622;Alto Alegre;1400050;Roraima
2019;21,88719951032704;Alto Alegre;1400050;Roraima
2020;35,932353014523734;Alto Alegre;1400050;Roraima
2021;12,83766776292753;Alto Alegre;1400050;Roraima
2022;24,239819538397658;Alto Alegre;1400050;Roraima
2023;12,012208436339952;Alto Alegre;1400050;Roraima
2024;17,322860979815058;Alto Alegre;1400050;Roraima
2007;261,8772353997917;Amajari;1400027;Roraima
2008;34,70643650605857;Amajari;1400027;Roraima
2009;3,2615984247428376;Amajari;1400027;Roraima
2010;8,522431498917808;Amajari;1400027;Roraima
2011;12,601262770949177;Amajari;1400027;Roraima
2012;5,278444791029525;Amajari;1400027;Roraima
2013;5,160465888963212;Amajari;1400027;Roraima
2014;11,323838411135824;Amajari;1400027;Roraima
2015;11,277580139857728;Amajari;1400027;Roraima
2016;8,971569490798327;Amajari;1400027;Roraima
2017;9,031037176947018;Amajari;1400027;Roraima
2018;11,7018782763495;Amajari;1400027;Roraima
2019;21,286171607035858;Amajari;1400027;Roraima
2020;14,984852019875584;Amajari;1400027;Roraima
2021;10,353651220135083;Amajari;1400027;Roraima
2022;18,348164389492204;Amajari;1400027;Roraima
2023;9,846307625377182;Amajari;1400027;Roraima
2024;23,950676430738092;Amajari;1400027;Roraima
2007;17,249327938724047;Boa Vista;1400100;Roraima
2008;2,347748509640882;Boa Vista;1400100;Roraima
2009;0,15567566574859087;Boa Vista;1400100;Roraima
2010;0,5764316047451119;Boa Vista;1400100;Roraima
2011;0,19601630781814772;Boa Vista;1400100;Roraima
2012;0;Boa Vista;1400100;Roraima
2013;0,19209647989424433;Boa Vista;1400100;Roraima
2014;0,3103628938492121;Boa Vista;1400100;Roraima
2015;0,09575861433875088;Boa Vista;1400100;Roraima
2016;0,06333430482802889;Boa Vista;1400100;Roraima
2017;0;Boa Vista;1400100;Roraima
2018;0;Boa Vista;1400100;Roraima
2019;0,06917061147859481;Boa Vista;1400100;Roraima
2020;0,8586000085969244;Boa Vista;1400100;Roraima
2021;0,4196086273393472;Boa Vista;1400100;Roraima
2022;0,7668692132469943;Boa Vista;1400100;Roraima
2023;0;Boa Vista;1400100;Roraima
2024;0,825559041205998;Boa Vista;1400100;Roraima
2007;346,08644250304866;Bonfim;1400159;Roraima
2008;19,509829261923954;Bonfim;1400159;Roraima
2009;2,4150613470185225;Bonfim;1400159;Roraima
2010;7,474307598939133;Bonfim;1400159;Roraima
2011;3,828616827866702;Bonfim;1400159;Roraima
2012;2,500098495490165;Bonfim;1400159;Roraima
2013;2,657399416486359;Bonfim;1400159;Roraima
2014;2,1282824208325968;Bonfim;1400159;Roraima
2015;8,2997273778371;Bonfim;1400159;Roraima
2016;2,898446645087405;Bonfim;1400159;Roraima
2017;1,7119389961533409;Bonfim;1400159;Roraima
2018;2,3973113328459124;Bonfim;1400159;Roraima
2019;12,475439171281659;Bonfim;1400159;Roraima
2020;8,961929371222055;Bonfim;1400159;Roraima
2021;1,8026775163007676;Bonfim;1400159;Roraima
2022;3,8036898882861716;Bonfim;1400159;Roraima
2023;5,842841253709094;Bonfim;1400159;Roraima
2024;2,0534810170896876;Bonfim;1400159;Roraima
2007;1307,3918821614977;Canta;1400175;Roraima
2008;121,31142953162477;Canta;1400175;Roraima
2009;8,001053174231265;Canta;1400175;Roraima
2010;35,18277358357867;Canta;1400175;Roraima
2011;8,640221061060497;Canta;1400175;Roraima
2012;12,355527315445295;Canta;1400175;Roraima
2013;9,545869555228922;Canta;1400175;Roraima
2014;16,940786993018516;Canta;1400175;Roraima
2015;24,14536968328092;Canta;1400175;Roraima
2016;22,816136490373765;Canta;1400175;Roraima
2017;9,78115459823939;Canta;1400175;Roraima
2018;9,313571998551812;Canta;1400175;Roraima
2019;85,04462059271529;Canta;1400175;Roraima
2020;21,01189448801009;Canta;1400175;Roraima
2021;19,505620178448222;Canta;1400175;Roraima
2022;12,571883475499284;Canta;1400175;Roraima
2023;17,548379196257315;Canta;1400175;Roraima
2024;20,647231137390285;Canta;1400175;Roraima
2007;911,2870384172899;Caracarai;1400209;Roraima
2008;42,20266435493262;Caracarai;1400209;Roraima
2009;8,927624328362036;Caracarai;1400209;Roraima
2010;18,985997166613647;Caracarai;1400209;Roraima
2011;22,134087867221254;Caracarai;1400209;Roraima
2012;21,994919236123685;Caracarai;1400209;Roraima
2013;13,670590984128784;Caracarai;1400209;Roraima
2014;33,35785995374629;Caracarai;1400209;Roraima
2015;19,695707046207982;Caracarai;1400209;Roraima
2016;38,119390562183476;Caracarai;1400209;Roraima
2017;22,410450313977208;Caracarai;1400209;Roraima
2018;18,155831271461683;Caracarai;1400209;Roraima
2019;99,49110138871082;Caracarai;1400209;Roraima
2020;35,97668567394319;Caracarai;1400209;Roraima
2021;22,710479787456595;Caracarai;1400209;Roraima
2022;39,362701632638235;Caracarai;1400209;Roraima
2023;52,01216804602545;Caracarai;1400209;Roraima
2024;74,62601443147041;Caracarai;1400209;Roraima
2007;836,1377750991749;Caroebe;1400233;Roraima
2008;38,06705932365028;Caroebe;1400233;Roraima
2009;23,780249852846307;Caroebe;1400233;Roraima
2010;19,21789003650035;Caroebe;1400233;Roraima
2011;14,79236640761817;Caroebe;1400233;Roraima
2012;11,34426100727646;Caroebe;1400233;Roraima
2013;9,039807439446706;Caroebe;1400233;Roraima
2014;17,263192998334052;Caroebe;1400233;Roraima
2015;20,359389721470603;Caroebe;1400233;Roraima
2016;25,888637066161518;Caroebe;1400233;Roraima
2017;15,419160485620624;Caroebe;1400233;Roraima
2018;11,933805946913656;Caroebe;1400233;Roraima
2019;36,96079330484059;Caroebe;1400233;Roraima
2020;41,884729617891765;Caroebe;1400233;Roraima
2021;37,25138023019627;Caroebe;1400233;Roraima
2022;31,898403999905497;Caroebe;1400233;Roraima
2023;39,40535999182746;Caroebe;1400233;Roraima
2024;19,1340952753162;Caroebe;1400233;Roraima
2007;587,7899666472009;Iracema;1400282;Roraima
2008;102,39825885340657;Iracema;1400282;Roraima
2009;5,628671853090281;Iracema;1400282;Roraima
2010;32,2040101085468;Iracema;1400282;Roraima
2011;7,172939985106159;Iracema;1400282;Roraima
2012;5,858990823387364;Iracema;1400282;Roraima
2013;16,77153788047533;Iracema;1400282;Roraima
2014;21,83104786496503;Iracema;1400282;Roraima
2015;10,49919866937344;Iracema;1400282;Roraima
2016;21,422197255174314;Iracema;1400282;Roraima
2017;11,06165723434916;Iracema;1400282;Roraima
2018;2,7907851126674563;Iracema;1400282;Roraima
2019;61,05040111500611;Iracema;1400282;Roraima
2020;22,765161824348777;Iracema;1400282;Roraima
2021;25,294024621981986;Iracema;1400282;Roraima
2022;27,410114958386924;Iracema;1400282;Roraima
2023;26,509579700834415;Iracema;1400282;Roraima
2024;70,16818179634335;Iracema;1400282;Roraima
2007;1388,728032609796;Mucajai;1400308;Roraima
2008;213,46868268779096;Mucajai;1400308;Roraima
2009;20,099260157718373;Mucajai;1400308;Roraima
2010;59,287800600916285;Mucajai;1400308;Roraima
2011;26,777573412662424;Mucajai;1400308;Roraima
2012;17,561060497164725;Mucajai;1400308;Roraima
2013;38,510749302764836;Mucajai;1400308;Roraima
2014;47,77284847474657;Mucajai;1400308;Roraima
2015;21,868142093489197;Mucajai;1400308;Roraima
2016;45,24259396620297;Mucajai;1400308;Roraima
2017;8,328918558604936;Mucajai;1400308;Roraima
2018;18,51790942623204;Mucajai;1400308;Roraima
2019;81,60954203442999;Mucajai;1400308;Roraima
2020;43,159400749295095;Mucajai;1400308;Roraima
2021;68,4712360724181;Mucajai;1400308;Roraima
2022;29,40717416771024;Mucajai;1400308;Roraima
2023;24,043488843481057;Mucajai;1400308;Roraima
2024;101,53284637892492;Mucajai;1400308;Roraima
2007;19,66977205832721;Normandia;1400407;Roraima
2008;0,3429859259591048;Normandia;1400407;Roraima
2009;0;Normandia;1400407;Roraima
2010;0;Normandia;1400407;Roraima
2011;0;Normandia;1400407;Roraima
2012;0;Normandia;1400407;Roraima
2013;0;Normandia;1400407;Roraima
2014;0;Normandia;1400407;Roraima
2015;0;Normandia;1400407;Roraima
2016;0;Normandia;1400407;Roraima
2017;0;Normandia;1400407;Roraima
2018;0;Normandia;1400407;Roraima
2019;0;Normandia;1400407;Roraima
2020;0;Normandia;1400407;Roraima
2021;0;Normandia;1400407;Roraima
2022;0;Normandia;1400407;Roraima
2023;0;Normandia;1400407;Roraima
2024;0;Normandia;1400407;Roraima
2007;71,00500671236247;Pacaraima;1400456;Roraima
2008;0,001528657002586317;Pacaraima;1400456;Roraima
2009;0,5887465171935194;Pacaraima;1400456;Roraima
2010;6,694851089038959;Pacaraima;1400456;Roraima
2011;0,2337663567000079;Pacaraima;1400456;Roraima
2012;0;Pacaraima;1400456;Roraima
2013;0,29925599825328275;Pacaraima;1400456;Roraima
2014;0,41079504231281233;Pacaraima;1400456;Roraima
2015;0,09142641748160713;Pacaraima;1400456;Roraima
2016;0,14390824288511087;Pacaraima;1400456;Roraima
2017;0,31907645120929623;Pacaraima;1400456;Roraima
2018;0;Pacaraima;1400456;Roraima
2019;2,2112186079923832;Pacaraima;1400456;Roraima
2020;0,4613246267308192;Pacaraima;1400456;Roraima
2021;1,0951666959635935;Pacaraima;1400456;Roraima
2022;0,3493977258264719;Pacaraima;1400456;Roraima
2023;0,19952309718982028;Pacaraima;1400456;Roraima
2024;0,7332317532071503;Pacaraima;1400456;Roraima
2007;1003,2149450114482;Rorainopolis;1400472;Roraima
2008;25,996176808587013;Rorainopolis;1400472;Roraima
2009;18,162546459360826;Rorainopolis;1400472;Roraima
2010;15,872496921337996;Rorainopolis;1400472;Roraima
2011;10,800646692231924;Rorainopolis;1400472;Roraima
2012;15,498632605595759;Rorainopolis;1400472;Roraima
2013;22,814299921615028;Rorainopolis;1400472;Roraima
2014;19,391886197193987;Rorainopolis;1400472;Roraima
2015;23,258427586974435;Rorainopolis;1400472;Roraima
2016;25,298774117928744;Rorainopolis;1400472;Roraima
2017;33,70283011177889;Rorainopolis;1400472;Roraima
2018;37,71854839001376;Rorainopolis;1400472;Roraima
2019;97,17575444236968;Rorainopolis;1400472;Roraima
2020;79,51673868340097;Rorainopolis;1400472;Roraima
2021;53,992421911576116;Rorainopolis;1400472;Roraima
2022;78,73735547382691;Rorainopolis;1400472;Roraima
2023;68,11235894204127;Rorainopolis;1400472;Roraima
2024;55,05120872728975;Rorainopolis;1400472;Roraima
2007;483,04492862000285;Sao Joao da Baliza;1400506;Roraima
2008;15,132121538184373;Sao Joao da Baliza;1400506;Roraima
2009;8,83580046892281;Sao Joao da Baliza;1400506;Roraima
2010;7,34286601750846;Sao Joao da Baliza;1400506;Roraima
2011;5,041676375577455;Sao Joao da Baliza;1400506;Roraima
2012;3,6961720271758782;Sao Joao da Baliza;1400506;Roraima
2013;6,663317199198335;Sao Joao da Baliza;1400506;Roraima
2014;6,736037883317281;Sao Joao da Baliza;1400506;Roraima
2015;3,4952351600707505;Sao Joao da Baliza;1400506;Roraima
2016;6,219616112863444;Sao Joao da Baliza;1400506;Roraima
2017;4,534452737813943;Sao Joao da Baliza;1400506;Roraima
2018;4,925505105496362;Sao Joao da Baliza;1400506;Roraima
2019;10,60885433849357;Sao Joao da Baliza;1400506;Roraima
2020;8,297603090186167;Sao Joao da Baliza;1400506;Roraima
2021;21,373736988277326;Sao Joao da Baliza;1400506;Roraima
2022;17,188285106839725;Sao Joao da Baliza;1400506;Roraima
2023;8,653226373706337;Sao Joao da Baliza;1400506;Roraima
2024;8,255201470136138;Sao Joao da Baliza;1400506;Roraima
2007;549,5083763919423;Sao Luiz;1400605;Roraima
2008;12,817798522915915;Sao Luiz;1400605;Roraima
2009;5,466042235768249;Sao Luiz;1400605;Roraima
2010;5,147642864193227;Sao Luiz;1400605;Roraima
2011;5,415277655359858;Sao Luiz;1400605;Roraima
2012;4,299542933234066;Sao Luiz;1400605;Roraima
2013;6,794494914457401;Sao Luiz;1400605;Roraima
2014;3,8857389453309024;Sao Luiz;1400605;Roraima
2015;4,209035090781266;Sao Luiz;1400605;Roraima
2016;6,78774469021304;Sao Luiz;1400605;Roraima
2017;3,6054635436057003;Sao Luiz;1400605;Roraima
2018;4,030126736381136;Sao Luiz;1400605;Roraima
2019;10,867242761666406;Sao Luiz;1400605;Roraima
2020;6,529395988780612;Sao Luiz;1400605;Roraima
2021;7,981340830131426;Sao Luiz;1400605;Roraima
2022;8,614703434635159;Sao Luiz;1400605;Roraima
2023;11,776793101602271;Sao Luiz;1400605;Roraima
2024;7,24917332745455;Sao Luiz;1400605;Roraima
2007;32,41005258721402;Uiramuta;1400704;Roraima
2008;0,4441324803640773;Uiramuta;1400704;Roraima
2009;1,6645577959812172;Uiramuta;1400704;Roraima
2010;11,697364529090247;Uiramuta;1400704;Roraima
2011;0,6961258149086003;Uiramuta;1400704;Roraima
2012;0;Uiramuta;1400704;Roraima
2013;0,8291450813458275;Uiramuta;1400704;Roraima
2014;1,1059567981019465;Uiramuta;1400704;Roraima
2015;0,08664365463894844;Uiramuta;1400704;Roraima
2016;0,06678256220370966;Uiramuta;1400704;Roraima
2017;0,17073922840189812;Uiramuta;1400704;Roraima
2018;0;Uiramuta;1400704;Roraima
2019;1,9268257465119634;Uiramuta;1400704;Roraima
2020;0,9897506097505485;Uiramuta;1400704;Roraima
2021;0,5342606366818823;Uiramuta;1400704;Roraima
2022;0,48498069958158224;Uiramuta;1400704;Roraima
2023;0;Uiramuta;1400704;Roraima
2024;0;Uiramuta;1400704;Roraima
2007;5,669821019267593;Abreulandia;1700251;Tocantins
2008;1,8620970613057657;Abreulandia;1700251;Tocantins
2009;0;Abreulandia;1700251;Tocantins
2010;0;Abreulandia;1700251;Tocantins
2011;0;Abreulandia;1700251;Tocantins
2012;0;Abreulandia;1700251;Tocantins
2013;0;Abreulandia;1700251;Tocantins
2014;0;Abreulandia;1700251;Tocantins
2015;0,06840296754839008;Abreulandia;1700251;Tocantins
2016;2,2243245052432674;Abreulandia;1700251;Tocantins
2017;0,14980942302645398;Abreulandia;1700251;Tocantins
2018;0;Abreulandia;1700251;Tocantins
2019;0;Abreulandia;1700251;Tocantins
2020;0,17147473531121935;Abreulandia;1700251;Tocantins
2021;0;Abreulandia;1700251;Tocantins
2022;0,06566093435762017;Abreulandia;1700251;Tocantins
2023;0;Abreulandia;1700251;Tocantins
2024;0;Abreulandia;1700251;Tocantins
2007;104,94234199923063;Aguiarnopolis;1700301;Tocantins
2008;0,08320517321690218;Aguiarnopolis;1700301;Tocantins
2009;0,27004816391230213;Aguiarnopolis;1700301;Tocantins
2010;0,29982261747124045;Aguiarnopolis;1700301;Tocantins
2011;0,13008719577625175;Aguiarnopolis;1700301;Tocantins
2012;0,0893351660244787;Aguiarnopolis;1700301;Tocantins
2013;0;Aguiarnopolis;1700301;Tocantins
2014;0,20211395611370517;Aguiarnopolis;1700301;Tocantins
2015;0,48050054645049317;Aguiarnopolis;1700301;Tocantins
2016;0,17390313162187077;Aguiarnopolis;1700301;Tocantins
2017;0,11842091458635498;Aguiarnopolis;1700301;Tocantins
2018;0,1393312309868346;Aguiarnopolis;1700301;Tocantins
2019;1,9276910100944042;Aguiarnopolis;1700301;Tocantins
2020;0;Aguiarnopolis;1700301;Tocantins
2021;0,611312913211495;Aguiarnopolis;1700301;Tocantins
2022;0,8173786628098567;Aguiarnopolis;1700301;Tocantins
2023;0,6652093977406793;Aguiarnopolis;1700301;Tocantins
2024;0;Aguiarnopolis;1700301;Tocantins
2007;0;Alianca do Tocantins;1700350;Tocantins
2008;0;Alianca do Tocantins;1700350;Tocantins
2009;0;Alianca do Tocantins;1700350;Tocantins
2010;0;Alianca do Tocantins;1700350;Tocantins
2011;0;Alianca do Tocantins;1700350;Tocantins
2012;0;Alianca do Tocantins;1700350;Tocantins
2013;0;Alianca do Tocantins;1700350;Tocantins
2014;0;Alianca do Tocantins;1700350;Tocantins
2015;0;Alianca do Tocantins;1700350;Tocantins
2016;0;Alianca do Tocantins;1700350;Tocantins
2017;0;Alianca do Tocantins;1700350;Tocantins
2018;0;Alianca do Tocantins;1700350;Tocantins
2019;0;Alianca do Tocantins;1700350;Tocantins
2020;0;Alianca do Tocantins;1700350;Tocantins
2021;0;Alianca do Tocantins;1700350;Tocantins
2022;0;Alianca do Tocantins;1700350;Tocantins
2023;0;Alianca do Tocantins;1700350;Tocantins
2024;0;Alianca do Tocantins;1700350;Tocantins
2007;0;Almas;1700400;Tocantins
2008;0;Almas;1700400;Tocantins
2009;0;Almas;1700400;Tocantins
2010;0;Almas;1700400;Tocantins
2011;0;Almas;1700400;Tocantins
2012;0;Almas;1700400;Tocantins
2013;0;Almas;1700400;Tocantins
2014;0;Almas;1700400;Tocantins
2015;0;Almas;1700400;Tocantins
2016;0;Almas;1700400;Tocantins
2017;0;Almas;1700400;Tocantins
2018;0;Almas;1700400;Tocantins
2019;0;Almas;1700400;Tocantins
2020;0;Almas;1700400;Tocantins
2021;0;Almas;1700400;Tocantins
2022;0;Almas;1700400;Tocantins
2023;0;Almas;1700400;Tocantins
2024;0;Almas;1700400;Tocantins
2007;0;Alvorada;1700707;Tocantins
2008;0;Alvorada;1700707;Tocantins
2009;0;Alvorada;1700707;Tocantins
2010;0;Alvorada;1700707;Tocantins
2011;0;Alvorada;1700707;Tocantins
2012;0;Alvorada;1700707;Tocantins
2013;0;Alvorada;1700707;Tocantins
2014;0;Alvorada;1700707;Tocantins
2015;0;Alvorada;1700707;Tocantins
2016;0;Alvorada;1700707;Tocantins
2017;0;Alvorada;1700707;Tocantins
2018;0;Alvorada;1700707;Tocantins
2019;0;Alvorada;1700707;Tocantins
2020;0;Alvorada;1700707;Tocantins
2021;0;Alvorada;1700707;Tocantins
2022;0;Alvorada;1700707;Tocantins
2023;0;Alvorada;1700707;Tocantins
2024;0;Alvorada;1700707;Tocantins
2007;1153,388302707923;Ananas;1701002;Tocantins
2008;4,68830946408697;Ananas;1701002;Tocantins
2009;1,0527700135304021;Ananas;1701002;Tocantins
2010;1,493279784375313;Ananas;1701002;Tocantins
2011;3,6676240099874695;Ananas;1701002;Tocantins
2012;0,3332040254335997;Ananas;1701002;Tocantins
2013;0,3112683086822987;Ananas;1701002;Tocantins
2014;1,7783324745379183;Ananas;1701002;Tocantins
2015;1,984896002252807;Ananas;1701002;Tocantins
2016;0,19519555344146358;Ananas;1701002;Tocantins
2017;0;Ananas;1701002;Tocantins
2018;1,142936908029312;Ananas;1701002;Tocantins
2019;0,2845802199674038;Ananas;1701002;Tocantins
2020;5,204018267032309;Ananas;1701002;Tocantins
2021;0,6202691974597164;Ananas;1701002;Tocantins
2022;0,5332570878413229;Ananas;1701002;Tocantins
2023;0,5517603653609141;Ananas;1701002;Tocantins
2024;0;Ananas;1701002;Tocantins
2007;194,27508425809606;Angico;1701051;Tocantins
2008;2,565318063974047;Angico;1701051;Tocantins
2009;0,06550537374899536;Angico;1701051;Tocantins
2010;0,2852806878533514;Angico;1701051;Tocantins
2011;0,04605359499734811;Angico;1701051;Tocantins
2012;0;Angico;1701051;Tocantins
2013;0,4081017089113446;Angico;1701051;Tocantins
2014;0;Angico;1701051;Tocantins
2015;0,15560482351600635;Angico;1701051;Tocantins
2016;0;Angico;1701051;Tocantins
2017;0,07011895089858941;Angico;1701051;Tocantins
2018;1,683041374631233;Angico;1701051;Tocantins
2019;2,0145272566484427;Angico;1701051;Tocantins
2020;0,22587891960054984;Angico;1701051;Tocantins
2021;0;Angico;1701051;Tocantins
2022;0,08424374385876088;Angico;1701051;Tocantins
2023;0;Angico;1701051;Tocantins
2024;0;Angico;1701051;Tocantins
2007;0;Aparecida do Rio Negro;1701101;Tocantins
2008;0;Aparecida do Rio Negro;1701101;Tocantins
2009;0;Aparecida do Rio Negro;1701101;Tocantins
2010;0;Aparecida do Rio Negro;1701101;Tocantins
2011;0;Aparecida do Rio Negro;1701101;Tocantins
2012;0;Aparecida do Rio Negro;1701101;Tocantins
2013;0;Aparecida do Rio Negro;1701101;Tocantins
2014;0;Aparecida do Rio Negro;1701101;Tocantins
2015;0;Aparecida do Rio Negro;1701101;Tocantins
2016;0;Aparecida do Rio Negro;1701101;Tocantins
2017;0;Aparecida do Rio Negro;1701101;Tocantins
2018;0;Aparecida do Rio Negro;1701101;Tocantins
2019;0;Aparecida do Rio Negro;1701101;Tocantins
2020;0;Aparecida do Rio Negro;1701101;Tocantins
2021;0;Aparecida do Rio Negro;1701101;Tocantins
2022;0;Aparecida do Rio Negro;1701101;Tocantins
2023;0;Aparecida do Rio Negro;1701101;Tocantins
2024;0;Aparecida do Rio Negro;1701101;Tocantins
2007;976,7753759745208;Aragominas;1701309;Tocantins
2008;10,753512923726923;Aragominas;1701309;Tocantins
2009;3,4842665372258943;Aragominas;1701309;Tocantins
2010;5,574831140038149;Aragominas;1701309;Tocantins
2011;2,5677878595460766;Aragominas;1701309;Tocantins
2012;1,8403526347393693;Aragominas;1701309;Tocantins
2013;3,200438487070105;Aragominas;1701309;Tocantins
2014;1,3313890351039999;Aragominas;1701309;Tocantins
2015;1,754891736848105;Aragominas;1701309;Tocantins
2016;1,3181813940479001;Aragominas;1701309;Tocantins
2017;1,855452368259546;Aragominas;1701309;Tocantins
2018;0,9542814169257654;Aragominas;1701309;Tocantins
2019;0,29463638944900594;Aragominas;1701309;Tocantins
2020;1,5976925675271212;Aragominas;1701309;Tocantins
2021;0,936640421669384;Aragominas;1701309;Tocantins
2022;1,7132952863747763;Aragominas;1701309;Tocantins
2023;0,7724472414487572;Aragominas;1701309;Tocantins
2024;0,2413795352211716;Aragominas;1701309;Tocantins
2007;46,8239879718519;Araguacema;1701903;Tocantins
2008;1,230340106725356;Araguacema;1701903;Tocantins
2009;1,8441750539676187;Araguacema;1701903;Tocantins
2010;3,1440145775261907;Araguacema;1701903;Tocantins
2011;0,6334644076440025;Araguacema;1701903;Tocantins
2012;0,3782135753328436;Araguacema;1701903;Tocantins
2013;1,4095776312766988;Araguacema;1701903;Tocantins
2014;0,22095078974153126;Araguacema;1701903;Tocantins
2015;4,503008648405378;Araguacema;1701903;Tocantins
2016;4,103390401677057;Araguacema;1701903;Tocantins
2017;0,2090180858224486;Araguacema;1701903;Tocantins
2018;0,39218319533538704;Araguacema;1701903;Tocantins
2019;0,06834888222620493;Araguacema;1701903;Tocantins
2020;0,2731786384836624;Araguacema;1701903;Tocantins
2021;0,33004299006453747;Araguacema;1701903;Tocantins
2022;1,1154997898222363;Araguacema;1701903;Tocantins
2023;0,8971354518750595;Araguacema;1701903;Tocantins
2024;0,39829082122083054;Araguacema;1701903;Tocantins
2007;0,025189539179283606;Araguacu;1702000;Tocantins
2008;0;Araguacu;1702000;Tocantins
2009;0;Araguacu;1702000;Tocantins
2010;0;Araguacu;1702000;Tocantins
2011;0;Araguacu;1702000;Tocantins
2012;0;Araguacu;1702000;Tocantins
2013;0;Araguacu;1702000;Tocantins
2014;0;Araguacu;1702000;Tocantins
2015;0;Araguacu;1702000;Tocantins
2016;0;Araguacu;1702000;Tocantins
2017;0;Araguacu;1702000;Tocantins
2018;0;Araguacu;1702000;Tocantins
2019;0;Araguacu;1702000;Tocantins
2020;0;Araguacu;1702000;Tocantins
2021;0;Araguacu;1702000;Tocantins
2022;0;Araguacu;1702000;Tocantins
2023;0;Araguacu;1702000;Tocantins
2024;0;Araguacu;1702000;Tocantins
2007;2662,4212466001536;Araguaina;1702109;Tocantins
2008;2,307675063420205;Araguaina;1702109;Tocantins
2009;1,8917905290571202;Araguaina;1702109;Tocantins
2010;1,210673102392897;Araguaina;1702109;Tocantins
2011;1,3904346673824826;Araguaina;1702109;Tocantins
2012;1,4521864495424819;Araguaina;1702109;Tocantins
2013;10,109489743632341;Araguaina;1702109;Tocantins
2014;0,1266368709753506;Araguaina;1702109;Tocantins
2015;2,0723144772805524;Araguaina;1702109;Tocantins
2016;1,799092996266425;Araguaina;1702109;Tocantins
2017;0,9347078109426494;Araguaina;1702109;Tocantins
2018;0,16409349364900483;Araguaina;1702109;Tocantins
2019;1,4145189387303372;Araguaina;1702109;Tocantins
2020;0,3037437911054022;Araguaina;1702109;Tocantins
2021;1,2924694755353527;Araguaina;1702109;Tocantins
2022;1,7061341175013134;Araguaina;1702109;Tocantins
2023;1,3782464161025987;Araguaina;1702109;Tocantins
2024;0;Araguaina;1702109;Tocantins
2007;744,5961372794249;Araguana;1702158;Tocantins
2008;0,5849649255006938;Araguana;1702158;Tocantins
2009;0,20085653208604592;Araguana;1702158;Tocantins
2010;0,33063348068867765;Araguana;1702158;Tocantins
2011;0,24088128475255238;Araguana;1702158;Tocantins
2012;0,5475823333615683;Araguana;1702158;Tocantins
2013;0;Araguana;1702158;Tocantins
2014;0,1955278414014487;Araguana;1702158;Tocantins
2015;0;Araguana;1702158;Tocantins
2016;0;Araguana;1702158;Tocantins
2017;0;Araguana;1702158;Tocantins
2018;0,24627881108099897;Araguana;1702158;Tocantins
2019;0,12774044588323324;Araguana;1702158;Tocantins
2020;0,23795892364156762;Araguana;1702158;Tocantins
2021;0;Araguana;1702158;Tocantins
2022;0,41387790363649674;Araguana;1702158;Tocantins
2023;0,10575765844788801;Araguana;1702158;Tocantins
2024;0;Araguana;1702158;Tocantins
2007;1785,7926659558536;Araguatins;1702208;Tocantins
2008;14,779584732082244;Araguatins;1702208;Tocantins
2009;5,289103728781911;Araguatins;1702208;Tocantins
2010;9,430873142895166;Araguatins;1702208;Tocantins
2011;2,6525685608009724;Araguatins;1702208;Tocantins
2012;1,7818209424353577;Araguatins;1702208;Tocantins
2013;1,8029013544257553;Araguatins;1702208;Tocantins
2014;3,957929768696939;Araguatins;1702208;Tocantins
2015;3,6446205629527406;Araguatins;1702208;Tocantins
2016;2,7176295197017226;Araguatins;1702208;Tocantins
2017;3,236533267253158;Araguatins;1702208;Tocantins
2018;2,6271145021166826;Araguatins;1702208;Tocantins
2019;2,2348896241704033;Araguatins;1702208;Tocantins
2020;1,5406629561396767;Araguatins;1702208;Tocantins
2021;3,909055220834146;Araguatins;1702208;Tocantins
2022;3,5605019634448842;Araguatins;1702208;Tocantins
2023;4,76266200000674;Araguatins;1702208;Tocantins
2024;0,26201300252877613;Araguatins;1702208;Tocantins
2007;1461,1437410294254;Arapoema;1702307;Tocantins
2008;0;Arapoema;1702307;Tocantins
2009;0,08472094969162314;Arapoema;1702307;Tocantins
2010;0,2596387056891201;Arapoema;1702307;Tocantins
2011;0,1909034352290637;Arapoema;1702307;Tocantins
2012;0,47554492917625896;Arapoema;1702307;Tocantins
2013;0;Arapoema;1702307;Tocantins
2014;1,3102478531293391;Arapoema;1702307;Tocantins
2015;0;Arapoema;1702307;Tocantins
2016;2,084561023682697;Arapoema;1702307;Tocantins
2017;0,40787009897941223;Arapoema;1702307;Tocantins
2018;0,19054298938124073;Arapoema;1702307;Tocantins
2019;0,2860898336337747;Arapoema;1702307;Tocantins
2020;0,06979994707616631;Arapoema;1702307;Tocantins
2021;0,14578707068358776;Arapoema;1702307;Tocantins
2022;0,2722434150084116;Arapoema;1702307;Tocantins
2023;0,24991799165796413;Arapoema;1702307;Tocantins
2024;0,7177098956374722;Arapoema;1702307;Tocantins
2007;0;Arraias;1702406;Tocantins
2008;0;Arraias;1702406;Tocantins
2009;0;Arraias;1702406;Tocantins
2010;0;Arraias;1702406;Tocantins
2011;0;Arraias;1702406;Tocantins
2012;0;Arraias;1702406;Tocantins
2013;0;Arraias;1702406;Tocantins
2014;0;Arraias;1702406;Tocantins
2015;0;Arraias;1702406;Tocantins
2016;0;Arraias;1702406;Tocantins
2017;0;Arraias;1702406;Tocantins
2018;0;Arraias;1702406;Tocantins
2019;0;Arraias;1702406;Tocantins
2020;0;Arraias;1702406;Tocantins
2021;0;Arraias;1702406;Tocantins
2022;0;Arraias;1702406;Tocantins
2023;0;Arraias;1702406;Tocantins
2024;0;Arraias;1702406;Tocantins
2007;381,04020703456916;Augustinopolis;1702554;Tocantins
2008;0,25368050456087643;Augustinopolis;1702554;Tocantins
2009;0;Augustinopolis;1702554;Tocantins
2010;0,4933834306171423;Augustinopolis;1702554;Tocantins
2011;0,07749641736077705;Augustinopolis;1702554;Tocantins
2012;0,07852004459061789;Augustinopolis;1702554;Tocantins
2013;0;Augustinopolis;1702554;Tocantins
2014;0,6020549239015992;Augustinopolis;1702554;Tocantins
2015;0,3124597552548788;Augustinopolis;1702554;Tocantins
2016;0;Augustinopolis;1702554;Tocantins
2017;0,2516190977305988;Augustinopolis;1702554;Tocantins
2018;0,04026365478451317;Augustinopolis;1702554;Tocantins
2019;0,354070687033609;Augustinopolis;1702554;Tocantins
2020;0,10398372076964299;Augustinopolis;1702554;Tocantins
2021;0,07479034358522321;Augustinopolis;1702554;Tocantins
2022;0,40210049293443495;Augustinopolis;1702554;Tocantins
2023;0,12464498707288081;Augustinopolis;1702554;Tocantins
2024;0;Augustinopolis;1702554;Tocantins
2007;0;Aurora do Tocantins;1702703;Tocantins
2008;0;Aurora do Tocantins;1702703;Tocantins
2009;0;Aurora do Tocantins;1702703;Tocantins
2010;0;Aurora do Tocantins;1702703;Tocantins
2011;0;Aurora do Tocantins;1702703;Tocantins
2012;0;Aurora do Tocantins;1702703;Tocantins
2013;0;Aurora do Tocantins;1702703;Tocantins
2014;0;Aurora do Tocantins;1702703;Tocantins
2015;0;Aurora do Tocantins;1702703;Tocantins
2016;0;Aurora do Tocantins;1702703;Tocantins
2017;0;Aurora do Tocantins;1702703;Tocantins
2018;0;Aurora do Tocantins;1702703;Tocantins
2019;0;Aurora do Tocantins;1702703;Tocantins
2020;0;Aurora do Tocantins;1702703;Tocantins
2021;0;Aurora do Tocantins;1702703;Tocantins
2022;0;Aurora do Tocantins;1702703;Tocantins
2023;0;Aurora do Tocantins;1702703;Tocantins
2024;0;Aurora do Tocantins;1702703;Tocantins
2007;138,84848670644442;Axixa do Tocantins;1702901;Tocantins
2008;0,2390950291592037;Axixa do Tocantins;1702901;Tocantins
2009;0,060303727023697844;Axixa do Tocantins;1702901;Tocantins
2010;0,088372855261236;Axixa do Tocantins;1702901;Tocantins
2011;0,07027874549690369;Axixa do Tocantins;1702901;Tocantins
2012;0,06207781668475828;Axixa do Tocantins;1702901;Tocantins
2013;0;Axixa do Tocantins;1702901;Tocantins
2014;0,3563643344128673;Axixa do Tocantins;1702901;Tocantins
2015;0,06667879955641781;Axixa do Tocantins;1702901;Tocantins
2016;0;Axixa do Tocantins;1702901;Tocantins
2017;0;Axixa do Tocantins;1702901;Tocantins
2018;0,0718131171875046;Axixa do Tocantins;1702901;Tocantins
2019;0;Axixa do Tocantins;1702901;Tocantins
2020;0,06680614577553279;Axixa do Tocantins;1702901;Tocantins
2021;0;Axixa do Tocantins;1702901;Tocantins
2022;0,10521155297109598;Axixa do Tocantins;1702901;Tocantins
2023;0;Axixa do Tocantins;1702901;Tocantins
2024;0,040206825825750636;Axixa do Tocantins;1702901;Tocantins
2007;2,8001493406916595;Babaculandia;1703008;Tocantins
2008;0;Babaculandia;1703008;Tocantins
2009;0;Babaculandia;1703008;Tocantins
2010;0;Babaculandia;1703008;Tocantins
2011;0;Babaculandia;1703008;Tocantins
2012;0;Babaculandia;1703008;Tocantins
2013;0;Babaculandia;1703008;Tocantins
2014;0;Babaculandia;1703008;Tocantins
2015;0;Babaculandia;1703008;Tocantins
2016;0;Babaculandia;1703008;Tocantins
2017;0;Babaculandia;1703008;Tocantins
2018;0;Babaculandia;1703008;Tocantins
2019;0;Babaculandia;1703008;Tocantins
2020;0;Babaculandia;1703008;Tocantins
2021;0;Babaculandia;1703008;Tocantins
2022;0;Babaculandia;1703008;Tocantins
2023;0;Babaculandia;1703008;Tocantins
2024;0;Babaculandia;1703008;Tocantins
2007;1497,235457786768;Bandeirantes do Tocantins;1703057;Tocantins
2008;0,6775027702634431;Bandeirantes do Tocantins;1703057;Tocantins
2009;0;Bandeirantes do Tocantins;1703057;Tocantins
2010;0,26817714652937136;Bandeirantes do Tocantins;1703057;Tocantins
2011;0,04703325551011697;Bandeirantes do Tocantins;1703057;Tocantins
2012;0;Bandeirantes do Tocantins;1703057;Tocantins
2013;0;Bandeirantes do Tocantins;1703057;Tocantins
2014;0;Bandeirantes do Tocantins;1703057;Tocantins
2015;0;Bandeirantes do Tocantins;1703057;Tocantins
2016;0;Bandeirantes do Tocantins;1703057;Tocantins
2017;0;Bandeirantes do Tocantins;1703057;Tocantins
2018;0;Bandeirantes do Tocantins;1703057;Tocantins
2019;0,21697728647785064;Bandeirantes do Tocantins;1703057;Tocantins
2020;0;Bandeirantes do Tocantins;1703057;Tocantins
2021;0;Bandeirantes do Tocantins;1703057;Tocantins
2022;0;Bandeirantes do Tocantins;1703057;Tocantins
2023;0;Bandeirantes do Tocantins;1703057;Tocantins
2024;0;Bandeirantes do Tocantins;1703057;Tocantins
2007;0;Barra do Ouro;1703073;Tocantins
2008;0;Barra do Ouro;1703073;Tocantins
2009;0;Barra do Ouro;1703073;Tocantins
2010;0;Barra do Ouro;1703073;Tocantins
2011;0;Barra do Ouro;1703073;Tocantins
2012;0;Barra do Ouro;1703073;Tocantins
2013;0;Barra do Ouro;1703073;Tocantins
2014;0;Barra do Ouro;1703073;Tocantins
2015;0;Barra do Ouro;1703073;Tocantins
2016;0;Barra do Ouro;1703073;Tocantins
2017;0;Barra do Ouro;1703073;Tocantins
2018;0;Barra do Ouro;1703073;Tocantins
2019;0;Barra do Ouro;1703073;Tocantins
2020;0;Barra do Ouro;1703073;Tocantins
2021;0;Barra do Ouro;1703073;Tocantins
2022;0;Barra do Ouro;1703073;Tocantins
2023;0;Barra do Ouro;1703073;Tocantins
2024;0;Barra do Ouro;1703073;Tocantins
2007;0;Barrolandia;1703107;Tocantins
2008;0;Barrolandia;1703107;Tocantins
2009;0;Barrolandia;1703107;Tocantins
2010;0;Barrolandia;1703107;Tocantins
2011;0;Barrolandia;1703107;Tocantins
2012;0;Barrolandia;1703107;Tocantins
2013;0;Barrolandia;1703107;Tocantins
2014;0;Barrolandia;1703107;Tocantins
2015;0;Barrolandia;1703107;Tocantins
2016;0;Barrolandia;1703107;Tocantins
2017;0;Barrolandia;1703107;Tocantins
2018;0;Barrolandia;1703107;Tocantins
2019;0;Barrolandia;1703107;Tocantins
2020;0;Barrolandia;1703107;Tocantins
2021;0;Barrolandia;1703107;Tocantins
2022;0;Barrolandia;1703107;Tocantins
2023;0;Barrolandia;1703107;Tocantins
2024;0;Barrolandia;1703107;Tocantins
2007;889,9233523259973;Bernardo Sayao;1703206;Tocantins
2008;0,975216028306438;Bernardo Sayao;1703206;Tocantins
2009;0,3490229252256555;Bernardo Sayao;1703206;Tocantins
2010;0,08137103401912346;Bernardo Sayao;1703206;Tocantins
2011;0;Bernardo Sayao;1703206;Tocantins
2012;0;Bernardo Sayao;1703206;Tocantins
2013;0;Bernardo Sayao;1703206;Tocantins
2014;0;Bernardo Sayao;1703206;Tocantins
2015;0;Bernardo Sayao;1703206;Tocantins
2016;0,17519219706598893;Bernardo Sayao;1703206;Tocantins
2017;0;Bernardo Sayao;1703206;Tocantins
2018;0;Bernardo Sayao;1703206;Tocantins
2019;0;Bernardo Sayao;1703206;Tocantins
2020;0,18232461398024677;Bernardo Sayao;1703206;Tocantins
2021;0;Bernardo Sayao;1703206;Tocantins
2022;0,06640975822007632;Bernardo Sayao;1703206;Tocantins
2023;0,08050710132629119;Bernardo Sayao;1703206;Tocantins
2024;0;Bernardo Sayao;1703206;Tocantins
2007;6,94258903639058;Bom Jesus do Tocantins;1703305;Tocantins
2008;0;Bom Jesus do Tocantins;1703305;Tocantins
2009;0;Bom Jesus do Tocantins;1703305;Tocantins
2010;0;Bom Jesus do Tocantins;1703305;Tocantins
2011;0;Bom Jesus do Tocantins;1703305;Tocantins
2012;0;Bom Jesus do Tocantins;1703305;Tocantins
2013;0;Bom Jesus do Tocantins;1703305;Tocantins
2014;0,16100633988783564;Bom Jesus do Tocantins;1703305;Tocantins
2015;0,5558758581982676;Bom Jesus do Tocantins;1703305;Tocantins
2016;0,45396353102652787;Bom Jesus do Tocantins;1703305;Tocantins
2017;0;Bom Jesus do Tocantins;1703305;Tocantins
2018;0;Bom Jesus do Tocantins;1703305;Tocantins
2019;0;Bom Jesus do Tocantins;1703305;Tocantins
2020;0;Bom Jesus do Tocantins;1703305;Tocantins
2021;0,42174178958423303;Bom Jesus do Tocantins;1703305;Tocantins
2022;0;Bom Jesus do Tocantins;1703305;Tocantins
2023;0;Bom Jesus do Tocantins;1703305;Tocantins
2024;0;Bom Jesus do Tocantins;1703305;Tocantins
2007;213,95894609215767;Brasilandia do Tocantins;1703602;Tocantins
2008;0;Brasilandia do Tocantins;1703602;Tocantins
2009;0;Brasilandia do Tocantins;1703602;Tocantins
2010;0;Brasilandia do Tocantins;1703602;Tocantins
2011;0;Brasilandia do Tocantins;1703602;Tocantins
2012;0,2780033342658158;Brasilandia do Tocantins;1703602;Tocantins
2013;0,14102712268225526;Brasilandia do Tocantins;1703602;Tocantins
2014;0;Brasilandia do Tocantins;1703602;Tocantins
2015;0;Brasilandia do Tocantins;1703602;Tocantins
2016;0;Brasilandia do Tocantins;1703602;Tocantins
2017;0;Brasilandia do Tocantins;1703602;Tocantins
2018;0,1228175545053442;Brasilandia do Tocantins;1703602;Tocantins
2019;0;Brasilandia do Tocantins;1703602;Tocantins
2020;0;Brasilandia do Tocantins;1703602;Tocantins
2021;0;Brasilandia do Tocantins;1703602;Tocantins
2022;0;Brasilandia do Tocantins;1703602;Tocantins
2023;0;Brasilandia do Tocantins;1703602;Tocantins
2024;0;Brasilandia do Tocantins;1703602;Tocantins
2007;0;Brejinho de Nazare;1703701;Tocantins
2008;0;Brejinho de Nazare;1703701;Tocantins
2009;0;Brejinho de Nazare;1703701;Tocantins
2010;0;Brejinho de Nazare;1703701;Tocantins
2011;0;Brejinho de Nazare;1703701;Tocantins
2012;0;Brejinho de Nazare;1703701;Tocantins
2013;0;Brejinho de Nazare;1703701;Tocantins
2014;0;Brejinho de Nazare;1703701;Tocantins
2015;0;Brejinho de Nazare;1703701;Tocantins
2016;0;Brejinho de Nazare;1703701;Tocantins
2017;0;Brejinho de Nazare;1703701;Tocantins
2018;0;Brejinho de Nazare;1703701;Tocantins
2019;0;Brejinho de Nazare;1703701;Tocantins
2020;0;Brejinho de Nazare;1703701;Tocantins
2021;0;Brejinho de Nazare;1703701;Tocantins
2022;0;Brejinho de Nazare;1703701;Tocantins
2023;0;Brejinho de Nazare;1703701;Tocantins
2024;0;Brejinho de Nazare;1703701;Tocantins
2007;213,03268995683973;Buriti do Tocantins;1703800;Tocantins
2008;0,07753455696531442;Buriti do Tocantins;1703800;Tocantins
2009;0;Buriti do Tocantins;1703800;Tocantins
2010;0;Buriti do Tocantins;1703800;Tocantins
2011;0;Buriti do Tocantins;1703800;Tocantins
2012;0;Buriti do Tocantins;1703800;Tocantins
2013;0;Buriti do Tocantins;1703800;Tocantins
2014;0,15521368121025858;Buriti do Tocantins;1703800;Tocantins
2015;0;Buriti do Tocantins;1703800;Tocantins
2016;0;Buriti do Tocantins;1703800;Tocantins
2017;0;Buriti do Tocantins;1703800;Tocantins
2018;0;Buriti do Tocantins;1703800;Tocantins
2019;0;Buriti do Tocantins;1703800;Tocantins
2020;0,13347467192940432;Buriti do Tocantins;1703800;Tocantins
2021;0;Buriti do Tocantins;1703800;Tocantins
2022;0;Buriti do Tocantins;1703800;Tocantins
2023;0;Buriti do Tocantins;1703800;Tocantins
2024;0;Buriti do Tocantins;1703800;Tocantins
2007;105,03661918593474;Cachoeirinha;1703826;Tocantins
2008;0,5051852024749834;Cachoeirinha;1703826;Tocantins
2009;0,14568696732250472;Cachoeirinha;1703826;Tocantins
2010;0;Cachoeirinha;1703826;Tocantins
2011;0,14691468807381677;Cachoeirinha;1703826;Tocantins
2012;0,7185329550285023;Cachoeirinha;1703826;Tocantins
2013;0;Cachoeirinha;1703826;Tocantins
2014;0,3720180577730401;Cachoeirinha;1703826;Tocantins
2015;0,4926416309622697;Cachoeirinha;1703826;Tocantins
2016;0,316387989905381;Cachoeirinha;1703826;Tocantins
2017;0;Cachoeirinha;1703826;Tocantins
2018;0;Cachoeirinha;1703826;Tocantins
2019;0,13216216335291825;Cachoeirinha;1703826;Tocantins
2020;0,29817002658816866;Cachoeirinha;1703826;Tocantins
2021;0,010458179436075297;Cachoeirinha;1703826;Tocantins
2022;0;Cachoeirinha;1703826;Tocantins
2023;0,24460325220305587;Cachoeirinha;1703826;Tocantins
2024;0;Cachoeirinha;1703826;Tocantins
2007;0,11826323831747645;Campos Lindos;1703842;Tocantins
2008;0;Campos Lindos;1703842;Tocantins
2009;0;Campos Lindos;1703842;Tocantins
2010;0;Campos Lindos;1703842;Tocantins
2011;0;Campos Lindos;1703842;Tocantins
2012;0;Campos Lindos;1703842;Tocantins
2013;0;Campos Lindos;1703842;Tocantins
2014;0;Campos Lindos;1703842;Tocantins
2015;0;Campos Lindos;1703842;Tocantins
2016;0;Campos Lindos;1703842;Tocantins
2017;0;Campos Lindos;1703842;Tocantins
2018;0;Campos Lindos;1703842;Tocantins
2019;0;Campos Lindos;1703842;Tocantins
2020;0;Campos Lindos;1703842;Tocantins
2021;0;Campos Lindos;1703842;Tocantins
2022;0;Campos Lindos;1703842;Tocantins
2023;0;Campos Lindos;1703842;Tocantins
2024;0;Campos Lindos;1703842;Tocantins
2007;0;Cariri do Tocantins;1703867;Tocantins
2008;0;Cariri do Tocantins;1703867;Tocantins
2009;0;Cariri do Tocantins;1703867;Tocantins
2010;0;Cariri do Tocantins;1703867;Tocantins
2011;0;Cariri do Tocantins;1703867;Tocantins
2012;0;Cariri do Tocantins;1703867;Tocantins
2013;0;Cariri do Tocantins;1703867;Tocantins
2014;0;Cariri do Tocantins;1703867;Tocantins
2015;0;Cariri do Tocantins;1703867;Tocantins
2016;0;Cariri do Tocantins;1703867;Tocantins
2017;0;Cariri do Tocantins;1703867;Tocantins
2018;0;Cariri do Tocantins;1703867;Tocantins
2019;0;Cariri do Tocantins;1703867;Tocantins
2020;0;Cariri do Tocantins;1703867;Tocantins
2021;0;Cariri do Tocantins;1703867;Tocantins
2022;0;Cariri do Tocantins;1703867;Tocantins
2023;0;Cariri do Tocantins;1703867;Tocantins
2024;0;Cariri do Tocantins;1703867;Tocantins
2007;305,81486039209443;Carmolandia;1703883;Tocantins
2008;0,08246430069601218;Carmolandia;1703883;Tocantins
2009;0;Carmolandia;1703883;Tocantins
2010;0;Carmolandia;1703883;Tocantins
2011;0,4844609565630159;Carmolandia;1703883;Tocantins
2012;0;Carmolandia;1703883;Tocantins
2013;0;Carmolandia;1703883;Tocantins
2014;0,07161217997422113;Carmolandia;1703883;Tocantins
2015;0,19745155707784737;Carmolandia;1703883;Tocantins
2016;0;Carmolandia;1703883;Tocantins
2017;0;Carmolandia;1703883;Tocantins
2018;0;Carmolandia;1703883;Tocantins
2019;0,128461236528352;Carmolandia;1703883;Tocantins
2020;0;Carmolandia;1703883;Tocantins
2021;0,2340156763007673;Carmolandia;1703883;Tocantins
2022;0,30478260032553234;Carmolandia;1703883;Tocantins
2023;0,18108227981219077;Carmolandia;1703883;Tocantins
2024;0;Carmolandia;1703883;Tocantins
2007;132,0082183720036;Carrasco Bonito;1703891;Tocantins
2008;0,3183507708899428;Carrasco Bonito;1703891;Tocantins
2009;0;Carrasco Bonito;1703891;Tocantins
2010;0;Carrasco Bonito;1703891;Tocantins
2011;0;Carrasco Bonito;1703891;Tocantins
2012;0;Carrasco Bonito;1703891;Tocantins
2013;0;Carrasco Bonito;1703891;Tocantins
2014;0;Carrasco Bonito;1703891;Tocantins
2015;0;Carrasco Bonito;1703891;Tocantins
2016;0;Carrasco Bonito;1703891;Tocantins
2017;0;Carrasco Bonito;1703891;Tocantins
2018;0;Carrasco Bonito;1703891;Tocantins
2019;0;Carrasco Bonito;1703891;Tocantins
2020;0,00008395456721499927;Carrasco Bonito;1703891;Tocantins
2021;0;Carrasco Bonito;1703891;Tocantins
2022;0,10160335079049174;Carrasco Bonito;1703891;Tocantins
2023;0;Carrasco Bonito;1703891;Tocantins
2024;0;Carrasco Bonito;1703891;Tocantins
2007;261,2641994472286;Caseara;1703909;Tocantins
2008;2,6055452632150424;Caseara;1703909;Tocantins
2009;4,562740618563248;Caseara;1703909;Tocantins
2010;0,5349661968567203;Caseara;1703909;Tocantins
2011;0,39224500490061;Caseara;1703909;Tocantins
2012;0,7185051285489634;Caseara;1703909;Tocantins
2013;29,334013898862064;Caseara;1703909;Tocantins
2014;5,3294387506569985;Caseara;1703909;Tocantins
2015;3,5250333222011196;Caseara;1703909;Tocantins
2016;0,13198782752556865;Caseara;1703909;Tocantins
2017;0,1569759821350062;Caseara;1703909;Tocantins
2018;0,18980024855638533;Caseara;1703909;Tocantins
2019;0,31852548556646265;Caseara;1703909;Tocantins
2020;0,3742020691449256;Caseara;1703909;Tocantins
2021;0;Caseara;1703909;Tocantins
2022;0,24887509401244234;Caseara;1703909;Tocantins
2023;0,12617514990855144;Caseara;1703909;Tocantins
2024;0;Caseara;1703909;Tocantins
2007;0;Centenario;1704105;Tocantins
2008;0;Centenario;1704105;Tocantins
2009;0;Centenario;1704105;Tocantins
2010;0;Centenario;1704105;Tocantins
2011;0;Centenario;1704105;Tocantins
2012;0;Centenario;1704105;Tocantins
2013;0;Centenario;1704105;Tocantins
2014;0;Centenario;1704105;Tocantins
2015;0;Centenario;1704105;Tocantins
2016;0;Centenario;1704105;Tocantins
2017;0;Centenario;1704105;Tocantins
2018;0;Centenario;1704105;Tocantins
2019;0;Centenario;1704105;Tocantins
2020;0;Centenario;1704105;Tocantins
2021;0;Centenario;1704105;Tocantins
2022;0;Centenario;1704105;Tocantins
2023;0;Centenario;1704105;Tocantins
2024;0;Centenario;1704105;Tocantins
2007;0;Chapada da Natividade;1705102;Tocantins
2008;0;Chapada da Natividade;1705102;Tocantins
2009;0;Chapada da Natividade;1705102;Tocantins
2010;0;Chapada da Natividade;1705102;Tocantins
2011;0;Chapada da Natividade;1705102;Tocantins
2012;0;Chapada da Natividade;1705102;Tocantins
2013;0;Chapada da Natividade;1705102;Tocantins
2014;0;Chapada da Natividade;1705102;Tocantins
2015;0;Chapada da Natividade;1705102;Tocantins
2016;0;Chapada da Natividade;1705102;Tocantins
2017;0;Chapada da Natividade;1705102;Tocantins
2018;0;Chapada da Natividade;1705102;Tocantins
2019;0;Chapada da Natividade;1705102;Tocantins
2020;0;Chapada da Natividade;1705102;Tocantins
2021;0;Chapada da Natividade;1705102;Tocantins
2022;0;Chapada da Natividade;1705102;Tocantins
2023;0;Chapada da Natividade;1705102;Tocantins
2024;0;Chapada da Natividade;1705102;Tocantins
2007;1,564004170304894;Chapada de Areia;1704600;Tocantins
2008;0;Chapada de Areia;1704600;Tocantins
2009;0;Chapada de Areia;1704600;Tocantins
2010;0;Chapada de Areia;1704600;Tocantins
2011;0;Chapada de Areia;1704600;Tocantins
2012;0;Chapada de Areia;1704600;Tocantins
2013;0;Chapada de Areia;1704600;Tocantins
2014;0;Chapada de Areia;1704600;Tocantins
2015;0;Chapada de Areia;1704600;Tocantins
2016;0,1665627109506294;Chapada de Areia;1704600;Tocantins
2017;0,08540509668938188;Chapada de Areia;1704600;Tocantins
2018;0,000789116775482893;Chapada de Areia;1704600;Tocantins
2019;0;Chapada de Areia;1704600;Tocantins
2020;0,1880680367971694;Chapada de Areia;1704600;Tocantins
2021;0;Chapada de Areia;1704600;Tocantins
2022;0;Chapada de Areia;1704600;Tocantins
2023;0;Chapada de Areia;1704600;Tocantins
2024;0;Chapada de Areia;1704600;Tocantins
2007;655,4162415628384;Colinas do Tocantins;1705508;Tocantins
2008;0,28158983772904783;Colinas do Tocantins;1705508;Tocantins
2009;0;Colinas do Tocantins;1705508;Tocantins
2010;0;Colinas do Tocantins;1705508;Tocantins
2011;0,16145551618372037;Colinas do Tocantins;1705508;Tocantins
2012;0;Colinas do Tocantins;1705508;Tocantins
2013;0;Colinas do Tocantins;1705508;Tocantins
2014;0;Colinas do Tocantins;1705508;Tocantins
2015;0;Colinas do Tocantins;1705508;Tocantins
2016;0;Colinas do Tocantins;1705508;Tocantins
2017;0;Colinas do Tocantins;1705508;Tocantins
2018;0;Colinas do Tocantins;1705508;Tocantins
2019;0;Colinas do Tocantins;1705508;Tocantins
2020;0;Colinas do Tocantins;1705508;Tocantins
2021;0;Colinas do Tocantins;1705508;Tocantins
2022;0;Colinas do Tocantins;1705508;Tocantins
2023;0;Colinas do Tocantins;1705508;Tocantins
2024;0;Colinas do Tocantins;1705508;Tocantins
2007;759,2281030564533;Colmeia;1716703;Tocantins
2008;0,5754973540924193;Colmeia;1716703;Tocantins
2009;0,5391983982931747;Colmeia;1716703;Tocantins
2010;0,1912657634245553;Colmeia;1716703;Tocantins
2011;0;Colmeia;1716703;Tocantins
2012;0,6566526026379973;Colmeia;1716703;Tocantins
2013;0,21669679142500103;Colmeia;1716703;Tocantins
2014;0,0013224216058948786;Colmeia;1716703;Tocantins
2015;0;Colmeia;1716703;Tocantins
2016;0,4706996465164928;Colmeia;1716703;Tocantins
2017;0;Colmeia;1716703;Tocantins
2018;0;Colmeia;1716703;Tocantins
2019;0,9403532158873085;Colmeia;1716703;Tocantins
2020;0,428047483944627;Colmeia;1716703;Tocantins
2021;0,5556062073694008;Colmeia;1716703;Tocantins
2022;0,48617733972280763;Colmeia;1716703;Tocantins
2023;0;Colmeia;1716703;Tocantins
2024;0,0648499919783229;Colmeia;1716703;Tocantins
2007;0;Combinado;1705557;Tocantins
2008;0;Combinado;1705557;Tocantins
2009;0;Combinado;1705557;Tocantins
2010;0;Combinado;1705557;Tocantins
2011;0;Combinado;1705557;Tocantins
2012;0;Combinado;1705557;Tocantins
2013;0;Combinado;1705557;Tocantins
2014;0;Combinado;1705557;Tocantins
2015;0;Combinado;1705557;Tocantins
2016;0;Combinado;1705557;Tocantins
2017;0;Combinado;1705557;Tocantins
2018;0;Combinado;1705557;Tocantins
2019;0;Combinado;1705557;Tocantins
2020;0;Combinado;1705557;Tocantins
2021;0;Combinado;1705557;Tocantins
2022;0;Combinado;1705557;Tocantins
2023;0;Combinado;1705557;Tocantins
2024;0;Combinado;1705557;Tocantins
2007;0;Conceicao do Tocantins;1705607;Tocantins
2008;0;Conceicao do Tocantins;1705607;Tocantins
2009;0;Conceicao do Tocantins;1705607;Tocantins
2010;0;Conceicao do Tocantins;1705607;Tocantins
2011;0;Conceicao do Tocantins;1705607;Tocantins
2012;0;Conceicao do Tocantins;1705607;Tocantins
2013;0;Conceicao do Tocantins;1705607;Tocantins
2014;0;Conceicao do Tocantins;1705607;Tocantins
2015;0;Conceicao do Tocantins;1705607;Tocantins
2016;0;Conceicao do Tocantins;1705607;Tocantins
2017;0;Conceicao do Tocantins;1705607;Tocantins
2018;0;Conceicao do Tocantins;1705607;Tocantins
2019;0;Conceicao do Tocantins;1705607;Tocantins
2020;0;Conceicao do Tocantins;1705607;Tocantins
2021;0;Conceicao do Tocantins;1705607;Tocantins
2022;0;Conceicao do Tocantins;1705607;Tocantins
2023;0;Conceicao do Tocantins;1705607;Tocantins
2024;0;Conceicao do Tocantins;1705607;Tocantins
2007;230,1773226366186;Couto Magalhaes;1706001;Tocantins
2008;3,2929357716337444;Couto Magalhaes;1706001;Tocantins
2009;0,3095274203629119;Couto Magalhaes;1706001;Tocantins
2010;1,256411167247073;Couto Magalhaes;1706001;Tocantins
2011;0,20719931953816784;Couto Magalhaes;1706001;Tocantins
2012;0,5411314001853625;Couto Magalhaes;1706001;Tocantins
2013;0,2097538765567195;Couto Magalhaes;1706001;Tocantins
2014;0,24782749471328308;Couto Magalhaes;1706001;Tocantins
2015;0,1844240331157889;Couto Magalhaes;1706001;Tocantins
2016;0,44679070710374313;Couto Magalhaes;1706001;Tocantins
2017;0,14582626637765972;Couto Magalhaes;1706001;Tocantins
2018;0,9779451754966083;Couto Magalhaes;1706001;Tocantins
2019;0,13509006560382955;Couto Magalhaes;1706001;Tocantins
2020;0;Couto Magalhaes;1706001;Tocantins
2021;0,2865889299659248;Couto Magalhaes;1706001;Tocantins
2022;0,7309371173631567;Couto Magalhaes;1706001;Tocantins
2023;0;Couto Magalhaes;1706001;Tocantins
2024;0,06190812237232019;Couto Magalhaes;1706001;Tocantins
2007;0;Cristalandia;1706100;Tocantins
2008;0;Cristalandia;1706100;Tocantins
2009;0;Cristalandia;1706100;Tocantins
2010;0;Cristalandia;1706100;Tocantins
2011;0;Cristalandia;1706100;Tocantins
2012;0;Cristalandia;1706100;Tocantins
2013;0;Cristalandia;1706100;Tocantins
2014;0;Cristalandia;1706100;Tocantins
2015;0;Cristalandia;1706100;Tocantins
2016;0;Cristalandia;1706100;Tocantins
2017;0;Cristalandia;1706100;Tocantins
2018;0;Cristalandia;1706100;Tocantins
2019;0;Cristalandia;1706100;Tocantins
2020;0;Cristalandia;1706100;Tocantins
2021;0;Cristalandia;1706100;Tocantins
2022;0;Cristalandia;1706100;Tocantins
2023;0;Cristalandia;1706100;Tocantins
2024;0;Cristalandia;1706100;Tocantins
2007;0;Crixas do Tocantins;1706258;Tocantins
2008;0;Crixas do Tocantins;1706258;Tocantins
2009;0;Crixas do Tocantins;1706258;Tocantins
2010;0;Crixas do Tocantins;1706258;Tocantins
2011;0;Crixas do Tocantins;1706258;Tocantins
2012;0;Crixas do Tocantins;1706258;Tocantins
2013;0;Crixas do Tocantins;1706258;Tocantins
2014;0;Crixas do Tocantins;1706258;Tocantins
2015;0;Crixas do Tocantins;1706258;Tocantins
2016;0;Crixas do Tocantins;1706258;Tocantins
2017;0;Crixas do Tocantins;1706258;Tocantins
2018;0;Crixas do Tocantins;1706258;Tocantins
2019;0;Crixas do Tocantins;1706258;Tocantins
2020;0;Crixas do Tocantins;1706258;Tocantins
2021;0;Crixas do Tocantins;1706258;Tocantins
2022;0;Crixas do Tocantins;1706258;Tocantins
2023;0;Crixas do Tocantins;1706258;Tocantins
2024;0;Crixas do Tocantins;1706258;Tocantins
2007;105,68358161821675;Darcinopolis;1706506;Tocantins
2008;0,5539665690111487;Darcinopolis;1706506;Tocantins
2009;0,2376128393439023;Darcinopolis;1706506;Tocantins
2010;0;Darcinopolis;1706506;Tocantins
2011;0,07151690242968312;Darcinopolis;1706506;Tocantins
2012;0;Darcinopolis;1706506;Tocantins
2013;0,11149913856045382;Darcinopolis;1706506;Tocantins
2014;0;Darcinopolis;1706506;Tocantins
2015;0;Darcinopolis;1706506;Tocantins
2016;0;Darcinopolis;1706506;Tocantins
2017;0;Darcinopolis;1706506;Tocantins
2018;0;Darcinopolis;1706506;Tocantins
2019;0,07209059198112845;Darcinopolis;1706506;Tocantins
2020;0,9692888205005401;Darcinopolis;1706506;Tocantins
2021;0,6125210849681657;Darcinopolis;1706506;Tocantins
2022;0;Darcinopolis;1706506;Tocantins
2023;0;Darcinopolis;1706506;Tocantins
2024;0;Darcinopolis;1706506;Tocantins
2007;0;Dianopolis;1707009;Tocantins
2008;0;Dianopolis;1707009;Tocantins
2009;0;Dianopolis;1707009;Tocantins
2010;0;Dianopolis;1707009;Tocantins
2011;0;Dianopolis;1707009;Tocantins
2012;0;Dianopolis;1707009;Tocantins
2013;0;Dianopolis;1707009;Tocantins
2014;0;Dianopolis;1707009;Tocantins
2015;0;Dianopolis;1707009;Tocantins
2016;0;Dianopolis;1707009;Tocantins
2017;0;Dianopolis;1707009;Tocantins
2018;0;Dianopolis;1707009;Tocantins
2019;0;Dianopolis;1707009;Tocantins
2020;0;Dianopolis;1707009;Tocantins
2021;0;Dianopolis;1707009;Tocantins
2022;0;Dianopolis;1707009;Tocantins
2023;0;Dianopolis;1707009;Tocantins
2024;0;Dianopolis;1707009;Tocantins
2007;18,603363246807866;Divinopolis do Tocantins;1707108;Tocantins
2008;0;Divinopolis do Tocantins;1707108;Tocantins
2009;0,07986828748636085;Divinopolis do Tocantins;1707108;Tocantins
2010;0;Divinopolis do Tocantins;1707108;Tocantins
2011;0;Divinopolis do Tocantins;1707108;Tocantins
2012;0;Divinopolis do Tocantins;1707108;Tocantins
2013;0,007354102632301457;Divinopolis do Tocantins;1707108;Tocantins
2014;0;Divinopolis do Tocantins;1707108;Tocantins
2015;0;Divinopolis do Tocantins;1707108;Tocantins
2016;0,08944456886966153;Divinopolis do Tocantins;1707108;Tocantins
2017;0,08565940995727107;Divinopolis do Tocantins;1707108;Tocantins
2018;0;Divinopolis do Tocantins;1707108;Tocantins
2019;0;Divinopolis do Tocantins;1707108;Tocantins
2020;0;Divinopolis do Tocantins;1707108;Tocantins
2021;0;Divinopolis do Tocantins;1707108;Tocantins
2022;0;Divinopolis do Tocantins;1707108;Tocantins
2023;0,014567990179589922;Divinopolis do Tocantins;1707108;Tocantins
2024;0;Divinopolis do Tocantins;1707108;Tocantins
2007;65,08879980753242;Dois Irmaos do Tocantins;1707207;Tocantins
2008;2,7448328016870165;Dois Irmaos do Tocantins;1707207;Tocantins
2009;0;Dois Irmaos do Tocantins;1707207;Tocantins
2010;0,3538430923271376;Dois Irmaos do Tocantins;1707207;Tocantins
2011;0,14611086805323456;Dois Irmaos do Tocantins;1707207;Tocantins
2012;0,15569639386572598;Dois Irmaos do Tocantins;1707207;Tocantins
2013;0,19705309158014456;Dois Irmaos do Tocantins;1707207;Tocantins
2014;0;Dois Irmaos do Tocantins;1707207;Tocantins
2015;0;Dois Irmaos do Tocantins;1707207;Tocantins
2016;2,6657279911221923;Dois Irmaos do Tocantins;1707207;Tocantins
2017;0;Dois Irmaos do Tocantins;1707207;Tocantins
2018;0,4415888335380317;Dois Irmaos do Tocantins;1707207;Tocantins
2019;0;Dois Irmaos do Tocantins;1707207;Tocantins
2020;0;Dois Irmaos do Tocantins;1707207;Tocantins
2021;0,7715551387844506;Dois Irmaos do Tocantins;1707207;Tocantins
2022;0,06990325960795582;Dois Irmaos do Tocantins;1707207;Tocantins
2023;0,07968404693881287;Dois Irmaos do Tocantins;1707207;Tocantins
2024;0;Dois Irmaos do Tocantins;1707207;Tocantins
2007;33,680403923510546;Duere;1707306;Tocantins
2008;0,06996087964369523;Duere;1707306;Tocantins
2009;0;Duere;1707306;Tocantins
2010;0,12725808631470817;Duere;1707306;Tocantins
2011;0;Duere;1707306;Tocantins
2012;0;Duere;1707306;Tocantins
2013;0,08917589053485941;Duere;1707306;Tocantins
2014;0;Duere;1707306;Tocantins
2015;0,6325389770552283;Duere;1707306;Tocantins
2016;8,10374428636012;Duere;1707306;Tocantins
2017;2,1037515764316135;Duere;1707306;Tocantins
2018;1,5917039070175631;Duere;1707306;Tocantins
2019;0;Duere;1707306;Tocantins
2020;0,3938288744676929;Duere;1707306;Tocantins
2021;5,127476633358617;Duere;1707306;Tocantins
2022;0,14656888318048197;Duere;1707306;Tocantins
2023;5,738677966966643;Duere;1707306;Tocantins
2024;0;Duere;1707306;Tocantins
2007;212,25746098391784;Esperantina;1707405;Tocantins
2008;1,0532423294796325;Esperantina;1707405;Tocantins
2009;1,270789051620239;Esperantina;1707405;Tocantins
2010;0,7118993628063524;Esperantina;1707405;Tocantins
2011;0,13189658142202126;Esperantina;1707405;Tocantins
2012;0,26869361421581756;Esperantina;1707405;Tocantins
2013;0,301557399799555;Esperantina;1707405;Tocantins
2014;0;Esperantina;1707405;Tocantins
2015;0;Esperantina;1707405;Tocantins
2016;0,4580633448231295;Esperantina;1707405;Tocantins
2017;0;Esperantina;1707405;Tocantins
2018;0,1827096311552841;Esperantina;1707405;Tocantins
2019;0,586214050320883;Esperantina;1707405;Tocantins
2020;0,7697899156082556;Esperantina;1707405;Tocantins
2021;0,23433865562817202;Esperantina;1707405;Tocantins
2022;0,31504488379738327;Esperantina;1707405;Tocantins
2023;0,7447718064727553;Esperantina;1707405;Tocantins
2024;0,09882048769869566;Esperantina;1707405;Tocantins
2007;0;Fatima;1707553;Tocantins
2008;0;Fatima;1707553;Tocantins
2009;0;Fatima;1707553;Tocantins
2010;0;Fatima;1707553;Tocantins
2011;0;Fatima;1707553;Tocantins
2012;0;Fatima;1707553;Tocantins
2013;0;Fatima;1707553;Tocantins
2014;0;Fatima;1707553;Tocantins
2015;0;Fatima;1707553;Tocantins
2016;0;Fatima;1707553;Tocantins
2017;0;Fatima;1707553;Tocantins
2018;0;Fatima;1707553;Tocantins
2019;0;Fatima;1707553;Tocantins
2020;0;Fatima;1707553;Tocantins
2021;0;Fatima;1707553;Tocantins
2022;0;Fatima;1707553;Tocantins
2023;0;Fatima;1707553;Tocantins
2024;0;Fatima;1707553;Tocantins
2007;0;Figueiropolis;1707652;Tocantins
2008;0;Figueiropolis;1707652;Tocantins
2009;0;Figueiropolis;1707652;Tocantins
2010;0;Figueiropolis;1707652;Tocantins
2011;0;Figueiropolis;1707652;Tocantins
2012;0;Figueiropolis;1707652;Tocantins
2013;0;Figueiropolis;1707652;Tocantins
2014;0;Figueiropolis;1707652;Tocantins
2015;0;Figueiropolis;1707652;Tocantins
2016;0;Figueiropolis;1707652;Tocantins
2017;0;Figueiropolis;1707652;Tocantins
2018;0;Figueiropolis;1707652;Tocantins
2019;0;Figueiropolis;1707652;Tocantins
2020;0;Figueiropolis;1707652;Tocantins
2021;0;Figueiropolis;1707652;Tocantins
2022;0;Figueiropolis;1707652;Tocantins
2023;0;Figueiropolis;1707652;Tocantins
2024;0;Figueiropolis;1707652;Tocantins
2007;0;Filadelfia;1707702;Tocantins
2008;0;Filadelfia;1707702;Tocantins
2009;0;Filadelfia;1707702;Tocantins
2010;0;Filadelfia;1707702;Tocantins
2011;0;Filadelfia;1707702;Tocantins
2012;0;Filadelfia;1707702;Tocantins
2013;0;Filadelfia;1707702;Tocantins
2014;0;Filadelfia;1707702;Tocantins
2015;0;Filadelfia;1707702;Tocantins
2016;0;Filadelfia;1707702;Tocantins
2017;0;Filadelfia;1707702;Tocantins
2018;0;Filadelfia;1707702;Tocantins
2019;0;Filadelfia;1707702;Tocantins
2020;0;Filadelfia;1707702;Tocantins
2021;0;Filadelfia;1707702;Tocantins
2022;0;Filadelfia;1707702;Tocantins
2023;0;Filadelfia;1707702;Tocantins
2024;0;Filadelfia;1707702;Tocantins
2007;180,01804125951335;Formoso do Araguaia;1708205;Tocantins
2008;2,1594035088375785;Formoso do Araguaia;1708205;Tocantins
2009;1,7537456360363886;Formoso do Araguaia;1708205;Tocantins
2010;1,304762945646227;Formoso do Araguaia;1708205;Tocantins
2011;1,2386977660830198;Formoso do Araguaia;1708205;Tocantins
2012;7,775703135585497;Formoso do Araguaia;1708205;Tocantins
2013;3,4096560924332118;Formoso do Araguaia;1708205;Tocantins
2014;0,9119773582186878;Formoso do Araguaia;1708205;Tocantins
2015;0,3968224219664596;Formoso do Araguaia;1708205;Tocantins
2016;0,4434099727196906;Formoso do Araguaia;1708205;Tocantins
2017;1,9701129532697126;Formoso do Araguaia;1708205;Tocantins
2018;2,3078041290924154;Formoso do Araguaia;1708205;Tocantins
2019;1,9340955541940332;Formoso do Araguaia;1708205;Tocantins
2020;1,8584501806208786;Formoso do Araguaia;1708205;Tocantins
2021;2,091278695462291;Formoso do Araguaia;1708205;Tocantins
2022;2,0015331339506393;Formoso do Araguaia;1708205;Tocantins
2023;1,1787278841364472;Formoso do Araguaia;1708205;Tocantins
2024;0;Formoso do Araguaia;1708205;Tocantins
2007;95,29118041688378;Goianorte;1708304;Tocantins
2008;0,4719414698250567;Goianorte;1708304;Tocantins
2009;0,3305954599940069;Goianorte;1708304;Tocantins
2010;1,909827829194154;Goianorte;1708304;Tocantins
2011;0;Goianorte;1708304;Tocantins
2012;0,4084962101154448;Goianorte;1708304;Tocantins
2013;0,6553038487326704;Goianorte;1708304;Tocantins
2014;0,06205618738627664;Goianorte;1708304;Tocantins
2015;0,2903779297628799;Goianorte;1708304;Tocantins
2016;0,6688873293238882;Goianorte;1708304;Tocantins
2017;0,5648945362873085;Goianorte;1708304;Tocantins
2018;0,09457002126758546;Goianorte;1708304;Tocantins
2019;0;Goianorte;1708304;Tocantins
2020;0;Goianorte;1708304;Tocantins
2021;0,14068124053404904;Goianorte;1708304;Tocantins
2022;0,06524229543675343;Goianorte;1708304;Tocantins
2023;0,07106148533706459;Goianorte;1708304;Tocantins
2024;0,001624887003862299;Goianorte;1708304;Tocantins
2007;0;Goiatins;1709005;Tocantins
2008;0;Goiatins;1709005;Tocantins
2009;0;Goiatins;1709005;Tocantins
2010;0;Goiatins;1709005;Tocantins
2011;0;Goiatins;1709005;Tocantins
2012;0;Goiatins;1709005;Tocantins
2013;0;Goiatins;1709005;Tocantins
2014;0;Goiatins;1709005;Tocantins
2015;0;Goiatins;1709005;Tocantins
2016;0;Goiatins;1709005;Tocantins
2017;0;Goiatins;1709005;Tocantins
2018;0;Goiatins;1709005;Tocantins
2019;0;Goiatins;1709005;Tocantins
2020;0;Goiatins;1709005;Tocantins
2021;0;Goiatins;1709005;Tocantins
2022;0;Goiatins;1709005;Tocantins
2023;0;Goiatins;1709005;Tocantins
2024;0;Goiatins;1709005;Tocantins
2007;1000,9164121101136;Guarai;1709302;Tocantins
2008;4,460578668542004;Guarai;1709302;Tocantins
2009;1,274084488058036;Guarai;1709302;Tocantins
2010;2,1152744868104403;Guarai;1709302;Tocantins
2011;0,915884629756134;Guarai;1709302;Tocantins
2012;3,0845293147337562;Guarai;1709302;Tocantins
2013;4,68465798110805;Guarai;1709302;Tocantins
2014;4,338464534821971;Guarai;1709302;Tocantins
2015;1,6540080123071137;Guarai;1709302;Tocantins
2016;0,20029502124076107;Guarai;1709302;Tocantins
2017;1,0533385977812175;Guarai;1709302;Tocantins
2018;0,1672693502988298;Guarai;1709302;Tocantins
2019;0;Guarai;1709302;Tocantins
2020;0,5007511456764842;Guarai;1709302;Tocantins
2021;0,1421615191817658;Guarai;1709302;Tocantins
2022;0,2923403888168684;Guarai;1709302;Tocantins
2023;0,6773246041805859;Guarai;1709302;Tocantins
2024;0;Guarai;1709302;Tocantins
2007;0;Gurupi;1709500;Tocantins
2008;0;Gurupi;1709500;Tocantins
2009;0;Gurupi;1709500;Tocantins
2010;0;Gurupi;1709500;Tocantins
2011;0;Gurupi;1709500;Tocantins
2012;0;Gurupi;1709500;Tocantins
2013;0;Gurupi;1709500;Tocantins
2014;0;Gurupi;1709500;Tocantins
2015;0;Gurupi;1709500;Tocantins
2016;0;Gurupi;1709500;Tocantins
2017;0;Gurupi;1709500;Tocantins
2018;0;Gurupi;1709500;Tocantins
2019;0;Gurupi;1709500;Tocantins
2020;0;Gurupi;1709500;Tocantins
2021;0;Gurupi;1709500;Tocantins
2022;0;Gurupi;1709500;Tocantins
2023;0;Gurupi;1709500;Tocantins
2024;0;Gurupi;1709500;Tocantins
2007;0;Ipueiras;1709807;Tocantins
2008;0;Ipueiras;1709807;Tocantins
2009;0;Ipueiras;1709807;Tocantins
2010;0;Ipueiras;1709807;Tocantins
2011;0;Ipueiras;1709807;Tocantins
2012;0;Ipueiras;1709807;Tocantins
2013;0;Ipueiras;1709807;Tocantins
2014;0;Ipueiras;1709807;Tocantins
2015;0;Ipueiras;1709807;Tocantins
2016;0;Ipueiras;1709807;Tocantins
2017;0;Ipueiras;1709807;Tocantins
2018;0;Ipueiras;1709807;Tocantins
2019;0;Ipueiras;1709807;Tocantins
2020;0;Ipueiras;1709807;Tocantins
2021;0;Ipueiras;1709807;Tocantins
2022;0;Ipueiras;1709807;Tocantins
2023;0;Ipueiras;1709807;Tocantins
2024;0;Ipueiras;1709807;Tocantins
2007;0;Itacaja;1710508;Tocantins
2008;0;Itacaja;1710508;Tocantins
2009;0;Itacaja;1710508;Tocantins
2010;0;Itacaja;1710508;Tocantins
2011;0;Itacaja;1710508;Tocantins
2012;0;Itacaja;1710508;Tocantins
2013;0;Itacaja;1710508;Tocantins
2014;0;Itacaja;1710508;Tocantins
2015;0;Itacaja;1710508;Tocantins
2016;0;Itacaja;1710508;Tocantins
2017;0;Itacaja;1710508;Tocantins
2018;0;Itacaja;1710508;Tocantins
2019;0;Itacaja;1710508;Tocantins
2020;0;Itacaja;1710508;Tocantins
2021;0;Itacaja;1710508;Tocantins
2022;0;Itacaja;1710508;Tocantins
2023;0;Itacaja;1710508;Tocantins
2024;0;Itacaja;1710508;Tocantins
2007;357,1284465080373;Itaguatins;1710706;Tocantins
2008;1,5278565884077386;Itaguatins;1710706;Tocantins
2009;1,8751643619727905;Itaguatins;1710706;Tocantins
2010;0,4574712303818201;Itaguatins;1710706;Tocantins
2011;2,287291812951286;Itaguatins;1710706;Tocantins
2012;1,2756440922001806;Itaguatins;1710706;Tocantins
2013;0,5752711901182833;Itaguatins;1710706;Tocantins
2014;1,8068577035992235;Itaguatins;1710706;Tocantins
2015;1,0347433899255671;Itaguatins;1710706;Tocantins
2016;0,47194602431033356;Itaguatins;1710706;Tocantins
2017;0,3412683913263189;Itaguatins;1710706;Tocantins
2018;0,5463428073558431;Itaguatins;1710706;Tocantins
2019;0,584902226163495;Itaguatins;1710706;Tocantins
2020;0,20172644157314756;Itaguatins;1710706;Tocantins
2021;0,36956834365714303;Itaguatins;1710706;Tocantins
2022;0,4353875346801299;Itaguatins;1710706;Tocantins
2023;0,6308014477613917;Itaguatins;1710706;Tocantins
2024;0;Itaguatins;1710706;Tocantins
2007;0;Itapiratins;1710904;Tocantins
2008;0;Itapiratins;1710904;Tocantins
2009;0;Itapiratins;1710904;Tocantins
2010;0;Itapiratins;1710904;Tocantins
2011;0;Itapiratins;1710904;Tocantins
2012;0;Itapiratins;1710904;Tocantins
2013;0;Itapiratins;1710904;Tocantins
2014;0;Itapiratins;1710904;Tocantins
2015;0;Itapiratins;1710904;Tocantins
2016;0;Itapiratins;1710904;Tocantins
2017;0;Itapiratins;1710904;Tocantins
2018;0;Itapiratins;1710904;Tocantins
2019;0;Itapiratins;1710904;Tocantins
2020;0;Itapiratins;1710904;Tocantins
2021;0;Itapiratins;1710904;Tocantins
2022;0;Itapiratins;1710904;Tocantins
2023;0;Itapiratins;1710904;Tocantins
2024;0;Itapiratins;1710904;Tocantins
2007;923,5821466085345;Itapora do Tocantins;1711100;Tocantins
2008;0,7027210850203295;Itapora do Tocantins;1711100;Tocantins
2009;0,08110460817847769;Itapora do Tocantins;1711100;Tocantins
2010;0,2380489561399116;Itapora do Tocantins;1711100;Tocantins
2011;0,153068004326;Itapora do Tocantins;1711100;Tocantins
2012;0,2673125434848632;Itapora do Tocantins;1711100;Tocantins
2013;0,4202711936309674;Itapora do Tocantins;1711100;Tocantins
2014;0,3419068054226704;Itapora do Tocantins;1711100;Tocantins
2015;0,31364586475509304;Itapora do Tocantins;1711100;Tocantins
2016;2,041695306392803;Itapora do Tocantins;1711100;Tocantins
2017;0;Itapora do Tocantins;1711100;Tocantins
2018;0,1618872737618826;Itapora do Tocantins;1711100;Tocantins
2019;0;Itapora do Tocantins;1711100;Tocantins
2020;0,16638020502541562;Itapora do Tocantins;1711100;Tocantins
2021;0;Itapora do Tocantins;1711100;Tocantins
2022;0,18312996928673458;Itapora do Tocantins;1711100;Tocantins
2023;0;Itapora do Tocantins;1711100;Tocantins
2024;0,06976821369452084;Itapora do Tocantins;1711100;Tocantins
2007;0;Jau do Tocantins;1711506;Tocantins
2008;0;Jau do Tocantins;1711506;Tocantins
2009;0;Jau do Tocantins;1711506;Tocantins
2010;0;Jau do Tocantins;1711506;Tocantins
2011;0;Jau do Tocantins;1711506;Tocantins
2012;0;Jau do Tocantins;1711506;Tocantins
2013;0;Jau do Tocantins;1711506;Tocantins
2014;0;Jau do Tocantins;1711506;Tocantins
2015;0;Jau do Tocantins;1711506;Tocantins
2016;0;Jau do Tocantins;1711506;Tocantins
2017;0;Jau do Tocantins;1711506;Tocantins
2018;0;Jau do Tocantins;1711506;Tocantins
2019;0;Jau do Tocantins;1711506;Tocantins
2020;0;Jau do Tocantins;1711506;Tocantins
2021;0;Jau do Tocantins;1711506;Tocantins
2022;0;Jau do Tocantins;1711506;Tocantins
2023;0;Jau do Tocantins;1711506;Tocantins
2024;0;Jau do Tocantins;1711506;Tocantins
2007;213,83220048082464;Juarina;1711803;Tocantins
2008;0,00019919385860068723;Juarina;1711803;Tocantins
2009;0;Juarina;1711803;Tocantins
2010;0;Juarina;1711803;Tocantins
2011;0;Juarina;1711803;Tocantins
2012;0;Juarina;1711803;Tocantins
2013;0;Juarina;1711803;Tocantins
2014;0;Juarina;1711803;Tocantins
2015;0;Juarina;1711803;Tocantins
2016;0,15258162067128736;Juarina;1711803;Tocantins
2017;0;Juarina;1711803;Tocantins
2018;0;Juarina;1711803;Tocantins
2019;0;Juarina;1711803;Tocantins
2020;0;Juarina;1711803;Tocantins
2021;0;Juarina;1711803;Tocantins
2022;0;Juarina;1711803;Tocantins
2023;0;Juarina;1711803;Tocantins
2024;0;Juarina;1711803;Tocantins
2007;224,37173333294916;Lagoa da Confusao;1711902;Tocantins
2008;8,014218986264854;Lagoa da Confusao;1711902;Tocantins
2009;4,2848634179533684;Lagoa da Confusao;1711902;Tocantins
2010;2,7445107352900897;Lagoa da Confusao;1711902;Tocantins
2011;3,688641529494162;Lagoa da Confusao;1711902;Tocantins
2012;10,081370567817249;Lagoa da Confusao;1711902;Tocantins
2013;11,627101852618699;Lagoa da Confusao;1711902;Tocantins
2014;7,0204521042463;Lagoa da Confusao;1711902;Tocantins
2015;7,289312349192701;Lagoa da Confusao;1711902;Tocantins
2016;1,4449121087237076;Lagoa da Confusao;1711902;Tocantins
2017;2,2355883182723146;Lagoa da Confusao;1711902;Tocantins
2018;0,9533021284347457;Lagoa da Confusao;1711902;Tocantins
2019;0,47811154103503556;Lagoa da Confusao;1711902;Tocantins
2020;0,13954749711722028;Lagoa da Confusao;1711902;Tocantins
2021;0,862393980532922;Lagoa da Confusao;1711902;Tocantins
2022;1,6439807230877;Lagoa da Confusao;1711902;Tocantins
2023;3,4200487851019172;Lagoa da Confusao;1711902;Tocantins
2024;0;Lagoa da Confusao;1711902;Tocantins
2007;0;Lagoa do Tocantins;1711951;Tocantins
2008;0;Lagoa do Tocantins;1711951;Tocantins
2009;0;Lagoa do Tocantins;1711951;Tocantins
2010;0;Lagoa do Tocantins;1711951;Tocantins
2011;0;Lagoa do Tocantins;1711951;Tocantins
2012;0;Lagoa do Tocantins;1711951;Tocantins
2013;0;Lagoa do Tocantins;1711951;Tocantins
2014;0;Lagoa do Tocantins;1711951;Tocantins
2015;0;Lagoa do Tocantins;1711951;Tocantins
2016;0;Lagoa do Tocantins;1711951;Tocantins
2017;0;Lagoa do Tocantins;1711951;Tocantins
2018;0;Lagoa do Tocantins;1711951;Tocantins
2019;0;Lagoa do Tocantins;1711951;Tocantins
2020;0;Lagoa do Tocantins;1711951;Tocantins
2021;0;Lagoa do Tocantins;1711951;Tocantins
2022;0;Lagoa do Tocantins;1711951;Tocantins
2023;0;Lagoa do Tocantins;1711951;Tocantins
2024;0;Lagoa do Tocantins;1711951;Tocantins
2007;0;Lajeado;1712009;Tocantins
2008;0;Lajeado;1712009;Tocantins
2009;0;Lajeado;1712009;Tocantins
2010;0;Lajeado;1712009;Tocantins
2011;0;Lajeado;1712009;Tocantins
2012;0;Lajeado;1712009;Tocantins
2013;0;Lajeado;1712009;Tocantins
2014;0;Lajeado;1712009;Tocantins
2015;0;Lajeado;1712009;Tocantins
2016;0;Lajeado;1712009;Tocantins
2017;0;Lajeado;1712009;Tocantins
2018;0;Lajeado;1712009;Tocantins
2019;0;Lajeado;1712009;Tocantins
2020;0;Lajeado;1712009;Tocantins
2021;0;Lajeado;1712009;Tocantins
2022;0;Lajeado;1712009;Tocantins
2023;0;Lajeado;1712009;Tocantins
2024;0;Lajeado;1712009;Tocantins
2007;0;Lavandeira;1712157;Tocantins
2008;0;Lavandeira;1712157;Tocantins
2009;0;Lavandeira;1712157;Tocantins
2010;0;Lavandeira;1712157;Tocantins
2011;0;Lavandeira;1712157;Tocantins
2012;0;Lavandeira;1712157;Tocantins
2013;0;Lavandeira;1712157;Tocantins
2014;0;Lavandeira;1712157;Tocantins
2015;0;Lavandeira;1712157;Tocantins
2016;0;Lavandeira;1712157;Tocantins
2017;0;Lavandeira;1712157;Tocantins
2018;0;Lavandeira;1712157;Tocantins
2019;0;Lavandeira;1712157;Tocantins
2020;0;Lavandeira;1712157;Tocantins
2021;0;Lavandeira;1712157;Tocantins
2022;0;Lavandeira;1712157;Tocantins
2023;0;Lavandeira;1712157;Tocantins
2024;0;Lavandeira;1712157;Tocantins
2007;0;Lizarda;1712405;Tocantins
2008;0;Lizarda;1712405;Tocantins
2009;0;Lizarda;1712405;Tocantins
2010;0;Lizarda;1712405;Tocantins
2011;0;Lizarda;1712405;Tocantins
2012;0;Lizarda;1712405;Tocantins
2013;0;Lizarda;1712405;Tocantins
2014;0;Lizarda;1712405;Tocantins
2015;0;Lizarda;1712405;Tocantins
2016;0;Lizarda;1712405;Tocantins
2017;0;Lizarda;1712405;Tocantins
2018;0;Lizarda;1712405;Tocantins
2019;0;Lizarda;1712405;Tocantins
2020;0;Lizarda;1712405;Tocantins
2021;0;Lizarda;1712405;Tocantins
2022;0;Lizarda;1712405;Tocantins
2023;0;Lizarda;1712405;Tocantins
2024;0;Lizarda;1712405;Tocantins
2007;154,01526919816365;Luzinopolis;1712454;Tocantins
2008;0,48482067276865104;Luzinopolis;1712454;Tocantins
2009;0,16449815504850301;Luzinopolis;1712454;Tocantins
2010;0,073455372247534;Luzinopolis;1712454;Tocantins
2011;0;Luzinopolis;1712454;Tocantins
2012;0,05618969769217964;Luzinopolis;1712454;Tocantins
2013;0,09918893338597522;Luzinopolis;1712454;Tocantins
2014;0;Luzinopolis;1712454;Tocantins
2015;0;Luzinopolis;1712454;Tocantins
2016;0;Luzinopolis;1712454;Tocantins
2017;0;Luzinopolis;1712454;Tocantins
2018;0,6789727121581398;Luzinopolis;1712454;Tocantins
2019;1,121546500388088;Luzinopolis;1712454;Tocantins
2020;0;Luzinopolis;1712454;Tocantins
2021;0,19750697381950597;Luzinopolis;1712454;Tocantins
2022;0;Luzinopolis;1712454;Tocantins
2023;0;Luzinopolis;1712454;Tocantins
2024;0;Luzinopolis;1712454;Tocantins
2007;138,10446563228567;Marianopolis do Tocantins;1712504;Tocantins
2008;1,0766741223024914;Marianopolis do Tocantins;1712504;Tocantins
2009;0,8122052910452228;Marianopolis do Tocantins;1712504;Tocantins
2010;2,9122880594140965;Marianopolis do Tocantins;1712504;Tocantins
2011;1,1729908908235247;Marianopolis do Tocantins;1712504;Tocantins
2012;1,3392992246059536;Marianopolis do Tocantins;1712504;Tocantins
2013;1,6578662037651262;Marianopolis do Tocantins;1712504;Tocantins
2014;1,7693566843384816;Marianopolis do Tocantins;1712504;Tocantins
2015;8,759718875789616;Marianopolis do Tocantins;1712504;Tocantins
2016;7,332595239411117;Marianopolis do Tocantins;1712504;Tocantins
2017;1,6710751486981825;Marianopolis do Tocantins;1712504;Tocantins
2018;0;Marianopolis do Tocantins;1712504;Tocantins
2019;1,3634168532435544;Marianopolis do Tocantins;1712504;Tocantins
2020;0,3788917743560243;Marianopolis do Tocantins;1712504;Tocantins
2021;0,23820105872733718;Marianopolis do Tocantins;1712504;Tocantins
2022;0,14178705980749895;Marianopolis do Tocantins;1712504;Tocantins
2023;0,08546016286096274;Marianopolis do Tocantins;1712504;Tocantins
2024;0,4239978137356403;Marianopolis do Tocantins;1712504;Tocantins
2007;0;Mateiros;1712702;Tocantins
2008;0;Mateiros;1712702;Tocantins
2009;0;Mateiros;1712702;Tocantins
2010;0;Mateiros;1712702;Tocantins
2011;0;Mateiros;1712702;Tocantins
2012;0;Mateiros;1712702;Tocantins
2013;0;Mateiros;1712702;Tocantins
2014;0;Mateiros;1712702;Tocantins
2015;0;Mateiros;1712702;Tocantins
2016;0;Mateiros;1712702;Tocantins
2017;0;Mateiros;1712702;Tocantins
2018;0;Mateiros;1712702;Tocantins
2019;0;Mateiros;1712702;Tocantins
2020;0;Mateiros;1712702;Tocantins
2021;0;Mateiros;1712702;Tocantins
2022;0;Mateiros;1712702;Tocantins
2023;0;Mateiros;1712702;Tocantins
2024;0;Mateiros;1712702;Tocantins
2007;141,2175832845813;Maurilandia do Tocantins;1712801;Tocantins
2008;0,7302989072867216;Maurilandia do Tocantins;1712801;Tocantins
2009;0,1363077446291532;Maurilandia do Tocantins;1712801;Tocantins
2010;0,06963113117109113;Maurilandia do Tocantins;1712801;Tocantins
2011;0,16745678408275838;Maurilandia do Tocantins;1712801;Tocantins
2012;0,1812292134490976;Maurilandia do Tocantins;1712801;Tocantins
2013;0,08152109429354737;Maurilandia do Tocantins;1712801;Tocantins
2014;0,09215078579808537;Maurilandia do Tocantins;1712801;Tocantins
2015;0,06980734301569846;Maurilandia do Tocantins;1712801;Tocantins
2016;0;Maurilandia do Tocantins;1712801;Tocantins
2017;0;Maurilandia do Tocantins;1712801;Tocantins
2018;0,17508808163714143;Maurilandia do Tocantins;1712801;Tocantins
2019;0;Maurilandia do Tocantins;1712801;Tocantins
2020;0;Maurilandia do Tocantins;1712801;Tocantins
2021;0;Maurilandia do Tocantins;1712801;Tocantins
2022;0,0892994242779428;Maurilandia do Tocantins;1712801;Tocantins
2023;0,28068984746003434;Maurilandia do Tocantins;1712801;Tocantins
2024;0;Maurilandia do Tocantins;1712801;Tocantins
2007;0;Miracema do Tocantins;1713205;Tocantins
2008;0;Miracema do Tocantins;1713205;Tocantins
2009;0;Miracema do Tocantins;1713205;Tocantins
2010;0;Miracema do Tocantins;1713205;Tocantins
2011;0;Miracema do Tocantins;1713205;Tocantins
2012;0;Miracema do Tocantins;1713205;Tocantins
2013;0;Miracema do Tocantins;1713205;Tocantins
2014;0;Miracema do Tocantins;1713205;Tocantins
2015;0;Miracema do Tocantins;1713205;Tocantins
2016;0;Miracema do Tocantins;1713205;Tocantins
2017;0;Miracema do Tocantins;1713205;Tocantins
2018;0;Miracema do Tocantins;1713205;Tocantins
2019;0;Miracema do Tocantins;1713205;Tocantins
2020;0;Miracema do Tocantins;1713205;Tocantins
2021;0;Miracema do Tocantins;1713205;Tocantins
2022;0;Miracema do Tocantins;1713205;Tocantins
2023;0;Miracema do Tocantins;1713205;Tocantins
2024;0;Miracema do Tocantins;1713205;Tocantins
2007;318,014490587232;Miranorte;1713304;Tocantins
2008;0,5744877549423116;Miranorte;1713304;Tocantins
2009;0,10873438058357289;Miranorte;1713304;Tocantins
2010;0;Miranorte;1713304;Tocantins
2011;0;Miranorte;1713304;Tocantins
2012;0;Miranorte;1713304;Tocantins
2013;0;Miranorte;1713304;Tocantins
2014;0;Miranorte;1713304;Tocantins
2015;0;Miranorte;1713304;Tocantins
2016;0,5175803139836187;Miranorte;1713304;Tocantins
2017;0;Miranorte;1713304;Tocantins
2018;0,38775628609624957;Miranorte;1713304;Tocantins
2019;0;Miranorte;1713304;Tocantins
2020;0;Miranorte;1713304;Tocantins
2021;0;Miranorte;1713304;Tocantins
2022;0;Miranorte;1713304;Tocantins
2023;0;Miranorte;1713304;Tocantins
2024;0;Miranorte;1713304;Tocantins
2007;0,19463138963403415;Monte Santo do Tocantins;1713700;Tocantins
2008;0;Monte Santo do Tocantins;1713700;Tocantins
2009;0;Monte Santo do Tocantins;1713700;Tocantins
2010;0;Monte Santo do Tocantins;1713700;Tocantins
2011;0;Monte Santo do Tocantins;1713700;Tocantins
2012;0;Monte Santo do Tocantins;1713700;Tocantins
2013;0,19100265368340347;Monte Santo do Tocantins;1713700;Tocantins
2014;0;Monte Santo do Tocantins;1713700;Tocantins
2015;0;Monte Santo do Tocantins;1713700;Tocantins
2016;0,1419867592412527;Monte Santo do Tocantins;1713700;Tocantins
2017;0;Monte Santo do Tocantins;1713700;Tocantins
2018;1,3153739917277838;Monte Santo do Tocantins;1713700;Tocantins
2019;0;Monte Santo do Tocantins;1713700;Tocantins
2020;0,022789260091450332;Monte Santo do Tocantins;1713700;Tocantins
2021;0;Monte Santo do Tocantins;1713700;Tocantins
2022;0;Monte Santo do Tocantins;1713700;Tocantins
2023;0,04908970317795604;Monte Santo do Tocantins;1713700;Tocantins
2024;0;Monte Santo do Tocantins;1713700;Tocantins
2007;0;Monte do Carmo;1713601;Tocantins
2008;0;Monte do Carmo;1713601;Tocantins
2009;0;Monte do Carmo;1713601;Tocantins
2010;0;Monte do Carmo;1713601;Tocantins
2011;0;Monte do Carmo;1713601;Tocantins
2012;0;Monte do Carmo;1713601;Tocantins
2013;0;Monte do Carmo;1713601;Tocantins
2014;0;Monte do Carmo;1713601;Tocantins
2015;0;Monte do Carmo;1713601;Tocantins
2016;0;Monte do Carmo;1713601;Tocantins
2017;0;Monte do Carmo;1713601;Tocantins
2018;0;Monte do Carmo;1713601;Tocantins
2019;0;Monte do Carmo;1713601;Tocantins
2020;0;Monte do Carmo;1713601;Tocantins
2021;0;Monte do Carmo;1713601;Tocantins
2022;0;Monte do Carmo;1713601;Tocantins
2023;0;Monte do Carmo;1713601;Tocantins
2024;0;Monte do Carmo;1713601;Tocantins
2007;954,5685238752296;Muricilandia;1713957;Tocantins
2008;2,4925099569252325;Muricilandia;1713957;Tocantins
2009;0,7616113139139999;Muricilandia;1713957;Tocantins
2010;1,1074459901607132;Muricilandia;1713957;Tocantins
2011;0,6199014524556871;Muricilandia;1713957;Tocantins
2012;0,4458245291123254;Muricilandia;1713957;Tocantins
2013;0,25736929099756223;Muricilandia;1713957;Tocantins
2014;0,16799760567049615;Muricilandia;1713957;Tocantins
2015;4,341514322297279;Muricilandia;1713957;Tocantins
2016;0,5385811078035392;Muricilandia;1713957;Tocantins
2017;0;Muricilandia;1713957;Tocantins
2018;0,47654819524182435;Muricilandia;1713957;Tocantins
2019;0,07516531969271974;Muricilandia;1713957;Tocantins
2020;0,29969182879847367;Muricilandia;1713957;Tocantins
2021;0,787752358079684;Muricilandia;1713957;Tocantins
2022;0,36490665995114513;Muricilandia;1713957;Tocantins
2023;0,08285841852245669;Muricilandia;1713957;Tocantins
2024;0,06493549697383603;Muricilandia;1713957;Tocantins
2007;0;Natividade;1714203;Tocantins
2008;0;Natividade;1714203;Tocantins
2009;0;Natividade;1714203;Tocantins
2010;0;Natividade;1714203;Tocantins
2011;0;Natividade;1714203;Tocantins
2012;0;Natividade;1714203;Tocantins
2013;0;Natividade;1714203;Tocantins
2014;0;Natividade;1714203;Tocantins
2015;0;Natividade;1714203;Tocantins
2016;0;Natividade;1714203;Tocantins
2017;0;Natividade;1714203;Tocantins
2018;0;Natividade;1714203;Tocantins
2019;0;Natividade;1714203;Tocantins
2020;0;Natividade;1714203;Tocantins
2021;0;Natividade;1714203;Tocantins
2022;0;Natividade;1714203;Tocantins
2023;0;Natividade;1714203;Tocantins
2024;0;Natividade;1714203;Tocantins
2007;277,4603820636638;Nazare;1714302;Tocantins
2008;1,8237392835438468;Nazare;1714302;Tocantins
2009;0,06885991817930186;Nazare;1714302;Tocantins
2010;0,27007978206537664;Nazare;1714302;Tocantins
2011;0,07885502001661913;Nazare;1714302;Tocantins
2012;0,16629721352938487;Nazare;1714302;Tocantins
2013;0;Nazare;1714302;Tocantins
2014;0,6774387914201445;Nazare;1714302;Tocantins
2015;0;Nazare;1714302;Tocantins
2016;0,35591759960682295;Nazare;1714302;Tocantins
2017;0,15367170008690062;Nazare;1714302;Tocantins
2018;0,06614942958540994;Nazare;1714302;Tocantins
2019;0,35938696049283125;Nazare;1714302;Tocantins
2020;0;Nazare;1714302;Tocantins
2021;0,37368339694224423;Nazare;1714302;Tocantins
2022;0,4305517291372507;Nazare;1714302;Tocantins
2023;0,4941826701001366;Nazare;1714302;Tocantins
2024;0;Nazare;1714302;Tocantins
2007;791,2567791951539;Nova Olinda;1714880;Tocantins
2008;0,0585958140854284;Nova Olinda;1714880;Tocantins
2009;0,11086741948567749;Nova Olinda;1714880;Tocantins
2010;0,07832977708346302;Nova Olinda;1714880;Tocantins
2011;0,069090469549275;Nova Olinda;1714880;Tocantins
2012;0,029811734471287706;Nova Olinda;1714880;Tocantins
2013;0;Nova Olinda;1714880;Tocantins
2014;0;Nova Olinda;1714880;Tocantins
2015;0;Nova Olinda;1714880;Tocantins
2016;0,06271834237348106;Nova Olinda;1714880;Tocantins
2017;0;Nova Olinda;1714880;Tocantins
2018;0;Nova Olinda;1714880;Tocantins
2019;0;Nova Olinda;1714880;Tocantins
2020;0;Nova Olinda;1714880;Tocantins
2021;0;Nova Olinda;1714880;Tocantins
2022;0;Nova Olinda;1714880;Tocantins
2023;0;Nova Olinda;1714880;Tocantins
2024;0;Nova Olinda;1714880;Tocantins
2007;0;Nova Rosalandia;1715002;Tocantins
2008;0;Nova Rosalandia;1715002;Tocantins
2009;0;Nova Rosalandia;1715002;Tocantins
2010;0;Nova Rosalandia;1715002;Tocantins
2011;0;Nova Rosalandia;1715002;Tocantins
2012;0;Nova Rosalandia;1715002;Tocantins
2013;0;Nova Rosalandia;1715002;Tocantins
2014;0;Nova Rosalandia;1715002;Tocantins
2015;0;Nova Rosalandia;1715002;Tocantins
2016;0;Nova Rosalandia;1715002;Tocantins
2017;0;Nova Rosalandia;1715002;Tocantins
2018;0;Nova Rosalandia;1715002;Tocantins
2019;0;Nova Rosalandia;1715002;Tocantins
2020;0;Nova Rosalandia;1715002;Tocantins
2021;0;Nova Rosalandia;1715002;Tocantins
2022;0;Nova Rosalandia;1715002;Tocantins
2023;0;Nova Rosalandia;1715002;Tocantins
2024;0;Nova Rosalandia;1715002;Tocantins
2007;0;Novo Acordo;1715101;Tocantins
2008;0;Novo Acordo;1715101;Tocantins
2009;0;Novo Acordo;1715101;Tocantins
2010;0;Novo Acordo;1715101;Tocantins
2011;0;Novo Acordo;1715101;Tocantins
2012;0;Novo Acordo;1715101;Tocantins
2013;0;Novo Acordo;1715101;Tocantins
2014;0;Novo Acordo;1715101;Tocantins
2015;0;Novo Acordo;1715101;Tocantins
2016;0;Novo Acordo;1715101;Tocantins
2017;0;Novo Acordo;1715101;Tocantins
2018;0;Novo Acordo;1715101;Tocantins
2019;0;Novo Acordo;1715101;Tocantins
2020;0;Novo Acordo;1715101;Tocantins
2021;0;Novo Acordo;1715101;Tocantins
2022;0;Novo Acordo;1715101;Tocantins
2023;0;Novo Acordo;1715101;Tocantins
2024;0;Novo Acordo;1715101;Tocantins
2007;0;Novo Alegre;1715150;Tocantins
2008;0;Novo Alegre;1715150;Tocantins
2009;0;Novo Alegre;1715150;Tocantins
2010;0;Novo Alegre;1715150;Tocantins
2011;0;Novo Alegre;1715150;Tocantins
2012;0;Novo Alegre;1715150;Tocantins
2013;0;Novo Alegre;1715150;Tocantins
2014;0;Novo Alegre;1715150;Tocantins
2015;0;Novo Alegre;1715150;Tocantins
2016;0;Novo Alegre;1715150;Tocantins
2017;0;Novo Alegre;1715150;Tocantins
2018;0;Novo Alegre;1715150;Tocantins
2019;0;Novo Alegre;1715150;Tocantins
2020;0;Novo Alegre;1715150;Tocantins
2021;0;Novo Alegre;1715150;Tocantins
2022;0;Novo Alegre;1715150;Tocantins
2023;0;Novo Alegre;1715150;Tocantins
2024;0;Novo Alegre;1715150;Tocantins
2007;0;Novo Jardim;1715259;Tocantins
2008;0;Novo Jardim;1715259;Tocantins
2009;0;Novo Jardim;1715259;Tocantins
2010;0;Novo Jardim;1715259;Tocantins
2011;0;Novo Jardim;1715259;Tocantins
2012;0;Novo Jardim;1715259;Tocantins
2013;0;Novo Jardim;1715259;Tocantins
2014;0;Novo Jardim;1715259;Tocantins
2015;0;Novo Jardim;1715259;Tocantins
2016;0;Novo Jardim;1715259;Tocantins
2017;0;Novo Jardim;1715259;Tocantins
2018;0;Novo Jardim;1715259;Tocantins
2019;0;Novo Jardim;1715259;Tocantins
2020;0;Novo Jardim;1715259;Tocantins
2021;0;Novo Jardim;1715259;Tocantins
2022;0;Novo Jardim;1715259;Tocantins
2023;0;Novo Jardim;1715259;Tocantins
2024;0;Novo Jardim;1715259;Tocantins
2007;0;Oliveira de Fatima;1715507;Tocantins
2008;0;Oliveira de Fatima;1715507;Tocantins
2009;0;Oliveira de Fatima;1715507;Tocantins
2010;0;Oliveira de Fatima;1715507;Tocantins
2011;0;Oliveira de Fatima;1715507;Tocantins
2012;0;Oliveira de Fatima;1715507;Tocantins
2013;0;Oliveira de Fatima;1715507;Tocantins
2014;0;Oliveira de Fatima;1715507;Tocantins
2015;0;Oliveira de Fatima;1715507;Tocantins
2016;0;Oliveira de Fatima;1715507;Tocantins
2017;0;Oliveira de Fatima;1715507;Tocantins
2018;0;Oliveira de Fatima;1715507;Tocantins
2019;0;Oliveira de Fatima;1715507;Tocantins
2020;0;Oliveira de Fatima;1715507;Tocantins
2021;0;Oliveira de Fatima;1715507;Tocantins
2022;0;Oliveira de Fatima;1715507;Tocantins
2023;0;Oliveira de Fatima;1715507;Tocantins
2024;0;Oliveira de Fatima;1715507;Tocantins
2007;0;Palmas;1721000;Tocantins
2008;0;Palmas;1721000;Tocantins
2009;0;Palmas;1721000;Tocantins
2010;0;Palmas;1721000;Tocantins
2011;0;Palmas;1721000;Tocantins
2012;0;Palmas;1721000;Tocantins
2013;0;Palmas;1721000;Tocantins
2014;0;Palmas;1721000;Tocantins
2015;0;Palmas;1721000;Tocantins
2016;0;Palmas;1721000;Tocantins
2017;0;Palmas;1721000;Tocantins
2018;0;Palmas;1721000;Tocantins
2019;0;Palmas;1721000;Tocantins
2020;0;Palmas;1721000;Tocantins
2021;0;Palmas;1721000;Tocantins
2022;0;Palmas;1721000;Tocantins
2023;0;Palmas;1721000;Tocantins
2024;0;Palmas;1721000;Tocantins
2007;98,48099520960173;Palmeirante;1715705;Tocantins
2008;0;Palmeirante;1715705;Tocantins
2009;0;Palmeirante;1715705;Tocantins
2010;0;Palmeirante;1715705;Tocantins
2011;0;Palmeirante;1715705;Tocantins
2012;0,06942312818293421;Palmeirante;1715705;Tocantins
2013;0,06973188833353436;Palmeirante;1715705;Tocantins
2014;0;Palmeirante;1715705;Tocantins
2015;0;Palmeirante;1715705;Tocantins
2016;0;Palmeirante;1715705;Tocantins
2017;0;Palmeirante;1715705;Tocantins
2018;0;Palmeirante;1715705;Tocantins
2019;0;Palmeirante;1715705;Tocantins
2020;0;Palmeirante;1715705;Tocantins
2021;0;Palmeirante;1715705;Tocantins
2022;0,38157283881510934;Palmeirante;1715705;Tocantins
2023;0;Palmeirante;1715705;Tocantins
2024;0;Palmeirante;1715705;Tocantins
2007;57,46750056766544;Palmeiras do Tocantins;1713809;Tocantins
2008;0;Palmeiras do Tocantins;1713809;Tocantins
2009;0;Palmeiras do Tocantins;1713809;Tocantins
2010;0,12419035546607154;Palmeiras do Tocantins;1713809;Tocantins
2011;0,06465553943255707;Palmeiras do Tocantins;1713809;Tocantins
2012;0;Palmeiras do Tocantins;1713809;Tocantins
2013;0,16551877560758269;Palmeiras do Tocantins;1713809;Tocantins
2014;0;Palmeiras do Tocantins;1713809;Tocantins
2015;0,10061040749973668;Palmeiras do Tocantins;1713809;Tocantins
2016;0,20190815198472303;Palmeiras do Tocantins;1713809;Tocantins
2017;0,22575076533860736;Palmeiras do Tocantins;1713809;Tocantins
2018;0,11477417694588554;Palmeiras do Tocantins;1713809;Tocantins
2019;0;Palmeiras do Tocantins;1713809;Tocantins
2020;0,14432183958722952;Palmeiras do Tocantins;1713809;Tocantins
2021;0,11360484464702453;Palmeiras do Tocantins;1713809;Tocantins
2022;0;Palmeiras do Tocantins;1713809;Tocantins
2023;0,5524854862388562;Palmeiras do Tocantins;1713809;Tocantins
2024;0;Palmeiras do Tocantins;1713809;Tocantins
2007;0;Palmeiropolis;1715754;Tocantins
2008;0;Palmeiropolis;1715754;Tocantins
2009;0;Palmeiropolis;1715754;Tocantins
2010;0;Palmeiropolis;1715754;Tocantins
2011;0;Palmeiropolis;1715754;Tocantins
2012;0;Palmeiropolis;1715754;Tocantins
2013;0;Palmeiropolis;1715754;Tocantins
2014;0;Palmeiropolis;1715754;Tocantins
2015;0;Palmeiropolis;1715754;Tocantins
2016;0;Palmeiropolis;1715754;Tocantins
2017;0;Palmeiropolis;1715754;Tocantins
2018;0;Palmeiropolis;1715754;Tocantins
2019;0;Palmeiropolis;1715754;Tocantins
2020;0;Palmeiropolis;1715754;Tocantins
2021;0;Palmeiropolis;1715754;Tocantins
2022;0;Palmeiropolis;1715754;Tocantins
2023;0;Palmeiropolis;1715754;Tocantins
2024;0;Palmeiropolis;1715754;Tocantins
2007;0;Paraiso do Tocantins;1716109;Tocantins
2008;0;Paraiso do Tocantins;1716109;Tocantins
2009;0;Paraiso do Tocantins;1716109;Tocantins
2010;0;Paraiso do Tocantins;1716109;Tocantins
2011;0;Paraiso do Tocantins;1716109;Tocantins
2012;0;Paraiso do Tocantins;1716109;Tocantins
2013;0;Paraiso do Tocantins;1716109;Tocantins
2014;0;Paraiso do Tocantins;1716109;Tocantins
2015;0;Paraiso do Tocantins;1716109;Tocantins
2016;0;Paraiso do Tocantins;1716109;Tocantins
2017;0;Paraiso do Tocantins;1716109;Tocantins
2018;0;Paraiso do Tocantins;1716109;Tocantins
2019;0;Paraiso do Tocantins;1716109;Tocantins
2020;0;Paraiso do Tocantins;1716109;Tocantins
2021;0;Paraiso do Tocantins;1716109;Tocantins
2022;0;Paraiso do Tocantins;1716109;Tocantins
2023;0;Paraiso do Tocantins;1716109;Tocantins
2024;0;Paraiso do Tocantins;1716109;Tocantins
2007;0;Parana;1716208;Tocantins
2008;0;Parana;1716208;Tocantins
2009;0;Parana;1716208;Tocantins
2010;0;Parana;1716208;Tocantins
2011;0;Parana;1716208;Tocantins
2012;0;Parana;1716208;Tocantins
2013;0;Parana;1716208;Tocantins
2014;0;Parana;1716208;Tocantins
2015;0;Parana;1716208;Tocantins
2016;0;Parana;1716208;Tocantins
2017;0;Parana;1716208;Tocantins
2018;0;Parana;1716208;Tocantins
2019;0;Parana;1716208;Tocantins
2020;0;Parana;1716208;Tocantins
2021;0;Parana;1716208;Tocantins
2022;0;Parana;1716208;Tocantins
2023;0;Parana;1716208;Tocantins
2024;0;Parana;1716208;Tocantins
2007;1124,5667841591019;Pau D'Arco;1716307;Tocantins
2008;1,7057988659050378;Pau D'Arco;1716307;Tocantins
2009;0,5462349082403546;Pau D'Arco;1716307;Tocantins
2010;0,3636708174217129;Pau D'Arco;1716307;Tocantins
2011;0,21150046630013322;Pau D'Arco;1716307;Tocantins
2012;0,21846818504678356;Pau D'Arco;1716307;Tocantins
2013;0,18473869162401169;Pau D'Arco;1716307;Tocantins
2014;0,38482920865646214;Pau D'Arco;1716307;Tocantins
2015;0,5241428267363819;Pau D'Arco;1716307;Tocantins
2016;0,9436989871375343;Pau D'Arco;1716307;Tocantins
2017;0,3695146843999268;Pau D'Arco;1716307;Tocantins
2018;0,09748219946420837;Pau D'Arco;1716307;Tocantins
2019;0,07238980008206383;Pau D'Arco;1716307;Tocantins
2020;0,0006469159728595134;Pau D'Arco;1716307;Tocantins
2021;0,254683377339997;Pau D'Arco;1716307;Tocantins
2022;0,4966262267777255;Pau D'Arco;1716307;Tocantins
2023;0,07731455726757736;Pau D'Arco;1716307;Tocantins
2024;0,4326220945070447;Pau D'Arco;1716307;Tocantins
2007;19,685920760869802;Pedro Afonso;1716505;Tocantins
2008;0,1844508879534;Pedro Afonso;1716505;Tocantins
2009;0;Pedro Afonso;1716505;Tocantins
2010;0,13915262542898668;Pedro Afonso;1716505;Tocantins
2011;0,15401215626958994;Pedro Afonso;1716505;Tocantins
2012;2,6918486469146927;Pedro Afonso;1716505;Tocantins
2013;1,2675760586729536;Pedro Afonso;1716505;Tocantins
2014;2,2703126714625776;Pedro Afonso;1716505;Tocantins
2015;0,2673806691028531;Pedro Afonso;1716505;Tocantins
2016;0,19265519400544512;Pedro Afonso;1716505;Tocantins
2017;0,17364870926005466;Pedro Afonso;1716505;Tocantins
2018;0,1942097261768292;Pedro Afonso;1716505;Tocantins
2019;2,4926440446093925;Pedro Afonso;1716505;Tocantins
2020;1,5282150529628264;Pedro Afonso;1716505;Tocantins
2021;0,20867784274668805;Pedro Afonso;1716505;Tocantins
2022;0,12165759096944546;Pedro Afonso;1716505;Tocantins
2023;0,4792415899012469;Pedro Afonso;1716505;Tocantins
2024;0;Pedro Afonso;1716505;Tocantins
2007;0;Peixe;1716604;Tocantins
2008;0;Peixe;1716604;Tocantins
2009;0;Peixe;1716604;Tocantins
2010;0;Peixe;1716604;Tocantins
2011;0;Peixe;1716604;Tocantins
2012;0;Peixe;1716604;Tocantins
2013;0;Peixe;1716604;Tocantins
2014;0;Peixe;1716604;Tocantins
2015;0;Peixe;1716604;Tocantins
2016;0;Peixe;1716604;Tocantins
2017;0;Peixe;1716604;Tocantins
2018;0;Peixe;1716604;Tocantins
2019;0;Peixe;1716604;Tocantins
2020;0;Peixe;1716604;Tocantins
2021;0;Peixe;1716604;Tocantins
2022;0;Peixe;1716604;Tocantins
2023;0;Peixe;1716604;Tocantins
2024;0;Peixe;1716604;Tocantins
2007;837,914804126;Pequizeiro;1716653;Tocantins
2008;0,9939761827895502;Pequizeiro;1716653;Tocantins
2009;0,23285594398333487;Pequizeiro;1716653;Tocantins
2010;0,33332085410285694;Pequizeiro;1716653;Tocantins
2011;0,1057043379952116;Pequizeiro;1716653;Tocantins
2012;0,21766062260794058;Pequizeiro;1716653;Tocantins
2013;0;Pequizeiro;1716653;Tocantins
2014;0,13465481341586516;Pequizeiro;1716653;Tocantins
2015;0;Pequizeiro;1716653;Tocantins
2016;0,6991581918095445;Pequizeiro;1716653;Tocantins
2017;0,5747647780530454;Pequizeiro;1716653;Tocantins
2018;0;Pequizeiro;1716653;Tocantins
2019;0,3440935965047538;Pequizeiro;1716653;Tocantins
2020;0;Pequizeiro;1716653;Tocantins
2021;0;Pequizeiro;1716653;Tocantins
2022;0;Pequizeiro;1716653;Tocantins
2023;0;Pequizeiro;1716653;Tocantins
2024;0;Pequizeiro;1716653;Tocantins
2007;0;Pindorama do Tocantins;1717008;Tocantins
2008;0;Pindorama do Tocantins;1717008;Tocantins
2009;0;Pindorama do Tocantins;1717008;Tocantins
2010;0;Pindorama do Tocantins;1717008;Tocantins
2011;0;Pindorama do Tocantins;1717008;Tocantins
2012;0;Pindorama do Tocantins;1717008;Tocantins
2013;0;Pindorama do Tocantins;1717008;Tocantins
2014;0;Pindorama do Tocantins;1717008;Tocantins
2015;0;Pindorama do Tocantins;1717008;Tocantins
2016;0;Pindorama do Tocantins;1717008;Tocantins
2017;0;Pindorama do Tocantins;1717008;Tocantins
2018;0;Pindorama do Tocantins;1717008;Tocantins
2019;0;Pindorama do Tocantins;1717008;Tocantins
2020;0;Pindorama do Tocantins;1717008;Tocantins
2021;0;Pindorama do Tocantins;1717008;Tocantins
2022;0;Pindorama do Tocantins;1717008;Tocantins
2023;0;Pindorama do Tocantins;1717008;Tocantins
2024;0;Pindorama do Tocantins;1717008;Tocantins
2007;1084,375169774085;Piraque;1717206;Tocantins
2008;1,5016980934046165;Piraque;1717206;Tocantins
2009;1,4668960071801347;Piraque;1717206;Tocantins
2010;1,1599948888737792;Piraque;1717206;Tocantins
2011;1,0288070566190672;Piraque;1717206;Tocantins
2012;0;Piraque;1717206;Tocantins
2013;0,7890246764790595;Piraque;1717206;Tocantins
2014;0,6059695807427393;Piraque;1717206;Tocantins
2015;1,1409697656028568;Piraque;1717206;Tocantins
2016;0,4081346226748191;Piraque;1717206;Tocantins
2017;0,49441392607691564;Piraque;1717206;Tocantins
2018;0,6540331252993714;Piraque;1717206;Tocantins
2019;2,517324863065251;Piraque;1717206;Tocantins
2020;0,8669534704687778;Piraque;1717206;Tocantins
2021;1,4348174814225212;Piraque;1717206;Tocantins
2022;4,048902136337846;Piraque;1717206;Tocantins
2023;0,738300345004568;Piraque;1717206;Tocantins
2024;0;Piraque;1717206;Tocantins
2007;34,75557901436797;Pium;1717503;Tocantins
2008;0;Pium;1717503;Tocantins
2009;0,08163626069870279;Pium;1717503;Tocantins
2010;0,13683410113400152;Pium;1717503;Tocantins
2011;0;Pium;1717503;Tocantins
2012;0;Pium;1717503;Tocantins
2013;0;Pium;1717503;Tocantins
2014;0;Pium;1717503;Tocantins
2015;0;Pium;1717503;Tocantins
2016;0,2001449263395741;Pium;1717503;Tocantins
2017;0,14223758823531357;Pium;1717503;Tocantins
2018;0;Pium;1717503;Tocantins
2019;0;Pium;1717503;Tocantins
2020;0;Pium;1717503;Tocantins
2021;0,20241633907162948;Pium;1717503;Tocantins
2022;0,07501161870049546;Pium;1717503;Tocantins
2023;0;Pium;1717503;Tocantins
2024;0,08697909579326286;Pium;1717503;Tocantins
2007;0;Ponte Alta do Bom Jesus;1717800;Tocantins
2008;0;Ponte Alta do Bom Jesus;1717800;Tocantins
2009;0;Ponte Alta do Bom Jesus;1717800;Tocantins
2010;0;Ponte Alta do Bom Jesus;1717800;Tocantins
2011;0;Ponte Alta do Bom Jesus;1717800;Tocantins
2012;0;Ponte Alta do Bom Jesus;1717800;Tocantins
2013;0;Ponte Alta do Bom Jesus;1717800;Tocantins
2014;0;Ponte Alta do Bom Jesus;1717800;Tocantins
2015;0;Ponte Alta do Bom Jesus;1717800;Tocantins
2016;0;Ponte Alta do Bom Jesus;1717800;Tocantins
2017;0;Ponte Alta do Bom Jesus;1717800;Tocantins
2018;0;Ponte Alta do Bom Jesus;1717800;Tocantins
2019;0;Ponte Alta do Bom Jesus;1717800;Tocantins
2020;0;Ponte Alta do Bom Jesus;1717800;Tocantins
2021;0;Ponte Alta do Bom Jesus;1717800;Tocantins
2022;0;Ponte Alta do Bom Jesus;1717800;Tocantins
2023;0;Ponte Alta do Bom Jesus;1717800;Tocantins
2024;0;Ponte Alta do Bom Jesus;1717800;Tocantins
2007;0;Ponte Alta do Tocantins;1717909;Tocantins
2008;0;Ponte Alta do Tocantins;1717909;Tocantins
2009;0;Ponte Alta do Tocantins;1717909;Tocantins
2010;0;Ponte Alta do Tocantins;1717909;Tocantins
2011;0;Ponte Alta do Tocantins;1717909;Tocantins
2012;0;Ponte Alta do Tocantins;1717909;Tocantins
2013;0;Ponte Alta do Tocantins;1717909;Tocantins
2014;0;Ponte Alta do Tocantins;1717909;Tocantins
2015;0;Ponte Alta do Tocantins;1717909;Tocantins
2016;0;Ponte Alta do Tocantins;1717909;Tocantins
2017;0;Ponte Alta do Tocantins;1717909;Tocantins
2018;0;Ponte Alta do Tocantins;1717909;Tocantins
2019;0;Ponte Alta do Tocantins;1717909;Tocantins
2020;0;Ponte Alta do Tocantins;1717909;Tocantins
2021;0;Ponte Alta do Tocantins;1717909;Tocantins
2022;0;Ponte Alta do Tocantins;1717909;Tocantins
2023;0;Ponte Alta do Tocantins;1717909;Tocantins
2024;0;Ponte Alta do Tocantins;1717909;Tocantins
2007;0;Porto Alegre do Tocantins;1718006;Tocantins
2008;0;Porto Alegre do Tocantins;1718006;Tocantins
2009;0;Porto Alegre do Tocantins;1718006;Tocantins
2010;0;Porto Alegre do Tocantins;1718006;Tocantins
2011;0;Porto Alegre do Tocantins;1718006;Tocantins
2012;0;Porto Alegre do Tocantins;1718006;Tocantins
2013;0;Porto Alegre do Tocantins;1718006;Tocantins
2014;0;Porto Alegre do Tocantins;1718006;Tocantins
2015;0;Porto Alegre do Tocantins;1718006;Tocantins
2016;0;Porto Alegre do Tocantins;1718006;Tocantins
2017;0;Porto Alegre do Tocantins;1718006;Tocantins
2018;0;Porto Alegre do Tocantins;1718006;Tocantins
2019;0;Porto Alegre do Tocantins;1718006;Tocantins
2020;0;Porto Alegre do Tocantins;1718006;Tocantins
2021;0;Porto Alegre do Tocantins;1718006;Tocantins
2022;0;Porto Alegre do Tocantins;1718006;Tocantins
2023;0;Porto Alegre do Tocantins;1718006;Tocantins
2024;0;Porto Alegre do Tocantins;1718006;Tocantins
2007;0;Porto Nacional;1718204;Tocantins
2008;0;Porto Nacional;1718204;Tocantins
2009;0;Porto Nacional;1718204;Tocantins
2010;0;Porto Nacional;1718204;Tocantins
2011;0;Porto Nacional;1718204;Tocantins
2012;0;Porto Nacional;1718204;Tocantins
2013;0;Porto Nacional;1718204;Tocantins
2014;0;Porto Nacional;1718204;Tocantins
2015;0;Porto Nacional;1718204;Tocantins
2016;0;Porto Nacional;1718204;Tocantins
2017;0;Porto Nacional;1718204;Tocantins
2018;0;Porto Nacional;1718204;Tocantins
2019;0;Porto Nacional;1718204;Tocantins
2020;0;Porto Nacional;1718204;Tocantins
2021;0;Porto Nacional;1718204;Tocantins
2022;0;Porto Nacional;1718204;Tocantins
2023;0;Porto Nacional;1718204;Tocantins
2024;0;Porto Nacional;1718204;Tocantins
2007;214,15161221154673;Praia Norte;1718303;Tocantins
2008;3,963177801712669;Praia Norte;1718303;Tocantins
2009;3,519460265413975;Praia Norte;1718303;Tocantins
2010;0,8945007852872133;Praia Norte;1718303;Tocantins
2011;2,4136493998242368;Praia Norte;1718303;Tocantins
2012;1,1297466896665997;Praia Norte;1718303;Tocantins
2013;0,6368210970413085;Praia Norte;1718303;Tocantins
2014;1,0295405627180934;Praia Norte;1718303;Tocantins
2015;1,9399415617250724;Praia Norte;1718303;Tocantins
2016;0,5001350690419301;Praia Norte;1718303;Tocantins
2017;1,018932795619856;Praia Norte;1718303;Tocantins
2018;0,37363678392721167;Praia Norte;1718303;Tocantins
2019;1,2638074709088472;Praia Norte;1718303;Tocantins
2020;0,3899869498827478;Praia Norte;1718303;Tocantins
2021;1,4481740473473006;Praia Norte;1718303;Tocantins
2022;1,1628215209779944;Praia Norte;1718303;Tocantins
2023;0,5918978429933048;Praia Norte;1718303;Tocantins
2024;0;Praia Norte;1718303;Tocantins
2007;335,170105235465;Presidente Kennedy;1718402;Tocantins
2008;0,3050186448207448;Presidente Kennedy;1718402;Tocantins
2009;0,12821628884288466;Presidente Kennedy;1718402;Tocantins
2010;0;Presidente Kennedy;1718402;Tocantins
2011;0,5285216220485697;Presidente Kennedy;1718402;Tocantins
2012;0,3108305469252087;Presidente Kennedy;1718402;Tocantins
2013;0;Presidente Kennedy;1718402;Tocantins
2014;0,5525418998436726;Presidente Kennedy;1718402;Tocantins
2015;0,16283097933767998;Presidente Kennedy;1718402;Tocantins
2016;0,5407869042591206;Presidente Kennedy;1718402;Tocantins
2017;0,0827952445233426;Presidente Kennedy;1718402;Tocantins
2018;0;Presidente Kennedy;1718402;Tocantins
2019;0;Presidente Kennedy;1718402;Tocantins
2020;0;Presidente Kennedy;1718402;Tocantins
2021;0;Presidente Kennedy;1718402;Tocantins
2022;0;Presidente Kennedy;1718402;Tocantins
2023;0;Presidente Kennedy;1718402;Tocantins
2024;0;Presidente Kennedy;1718402;Tocantins
2007;0;Pugmil;1718451;Tocantins
2008;0;Pugmil;1718451;Tocantins
2009;0;Pugmil;1718451;Tocantins
2010;0;Pugmil;1718451;Tocantins
2011;0;Pugmil;1718451;Tocantins
2012;0;Pugmil;1718451;Tocantins
2013;0;Pugmil;1718451;Tocantins
2014;0;Pugmil;1718451;Tocantins
2015;0;Pugmil;1718451;Tocantins
2016;0;Pugmil;1718451;Tocantins
2017;0;Pugmil;1718451;Tocantins
2018;0;Pugmil;1718451;Tocantins
2019;0;Pugmil;1718451;Tocantins
2020;0;Pugmil;1718451;Tocantins
2021;0;Pugmil;1718451;Tocantins
2022;0;Pugmil;1718451;Tocantins
2023;0;Pugmil;1718451;Tocantins
2024;0;Pugmil;1718451;Tocantins
2007;32,413687005040394;Recursolandia;1718501;Tocantins
2008;0;Recursolandia;1718501;Tocantins
2009;4,35721125876222;Recursolandia;1718501;Tocantins
2010;0;Recursolandia;1718501;Tocantins
2011;0,08985833195490675;Recursolandia;1718501;Tocantins
2012;0,37442801734103975;Recursolandia;1718501;Tocantins
2013;0,33569753365181354;Recursolandia;1718501;Tocantins
2014;0;Recursolandia;1718501;Tocantins
2015;0,15066353538655697;Recursolandia;1718501;Tocantins
2016;0;Recursolandia;1718501;Tocantins
2017;0,7597405876550472;Recursolandia;1718501;Tocantins
2018;0;Recursolandia;1718501;Tocantins
2019;0,1697297607056236;Recursolandia;1718501;Tocantins
2020;0,7883018233404002;Recursolandia;1718501;Tocantins
2021;0,13117836111192824;Recursolandia;1718501;Tocantins
2022;0,40569342634867944;Recursolandia;1718501;Tocantins
2023;0,6353809249108985;Recursolandia;1718501;Tocantins
2024;0;Recursolandia;1718501;Tocantins
2007;439,4153464895178;Riachinho;1718550;Tocantins
2008;1,5548080149263745;Riachinho;1718550;Tocantins
2009;0,06867852869587038;Riachinho;1718550;Tocantins
2010;0,3400783413255733;Riachinho;1718550;Tocantins
2011;0,1859766433237992;Riachinho;1718550;Tocantins
2012;0;Riachinho;1718550;Tocantins
2013;0,15181039207499378;Riachinho;1718550;Tocantins
2014;0,4523204276745904;Riachinho;1718550;Tocantins
2015;0,727128091527641;Riachinho;1718550;Tocantins
2016;0,297072802841816;Riachinho;1718550;Tocantins
2017;0,27736564592114016;Riachinho;1718550;Tocantins
2018;0,2697645666849385;Riachinho;1718550;Tocantins
2019;0,6044510937317826;Riachinho;1718550;Tocantins
2020;0,9145157893486878;Riachinho;1718550;Tocantins
2021;0;Riachinho;1718550;Tocantins
2022;0,33702619253470556;Riachinho;1718550;Tocantins
2023;0,15184285105481424;Riachinho;1718550;Tocantins
2024;0;Riachinho;1718550;Tocantins
2007;0;Rio Sono;1718758;Tocantins
2008;0;Rio Sono;1718758;Tocantins
2009;0;Rio Sono;1718758;Tocantins
2010;0;Rio Sono;1718758;Tocantins
2011;0;Rio Sono;1718758;Tocantins
2012;0;Rio Sono;1718758;Tocantins
2013;0;Rio Sono;1718758;Tocantins
2014;0;Rio Sono;1718758;Tocantins
2015;0;Rio Sono;1718758;Tocantins
2016;0;Rio Sono;1718758;Tocantins
2017;0;Rio Sono;1718758;Tocantins
2018;0;Rio Sono;1718758;Tocantins
2019;0;Rio Sono;1718758;Tocantins
2020;0;Rio Sono;1718758;Tocantins
2021;0;Rio Sono;1718758;Tocantins
2022;0;Rio Sono;1718758;Tocantins
2023;0;Rio Sono;1718758;Tocantins
2024;0;Rio Sono;1718758;Tocantins
2007;0;Rio da Conceicao;1718659;Tocantins
2008;0;Rio da Conceicao;1718659;Tocantins
2009;0;Rio da Conceicao;1718659;Tocantins
2010;0;Rio da Conceicao;1718659;Tocantins
2011;0;Rio da Conceicao;1718659;Tocantins
2012;0;Rio da Conceicao;1718659;Tocantins
2013;0;Rio da Conceicao;1718659;Tocantins
2014;0;Rio da Conceicao;1718659;Tocantins
2015;0;Rio da Conceicao;1718659;Tocantins
2016;0;Rio da Conceicao;1718659;Tocantins
2017;0;Rio da Conceicao;1718659;Tocantins
2018;0;Rio da Conceicao;1718659;Tocantins
2019;0;Rio da Conceicao;1718659;Tocantins
2020;0;Rio da Conceicao;1718659;Tocantins
2021;0;Rio da Conceicao;1718659;Tocantins
2022;0;Rio da Conceicao;1718659;Tocantins
2023;0;Rio da Conceicao;1718659;Tocantins
2024;0;Rio da Conceicao;1718659;Tocantins
2007;15,012079630320489;Rio dos Bois;1718709;Tocantins
2008;0;Rio dos Bois;1718709;Tocantins
2009;0;Rio dos Bois;1718709;Tocantins
2010;0;Rio dos Bois;1718709;Tocantins
2011;0;Rio dos Bois;1718709;Tocantins
2012;0;Rio dos Bois;1718709;Tocantins
2013;0;Rio dos Bois;1718709;Tocantins
2014;0;Rio dos Bois;1718709;Tocantins
2015;0;Rio dos Bois;1718709;Tocantins
2016;0;Rio dos Bois;1718709;Tocantins
2017;0;Rio dos Bois;1718709;Tocantins
2018;0;Rio dos Bois;1718709;Tocantins
2019;0;Rio dos Bois;1718709;Tocantins
2020;0;Rio dos Bois;1718709;Tocantins
2021;0;Rio dos Bois;1718709;Tocantins
2022;0;Rio dos Bois;1718709;Tocantins
2023;0;Rio dos Bois;1718709;Tocantins
2024;0;Rio dos Bois;1718709;Tocantins
2007;75,40470351080833;Sampaio;1718808;Tocantins
2008;0,07537841704165936;Sampaio;1718808;Tocantins
2009;0,25646258989470166;Sampaio;1718808;Tocantins
2010;0;Sampaio;1718808;Tocantins
2011;0,07585930657591908;Sampaio;1718808;Tocantins
2012;0,26134375713416824;Sampaio;1718808;Tocantins
2013;0;Sampaio;1718808;Tocantins
2014;0;Sampaio;1718808;Tocantins
2015;0,10889284464144577;Sampaio;1718808;Tocantins
2016;0,26112158447263467;Sampaio;1718808;Tocantins
2017;0;Sampaio;1718808;Tocantins
2018;0;Sampaio;1718808;Tocantins
2019;0,07846389773497282;Sampaio;1718808;Tocantins
2020;0,007988337568791583;Sampaio;1718808;Tocantins
2021;0,18564088742948662;Sampaio;1718808;Tocantins
2022;0,19155788905860172;Sampaio;1718808;Tocantins
2023;0,09418869914588263;Sampaio;1718808;Tocantins
2024;0;Sampaio;1718808;Tocantins
2007;4,239304884693227;Sandolandia;1718840;Tocantins
2008;0;Sandolandia;1718840;Tocantins
2009;0;Sandolandia;1718840;Tocantins
2010;0;Sandolandia;1718840;Tocantins
2011;0;Sandolandia;1718840;Tocantins
2012;2,6149077680473973;Sandolandia;1718840;Tocantins
2013;0;Sandolandia;1718840;Tocantins
2014;0;Sandolandia;1718840;Tocantins
2015;0;Sandolandia;1718840;Tocantins
2016;0;Sandolandia;1718840;Tocantins
2017;0;Sandolandia;1718840;Tocantins
2018;0;Sandolandia;1718840;Tocantins
2019;0;Sandolandia;1718840;Tocantins
2020;0;Sandolandia;1718840;Tocantins
2021;0,45787322119505625;Sandolandia;1718840;Tocantins
2022;0;Sandolandia;1718840;Tocantins
2023;0;Sandolandia;1718840;Tocantins
2024;0;Sandolandia;1718840;Tocantins
2007;1261,374612771914;Santa Fe do Araguaia;1718865;Tocantins
2008;1,8734839196736546;Santa Fe do Araguaia;1718865;Tocantins
2009;3,0088872423421646;Santa Fe do Araguaia;1718865;Tocantins
2010;1,2019642297273738;Santa Fe do Araguaia;1718865;Tocantins
2011;0,6755894231819026;Santa Fe do Araguaia;1718865;Tocantins
2012;0,5987345994157549;Santa Fe do Araguaia;1718865;Tocantins
2013;0,50844512305625;Santa Fe do Araguaia;1718865;Tocantins
2014;0,3871375532932792;Santa Fe do Araguaia;1718865;Tocantins
2015;0,10793440001394448;Santa Fe do Araguaia;1718865;Tocantins
2016;0,8214314071134954;Santa Fe do Araguaia;1718865;Tocantins
2017;4,660600857524166;Santa Fe do Araguaia;1718865;Tocantins
2018;0,2215304477214013;Santa Fe do Araguaia;1718865;Tocantins
2019;0,3737558786163411;Santa Fe do Araguaia;1718865;Tocantins
2020;0,1160581224004203;Santa Fe do Araguaia;1718865;Tocantins
2021;0,13105804992606465;Santa Fe do Araguaia;1718865;Tocantins
2022;0,09988677904232836;Santa Fe do Araguaia;1718865;Tocantins
2023;0,23424855221387136;Santa Fe do Araguaia;1718865;Tocantins
2024;0,10479265661080196;Santa Fe do Araguaia;1718865;Tocantins
2007;0;Santa Maria do Tocantins;1718881;Tocantins
2008;0;Santa Maria do Tocantins;1718881;Tocantins
2009;0;Santa Maria do Tocantins;1718881;Tocantins
2010;0;Santa Maria do Tocantins;1718881;Tocantins
2011;0;Santa Maria do Tocantins;1718881;Tocantins
2012;0;Santa Maria do Tocantins;1718881;Tocantins
2013;0;Santa Maria do Tocantins;1718881;Tocantins
2014;0;Santa Maria do Tocantins;1718881;Tocantins
2015;0;Santa Maria do Tocantins;1718881;Tocantins
2016;0;Santa Maria do Tocantins;1718881;Tocantins
2017;0;Santa Maria do Tocantins;1718881;Tocantins
2018;0;Santa Maria do Tocantins;1718881;Tocantins
2019;0;Santa Maria do Tocantins;1718881;Tocantins
2020;0;Santa Maria do Tocantins;1718881;Tocantins
2021;0;Santa Maria do Tocantins;1718881;Tocantins
2022;0;Santa Maria do Tocantins;1718881;Tocantins
2023;0;Santa Maria do Tocantins;1718881;Tocantins
2024;0;Santa Maria do Tocantins;1718881;Tocantins
2007;17,897312624405664;Santa Rita do Tocantins;1718899;Tocantins
2008;0,20106864893664242;Santa Rita do Tocantins;1718899;Tocantins
2009;0,3854994634620512;Santa Rita do Tocantins;1718899;Tocantins
2010;0;Santa Rita do Tocantins;1718899;Tocantins
2011;0,06544793048334792;Santa Rita do Tocantins;1718899;Tocantins
2012;0;Santa Rita do Tocantins;1718899;Tocantins
2013;0;Santa Rita do Tocantins;1718899;Tocantins
2014;0;Santa Rita do Tocantins;1718899;Tocantins
2015;2,398240022381579;Santa Rita do Tocantins;1718899;Tocantins
2016;1,1542093541469338;Santa Rita do Tocantins;1718899;Tocantins
2017;0,14867380118729362;Santa Rita do Tocantins;1718899;Tocantins
2018;0;Santa Rita do Tocantins;1718899;Tocantins
2019;0;Santa Rita do Tocantins;1718899;Tocantins
2020;0;Santa Rita do Tocantins;1718899;Tocantins
2021;0;Santa Rita do Tocantins;1718899;Tocantins
2022;0;Santa Rita do Tocantins;1718899;Tocantins
2023;0,00004392143245972693;Santa Rita do Tocantins;1718899;Tocantins
2024;0;Santa Rita do Tocantins;1718899;Tocantins
2007;0;Santa Rosa do Tocantins;1718907;Tocantins
2008;0;Santa Rosa do Tocantins;1718907;Tocantins
2009;0;Santa Rosa do Tocantins;1718907;Tocantins
2010;0;Santa Rosa do Tocantins;1718907;Tocantins
2011;0;Santa Rosa do Tocantins;1718907;Tocantins
2012;0;Santa Rosa do Tocantins;1718907;Tocantins
2013;0;Santa Rosa do Tocantins;1718907;Tocantins
2014;0;Santa Rosa do Tocantins;1718907;Tocantins
2015;0;Santa Rosa do Tocantins;1718907;Tocantins
2016;0;Santa Rosa do Tocantins;1718907;Tocantins
2017;0;Santa Rosa do Tocantins;1718907;Tocantins
2018;0;Santa Rosa do Tocantins;1718907;Tocantins
2019;0;Santa Rosa do Tocantins;1718907;Tocantins
2020;0;Santa Rosa do Tocantins;1718907;Tocantins
2021;0;Santa Rosa do Tocantins;1718907;Tocantins
2022;0;Santa Rosa do Tocantins;1718907;Tocantins
2023;0;Santa Rosa do Tocantins;1718907;Tocantins
2024;0;Santa Rosa do Tocantins;1718907;Tocantins
2007;0;Santa Tereza do Tocantins;1719004;Tocantins
2008;0;Santa Tereza do Tocantins;1719004;Tocantins
2009;0;Santa Tereza do Tocantins;1719004;Tocantins
2010;0;Santa Tereza do Tocantins;1719004;Tocantins
2011;0;Santa Tereza do Tocantins;1719004;Tocantins
2012;0;Santa Tereza do Tocantins;1719004;Tocantins
2013;0;Santa Tereza do Tocantins;1719004;Tocantins
2014;0;Santa Tereza do Tocantins;1719004;Tocantins
2015;0;Santa Tereza do Tocantins;1719004;Tocantins
2016;0;Santa Tereza do Tocantins;1719004;Tocantins
2017;0;Santa Tereza do Tocantins;1719004;Tocantins
2018;0;Santa Tereza do Tocantins;1719004;Tocantins
2019;0;Santa Tereza do Tocantins;1719004;Tocantins
2020;0;Santa Tereza do Tocantins;1719004;Tocantins
2021;0;Santa Tereza do Tocantins;1719004;Tocantins
2022;0;Santa Tereza do Tocantins;1719004;Tocantins
2023;0;Santa Tereza do Tocantins;1719004;Tocantins
2024;0;Santa Tereza do Tocantins;1719004;Tocantins
2007;74,43421981913012;Santa Terezinha do Tocantins;1720002;Tocantins
2008;0;Santa Terezinha do Tocantins;1720002;Tocantins
2009;0;Santa Terezinha do Tocantins;1720002;Tocantins
2010;0;Santa Terezinha do Tocantins;1720002;Tocantins
2011;0;Santa Terezinha do Tocantins;1720002;Tocantins
2012;0,12283773025593024;Santa Terezinha do Tocantins;1720002;Tocantins
2013;0;Santa Terezinha do Tocantins;1720002;Tocantins
2014;0,0006058521266101276;Santa Terezinha do Tocantins;1720002;Tocantins
2015;0;Santa Terezinha do Tocantins;1720002;Tocantins
2016;0,1953926469175561;Santa Terezinha do Tocantins;1720002;Tocantins
2017;0;Santa Terezinha do Tocantins;1720002;Tocantins
2018;0,25383973076856026;Santa Terezinha do Tocantins;1720002;Tocantins
2019;0,09721701790726633;Santa Terezinha do Tocantins;1720002;Tocantins
2020;0,6759485828300283;Santa Terezinha do Tocantins;1720002;Tocantins
2021;1,1109836698362923;Santa Terezinha do Tocantins;1720002;Tocantins
2022;0,8786975186241001;Santa Terezinha do Tocantins;1720002;Tocantins
2023;0,2915588414987077;Santa Terezinha do Tocantins;1720002;Tocantins
2024;0;Santa Terezinha do Tocantins;1720002;Tocantins
2007;344,7620647587969;Sao Bento do Tocantins;1720101;Tocantins
2008;0,6876677782836916;Sao Bento do Tocantins;1720101;Tocantins
2009;0,6438097783097292;Sao Bento do Tocantins;1720101;Tocantins
2010;0,3238847099196072;Sao Bento do Tocantins;1720101;Tocantins
2011;0,0962628315945654;Sao Bento do Tocantins;1720101;Tocantins
2012;0,15495260282371587;Sao Bento do Tocantins;1720101;Tocantins
2013;0,45546450710120995;Sao Bento do Tocantins;1720101;Tocantins
2014;0,7450850354554689;Sao Bento do Tocantins;1720101;Tocantins
2015;0,20229109172314758;Sao Bento do Tocantins;1720101;Tocantins
2016;0,193090485979378;Sao Bento do Tocantins;1720101;Tocantins
2017;0,34750186169540853;Sao Bento do Tocantins;1720101;Tocantins
2018;0,36822417944570446;Sao Bento do Tocantins;1720101;Tocantins
2019;0,48727648189786255;Sao Bento do Tocantins;1720101;Tocantins
2020;0;Sao Bento do Tocantins;1720101;Tocantins
2021;0,31258549506864153;Sao Bento do Tocantins;1720101;Tocantins
2022;0,265870287537482;Sao Bento do Tocantins;1720101;Tocantins
2023;0;Sao Bento do Tocantins;1720101;Tocantins
2024;0;Sao Bento do Tocantins;1720101;Tocantins
2007;0;Sao Felix do Tocantins;1720150;Tocantins
2008;0;Sao Felix do Tocantins;1720150;Tocantins
2009;0;Sao Felix do Tocantins;1720150;Tocantins
2010;0;Sao Felix do Tocantins;1720150;Tocantins
2011;0;Sao Felix do Tocantins;1720150;Tocantins
2012;0;Sao Felix do Tocantins;1720150;Tocantins
2013;0;Sao Felix do Tocantins;1720150;Tocantins
2014;0;Sao Felix do Tocantins;1720150;Tocantins
2015;0;Sao Felix do Tocantins;1720150;Tocantins
2016;0;Sao Felix do Tocantins;1720150;Tocantins
2017;0;Sao Felix do Tocantins;1720150;Tocantins
2018;0;Sao Felix do Tocantins;1720150;Tocantins
2019;0;Sao Felix do Tocantins;1720150;Tocantins
2020;0;Sao Felix do Tocantins;1720150;Tocantins
2021;0;Sao Felix do Tocantins;1720150;Tocantins
2022;0;Sao Felix do Tocantins;1720150;Tocantins
2023;0;Sao Felix do Tocantins;1720150;Tocantins
2024;0;Sao Felix do Tocantins;1720150;Tocantins
2007;326,56673909703375;Sao Miguel do Tocantins;1720200;Tocantins
2008;1,6456456294199322;Sao Miguel do Tocantins;1720200;Tocantins
2009;4,45433851424232;Sao Miguel do Tocantins;1720200;Tocantins
2010;1,2252000699854189;Sao Miguel do Tocantins;1720200;Tocantins
2011;0,6648184671935198;Sao Miguel do Tocantins;1720200;Tocantins
2012;0,9460153921518327;Sao Miguel do Tocantins;1720200;Tocantins
2013;0,16215730500134756;Sao Miguel do Tocantins;1720200;Tocantins
2014;0,42384386271730795;Sao Miguel do Tocantins;1720200;Tocantins
2015;0,7534918351600515;Sao Miguel do Tocantins;1720200;Tocantins
2016;0,7806750457484632;Sao Miguel do Tocantins;1720200;Tocantins
2017;0,18932134185144134;Sao Miguel do Tocantins;1720200;Tocantins
2018;0,9587693794882485;Sao Miguel do Tocantins;1720200;Tocantins
2019;1,01396039221742;Sao Miguel do Tocantins;1720200;Tocantins
2020;0,5133154874226932;Sao Miguel do Tocantins;1720200;Tocantins
2021;1,2662903416300055;Sao Miguel do Tocantins;1720200;Tocantins
2022;0,7518838921518793;Sao Miguel do Tocantins;1720200;Tocantins
2023;0,48415740170138977;Sao Miguel do Tocantins;1720200;Tocantins
2024;0;Sao Miguel do Tocantins;1720200;Tocantins
2007;0;Sao Salvador do Tocantins;1720259;Tocantins
2008;0;Sao Salvador do Tocantins;1720259;Tocantins
2009;0;Sao Salvador do Tocantins;1720259;Tocantins
2010;0;Sao Salvador do Tocantins;1720259;Tocantins
2011;0;Sao Salvador do Tocantins;1720259;Tocantins
2012;0;Sao Salvador do Tocantins;1720259;Tocantins
2013;0;Sao Salvador do Tocantins;1720259;Tocantins
2014;0;Sao Salvador do Tocantins;1720259;Tocantins
2015;0;Sao Salvador do Tocantins;1720259;Tocantins
2016;0;Sao Salvador do Tocantins;1720259;Tocantins
2017;0;Sao Salvador do Tocantins;1720259;Tocantins
2018;0;Sao Salvador do Tocantins;1720259;Tocantins
2019;0;Sao Salvador do Tocantins;1720259;Tocantins
2020;0;Sao Salvador do Tocantins;1720259;Tocantins
2021;0;Sao Salvador do Tocantins;1720259;Tocantins
2022;0;Sao Salvador do Tocantins;1720259;Tocantins
2023;0;Sao Salvador do Tocantins;1720259;Tocantins
2024;0;Sao Salvador do Tocantins;1720259;Tocantins
2007;139,89312055021182;Sao Sebastiao do Tocantins;1720309;Tocantins
2008;0;Sao Sebastiao do Tocantins;1720309;Tocantins
2009;0;Sao Sebastiao do Tocantins;1720309;Tocantins
2010;0;Sao Sebastiao do Tocantins;1720309;Tocantins
2011;0;Sao Sebastiao do Tocantins;1720309;Tocantins
2012;0;Sao Sebastiao do Tocantins;1720309;Tocantins
2013;0;Sao Sebastiao do Tocantins;1720309;Tocantins
2014;0;Sao Sebastiao do Tocantins;1720309;Tocantins
2015;0;Sao Sebastiao do Tocantins;1720309;Tocantins
2016;0;Sao Sebastiao do Tocantins;1720309;Tocantins
2017;0;Sao Sebastiao do Tocantins;1720309;Tocantins
2018;0;Sao Sebastiao do Tocantins;1720309;Tocantins
2019;0;Sao Sebastiao do Tocantins;1720309;Tocantins
2020;0;Sao Sebastiao do Tocantins;1720309;Tocantins
2021;0;Sao Sebastiao do Tocantins;1720309;Tocantins
2022;0,11354231856637871;Sao Sebastiao do Tocantins;1720309;Tocantins
2023;0;Sao Sebastiao do Tocantins;1720309;Tocantins
2024;0;Sao Sebastiao do Tocantins;1720309;Tocantins
2007;0;Sao Valerio;1720499;Tocantins
2008;0;Sao Valerio;1720499;Tocantins
2009;0;Sao Valerio;1720499;Tocantins
2010;0;Sao Valerio;1720499;Tocantins
2011;0;Sao Valerio;1720499;Tocantins
2012;0;Sao Valerio;1720499;Tocantins
2013;0;Sao Valerio;1720499;Tocantins
2014;0;Sao Valerio;1720499;Tocantins
2015;0;Sao Valerio;1720499;Tocantins
2016;0;Sao Valerio;1720499;Tocantins
2017;0;Sao Valerio;1720499;Tocantins
2018;0;Sao Valerio;1720499;Tocantins
2019;0;Sao Valerio;1720499;Tocantins
2020;0;Sao Valerio;1720499;Tocantins
2021;0;Sao Valerio;1720499;Tocantins
2022;0;Sao Valerio;1720499;Tocantins
2023;0;Sao Valerio;1720499;Tocantins
2024;0;Sao Valerio;1720499;Tocantins
2007;0;Silvanopolis;1720655;Tocantins
2008;0;Silvanopolis;1720655;Tocantins
2009;0;Silvanopolis;1720655;Tocantins
2010;0;Silvanopolis;1720655;Tocantins
2011;0;Silvanopolis;1720655;Tocantins
2012;0;Silvanopolis;1720655;Tocantins
2013;0;Silvanopolis;1720655;Tocantins
2014;0;Silvanopolis;1720655;Tocantins
2015;0;Silvanopolis;1720655;Tocantins
2016;0;Silvanopolis;1720655;Tocantins
2017;0;Silvanopolis;1720655;Tocantins
2018;0;Silvanopolis;1720655;Tocantins
2019;0;Silvanopolis;1720655;Tocantins
2020;0;Silvanopolis;1720655;Tocantins
2021;0;Silvanopolis;1720655;Tocantins
2022;0;Silvanopolis;1720655;Tocantins
2023;0;Silvanopolis;1720655;Tocantins
2024;0;Silvanopolis;1720655;Tocantins
2007;292,26503010011913;Sitio Novo do Tocantins;1720804;Tocantins
2008;0,7275967303509843;Sitio Novo do Tocantins;1720804;Tocantins
2009;1,2680644310296942;Sitio Novo do Tocantins;1720804;Tocantins
2010;0,2247216172385441;Sitio Novo do Tocantins;1720804;Tocantins
2011;0,9810491696169688;Sitio Novo do Tocantins;1720804;Tocantins
2012;0,4555499834661204;Sitio Novo do Tocantins;1720804;Tocantins
2013;0,13563045070445578;Sitio Novo do Tocantins;1720804;Tocantins
2014;0,4224056794514443;Sitio Novo do Tocantins;1720804;Tocantins
2015;0,06731252051616513;Sitio Novo do Tocantins;1720804;Tocantins
2016;0,17325445902127712;Sitio Novo do Tocantins;1720804;Tocantins
2017;0,16721022291158405;Sitio Novo do Tocantins;1720804;Tocantins
2018;0,0325002121382305;Sitio Novo do Tocantins;1720804;Tocantins
2019;0,3343059380913743;Sitio Novo do Tocantins;1720804;Tocantins
2020;0,25061090812688636;Sitio Novo do Tocantins;1720804;Tocantins
2021;0,18435291190325429;Sitio Novo do Tocantins;1720804;Tocantins
2022;0,3270017626724011;Sitio Novo do Tocantins;1720804;Tocantins
2023;0,41884214559202604;Sitio Novo do Tocantins;1720804;Tocantins
2024;0;Sitio Novo do Tocantins;1720804;Tocantins
2007;0;Sucupira;1720853;Tocantins
2008;0;Sucupira;1720853;Tocantins
2009;0;Sucupira;1720853;Tocantins
2010;0;Sucupira;1720853;Tocantins
2011;0;Sucupira;1720853;Tocantins
2012;0;Sucupira;1720853;Tocantins
2013;0;Sucupira;1720853;Tocantins
2014;0;Sucupira;1720853;Tocantins
2015;0;Sucupira;1720853;Tocantins
2016;0;Sucupira;1720853;Tocantins
2017;0;Sucupira;1720853;Tocantins
2018;0;Sucupira;1720853;Tocantins
2019;0;Sucupira;1720853;Tocantins
2020;0;Sucupira;1720853;Tocantins
2021;0;Sucupira;1720853;Tocantins
2022;0;Sucupira;1720853;Tocantins
2023;0;Sucupira;1720853;Tocantins
2024;0;Sucupira;1720853;Tocantins
2007;391,9717830314409;Tabocao;1708254;Tocantins
2008;0;Tabocao;1708254;Tocantins
2009;0;Tabocao;1708254;Tocantins
2010;0;Tabocao;1708254;Tocantins
2011;0;Tabocao;1708254;Tocantins
2012;0;Tabocao;1708254;Tocantins
2013;0;Tabocao;1708254;Tocantins
2014;0;Tabocao;1708254;Tocantins
2015;0;Tabocao;1708254;Tocantins
2016;0;Tabocao;1708254;Tocantins
2017;0;Tabocao;1708254;Tocantins
2018;0;Tabocao;1708254;Tocantins
2019;0;Tabocao;1708254;Tocantins
2020;0;Tabocao;1708254;Tocantins
2021;0;Tabocao;1708254;Tocantins
2022;0;Tabocao;1708254;Tocantins
2023;0;Tabocao;1708254;Tocantins
2024;0;Tabocao;1708254;Tocantins
2007;0;Taguatinga;1720903;Tocantins
2008;0;Taguatinga;1720903;Tocantins
2009;0;Taguatinga;1720903;Tocantins
2010;0;Taguatinga;1720903;Tocantins
2011;0;Taguatinga;1720903;Tocantins
2012;0;Taguatinga;1720903;Tocantins
2013;0;Taguatinga;1720903;Tocantins
2014;0;Taguatinga;1720903;Tocantins
2015;0;Taguatinga;1720903;Tocantins
2016;0;Taguatinga;1720903;Tocantins
2017;0;Taguatinga;1720903;Tocantins
2018;0;Taguatinga;1720903;Tocantins
2019;0;Taguatinga;1720903;Tocantins
2020;0;Taguatinga;1720903;Tocantins
2021;0;Taguatinga;1720903;Tocantins
2022;0;Taguatinga;1720903;Tocantins
2023;0;Taguatinga;1720903;Tocantins
2024;0;Taguatinga;1720903;Tocantins
2007;0;Taipas do Tocantins;1720937;Tocantins
2008;0;Taipas do Tocantins;1720937;Tocantins
2009;0;Taipas do Tocantins;1720937;Tocantins
2010;0;Taipas do Tocantins;1720937;Tocantins
2011;0;Taipas do Tocantins;1720937;Tocantins
2012;0;Taipas do Tocantins;1720937;Tocantins
2013;0;Taipas do Tocantins;1720937;Tocantins
2014;0;Taipas do Tocantins;1720937;Tocantins
2015;0;Taipas do Tocantins;1720937;Tocantins
2016;0;Taipas do Tocantins;1720937;Tocantins
2017;0;Taipas do Tocantins;1720937;Tocantins
2018;0;Taipas do Tocantins;1720937;Tocantins
2019;0;Taipas do Tocantins;1720937;Tocantins
2020;0;Taipas do Tocantins;1720937;Tocantins
2021;0;Taipas do Tocantins;1720937;Tocantins
2022;0;Taipas do Tocantins;1720937;Tocantins
2023;0;Taipas do Tocantins;1720937;Tocantins
2024;0;Taipas do Tocantins;1720937;Tocantins
2007;0;Talisma;1720978;Tocantins
2008;0;Talisma;1720978;Tocantins
2009;0;Talisma;1720978;Tocantins
2010;0;Talisma;1720978;Tocantins
2011;0;Talisma;1720978;Tocantins
2012;0;Talisma;1720978;Tocantins
2013;0;Talisma;1720978;Tocantins
2014;0;Talisma;1720978;Tocantins
2015;0;Talisma;1720978;Tocantins
2016;0;Talisma;1720978;Tocantins
2017;0;Talisma;1720978;Tocantins
2018;0;Talisma;1720978;Tocantins
2019;0;Talisma;1720978;Tocantins
2020;0;Talisma;1720978;Tocantins
2021;0;Talisma;1720978;Tocantins
2022;0;Talisma;1720978;Tocantins
2023;0;Talisma;1720978;Tocantins
2024;0;Talisma;1720978;Tocantins
2007;0;Tocantinia;1721109;Tocantins
2008;0;Tocantinia;1721109;Tocantins
2009;0;Tocantinia;1721109;Tocantins
2010;0;Tocantinia;1721109;Tocantins
2011;0;Tocantinia;1721109;Tocantins
2012;0;Tocantinia;1721109;Tocantins
2013;0;Tocantinia;1721109;Tocantins
2014;0;Tocantinia;1721109;Tocantins
2015;0;Tocantinia;1721109;Tocantins
2016;0;Tocantinia;1721109;Tocantins
2017;0;Tocantinia;1721109;Tocantins
2018;0;Tocantinia;1721109;Tocantins
2019;0;Tocantinia;1721109;Tocantins
2020;0;Tocantinia;1721109;Tocantins
2021;0;Tocantinia;1721109;Tocantins
2022;0;Tocantinia;1721109;Tocantins
2023;0;Tocantinia;1721109;Tocantins
2024;0;Tocantinia;1721109;Tocantins
2007;296,76408579007955;Tocantinopolis;1721208;Tocantins
2008;1,0506968751521053;Tocantinopolis;1721208;Tocantins
2009;0,4679669583779097;Tocantinopolis;1721208;Tocantins
2010;0,1869839662300167;Tocantinopolis;1721208;Tocantins
2011;0,3782796901030108;Tocantinopolis;1721208;Tocantins
2012;0,6040993329018753;Tocantinopolis;1721208;Tocantins
2013;0,3293822339140817;Tocantinopolis;1721208;Tocantins
2014;0;Tocantinopolis;1721208;Tocantins
2015;0,0050017897253243895;Tocantinopolis;1721208;Tocantins
2016;0,17980052421741444;Tocantinopolis;1721208;Tocantins
2017;0,0753533869650773;Tocantinopolis;1721208;Tocantins
2018;0,0760034487339581;Tocantinopolis;1721208;Tocantins
2019;0,06938405433082181;Tocantinopolis;1721208;Tocantins
2020;0,411496324660924;Tocantinopolis;1721208;Tocantins
2021;0,09966137222898752;Tocantinopolis;1721208;Tocantins
2022;0,25273637969616886;Tocantinopolis;1721208;Tocantins
2023;0,11490427190285175;Tocantinopolis;1721208;Tocantins
2024;0;Tocantinopolis;1721208;Tocantins
2007;0;Tupirama;1721257;Tocantins
2008;0;Tupirama;1721257;Tocantins
2009;0;Tupirama;1721257;Tocantins
2010;0;Tupirama;1721257;Tocantins
2011;0;Tupirama;1721257;Tocantins
2012;0;Tupirama;1721257;Tocantins
2013;0;Tupirama;1721257;Tocantins
2014;0;Tupirama;1721257;Tocantins
2015;0;Tupirama;1721257;Tocantins
2016;0;Tupirama;1721257;Tocantins
2017;0;Tupirama;1721257;Tocantins
2018;0;Tupirama;1721257;Tocantins
2019;0;Tupirama;1721257;Tocantins
2020;0;Tupirama;1721257;Tocantins
2021;0;Tupirama;1721257;Tocantins
2022;0;Tupirama;1721257;Tocantins
2023;0;Tupirama;1721257;Tocantins
2024;0;Tupirama;1721257;Tocantins
2007;2,2364094436792508;Tupiratins;1721307;Tocantins
2008;0;Tupiratins;1721307;Tocantins
2009;0;Tupiratins;1721307;Tocantins
2010;0;Tupiratins;1721307;Tocantins
2011;0;Tupiratins;1721307;Tocantins
2012;0;Tupiratins;1721307;Tocantins
2013;0;Tupiratins;1721307;Tocantins
2014;0;Tupiratins;1721307;Tocantins
2015;0;Tupiratins;1721307;Tocantins
2016;0;Tupiratins;1721307;Tocantins
2017;0;Tupiratins;1721307;Tocantins
2018;0;Tupiratins;1721307;Tocantins
2019;0;Tupiratins;1721307;Tocantins
2020;0;Tupiratins;1721307;Tocantins
2021;0;Tupiratins;1721307;Tocantins
2022;0;Tupiratins;1721307;Tocantins
2023;0,49798373399650286;Tupiratins;1721307;Tocantins
2024;0;Tupiratins;1721307;Tocantins
2007;305,4257823022726;Wanderlandia;1722081;Tocantins
2008;2,2728448989824614;Wanderlandia;1722081;Tocantins
2009;0,1503318535907831;Wanderlandia;1722081;Tocantins
2010;0,38219004147093744;Wanderlandia;1722081;Tocantins
2011;0,5892073097011186;Wanderlandia;1722081;Tocantins
2012;0;Wanderlandia;1722081;Tocantins
2013;0,23259779108198314;Wanderlandia;1722081;Tocantins
2014;0,30598820770441454;Wanderlandia;1722081;Tocantins
2015;0,32305251240610056;Wanderlandia;1722081;Tocantins
2016;1,2773422489983726;Wanderlandia;1722081;Tocantins
2017;0,09051367390510637;Wanderlandia;1722081;Tocantins
2018;0,17900496206848418;Wanderlandia;1722081;Tocantins
2019;0,2808522038465377;Wanderlandia;1722081;Tocantins
2020;0,847715834245303;Wanderlandia;1722081;Tocantins
2021;2,165269657876453;Wanderlandia;1722081;Tocantins
2022;0,5898599092327815;Wanderlandia;1722081;Tocantins
2023;0,717487042026746;Wanderlandia;1722081;Tocantins
2024;0;Wanderlandia;1722081;Tocantins
2007;968,7285580419691;Xambioa;1722107;Tocantins
2008;7,88067237762822;Xambioa;1722107;Tocantins
2009;3,122838885994733;Xambioa;1722107;Tocantins
2010;6,450980631397424;Xambioa;1722107;Tocantins
2011;1,5862046338927698;Xambioa;1722107;Tocantins
2012;1,3806372601180465;Xambioa;1722107;Tocantins
2013;0,18235213382080634;Xambioa;1722107;Tocantins
2014;3,7401468327299625;Xambioa;1722107;Tocantins
2015;1,5399411443375974;Xambioa;1722107;Tocantins
2016;1,9738385215292287;Xambioa;1722107;Tocantins
2017;0,5566729567112038;Xambioa;1722107;Tocantins
2018;0,5005951537138641;Xambioa;1722107;Tocantins
2019;0,4870121049682494;Xambioa;1722107;Tocantins
2020;0,5821804186829493;Xambioa;1722107;Tocantins
2021;1,0622864553121336;Xambioa;1722107;Tocantins
2022;1,5479676744989266;Xambioa;1722107;Tocantins
2023;0,6599737888864996;Xambioa;1722107;Tocantins
2024;0;Xambioa;1722107;Tocantins