year;area km²;indi
2024;0,00;Merure
2024;0,00;Taihantesu
2024;0,00;Escondido
2024;0,00;Cajuhiri Atravessado
2024;0,00;Ponciano
2024;0,00;Padre
2024;0,00;Jabuti
2024;0,00;Pequizal do Naruvôtu
2024;0,00;São Domingos do Jacapari e Estação
2024;0,00;Areões
2024;0,00;Rio Pindaré
2024;0,00;São Pedro
2024;0,00;Uaçá
2024;0,00;Ipixuna
2024;0,00;Kanela Memortumré
2024;0,00;Patauá
2024;0,00;Batelão
2024;0,00;Funil
2024;0,00;Uati-Paraná
2024;0,00;Rio Manicoré
2024;0,00;Utaria Wyhyna/Iròdu Iràna
2024;0,00;Ouro
2024;0,00;Lago Aiapua
2024;0,00;Figueiras
2024;0,00;Porto Limoeiro
2024;0,00;Apipica
2024;0,00;Rio Téa
2024;0,00;Zoe
2024;0,00;Menkü
2024;0,00;Sororó
2024;0,00;Tanaru ( restrição de uso )
2024;0,00;Governador
2024;0,00;São Leopoldo
2024;0,00;Batovi
2024;0,00;Karajá Santana do Araguaia
2024;0,00;Tadarimana
2024;0,00;Uneiuxi
2024;0,00;Lago do Limão
2024;0,00;Maranduba
2024;0,00;Kwazá do Rio São Pedro
2024;0,00;Trombetas/Mapuera
2024;0,00;Tirecatinga
2024;0,00;Sagarana
2024;0,00;Ilha do Camaleão
2024;0,00;Natal/Felicidade
2024;0,00;Vui-Uata-In
2024;0,00;Barata Livramento
2024;0,00;Jacamim
2024;0,00;São Sebastião
2024;0,00;Parque do Tumucumaque
2024;0,00;Apinayé
2024;0,00;Vale do Javari
2024;0,00;Lago Capanã
2024;0,00;Jatuarana
2024;0,00;Cajueiro
2024;0,00;Las Casas
2024;0,00;Pequizal
2024;0,00;Kawahiva do Rio Pardo
2024;0,00;Maraã Urubaxi
2024;0,00;Paumari do Lago Manissuã
2024;0,00;Tembé
2024;0,00;Baía dos Guató
2024;0,00;Karajá de Aruanã III
2024;0,00;Praia do Índio
2024;0,00;Rio Formoso
2024;0,00;Praia do Mangue
2024;0,00;Anta
2024;0,00;Rodeador
2024;0,00;Rio Jumas
2024;0,00;Miguel/Josefa
2024;0,00;Waiãpi
2024;0,00;Tukuna Porto Espiritual
2024;0,00;Portal do Encantado
2024;0,00;Ubawawe
2024;0,00;Prosperidade
2024;0,00;Diahui
2024;0,00;Truaru
2024;0,00;Rio Omerê
2024;0,00;Arary
2024;0,00;Poyanawa
2024;0,00;Paumari do Cuniua
2024;0,00;Lagoa Comprida
2024;0,00;Galibi
2024;0,00;Utiariti
2024;0,00;Tabalascada
2024;0,00;Xerente
2024;0,00;Xambioá
2024;0,00;Kanela
2024;0,00;São Marcos - MT
2024;0,00;Uneiuxi
2024;0,00;Krahó-Kanela
2024;0,00;Kraolandia
2024;0,00;Manoa/Pium
2024;0,00;Lago Jauari
2024;0,00;Pimentel Barbosa
2024;0,00;Juininha
2024;0,00;São Domingos - MT
2024;0,00;Maracaxi
2024;0,00;Guató
2024;0,00;Rio Apaporis
2024;0,00;Trocará - Doação
2024;0,00;Xipaya
2024;0,00;Serra da Moça
2024;0,00;Torá
2024;0,00;Sucuba
2024;0,00;Inawebohona
2024;0,00;Nove de Janeiro
2024;0,00;Pirititi
2024;0,00;Lago do Marinheiro
2024;0,00;Marechal Rondon
2024;0,00;Tikúna de Feijoal
2024;0,00;Umutina
2024;0,00;Tereza Cristina
2024;0,00;Tubarão Latunde
2024;0,00;Rio Biá
2024;0,00;Estação Parecis
2024;0,00;Bom Jesus
2024;0,00;Paresi
2024;0,00;Perigara
2024;0,00;Chão Preto
2024;0,00;Lago do Beruri
2024;0,00;Boa Vista - AM
2024;0,00;Cacique Fontoura
2024;0,00;Mangueira
2024;0,00;Uty-Xunaty
2024;0,00;Sururuá
2024;0,00;Apurinã do Igarapé São João
2024;0,00;Bakairi
2024;0,00;Porquinhos dos Canela-Apãnjekra
2024;0,00;Tenharim do Igarapé Preto
2024;0,00;Riozinho
2024;0,00;Médio Rio Negro II
2024;0,00;Lagoa dos Brincos
2024;0,00;Morro Branco
2024;0,00;Karajá de Aruanã II
2024;0,00;Sangradouro/Volta Grande
2024;0,00;Urucu/Juruá
2024;0,00;Krenrehé
2024;0,00;Parana do Boa Boa
2024;0,00;Parana do Paricá
2024;0,00;Tukuna Umariaçu
2024;0,00;Médio Rio Negro I
2024;0,00;Ponta da Serra
2024;0,00;Nova Esperança do Rio Jandiatuba
2024;0,00;Parque do Araguaia
2024;0,00;Ariramba
2024;0,00;Tapirapé/Karajá
2024;0,00;Cuia
2024;0,00;Wawi
2024;0,00;Recreio/São Félix
2024;0,00;Massaco
2024;0,00;Maraitá
2024;0,00;Fortaleza do Patauá
2024;0,00;Barreirinha
2024;0,00;Anambé
2024;0,00;Porquinhos
2024;0,00;Rio Paru DEste
2024;0,00;Ponte de Pedra
2024;0,00;Jarudore
2024;0,00;Muriru
2024;0,00;Meria
2024;0,00;Parabubure
2024;0,00;Taego Ãwa
2024;0,00;Itaitinga
2024;0,00;Turé/Mariquita
2024;0,00;Wedezé
2024;0,00;Uirapuru
2024;0,00;Pium
2024;0,00;Santa Cruz da Nova Aliança
2024;0,00;Nhamundá/Mapuera
2024;0,00;Fortaleza do Castanho
2024;0,00;Juruna do Km 17
2024;0,00;Estivadinho
2024;0,00;Nova Jacundá
2024;0,00;Tikuna de Santo Antonio
2024;0,00;Jumina
2024;0,00;Tuwa Apekuokawera
2024;0,00;Paracuhuba
2024;0,00;Paumari do Rio Ituxi
2024;0,00;Jaquiri
2024;0,00;Lago do Correio
2024;0,00;Miratu
2024;0,00;Apiaka/Kayabi
2024;0,00;Alto Sepatini
2024;0,00;Mawetek
2024;0,00;Cué Cué/ Marabitanas
2024;0,00;Acimã
2024;0,00;Matintin
2024;0,00;Marajai
2024;0,00;Évare I
2024;0,00;Kulina do Rio Envira
2024;0,00;Estrela da Paz
2024;0,00;Kulina do Medio Jurua
2024;0,00;Juma
2024;0,00;Apurinã do Igarapé Mucuim
2024;0,00;Lauro Sodré
2024;0,00;Cuiu-Cuiu
2024;0,00;Rio Guaporé
2024;0,00;Betania
2024;0,00;Acapuri de Cima
2024;0,00;Jaminawa Arara do Rio Bagé
2024;0,00;Badjonkore
2024;0,00;Krenyê
2024;0,00;Santana
2024;0,00;São Pedro do Sepatini
2024;0,00;Paraná do Arauató
2024;0,00;Sapotal
2024;0,00;Ananás
2024;0,00;Guajahã
2024;0,00;Kaxinawá do Baixo Rio Jordão
2024;0,00;Balaio
2024;0,00;Paumari do Lago Paricá
2024;0,00;Cabeceira do Rio Acre
2024;0,00;Barro Alto
2024;0,00;Igarapé Taboca do Alto Tarauacá
2024;0,00;Hi Merimã
2024;0,00;Igarapé Grande
2024;0,00;Camicua
2024;0,00;Kumaru do Lago Ualá
2024;0,00;Jaminaua/Envira
2024;0,00;Espírito Santo
2024;0,00;Alto Rio Negro
2024;0,00;Igarapé do Caucho
2024;0,00;Évare II
2024;0,00;Mapari
2024;0,00;Jurubaxi-téa
2024;0,00;Guanabara
2024;0,00;Kaxinawá Colônia Vinte e Sete
2024;0,00;Krikati
2024;0,00;São Francisco do Canimari
2024;0,00;Macarrão
2024;0,00;Bom Intento
2024;0,00;Cacau do Tarauaca
2024;0,00;Karitiana
2024;0,00;Alto Tarauacá
2024;0,00;Anaro
2024;0,00;Camadeni
2024;0,00;Kanamari do Rio Juruá
2024;0,00;Banawá
2024;0,00;Igarapé Capana
2024;0,00;Jarawara/Jamamadi/Kanamati
2024;0,16;Parakanã
2024;0,26;Vista Alegre
2024;0,00;Apurinã Igarapé Tauamirim
2024;0,03;Bragança-Marituba
2024;0,14;Rio Gregório
2024;1,90;Uru-Eu-Wau-Wau
2024;0,42;Waimiri-Atroari
2024;2,12;Karipuna
2024;0,09;Terena Gleba Iriri
2024;0,08;Maró
2024;1,41;Kayabi
2024;0,21;Seruini/Mariene
2024;0,00;Kulina Igarapé do Pau
2024;1,17;Barreira da Missão
2024;0,43;Kaxarari
2024;0,10;Malacacheta
2024;0,01;Trocará
2024;0,07;Vale do Guaporé
2024;0,08;Kararaô
2024;0,13;Alto Turiaçu
2024;2,90;Trincheira Bacaja
2024;0,11;Ituna/Itatá (restrição de uso)
2024;0,54;Kaxinawá do Rio Jordão
2024;1,44;Jacareúba/Katauixi (restrição uso)
2024;9,02;Apyterewa
2024;1,61;Nambikwara
2024;0,63;Manoki
2024;0,21;Awa
2024;1,28;Xikrin do Rio Catete
2024;3,40;Menkragnoti
2024;0,01;Catipari/Mamoria
2024;1,02;Amanayé
2024;2,43;Sepoti
2024;0,30;Zuruahã
2024;0,23;Canauanim
2024;0,09;Kampa e Isolados do Rio Envira
2024;0,14;Igarapé Lourdes
2024;0,01;Rio Mequens
2024;0,59;Paukalirajausu
2024;0,31;Deni
2024;0,07;Jaminawa do Igarapé Preto
2024;0,70;WaiWái
2024;0,09;Pinatuba
2024;0,00;Kaxinawá Seringal Independência
2024;0,02;Mãe Maria
2024;0,65;Mamoadate
2024;0,41;Boqueirão
2024;0,08;Bacurizinho
2024;0,38;Katukina/Kaxinawá
2024;1,92;Pacaas Novas
2024;3,97;Alto Rio Guamá
2024;0,43;Bacurizinho
2024;0,31;Peneri/Tacaquiri
2024;0,06;Kaxinawá da Praia do Carapanã
2024;0,03;Arara
2024;9,77;Maraiwatsede
2024;3,56;Kayapó
2024;2,03;Arariboia
2024;0,07;Irantxe
2024;0,56;Cana Brava/Guajajara
2024;0,07;Arara da Volta Grande do Xingu
2024;0,07;Rio Negro Ocaia
2024;0,73;Cunhã-Sapucaia
2024;11,46;Cachoeira Seca
2024;0,68;Tenharim Marmelos
2024;0,31;Moskow
2024;0,07;Serra Morena
2024;0,23;Parque do Aripuanã
2024;0,35;Tabocal
2024;5,39;Munduruku
2024;0,07;Inauini/Teuini
2024;10,82;Andirá-Marau
2024;3,17;Yanomami
2024;0,15;Jauary
2024;1,76;Kaxuyana-Tunayana
2024;0,07;Rio Negro Ocaia
2024;0,10;Água Preta/Inari
2024;0,07;Kampa do Igarapé Primavera
2024;0,10;Koatinemo
2024;0,20;Araweté Igarapé Ipixuna
2024;3,34;Aripuanã
2024;0,08;Gavião
2024;0,55;Roosevelt
2024;0,71;Apiaká do Pontal e Isolados
2024;0,22;Arara do Igarapé Humaitá
2024;0,17;Japuira
2024;0,07;Porto Praia
2024;0,32;Kampa do Rio Amônia
2024;0,30;Caru
2024;26,15;Sararé
2024;0,18;Caititu
2024;0,39;Itixi Mitari
2024;0,71;Sawré Muybu (Pimental)
2024;0,14;Setemã
2024;2,84;Zoró
2024;4,35;Sete de Setembro
2024;0,13;Turé/Mariquita II
2024;0,06;Nukini
2024;0,24;Menkü
2024;0,07;Alto Rio Purus
2024;3,92;Sarauá
2024;0,19;Geralda Toco Preto
2024;0,13;Boca do Acre
2024;10,08;Coata-Laranjal
2024;0,26;Kaxinawá Nova Olinda
2024;0,07;Arara do Rio Amônia
2024;0,12;Paquiçamba
2024;0,16;Enawenê-Nawê
2024;0,10;Baú
2024;0,67;Urubu Branco
2024;0,55;Murutinga/Tracaja
2024;0,07;Araçá
2024;0,15;Aningal
2024;0,42;Sai-Cinza
2024;0,08;Riozinho do Alto Envira
2024;0,07;Cobra Grande
2024;0,17;Pirahã
2024;0,27;Paumari do Lago Marahã
2024;0,74;Capoto/Jarina
2024;2,12;Apurinã Km 124 BR-317
2024;0,24;Rio Urubu
2024;0,66;Kuruáya
2024;0,00;Santa Inez
2024;0,07;Kaxinawá Ashaninka do Rio Breu
2024;2,29;Tenharim Marmelos (Gleba B)
2024;0,28;Campinas/Katukina
2024;1,02;Arara do Rio Branco
2024;0,16;Piripkura ( restrição de uso )
2024;0,01;Tumiã
2024;0,01;Tupã-Supé
2024;0,28;Kaxinawá do Rio Humaitá
2024;0,23;Rio Gregório
2024;0,67;São Marcos - RR
2024;3,03;Igarapé Lage
2024;0,33;Panará
2024;0,06;Raposa Serra do Sol
2024;0,01;Munduruku-Taquara
2024;0,16;Trincheira
2024;2,57;Parque do Xingu
2024;0,06;Raimundão
2024;0,19;Pirineus de Souza
2024;0,37;Igarapé Ribeirão
2024;0,12;Paquiçamba
2024;0,89;Rio Branco
2024;0,11;Erikpatsá
2024;0,51;Sissaíma
2023;0,14;Arara do Rio Branco
2023;0,00;Arara
2023;0,00;Escondido
2023;0,00;Paukalirajausu
2023;0,00;Ponciano
2023;0,00;Padre
2023;0,00;Jabuti
2023;0,00;Kararaô
2023;0,00;Areões
2023;0,00;Rio Pindaré
2023;0,00;São Pedro
2023;0,00;Raimundão
2023;0,00;Porto Praia
2023;0,00;Patauá
2023;0,00;Funil
2023;0,00;Rio Manicoré
2023;0,00;Utaria Wyhyna/Iròdu Iràna
2023;0,00;Ouro
2023;0,00;Lago Aiapua
2023;0,00;Riozinho do Alto Envira
2023;0,00;Figueiras
2023;0,00;Porto Limoeiro
2023;0,00;Apipica
2023;0,00;Rio Téa
2023;0,00;Irantxe
2023;0,00;Zoe
2023;0,00;Menkü
2023;0,00;Tanaru ( restrição de uso )
2023;0,00;São Leopoldo
2023;0,00;Karajá Santana do Araguaia
2023;0,00;Tadarimana
2023;0,00;Kuruáya
2023;0,00;Araçá
2023;0,00;Uneiuxi
2023;0,00;Maranduba
2023;0,00;Kwazá do Rio São Pedro
2023;0,00;Tirecatinga
2023;0,00;Tabocal
2023;0,00;Ilha do Camaleão
2023;0,00;Natal/Felicidade
2023;0,00;Barata Livramento
2023;0,00;Alto Turiaçu
2023;0,00;Japuira
2023;0,00;Itixi Mitari
2023;0,00;Apinayé
2023;0,00;Lago Capanã
2023;0,00;Jatuarana
2023;0,00;Cajueiro
2023;0,00;Las Casas
2023;0,00;Pequizal
2023;0,00;Kawahiva do Rio Pardo
2023;0,00;Turé/Mariquita II
2023;0,00;Paumari do Lago Manissuã
2023;0,00;Tembé
2023;0,00;Baía dos Guató
2023;0,00;Karajá de Aruanã III
2023;0,00;Praia do Índio
2023;0,00;Rio Formoso
2023;0,00;Praia do Mangue
2023;0,00;Anta
2023;0,00;Rodeador
2023;0,00;Rio Jumas
2023;0,00;Miguel/Josefa
2023;0,00;Tukuna Porto Espiritual
2023;0,00;Portal do Encantado
2023;0,00;Ubawawe
2023;0,00;Prosperidade
2023;0,00;Diahui
2023;0,00;Truaru
2023;0,00;Rio Omerê
2023;0,00;Koatinemo
2023;0,00;Arary
2023;0,00;Paumari do Cuniua
2023;0,00;Lagoa Comprida
2023;0,00;Pirineus de Souza
2023;0,00;Galibi
2023;0,00;Utiariti
2023;0,00;Tabalascada
2023;0,00;Xerente
2023;0,00;Xambioá
2023;0,00;Kanela
2023;0,00;São Marcos - MT
2023;0,00;Uneiuxi
2023;0,00;Krahó-Kanela
2023;0,00;Kraolandia
2023;0,00;Lago Jauari
2023;0,00;Araweté Igarapé Ipixuna
2023;0,00;Pimentel Barbosa
2023;0,00;Juininha
2023;0,00;São Domingos - MT
2023;0,00;Maracaxi
2023;0,00;Guató
2023;0,00;Trocará - Doação
2023;0,00;Serra da Moça
2023;0,00;Torá
2023;0,00;Sucuba
2023;0,00;Inawebohona
2023;0,00;Caru
2023;0,00;Pirititi
2023;0,00;Raposa Serra do Sol
2023;0,00;Lago do Marinheiro
2023;0,00;Marechal Rondon
2023;0,00;Paquiçamba
2023;0,00;Umutina
2023;0,00;Tereza Cristina
2023;0,00;Menkü
2023;0,00;Estação Parecis
2023;0,00;Bom Jesus
2023;0,00;Paresi
2023;0,00;Perigara
2023;0,00;Chão Preto
2023;0,00;Lago do Beruri
2023;0,00;Boa Vista - AM
2023;0,00;Cacique Fontoura
2023;0,00;Mangueira
2023;0,00;Sururuá
2023;0,00;Apurinã do Igarapé São João
2023;0,00;Bakairi
2023;0,00;Erikpatsá
2023;0,00;Merure
2023;0,00;Lagoa dos Brincos
2023;0,00;Morro Branco
2023;0,00;Karajá de Aruanã II
2023;0,00;Sangradouro/Volta Grande
2023;0,00;Urucu/Juruá
2023;0,00;Krenrehé
2023;0,00;Parana do Paricá
2023;0,00;Ponta da Serra
2023;0,00;Nova Esperança do Rio Jandiatuba
2023;0,00;Parque do Araguaia
2023;0,00;Taihantesu
2023;0,00;Cobra Grande
2023;0,00;Ariramba
2023;0,00;Trocará
2023;0,00;Tapirapé/Karajá
2023;0,00;Recreio/São Félix
2023;0,00;Massaco
2023;0,00;Paquiçamba
2023;0,00;Fortaleza do Patauá
2023;0,00;Setemã
2023;0,00;Tumiã
2023;0,00;Barreirinha
2023;0,00;Anambé
2023;0,00;Porquinhos
2023;0,00;Aningal
2023;0,00;Ponte de Pedra
2023;0,00;Jarudore
2023;0,00;Muriru
2023;0,00;Meria
2023;0,00;Parabubure
2023;0,00;Itaitinga
2023;0,00;Turé/Mariquita
2023;0,00;Wedezé
2023;0,00;Uirapuru
2023;0,00;Pium
2023;0,00;Santa Cruz da Nova Aliança
2023;0,00;Fortaleza do Castanho
2023;0,00;Apurinã Igarapé Tauamirim
2023;0,00;Estivadinho
2023;0,00;Nova Jacundá
2023;0,00;Tikuna de Santo Antonio
2023;0,00;Jumina
2023;0,00;Tuwa Apekuokawera
2023;0,00;Paracuhuba
2023;0,00;Paumari do Rio Ituxi
2023;0,00;Jaquiri
2023;0,00;Apiaka/Kayabi
2023;0,00;Alto Sepatini
2023;0,00;Acimã
2023;0,00;Matintin
2023;0,00;Kaxinawá Seringal Independência
2023;0,00;Marajai
2023;0,00;Kulina do Rio Envira
2023;0,00;Juma
2023;0,00;Apurinã do Igarapé Mucuim
2023;0,00;Catipari/Mamoria
2023;0,00;Acapuri de Cima
2023;0,00;Jaminawa Arara do Rio Bagé
2023;0,00;Badjonkore
2023;0,00;Krenyê
2023;0,00;Kaxinawá do Rio Humaitá
2023;0,00;Santana
2023;0,00;São Pedro do Sepatini
2023;0,00;Paraná do Arauató
2023;0,00;Sapotal
2023;0,00;Ananás
2023;0,00;Guajahã
2023;0,00;Balaio
2023;0,00;Paumari do Lago Paricá
2023;0,00;Cabeceira do Rio Acre
2023;0,00;Barro Alto
2023;0,00;Igarapé Taboca do Alto Tarauacá
2023;0,00;Hi Merimã
2023;0,00;Inauini/Teuini
2023;0,00;Igarapé Grande
2023;0,00;Jaminaua/Envira
2023;0,00;Espírito Santo
2023;0,00;Igarapé do Caucho
2023;0,00;Mapari
2023;0,00;Jurubaxi-téa
2023;0,00;Kaxinawá Colônia Vinte e Sete
2023;0,00;Kampa do Rio Amônia
2023;0,00;São Francisco do Canimari
2023;0,00;Bom Intento
2023;0,00;Cacau do Tarauaca
2023;0,00;Kulina Igarapé do Pau
2023;0,00;Kampa e Isolados do Rio Envira
2023;0,00;Alto Tarauacá
2023;0,00;Anaro
2023;0,00;Camadeni
2023;0,00;Banawá
2023;0,00;Igarapé Capana
2023;0,00;Jarawara/Jamamadi/Kanamati
2023;0,69;Vui-Uata-In
2023;0,68;Trombetas/Mapuera
2023;0,07;Guanabara
2023;0,04;Sororó
2023;3,95;Sete de Setembro
2023;0,02;Juruna do Km 17
2023;0,17;Riozinho
2023;0,35;Igarapé Ribeirão
2023;0,23;Kanela Memortumré
2023;5,34;Karipuna
2023;0,11;Vale do Guaporé
2023;3,93;Trincheira Bacaja
2023;0,10;Pinatuba
2023;0,11;Boqueirão
2023;1,28;Alto Rio Guamá
2023;7,84;Cachoeira Seca
2023;0,46;Tenharim Marmelos
2023;0,46;Rio Negro Ocaia
2023;0,16;Apurinã Km 124 BR-317
2023;0,28;Nove de Janeiro
2023;0,20;Parakanã
2023;1,19;Kayabi
2023;0,17;Menkragnoti
2023;3,03;Sepoti
2023;0,42;Bacurizinho
2023;0,82;Pacaas Novas
2023;0,26;Sawré Muybu (Pimental)
2023;0,15;Nukini
2023;0,33;Kaxinawá Nova Olinda
2023;1,12;Vale do Javari
2023;0,00;Cajuhiri Atravessado
2023;0,20;São Marcos - RR
2023;0,48;Betania
2023;0,12;Awa
2023;0,26;Mawetek
2023;0,20;Mamoadate
2023;0,06;Parana do Boa Boa
2023;0,16;Médio Rio Negro II
2023;0,39;Cunhã-Sapucaia
2023;0,13;Apiaká do Pontal e Isolados
2023;3,98;Sararé
2023;0,33;Murutinga/Tracaja
2023;0,16;Maraã Urubaxi
2023;0,24;Rio Urubu
2023;0,33;Parque do Tumucumaque
2023;0,24;Trincheira
2023;0,08;Xipaya
2023;0,22;Panará
2023;0,57;Rio Biá
2023;0,12;Terena Gleba Iriri
2023;0,07;Jaminawa do Igarapé Preto
2023;4,98;Bacurizinho
2023;0,23;Kaxinawá da Praia do Carapanã
2023;0,26;Governador
2023;0,12;Moskow
2023;0,41;Estrela da Paz
2023;0,14;Caititu
2023;0,11;Arara do Rio Amônia
2023;0,02;Tupã-Supé
2023;0,63;Waimiri-Atroari
2023;0,37;Évare II
2023;0,08;Maraitá
2023;0,15;Canauanim
2023;1,65;Deni
2023;0,27;São Sebastião
2023;0,10;Parque do Aripuanã
2023;0,00;Gavião
2023;1,51;Roosevelt
2023;0,17;Jacamim
2023;3,80;Tenharim Marmelos (Gleba B)
2023;0,22;Kulina do Medio Jurua
2023;0,03;Bragança-Marituba
2023;0,38;Médio Rio Negro I
2023;0,08;Kaxinawá do Rio Jordão
2023;0,22;Katukina/Kaxinawá
2023;0,00;Sagarana
2023;0,88;Enawenê-Nawê
2023;0,13;Lauro Sodré
2023;0,27;Paumari do Lago Marahã
2023;6,32;Igarapé Lage
2023;0,19;Rio Gregório
2023;0,18;Karitiana
2023;0,09;Cuia
2023;6,21;Maraiwatsede
2023;11,21;Kayapó
2023;0,17;Arara da Volta Grande do Xingu
2023;0,92;Uati-Paraná
2023;0,84;Pirahã
2023;0,14;Campinas/Katukina
2023;1,54;Piripkura ( restrição de uso )
2023;0,09;Rio Apaporis
2023;0,06;Rio Paru DEste
2023;20,64;Apyterewa
2023;1,52;Xikrin do Rio Catete
2023;0,15;Pequizal do Naruvôtu
2023;0,86;Amanayé
2023;0,78;Kanamari do Rio Juruá
2023;2,85;Arariboia
2023;1,20;Andirá-Marau
2023;0,24;Jauary
2023;0,21;Kaxinawá do Baixo Rio Jordão
2023;0,27;Tubarão Latunde
2023;0,25;Boca do Acre
2023;0,47;Sai-Cinza
2023;0,11;Santa Inez
2023;1,69;Uru-Eu-Wau-Wau
2023;0,67;Sissaíma
2023;0,28;Lago do Limão
2023;0,39;Igarapé Lourdes
2023;0,79;Nhamundá/Mapuera
2023;0,39;Rio Negro Ocaia
2023;0,31;Batelão
2023;0,65;Cué Cué/ Marabitanas
2023;0,21;Serra Morena
2023;1,91;Aripuanã
2023;0,19;Arara do Igarapé Humaitá
2023;0,65;Baú
2023;0,18;Taego Ãwa
2023;0,07;Capoto/Jarina
2023;0,18;Waiãpi
2023;0,21;Vista Alegre
2023;0,09;Malacacheta
2023;0,18;Wawi
2023;1,42;São Domingos do Jacapari e Estação
2023;0,09;Kumaru do Lago Ualá
2023;0,08;Kaxinawá Ashaninka do Rio Breu
2023;1,18;Ipixuna
2023;0,08;Seruini/Mariene
2023;0,13;Krikati
2023;0,07;Batovi
2023;0,27;Zuruahã
2023;1,25;Peneri/Tacaquiri
2023;0,48;Cana Brava/Guajajara
2023;0,73;Kaxuyana-Tunayana
2023;0,64;Urubu Branco
2023;0,19;Rio Gregório
2023;0,22;Uaçá
2023;2,16;Parque do Xingu
2023;0,07;Rio Branco
2023;0,12;Maró
2023;0,44;Jacareúba/Katauixi (restrição uso)
2023;5,30;Manoki
2023;0,11;Rio Mequens
2023;0,74;Alto Rio Negro
2023;0,06;Tikúna de Feijoal
2023;0,08;Camicua
2023;0,62;Sarauá
2023;0,06;Geralda Toco Preto
2023;0,01;Poyanawa
2023;0,01;Munduruku-Taquara
2023;0,37;Barreira da Missão
2023;0,20;Kaxarari
2023;1,15;Évare I
2023;0,13;Macarrão
2023;0,06;Rio Guaporé
2023;7,60;Yanomami
2023;0,27;Zoró
2023;0,01;Uty-Xunaty
2023;0,16;Nambikwara
2023;0,20;WaiWái
2023;1,11;Porquinhos dos Canela-Apãnjekra
2023;0,00;Água Preta/Inari
2023;3,38;Coata-Laranjal
2023;2,61;Ituna/Itatá (restrição de uso)
2023;0,16;Mãe Maria
2023;0,38;Manoa/Pium
2023;3,72;Munduruku
2023;0,15;Kampa do Igarapé Primavera
2023;0,09;Tukuna Umariaçu
2023;0,06;Miratu
2023;0,34;Cuiu-Cuiu
2023;0,16;Lago do Correio
2023;0,26;Alto Rio Purus
2023;0,00;Tenharim do Igarapé Preto
2022;0,00;Trincheira
2022;0,00;Taihantesu
2022;0,00;Paukalirajausu
2022;0,00;Cajuhiri Atravessado
2022;0,00;Padre
2022;0,00;Jabuti
2022;0,00;São Domingos do Jacapari e Estação
2022;0,00;Kararaô
2022;0,00;Areões
2022;0,00;Rio Pindaré
2022;0,00;São Pedro
2022;0,00;Raimundão
2022;0,00;Porto Praia
2022;0,00;Patauá
2022;0,00;Batelão
2022;0,00;Funil
2022;0,00;Uati-Paraná
2022;0,00;Rio Manicoré
2022;0,00;Utaria Wyhyna/Iròdu Iràna
2022;0,00;Ouro
2022;0,00;Lago Aiapua
2022;0,00;Figueiras
2022;0,00;Porto Limoeiro
2022;0,00;Apipica
2022;0,00;Rio Téa
2022;0,00;Irantxe
2022;0,00;Menkü
2022;0,00;Geralda Toco Preto
2022;0,00;Tanaru ( restrição de uso )
2022;0,00;Governador
2022;0,00;Karajá Santana do Araguaia
2022;0,00;Tadarimana
2022;0,00;Kuruáya
2022;0,00;Araçá
2022;0,00;Maranduba
2022;0,00;Zuruahã
2022;0,00;Kwazá do Rio São Pedro
2022;0,00;Tirecatinga
2022;0,00;Tabocal
2022;0,00;Ilha do Camaleão
2022;0,00;Natal/Felicidade
2022;0,00;Japuira
2022;0,00;Parque do Tumucumaque
2022;0,00;Apinayé
2022;0,00;Lago Capanã
2022;0,00;Jatuarana
2022;0,00;Cajueiro
2022;0,00;Las Casas
2022;0,00;Maró
2022;0,00;Pequizal
2022;0,00;Maraã Urubaxi
2022;0,00;Turé/Mariquita II
2022;0,00;Paumari do Lago Manissuã
2022;0,00;Tembé
2022;0,00;Baía dos Guató
2022;0,00;Karajá de Aruanã III
2022;0,00;Praia do Índio
2022;0,00;Rio Formoso
2022;0,00;Praia do Mangue
2022;0,00;Anta
2022;0,00;Rodeador
2022;0,00;Rio Jumas
2022;0,00;Miguel/Josefa
2022;0,00;Pinatuba
2022;0,00;Ubawawe
2022;0,00;Prosperidade
2022;0,00;Diahui
2022;0,00;Rio Omerê
2022;0,00;Lagoa Comprida
2022;0,00;Galibi
2022;0,00;Utiariti
2022;0,00;Bragança-Marituba
2022;0,00;Xerente
2022;0,00;Xambioá
2022;0,00;Kanela
2022;0,00;São Marcos - MT
2022;0,00;Uneiuxi
2022;0,00;Krahó-Kanela
2022;0,00;Kraolandia
2022;0,00;Lago Jauari
2022;0,00;Pimentel Barbosa
2022;0,00;Juininha
2022;0,00;São Domingos - MT
2022;0,00;Maracaxi
2022;0,00;Guató
2022;0,00;Trocará - Doação
2022;0,00;Serra da Moça
2022;0,00;Torá
2022;0,00;Sucuba
2022;0,00;Inawebohona
2022;0,00;Lago do Marinheiro
2022;0,00;Marechal Rondon
2022;0,00;Umutina
2022;0,00;Tereza Cristina
2022;0,00;Estação Parecis
2022;0,00;Bom Jesus
2022;0,00;Paresi
2022;0,00;Perigara
2022;0,00;Chão Preto
2022;0,00;Lago do Beruri
2022;0,00;Boa Vista - AM
2022;0,00;Cacique Fontoura
2022;0,00;Mangueira
2022;0,00;Vista Alegre
2022;0,00;Apurinã do Igarapé São João
2022;0,00;Bakairi
2022;0,00;Erikpatsá
2022;0,00;Merure
2022;0,00;Tupã-Supé
2022;0,00;Rio Gregório
2022;0,00;Médio Rio Negro II
2022;0,00;Lagoa dos Brincos
2022;0,00;Morro Branco
2022;0,00;Karajá de Aruanã II
2022;0,00;Sangradouro/Volta Grande
2022;0,00;Krenrehé
2022;0,00;Parana do Boa Boa
2022;0,00;Parana do Paricá
2022;0,00;Canauanim
2022;0,00;Ponta da Serra
2022;0,00;Nova Esperança do Rio Jandiatuba
2022;0,00;Parque do Araguaia
2022;0,00;Cobra Grande
2022;0,00;Ariramba
2022;0,00;Tapirapé/Karajá
2022;0,00;Wawi
2022;0,00;Recreio/São Félix
2022;0,00;Boqueirão
2022;0,00;Massaco
2022;0,00;Maraitá
2022;0,00;Fortaleza do Patauá
2022;0,00;Setemã
2022;0,00;Barreirinha
2022;0,00;Bacurizinho
2022;0,00;Porquinhos
2022;0,00;Rio Paru DEste
2022;0,00;Aningal
2022;0,00;Ponte de Pedra
2022;0,00;Jarudore
2022;0,00;Cunhã-Sapucaia
2022;0,00;Muriru
2022;0,00;Meria
2022;0,00;Parabubure
2022;0,00;Taego Ãwa
2022;0,00;Itaitinga
2022;0,00;Turé/Mariquita
2022;0,00;Uirapuru
2022;0,00;Pium
2022;0,00;Santa Cruz da Nova Aliança
2022;0,00;Fortaleza do Castanho
2022;0,00;Juruna do Km 17
2022;0,00;Apurinã Igarapé Tauamirim
2022;0,00;Estivadinho
2022;0,00;Nova Jacundá
2022;0,00;Jumina
2022;0,00;Paracuhuba
2022;0,00;Paumari do Rio Ituxi
2022;0,00;Jaquiri
2022;0,00;Miratu
2022;0,00;Alto Sepatini
2022;0,00;Acimã
2022;0,00;Matintin
2022;0,00;Jacareúba/Katauixi (restrição uso)
2022;0,00;Marajai
2022;0,00;Kulina do Rio Envira
2022;0,00;Juma
2022;0,00;Apurinã do Igarapé Mucuim
2022;0,00;Lauro Sodré
2022;0,00;Cuiu-Cuiu
2022;0,00;Betania
2022;0,00;Acapuri de Cima
2022;0,00;Badjonkore
2022;0,00;Krenyê
2022;0,00;Santana
2022;0,00;Paraná do Arauató
2022;0,00;Sapotal
2022;0,00;Ananás
2022;0,00;Guajahã
2022;0,00;Kaxinawá do Baixo Rio Jordão
2022;0,00;Balaio
2022;0,00;Paumari do Lago Paricá
2022;0,00;Barro Alto
2022;0,00;Igarapé Taboca do Alto Tarauacá
2022;0,00;Hi Merimã
2022;0,00;Inauini/Teuini
2022;0,00;Igarapé Grande
2022;0,00;Kumaru do Lago Ualá
2022;0,00;Jaminaua/Envira
2022;0,00;Espírito Santo
2022;0,00;Mapari
2022;0,00;Jurubaxi-téa
2022;0,00;Kaxinawá Colônia Vinte e Sete
2022;0,00;Jaminawa do Igarapé Preto
2022;0,00;São Francisco do Canimari
2022;0,00;Alto Tarauacá
2022;0,00;Anaro
2022;0,00;Camadeni
2022;0,00;Banawá
2022;0,00;Igarapé Capana
2022;0,00;Barreira da Missão
2022;0,07;Vui-Uata-In
2022;0,51;Trombetas/Mapuera
2022;0,08;Kampa e Isolados do Rio Envira
2022;0,07;Guanabara
2022;0,00;Sororó
2022;0,05;Pirititi
2022;2,05;Sete de Setembro
2022;0,10;Riozinho
2022;0,04;Igarapé Ribeirão
2022;0,27;Kanela Memortumré
2022;0,20;Tikuna de Santo Antonio
2022;17,41;Karipuna
2022;0,17;Vale do Guaporé
2022;14,97;Trincheira Bacaja
2022;0,07;Jaminawa Arara do Rio Bagé
2022;0,10;Escondido
2022;2,27;Alto Rio Guamá
2022;27,47;Cachoeira Seca
2022;0,49;Tenharim Marmelos
2022;0,59;Rio Negro Ocaia
2022;1,16;Apurinã Km 124 BR-317
2022;0,00;Nove de Janeiro
2022;0,41;Parakanã
2022;3,81;Kayabi
2022;1,61;Menkragnoti
2022;4,41;Sepoti
2022;5,01;Pacaas Novas
2022;0,07;Jarawara/Jamamadi/Kanamati
2022;0,23;Caru
2022;0,08;Truaru
2022;0,04;Sawré Muybu (Pimental)
2022;0,06;Nukini
2022;0,61;Kaxinawá Nova Olinda
2022;2,01;Vale do Javari
2022;0,39;São Marcos - RR
2022;0,49;Raposa Serra do Sol
2022;0,27;Awa
2022;0,29;Mawetek
2022;0,61;Mamoadate
2022;0,02;Apiaká do Pontal e Isolados
2022;1,10;Sararé
2022;1,53;Murutinga/Tracaja
2022;0,06;Anambé
2022;0,19;Rio Urubu
2022;0,71;Arara do Rio Branco
2022;0,06;Xipaya
2022;0,96;Panará
2022;0,70;Rio Biá
2022;0,09;Terena Gleba Iriri
2022;0,20;Catipari/Mamoria
2022;3,17;Bacurizinho
2022;0,26;Kaxinawá da Praia do Carapanã
2022;0,29;Moskow
2022;0,07;Estrela da Paz
2022;0,13;Caititu
2022;0,10;Arara do Rio Amônia
2022;1,35;Waimiri-Atroari
2022;0,06;Évare II
2022;1,85;Deni
2022;0,08;São Sebastião
2022;0,09;Parque do Aripuanã
2022;0,17;Gavião
2022;0,77;Roosevelt
2022;0,10;Jacamim
2022;0,06;Kampa do Rio Amônia
2022;0,00;Barata Livramento
2022;0,06;Itixi Mitari
2022;0,11;Wedezé
2022;0,06;Igarapé do Caucho
2022;7,37;Tenharim Marmelos (Gleba B)
2022;0,79;Kulina do Medio Jurua
2022;0,36;Paquiçamba
2022;0,25;Médio Rio Negro I
2022;0,32;Kaxinawá do Rio Jordão
2022;0,52;Katukina/Kaxinawá
2022;0,27;Sagarana
2022;0,46;Enawenê-Nawê
2022;0,40;Paumari do Lago Marahã
2022;0,00;São Pedro do Sepatini
2022;1,01;Igarapé Lage
2022;0,08;Kulina Igarapé do Pau
2022;0,15;Karitiana
2022;0,16;Cuia
2022;4,53;Maraiwatsede
2022;8,49;Kayapó
2022;0,22;Arara da Volta Grande do Xingu
2022;0,42;Pirahã
2022;0,08;Campinas/Katukina
2022;0,44;Piripkura ( restrição de uso )
2022;0,07;Rio Apaporis
2022;0,07;Zoe
2022;102,23;Apyterewa
2022;0,62;Xikrin do Rio Catete
2022;0,24;Pequizal do Naruvôtu
2022;0,58;Amanayé
2022;0,59;Kanamari do Rio Juruá
2022;0,01;Arara
2022;1,29;Arariboia
2022;6,15;Andirá-Marau
2022;1,08;Jauary
2022;0,08;Tenharim do Igarapé Preto
2022;0,06;Bom Intento
2022;0,19;Tubarão Latunde
2022;0,94;Boca do Acre
2022;0,52;Sai-Cinza
2022;0,05;Santa Inez
2022;0,00;Tumiã
2022;0,13;Kaxinawá do Rio Humaitá
2022;1,88;Uru-Eu-Wau-Wau
2022;3,57;Sissaíma
2022;0,42;Lago do Limão
2022;0,68;Igarapé Lourdes
2022;0,25;Portal do Encantado
2022;0,21;Nhamundá/Mapuera
2022;0,43;Rio Negro Ocaia
2022;0,14;Cué Cué/ Marabitanas
2022;0,34;Serra Morena
2022;3,24;Aripuanã
2022;0,17;Arara do Igarapé Humaitá
2022;0,07;Urucu/Juruá
2022;0,38;Menkü
2022;0,15;Baú
2022;0,08;Uneiuxi
2022;0,09;Capoto/Jarina
2022;0,31;Paumari do Cuniua
2022;0,75;Waiãpi
2022;0,17;Malacacheta
2022;0,19;Kaxinawá Seringal Independência
2022;2,04;Araweté Igarapé Ipixuna
2022;0,08;Cacau do Tarauaca
2022;0,08;Riozinho do Alto Envira
2022;0,06;Kaxinawá Ashaninka do Rio Breu
2022;0,49;Ipixuna
2022;0,07;Trocará
2022;0,64;Seruini/Mariene
2022;0,16;Krikati
2022;0,09;Batovi
2022;1,03;Peneri/Tacaquiri
2022;0,24;Cana Brava/Guajajara
2022;0,23;Kaxuyana-Tunayana
2022;0,45;Arary
2022;0,29;Paquiçamba
2022;0,68;Urubu Branco
2022;0,25;Rio Gregório
2022;0,83;Uaçá
2022;0,01;Apiaka/Kayabi
2022;1,65;Parque do Xingu
2022;0,35;Rio Branco
2022;0,11;São Leopoldo
2022;5,01;Manoki
2022;0,07;Rio Mequens
2022;1,51;Alto Rio Negro
2022;0,10;Tikúna de Feijoal
2022;0,13;Cabeceira do Rio Acre
2022;0,08;Camicua
2022;0,49;Sarauá
2022;0,07;Poyanawa
2022;0,02;Munduruku-Taquara
2022;0,32;Pirineus de Souza
2022;1,09;Kaxarari
2022;0,98;Alto Turiaçu
2022;1,18;Évare I
2022;0,35;Macarrão
2022;0,39;Rio Guaporé
2022;22,80;Yanomami
2022;0,10;Tabalascada
2022;1,42;Zoró
2022;0,00;Uty-Xunaty
2022;0,08;Tukuna Porto Espiritual
2022;0,06;Nambikwara
2022;0,49;Tuwa Apekuokawera
2022;0,02;WaiWái
2022;0,50;Porquinhos dos Canela-Apãnjekra
2022;0,14;Água Preta/Inari
2022;0,35;Coata-Laranjal
2022;0,12;Kawahiva do Rio Pardo
2022;18,05;Ituna/Itatá (restrição de uso)
2022;0,18;Mãe Maria
2022;0,78;Manoa/Pium
2022;4,59;Munduruku
2022;0,08;Sururuá
2022;0,00;Kampa do Igarapé Primavera
2022;0,18;Tukuna Umariaçu
2022;0,18;Koatinemo
2022;0,04;Lago do Correio
2022;0,16;Alto Rio Purus
2022;0,78;Ponciano
2021;0,00;Meria
2021;0,00;Seruini/Mariene
2021;0,00;Padre
2021;0,00;Jabuti
2021;0,00;Pequizal do Naruvôtu
2021;0,00;São Domingos do Jacapari e Estação
2021;0,00;Kararaô
2021;0,00;Rio Pindaré
2021;0,00;Raimundão
2021;0,00;Porto Praia
2021;0,00;Patauá
2021;0,00;Batelão
2021;0,00;Funil
2021;0,00;Uati-Paraná
2021;0,00;Rio Manicoré
2021;0,00;Utaria Wyhyna/Iròdu Iràna
2021;0,00;Ouro
2021;0,00;Lago Aiapua
2021;0,00;Figueiras
2021;0,00;Porto Limoeiro
2021;0,00;Apipica
2021;0,00;Irantxe
2021;0,00;Menkü
2021;0,00;Tanaru ( restrição de uso )
2021;0,00;Governador
2021;0,00;Karajá Santana do Araguaia
2021;0,00;Tadarimana
2021;0,00;Araçá
2021;0,00;Uneiuxi
2021;0,00;Maranduba
2021;0,00;Tirecatinga
2021;0,00;Tabocal
2021;0,00;Ilha do Camaleão
2021;0,00;Natal/Felicidade
2021;0,00;Japuira
2021;0,00;Itixi Mitari
2021;0,00;Lago Capanã
2021;0,00;Jatuarana
2021;0,00;Cajueiro
2021;0,00;Las Casas
2021;0,00;Maró
2021;0,00;Pequizal
2021;0,00;Kawahiva do Rio Pardo
2021;0,00;Turé/Mariquita II
2021;0,00;Tembé
2021;0,00;Baía dos Guató
2021;0,00;Santa Inez
2021;0,00;Karajá de Aruanã III
2021;0,00;Praia do Índio
2021;0,00;Rio Formoso
2021;0,00;Praia do Mangue
2021;0,00;Anta
2021;0,00;Rodeador
2021;0,00;Rio Jumas
2021;0,00;Miguel/Josefa
2021;0,00;Ubawawe
2021;0,00;Prosperidade
2021;0,00;Diahui
2021;0,00;Truaru
2021;0,00;Rio Omerê
2021;0,00;Arary
2021;0,00;Paumari do Cuniua
2021;0,00;Lagoa Comprida
2021;0,00;Pirineus de Souza
2021;0,00;Galibi
2021;0,00;Utiariti
2021;0,00;Bragança-Marituba
2021;0,00;Xerente
2021;0,00;Xambioá
2021;0,00;São Marcos - MT
2021;0,00;Uneiuxi
2021;0,00;Krahó-Kanela
2021;0,00;Kraolandia
2021;0,00;Lago Jauari
2021;0,00;Pimentel Barbosa
2021;0,00;Awa
2021;0,00;Juininha
2021;0,00;São Domingos - MT
2021;0,00;Maracaxi
2021;0,00;Guató
2021;0,00;Trocará - Doação
2021;0,00;Serra da Moça
2021;0,00;Torá
2021;0,00;Sucuba
2021;0,00;Inawebohona
2021;0,00;Caru
2021;0,00;Moskow
2021;0,00;Lago do Marinheiro
2021;0,00;Marechal Rondon
2021;0,00;Tereza Cristina
2021;0,00;Estação Parecis
2021;0,00;Bom Jesus
2021;0,00;Paresi
2021;0,00;Perigara
2021;0,00;Chão Preto
2021;0,00;Lago do Beruri
2021;0,00;Boa Vista - AM
2021;0,00;Cacique Fontoura
2021;0,00;Mangueira
2021;0,00;Uty-Xunaty
2021;0,00;Bakairi
2021;0,00;Merure
2021;0,00;Tupã-Supé
2021;0,00;Riozinho
2021;0,00;Lagoa dos Brincos
2021;0,00;Morro Branco
2021;0,00;Karajá de Aruanã II
2021;0,00;Sangradouro/Volta Grande
2021;0,00;Urucu/Juruá
2021;0,00;Krenrehé
2021;0,00;Parana do Paricá
2021;0,00;Ponta da Serra
2021;0,00;Nova Esperança do Rio Jandiatuba
2021;0,00;Parque do Araguaia
2021;0,00;Rio Negro Ocaia
2021;0,00;Ariramba
2021;0,00;Tapirapé/Karajá
2021;0,00;Wawi
2021;0,00;Recreio/São Félix
2021;0,00;Boqueirão
2021;0,00;Maraitá
2021;0,00;Fortaleza do Patauá
2021;0,00;Setemã
2021;0,00;Porquinhos
2021;0,00;Rio Paru DEste
2021;0,00;Aningal
2021;0,00;Ponte de Pedra
2021;0,00;Jarudore
2021;0,08;Trincheira
2021;0,00;Taihantesu
2021;0,00;Parabubure
2021;0,00;Itaitinga
2021;0,00;Turé/Mariquita
2021;0,00;Uirapuru
2021;0,00;Pium
2021;0,00;Santa Cruz da Nova Aliança
2021;0,00;Fortaleza do Castanho
2021;0,00;Juruna do Km 17
2021;0,00;Estivadinho
2021;0,00;Nova Jacundá
2021;0,00;Tikuna de Santo Antonio
2021;0,00;Jumina
2021;0,00;Tuwa Apekuokawera
2021;0,00;Paumari do Rio Ituxi
2021;0,00;Jaquiri
2021;0,00;Lago do Correio
2021;0,00;Acimã
2021;0,00;Matintin
2021;0,00;Marajai
2021;0,00;Kulina do Rio Envira
2021;0,00;Arara do Igarapé Humaitá
2021;0,00;Juma
2021;0,00;Catipari/Mamoria
2021;0,00;Acapuri de Cima
2021;0,00;Jaminawa Arara do Rio Bagé
2021;0,00;Kampa do Igarapé Primavera
2021;0,00;Krenyê
2021;0,00;Santana
2021;0,00;São Pedro do Sepatini
2021;0,00;Paraná do Arauató
2021;0,00;Sapotal
2021;0,00;Ananás
2021;0,00;Guajahã
2021;0,00;Kaxinawá Ashaninka do Rio Breu
2021;0,00;Paumari do Lago Paricá
2021;0,00;Barro Alto
2021;0,00;Igarapé Taboca do Alto Tarauacá
2021;0,00;Hi Merimã
2021;0,00;Espírito Santo
2021;0,00;Mapari
2021;0,00;Kaxinawá Colônia Vinte e Sete
2021;0,00;Macarrão
2021;0,00;Bom Intento
2021;0,00;Kampa e Isolados do Rio Envira
2021;0,00;Alto Tarauacá
2021;0,00;Anaro
2021;0,00;Camadeni
2021;0,00;Banawá
2021;0,00;Igarapé Capana
2021;0,23;Vui-Uata-In
2021;1,07;Trombetas/Mapuera
2021;0,09;Guanabara
2021;0,13;Sororó
2021;0,25;Areões
2021;0,17;Pirititi
2021;14,58;Sete de Setembro
2021;0,28;Igarapé Ribeirão
2021;0,22;Kanela Memortumré
2021;7,05;Karipuna
2021;0,21;Vale do Guaporé
2021;35,63;Trincheira Bacaja
2021;0,43;Pinatuba
2021;0,00;Escondido
2021;0,88;Alto Rio Guamá
2021;23,40;Cachoeira Seca
2021;0,69;Tenharim Marmelos
2021;0,11;Rio Negro Ocaia
2021;0,02;Massaco
2021;1,39;Apurinã Km 124 BR-317
2021;0,06;Nove de Janeiro
2021;0,09;Parakanã
2021;8,49;Kayabi
2021;0,71;Menkragnoti
2021;1,99;Sepoti
2021;0,14;Rio Téa
2021;0,05;Bacurizinho
2021;0,70;Pacaas Novas
2021;0,13;Jarawara/Jamamadi/Kanamati
2021;0,08;Sawré Muybu (Pimental)
2021;0,22;Nukini
2021;0,31;Kaxinawá Nova Olinda
2021;1,15;Vale do Javari
2021;0,08;Cajuhiri Atravessado
2021;0,94;São Marcos - RR
2021;0,69;Raposa Serra do Sol
2021;0,27;Barreirinha
2021;0,25;Betania
2021;0,15;Mawetek
2021;0,75;Mamoadate
2021;0,15;Parana do Boa Boa
2021;0,06;Médio Rio Negro II
2021;0,25;Cunhã-Sapucaia
2021;0,45;Apiaká do Pontal e Isolados
2021;0,17;São Francisco do Canimari
2021;1,18;Sararé
2021;0,76;Murutinga/Tracaja
2021;0,11;Balaio
2021;0,24;Anambé
2021;0,17;Maraã Urubaxi
2021;0,17;Rio Urubu
2021;0,54;Parque do Tumucumaque
2021;3,30;Arara do Rio Branco
2021;0,53;Xipaya
2021;0,31;Panará
2021;0,12;Rio Biá
2021;0,43;Terena Gleba Iriri
2021;0,07;Jaminawa do Igarapé Preto
2021;2,52;Bacurizinho
2021;0,40;Kaxinawá da Praia do Carapanã
2021;0,07;Estrela da Paz
2021;0,39;Caititu
2021;0,07;Arara do Rio Amônia
2021;0,17;Kuruáya
2021;0,74;Waimiri-Atroari
2021;0,73;Évare II
2021;0,10;Canauanim
2021;0,46;Deni
2021;0,23;São Sebastião
2021;0,08;Umutina
2021;0,44;Parque do Aripuanã
2021;0,01;Gavião
2021;3,54;Roosevelt
2021;0,06;Jacamim
2021;0,06;Kampa do Rio Amônia
2021;0,15;Barata Livramento
2021;0,46;Wedezé
2021;0,15;Igarapé do Caucho
2021;0,18;Ponciano
2021;0,49;Kulina do Medio Jurua
2021;0,16;Paquiçamba
2021;0,10;Erikpatsá
2021;0,21;Médio Rio Negro I
2021;0,33;Kaxinawá do Rio Jordão
2021;0,32;Katukina/Kaxinawá
2021;0,22;Sagarana
2021;0,28;Enawenê-Nawê
2021;0,20;Lauro Sodré
2021;0,08;Paumari do Lago Marahã
2021;0,51;Igarapé Lage
2021;0,20;Rio Gregório
2021;0,03;Kulina Igarapé do Pau
2021;0,19;Karitiana
2021;0,14;Cuia
2021;15,08;Maraiwatsede
2021;26,09;Kayapó
2021;0,03;São Pedro
2021;0,00;Arara da Volta Grande do Xingu
2021;0,13;Kanela
2021;0,11;Kwazá do Rio São Pedro
2021;1,01;Pirahã
2021;0,18;Campinas/Katukina
2021;21,42;Piripkura ( restrição de uso )
2021;0,37;Rio Apaporis
2021;0,07;Zoe
2021;68,48;Apyterewa
2021;1,67;Xikrin do Rio Catete
2021;1,08;Amanayé
2021;0,70;Kanamari do Rio Juruá
2021;0,25;Arara
2021;1,00;Arariboia
2021;4,78;Andirá-Marau
2021;2,02;Jauary
2021;0,14;Tenharim do Igarapé Preto
2021;0,10;Kaxinawá do Baixo Rio Jordão
2021;0,28;Tubarão Latunde
2021;0,69;Boca do Acre
2021;2,71;Sai-Cinza
2021;0,10;Tumiã
2021;0,41;Kaxinawá do Rio Humaitá
2021;2,37;Uru-Eu-Wau-Wau
2021;2,07;Sissaíma
2021;0,07;Lago do Limão
2021;1,20;Igarapé Lourdes
2021;0,57;Portal do Encantado
2021;0,24;Nhamundá/Mapuera
2021;0,73;Cué Cué/ Marabitanas
2021;0,00;Serra Morena
2021;1,57;Aripuanã
2021;0,81;Menkü
2021;0,00;Apurinã do Igarapé São João
2021;1,29;Baú
2021;0,19;Taego Ãwa
2021;0,50;Capoto/Jarina
2021;0,63;Waiãpi
2021;0,07;Vista Alegre
2021;0,76;Malacacheta
2021;0,22;Kaxinawá Seringal Independência
2021;0,22;Inauini/Teuini
2021;3,62;Araweté Igarapé Ipixuna
2021;0,08;Cacau do Tarauaca
2021;0,07;Riozinho do Alto Envira
2021;0,20;Kumaru do Lago Ualá
2021;0,17;Cobra Grande
2021;0,06;Ipixuna
2021;0,00;Trocará
2021;0,18;Jurubaxi-téa
2021;0,20;Krikati
2021;0,32;Batovi
2021;0,53;Zuruahã
2021;0,47;Peneri/Tacaquiri
2021;0,32;Cana Brava/Guajajara
2021;1,14;Kaxuyana-Tunayana
2021;0,15;Paquiçamba
2021;0,19;Urubu Branco
2021;0,27;Rio Gregório
2021;0,37;Uaçá
2021;0,38;Apiaka/Kayabi
2021;5,62;Parque do Xingu
2021;0,96;Rio Branco
2021;0,38;São Leopoldo
2021;0,15;Jacareúba/Katauixi (restrição uso)
2021;2,57;Manoki
2021;0,26;Rio Mequens
2021;0,08;Alto Sepatini
2021;4,04;Alto Rio Negro
2021;0,07;Apurinã do Igarapé Mucuim
2021;0,56;Tikúna de Feijoal
2021;0,34;Cabeceira do Rio Acre
2021;0,11;Camicua
2021;2,07;Sarauá
2021;0,00;Geralda Toco Preto
2021;0,00;Apinayé
2021;0,26;Poyanawa
2021;0,12;Munduruku-Taquara
2021;0,03;Badjonkore
2021;0,14;Apurinã Igarapé Tauamirim
2021;0,07;Barreira da Missão
2021;1,29;Kaxarari
2021;0,55;Alto Turiaçu
2021;2,60;Évare I
2021;0,20;Rio Guaporé
2021;7,20;Yanomami
2021;0,15;Tabalascada
2021;1,39;Zoró
2021;0,35;Paracuhuba
2021;0,08;Tukuna Porto Espiritual
2021;0,42;Paumari do Lago Manissuã
2021;0,95;Nambikwara
2021;0,06;Igarapé Grande
2021;0,40;WaiWái
2021;0,10;Porquinhos dos Canela-Apãnjekra
2021;0,08;Água Preta/Inari
2021;1,24;Coata-Laranjal
2021;4,47;Ituna/Itatá (restrição de uso)
2021;0,12;Paukalirajausu
2021;0,21;Mãe Maria
2021;0,07;Manoa/Pium
2021;0,24;Jaminaua/Envira
2021;21,87;Munduruku
2021;0,39;Sururuá
2021;0,27;Tukuna Umariaçu
2021;0,49;Miratu
2021;0,37;Koatinemo
2021;0,11;Cuiu-Cuiu
2021;0,14;Alto Rio Purus
2021;2,55;Tenharim Marmelos (Gleba B)
2021;0,00;Muriru
2020;0,00;Urucu/Juruá
2020;0,00;Taihantesu
2020;0,00;Trincheira
2020;0,00;Seruini/Mariene
2020;0,00;Paukalirajausu
2020;0,00;Cajuhiri Atravessado
2020;0,00;Ponciano
2020;0,00;Padre
2020;0,00;Jabuti
2020;0,00;Pequizal do Naruvôtu
2020;0,00;Kararaô
2020;0,00;Areões
2020;0,00;Rio Pindaré
2020;0,00;São Pedro
2020;0,00;Ipixuna
2020;0,00;Raimundão
2020;0,00;Porto Praia
2020;0,00;Patauá
2020;0,00;Batelão
2020;0,00;Funil
2020;0,00;Uati-Paraná
2020;0,00;Utaria Wyhyna/Iròdu Iràna
2020;0,00;Ouro
2020;0,00;Lago Aiapua
2020;0,00;Riozinho do Alto Envira
2020;0,00;Figueiras
2020;0,00;Porto Limoeiro
2020;0,00;Apipica
2020;0,00;Irantxe
2020;0,00;Zoe
2020;0,00;Menkü
2020;0,00;Tanaru ( restrição de uso )
2020;0,00;Governador
2020;0,00;São Leopoldo
2020;0,00;Munduruku-Taquara
2020;0,00;Rio Urubu
2020;0,00;Karajá Santana do Araguaia
2020;0,00;Tadarimana
2020;0,00;Kuruáya
2020;0,00;Araçá
2020;0,00;Uneiuxi
2020;0,00;Maranduba
2020;0,00;Zuruahã
2020;0,00;Kwazá do Rio São Pedro
2020;0,00;Tirecatinga
2020;0,00;Tabocal
2020;0,00;Ilha do Camaleão
2020;0,00;Natal/Felicidade
2020;0,00;Barata Livramento
2020;0,00;Japuira
2020;0,00;Parque do Tumucumaque
2020;0,00;Itixi Mitari
2020;0,00;Apinayé
2020;0,00;Lago Capanã
2020;0,00;Jatuarana
2020;0,00;Cajueiro
2020;0,00;Las Casas
2020;0,00;Maró
2020;0,00;Pequizal
2020;0,00;Maraã Urubaxi
2020;0,00;Turé/Mariquita II
2020;0,00;Paumari do Lago Manissuã
2020;0,00;Tembé
2020;0,00;Santa Inez
2020;0,00;Karajá de Aruanã III
2020;0,00;Praia do Índio
2020;0,00;Rio Formoso
2020;0,00;Praia do Mangue
2020;0,00;Anta
2020;0,00;Rodeador
2020;0,00;Rio Jumas
2020;0,00;Miguel/Josefa
2020;0,00;Tukuna Porto Espiritual
2020;0,00;Ubawawe
2020;0,00;Prosperidade
2020;0,00;Truaru
2020;0,00;Rio Omerê
2020;0,00;Arary
2020;0,00;Paumari do Cuniua
2020;0,00;Lagoa Comprida
2020;0,00;Pirineus de Souza
2020;0,00;Galibi
2020;0,00;Bragança-Marituba
2020;0,00;Xerente
2020;0,00;Xambioá
2020;0,00;Kanela
2020;0,00;São Marcos - MT
2020;0,00;Uneiuxi
2020;0,00;Krahó-Kanela
2020;0,00;Kraolandia
2020;0,00;Lago Jauari
2020;0,00;Pimentel Barbosa
2020;0,00;Juininha
2020;0,00;São Domingos - MT
2020;0,00;Maracaxi
2020;0,00;Guató
2020;0,00;Rio Apaporis
2020;0,00;Trocará - Doação
2020;0,00;Serra da Moça
2020;0,00;Torá
2020;0,00;Sucuba
2020;0,00;Inawebohona
2020;0,00;Caru
2020;0,00;Nove de Janeiro
2020;0,00;Lago do Marinheiro
2020;0,00;Marechal Rondon
2020;0,00;Tikúna de Feijoal
2020;0,00;Umutina
2020;0,00;Tereza Cristina
2020;0,00;Estação Parecis
2020;0,00;Bom Jesus
2020;0,00;Paresi
2020;0,00;Perigara
2020;0,00;Chão Preto
2020;0,00;Boa Vista - AM
2020;0,00;Cacique Fontoura
2020;0,00;Mangueira
2020;0,00;Vista Alegre
2020;0,00;Uty-Xunaty
2020;0,00;Sururuá
2020;0,00;Apurinã do Igarapé São João
2020;0,00;Bakairi
2020;0,00;Merure
2020;0,00;Tupã-Supé
2020;0,00;Cana Brava/Guajajara
2020;0,00;Lagoa dos Brincos
2020;0,00;Morro Branco
2020;0,00;Karajá de Aruanã II
2020;0,00;Sangradouro/Volta Grande
2020;0,00;Tenharim do Igarapé Preto
2020;0,00;Krenrehé
2020;0,00;Parana do Paricá
2020;0,00;Tukuna Umariaçu
2020;0,00;Ponta da Serra
2020;0,00;Parque do Araguaia
2020;0,00;Cobra Grande
2020;0,00;Ariramba
2020;0,00;Trocará
2020;0,00;Tapirapé/Karajá
2020;0,00;Recreio/São Félix
2020;0,00;Boqueirão
2020;0,00;Massaco
2020;0,00;Maraitá
2020;0,00;Fortaleza do Patauá
2020;0,00;Setemã
2020;0,00;Tumiã
2020;0,00;Barreirinha
2020;0,00;Anambé
2020;0,00;Bacurizinho
2020;0,00;Rio Paru DEste
2020;0,00;Ponte de Pedra
2020;0,00;Jarudore
2020;0,00;Muriru
2020;0,00;Meria
2020;0,00;Parabubure
2020;0,00;Itaitinga
2020;0,00;Turé/Mariquita
2020;0,00;Wedezé
2020;0,00;Uirapuru
2020;0,00;Pium
2020;0,00;Santa Cruz da Nova Aliança
2020;0,00;Fortaleza do Castanho
2020;0,00;Juruna do Km 17
2020;0,00;Apurinã Igarapé Tauamirim
2020;0,00;Estivadinho
2020;0,00;Nova Jacundá
2020;0,00;Tikuna de Santo Antonio
2020;0,00;Jumina
2020;0,00;Tuwa Apekuokawera
2020;0,00;Paumari do Rio Ituxi
2020;0,00;Jaquiri
2020;0,00;Lago do Correio
2020;0,00;Miratu
2020;0,00;Alto Sepatini
2020;0,00;Matintin
2020;0,00;Kaxinawá Seringal Independência
2020;0,00;Marajai
2020;0,00;Kulina do Rio Envira
2020;0,00;Apurinã do Igarapé Mucuim
2020;0,00;Lauro Sodré
2020;0,00;Catipari/Mamoria
2020;0,00;Acapuri de Cima
2020;0,00;Kampa do Igarapé Primavera
2020;0,00;Krenyê
2020;0,00;Mãe Maria
2020;0,00;Santana
2020;0,00;São Pedro do Sepatini
2020;0,00;Paraná do Arauató
2020;0,00;Sapotal
2020;0,00;Ananás
2020;0,00;Guajahã
2020;0,00;Kaxinawá Ashaninka do Rio Breu
2020;0,00;Balaio
2020;0,00;Paumari do Lago Paricá
2020;0,00;Barro Alto
2020;0,00;Igarapé Taboca do Alto Tarauacá
2020;0,00;Hi Merimã
2020;0,00;Igarapé Grande
2020;0,00;Kumaru do Lago Ualá
2020;0,00;Espírito Santo
2020;0,00;Igarapé do Caucho
2020;0,00;Mapari
2020;0,00;Guanabara
2020;0,00;Kaxinawá Colônia Vinte e Sete
2020;0,00;São Francisco do Canimari
2020;0,00;Bom Intento
2020;0,00;Cacau do Tarauaca
2020;0,00;Kampa e Isolados do Rio Envira
2020;0,00;Alto Tarauacá
2020;0,00;Anaro
2020;0,00;Camadeni
2020;0,00;Banawá
2020;0,00;Jarawara/Jamamadi/Kanamati
2020;0,16;Vui-Uata-In
2020;0,70;Trombetas/Mapuera
2020;63,27;Apyterewa
2020;1,28;Xikrin do Rio Catete
2020;1,01;Amanayé
2020;0,48;Kanamari do Rio Juruá
2020;0,12;Arara
2020;0,09;Sororó
2020;1,09;Arariboia
2020;0,07;Diahui
2020;3,43;Andirá-Marau
2020;0,26;Jauary
2020;0,08;Porquinhos
2020;1,16;Kaxinawá do Baixo Rio Jordão
2020;0,57;Pirititi
2020;0,57;Tubarão Latunde
2020;2,99;Sete de Setembro
2020;0,39;Boca do Acre
2020;3,05;Sai-Cinza
2020;0,06;Nova Esperança do Rio Jandiatuba
2020;0,27;Kaxinawá do Rio Humaitá
2020;0,16;Riozinho
2020;0,48;Igarapé Ribeirão
2020;0,08;Kanela Memortumré
2020;3,29;Uru-Eu-Wau-Wau
2020;7,98;Karipuna
2020;0,40;Sissaíma
2020;0,33;Vale do Guaporé
2020;23,00;Trincheira Bacaja
2020;0,02;Lago do Limão
2020;1,48;Igarapé Lourdes
2020;0,30;Jaminawa Arara do Rio Bagé
2020;0,20;Pinatuba
2020;3,86;Portal do Encantado
2020;0,00;Escondido
2020;4,84;Alto Rio Guamá
2020;0,36;Nhamundá/Mapuera
2020;0,06;Rio Negro Ocaia
2020;1,00;Cué Cué/ Marabitanas
2020;72,49;Cachoeira Seca
2020;0,63;Tenharim Marmelos
2020;0,28;Serra Morena
2020;0,06;Rio Negro Ocaia
2020;1,04;Aripuanã
2020;0,23;Piripkura ( restrição de uso )
2020;0,80;Menkü
2020;1,25;Baú
2020;0,10;Taego Ãwa
2020;0,12;Capoto/Jarina
2020;0,73;Apurinã Km 124 BR-317
2020;0,52;Waiãpi
2020;0,18;Parakanã
2020;3,29;Kayabi
2020;0,24;Malacacheta
2020;2,14;Menkragnoti
2020;0,29;Sepoti
2020;0,14;Wawi
2020;0,16;Rio Téa
2020;1,18;Pacaas Novas
2020;0,19;Utiariti
2020;0,27;Inauini/Teuini
2020;0,07;São Domingos do Jacapari e Estação
2020;1,05;Araweté Igarapé Ipixuna
2020;1,47;Sawré Muybu (Pimental)
2020;0,30;Nukini
2020;0,18;Kaxinawá Nova Olinda
2020;1,37;Vale do Javari
2020;0,08;Acimã
2020;0,08;Aningal
2020;0,56;São Marcos - RR
2020;0,99;Raposa Serra do Sol
2020;0,21;Jurubaxi-téa
2020;0,52;Krikati
2020;0,25;Betania
2020;0,73;Awa
2020;0,19;Batovi
2020;0,07;Mawetek
2020;0,84;Mamoadate
2020;0,07;Parana do Boa Boa
2020;0,07;Peneri/Tacaquiri
2020;0,29;Médio Rio Negro II
2020;0,08;Cunhã-Sapucaia
2020;1,00;Kaxuyana-Tunayana
2020;0,06;Apiaká do Pontal e Isolados
2020;0,11;Sararé
2020;0,25;Rio Manicoré
2020;0,09;Paquiçamba
2020;14,66;Urubu Branco
2020;0,51;Murutinga/Tracaja
2020;1,25;Arara do Rio Branco
2020;0,60;Xipaya
2020;0,37;Rio Gregório
2020;1,02;Panará
2020;0,40;Uaçá
2020;0,95;Apiaka/Kayabi
2020;0,33;Rio Biá
2020;3,74;Parque do Xingu
2020;0,93;Rio Branco
2020;6,42;Terena Gleba Iriri
2020;0,10;Jacareúba/Katauixi (restrição uso)
2020;14,55;Manoki
2020;0,08;Rio Mequens
2020;0,24;Jaminawa do Igarapé Preto
2020;1,74;Alto Rio Negro
2020;0,62;Bacurizinho
2020;0,17;Kaxinawá da Praia do Carapanã
2020;0,24;Cabeceira do Rio Acre
2020;0,05;Camicua
2020;0,27;Moskow
2020;0,26;Estrela da Paz
2020;0,27;Caititu
2020;1,77;Sarauá
2020;0,02;Geralda Toco Preto
2020;0,57;Arara do Rio Amônia
2020;0,00;Poyanawa
2020;0,09;Baía dos Guató
2020;2,62;Badjonkore
2020;1,15;Waimiri-Atroari
2020;0,93;Évare II
2020;0,23;Barreira da Missão
2020;2,32;Kaxarari
2020;9,43;Alto Turiaçu
2020;0,19;Igarapé Capana
2020;0,11;Canauanim
2020;1,42;Deni
2020;0,22;São Sebastião
2020;1,04;Évare I
2020;0,08;Macarrão
2020;0,47;Parque do Aripuanã
2020;0,44;Rio Guaporé
2020;9,86;Yanomami
2020;0,07;Gavião
2020;1,28;Roosevelt
2020;0,10;Tabalascada
2020;0,14;Jacamim
2020;0,38;Kampa do Rio Amônia
2020;2,86;Zoró
2020;0,12;Lago do Beruri
2020;0,70;Tenharim Marmelos (Gleba B)
2020;0,09;Kulina do Medio Jurua
2020;0,46;Paquiçamba
2020;1,31;Erikpatsá
2020;1,43;Médio Rio Negro I
2020;0,04;Paracuhuba
2020;2,08;Kaxinawá do Rio Jordão
2020;0,07;Nambikwara
2020;0,16;WaiWái
2020;0,23;Katukina/Kaxinawá
2020;0,00;Sagarana
2020;0,10;Porquinhos dos Canela-Apãnjekra
2020;0,44;Água Preta/Inari
2020;0,53;Coata-Laranjal
2020;0,09;Enawenê-Nawê
2020;0,08;Paumari do Lago Marahã
2020;1,91;Igarapé Lage
2020;0,10;Kawahiva do Rio Pardo
2020;0,28;Rio Gregório
2020;0,08;Kulina Igarapé do Pau
2020;0,07;Juma
2020;61,68;Ituna/Itatá (restrição de uso)
2020;0,00;Karitiana
2020;1,30;Manoa/Pium
2020;0,08;Cuia
2020;0,09;Jaminaua/Envira
2020;1,67;Maraiwatsede
2020;16,47;Kayapó
2020;0,08;Arara da Volta Grande do Xingu
2020;20,52;Munduruku
2020;0,84;Koatinemo
2020;0,07;Cuiu-Cuiu
2020;0,38;Alto Rio Purus
2020;0,08;Pirahã
2020;0,42;Campinas/Katukina
2020;1,27;Arara do Igarapé Humaitá
2019;0,14;Rio Biá
2019;0,14;Terena Gleba Iriri
2019;0,00;Paukalirajausu
2019;0,00;Cajuhiri Atravessado
2019;0,00;Jabuti
2019;0,00;Pequizal do Naruvôtu
2019;0,00;São Domingos do Jacapari e Estação
2019;0,00;Kararaô
2019;0,00;Areões
2019;0,00;Rio Pindaré
2019;0,00;São Pedro
2019;0,00;Ipixuna
2019;0,00;Kanela Memortumré
2019;0,00;Porto Praia
2019;0,00;Funil
2019;0,00;Rio Manicoré
2019;0,00;Utaria Wyhyna/Iròdu Iràna
2019;0,00;Ouro
2019;0,00;Lago Aiapua
2019;0,00;Figueiras
2019;0,00;Porto Limoeiro
2019;0,00;Apipica
2019;0,00;Irantxe
2019;0,00;Zoe
2019;0,00;Menkü
2019;0,00;Tanaru ( restrição de uso )
2019;0,00;Governador
2019;0,00;São Leopoldo
2019;0,00;Munduruku-Taquara
2019;0,00;Batovi
2019;0,00;Karajá Santana do Araguaia
2019;0,00;Tadarimana
2019;0,00;Kuruáya
2019;0,00;Uneiuxi
2019;0,00;Maranduba
2019;0,00;Kwazá do Rio São Pedro
2019;0,00;Tirecatinga
2019;0,00;Tabocal
2019;0,00;Ilha do Camaleão
2019;0,00;Natal/Felicidade
2019;0,00;Vui-Uata-In
2019;0,00;Jacamim
2019;0,00;Japuira
2019;0,00;Itixi Mitari
2019;0,00;Lago Capanã
2019;0,00;Jatuarana
2019;0,00;Cajueiro
2019;0,00;Las Casas
2019;0,00;Maró
2019;0,00;Pequizal
2019;0,00;Kawahiva do Rio Pardo
2019;0,00;Turé/Mariquita II
2019;0,00;Paumari do Lago Manissuã
2019;0,00;Baía dos Guató
2019;0,00;Santa Inez
2019;0,00;Karajá de Aruanã III
2019;0,00;Praia do Índio
2019;0,00;Rio Formoso
2019;0,00;Praia do Mangue
2019;0,00;Rio Jumas
2019;0,00;Sararé
2019;0,00;Miguel/Josefa
2019;0,00;Pinatuba
2019;0,00;Ubawawe
2019;0,00;Prosperidade
2019;0,00;Diahui
2019;0,00;Arary
2019;0,00;Poyanawa
2019;0,00;Gavião
2019;0,00;Pirineus de Souza
2019;0,00;Utiariti
2019;0,00;Bragança-Marituba
2019;0,00;Xerente
2019;0,00;Xambioá
2019;0,00;São Marcos - MT
2019;0,00;Uneiuxi
2019;0,00;Krahó-Kanela
2019;0,00;Kraolandia
2019;0,00;Lago Jauari
2019;0,00;Pimentel Barbosa
2019;0,00;Awa
2019;0,00;Juininha
2019;0,00;São Domingos - MT
2019;0,00;Maracaxi
2019;0,00;Guató
2019;0,00;Rio Apaporis
2019;0,00;Trocará - Doação
2019;0,00;Xipaya
2019;0,00;Serra da Moça
2019;0,00;Torá
2019;0,00;Inawebohona
2019;0,00;Caru
2019;0,00;Rio Negro Ocaia
2019;0,00;Lago do Marinheiro
2019;0,00;Marechal Rondon
2019;0,00;Tereza Cristina
2019;0,00;Sepoti
2019;0,00;Estação Parecis
2019;0,00;Bom Jesus
2019;0,00;Paresi
2019;0,00;Perigara
2019;0,00;Chão Preto
2019;0,00;Lago do Beruri
2019;0,00;Boa Vista - AM
2019;0,00;Cacique Fontoura
2019;0,00;Mangueira
2019;0,00;Uty-Xunaty
2019;0,00;Apurinã do Igarapé São João
2019;0,00;Bakairi
2019;0,00;Erikpatsá
2019;0,00;Merure
2019;0,00;Tupã-Supé
2019;0,00;Riozinho
2019;0,00;Lagoa dos Brincos
2019;0,00;Morro Branco
2019;0,00;Karajá de Aruanã II
2019;0,00;Sangradouro/Volta Grande
2019;0,00;Urucu/Juruá
2019;0,00;Krenrehé
2019;0,00;Parana do Boa Boa
2019;0,00;Parana do Paricá
2019;0,00;Ponta da Serra
2019;0,00;Nova Esperança do Rio Jandiatuba
2019;0,00;Parque do Araguaia
2019;0,00;Rio Negro Ocaia
2019;0,00;Cobra Grande
2019;0,00;Ariramba
2019;0,00;Trocará
2019;0,00;Tapirapé/Karajá
2019;0,00;Cuia
2019;0,00;Wawi
2019;0,00;Recreio/São Félix
2019;0,00;Maraitá
2019;0,00;Fortaleza do Patauá
2019;0,00;Setemã
2019;0,00;Barreirinha
2019;0,00;Anambé
2019;0,00;Porquinhos
2019;0,00;Ponte de Pedra
2019;0,00;Jarudore
2019;0,00;Muriru
2019;0,00;Meria
2019;0,00;Parabubure
2019;0,00;Taego Ãwa
2019;0,00;Itaitinga
2019;0,00;Wedezé
2019;0,00;Uirapuru
2019;0,00;Pium
2019;0,00;Santa Cruz da Nova Aliança
2019;0,00;Fortaleza do Castanho
2019;0,00;Juruna do Km 17
2019;0,00;Apurinã Igarapé Tauamirim
2019;0,00;Estivadinho
2019;0,00;Nova Jacundá
2019;0,00;Jumina
2019;0,00;Paumari do Rio Ituxi
2019;0,00;Jaquiri
2019;0,00;Apiaká do Pontal e Isolados
2019;0,00;Apiaka/Kayabi
2019;0,00;Alto Sepatini
2019;0,00;Mawetek
2019;0,00;Acimã
2019;0,00;Matintin
2019;0,00;Marajai
2019;0,00;Kulina do Rio Envira
2019;0,00;Kulina do Medio Jurua
2019;0,00;Juma
2019;0,00;Apurinã do Igarapé Mucuim
2019;0,00;Lauro Sodré
2019;0,00;Cuiu-Cuiu
2019;0,00;Rio Guaporé
2019;0,00;Betania
2019;0,00;Acapuri de Cima
2019;0,00;Badjonkore
2019;0,00;Krenyê
2019;0,00;Kaxinawá do Rio Humaitá
2019;0,00;Santana
2019;0,00;São Pedro do Sepatini
2019;0,00;Sapotal
2019;0,00;Ananás
2019;0,00;Guajahã
2019;0,00;Kaxinawá Ashaninka do Rio Breu
2019;0,00;Campinas/Katukina
2019;0,00;Paumari do Lago Paricá
2019;0,00;Barro Alto
2019;0,00;Igarapé Taboca do Alto Tarauacá
2019;0,00;Hi Merimã
2019;0,00;Igarapé Grande
2019;0,00;Camicua
2019;0,00;Kumaru do Lago Ualá
2019;0,00;Espírito Santo
2019;0,00;Igarapé do Caucho
2019;0,00;Peneri/Tacaquiri
2019;0,00;Mapari
2019;0,00;Guanabara
2019;0,00;Kaxinawá Colônia Vinte e Sete
2019;0,00;Jaminawa do Igarapé Preto
2019;0,00;São Francisco do Canimari
2019;0,00;Bom Intento
2019;0,00;Cacau do Tarauaca
2019;0,00;Caititu
2019;0,00;Karitiana
2019;0,00;Kulina Igarapé do Pau
2019;0,00;Alto Tarauacá
2019;0,00;Anaro
2019;0,00;Banawá
2019;0,00;Igarapé Capana
2019;0,00;Barreira da Missão
2019;0,81;Trombetas/Mapuera
2019;0,17;Kampa e Isolados do Rio Envira
2019;0,07;Anta
2019;0,15;Galibi
2019;0,41;Sororó
2019;0,65;Pirititi
2019;3,92;Sete de Setembro
2019;0,12;Raimundão
2019;0,24;Igarapé Ribeirão
2019;0,12;Tikuna de Santo Antonio
2019;10,83;Karipuna
2019;0,10;Vale do Guaporé
2019;34,63;Trincheira Bacaja
2019;0,06;Jaminawa Arara do Rio Bagé
2019;0,07;Escondido
2019;0,14;Boqueirão
2019;2,31;Alto Rio Guamá
2019;61,30;Cachoeira Seca
2019;0,22;Tenharim Marmelos
2019;0,04;Massaco
2019;1,33;Apurinã Km 124 BR-317
2019;0,43;Nove de Janeiro
2019;0,00;Parakanã
2019;0,95;Kayabi
2019;0,72;Menkragnoti
2019;0,10;Rio Téa
2019;0,07;Bacurizinho
2019;0,42;Pacaas Novas
2019;0,02;Rio Omerê
2019;0,06;Jarawara/Jamamadi/Kanamati
2019;0,07;Truaru
2019;1,05;Sawré Muybu (Pimental)
2019;0,85;Nukini
2019;0,16;Kaxinawá Nova Olinda
2019;2,72;Vale do Javari
2019;0,33;Aningal
2019;1,38;São Marcos - RR
2019;2,75;Raposa Serra do Sol
2019;1,27;Mamoadate
2019;0,14;Médio Rio Negro II
2019;0,14;Cunhã-Sapucaia
2019;0,07;Lagoa Comprida
2019;0,20;Sucuba
2019;0,61;Murutinga/Tracaja
2019;0,26;Balaio
2019;0,20;Maraã Urubaxi
2019;0,23;Rio Urubu
2019;0,34;Parque do Tumucumaque
2019;0,46;Arara do Rio Branco
2019;0,28;Panará
2019;0,00;Taihantesu
2019;0,00;Seruini/Mariene
2019;0,16;Catipari/Mamoria
2019;1,10;Bacurizinho
2019;0,17;Kaxinawá da Praia do Carapanã
2019;0,74;Moskow
2019;0,08;Estrela da Paz
2019;0,00;Arara do Rio Amônia
2019;1,04;Waimiri-Atroari
2019;0,91;Évare II
2019;0,07;Camadeni
2019;0,74;Canauanim
2019;0,93;Deni
2019;0,17;São Sebastião
2019;0,41;Umutina
2019;0,27;Parque do Aripuanã
2019;0,81;Roosevelt
2019;0,07;Kampa do Rio Amônia
2019;0,00;Barata Livramento
2019;0,00;Padre
2019;0,15;Tenharim Marmelos (Gleba B)
2019;0,75;Paquiçamba
2019;1,75;Médio Rio Negro I
2019;0,41;Kaxinawá do Rio Jordão
2019;0,07;Rodeador
2019;0,15;Katukina/Kaxinawá
2019;0,00;Sagarana
2019;0,47;Enawenê-Nawê
2019;0,27;Paumari do Lago Marahã
2019;1,58;Igarapé Lage
2019;0,22;Rio Gregório
2019;0,99;Maraiwatsede
2019;20,07;Kayapó
2019;0,50;Arara da Volta Grande do Xingu
2019;0,15;Uati-Paraná
2019;0,13;Tembé
2019;0,47;Kanela
2019;0,60;Pirahã
2019;0,83;Piripkura ( restrição de uso )
2019;0,52;Rio Paru DEste
2019;85,27;Apyterewa
2019;0,47;Xikrin do Rio Catete
2019;0,37;Amanayé
2019;0,03;Kanamari do Rio Juruá
2019;0,04;Arara
2019;1,43;Arariboia
2019;4,08;Andirá-Marau
2019;0,20;Jauary
2019;0,13;Tenharim do Igarapé Preto
2019;0,18;Kaxinawá do Baixo Rio Jordão
2019;0,40;Tubarão Latunde
2019;0,72;Boca do Acre
2019;0,19;Araçá
2019;0,16;Sai-Cinza
2019;0,08;Tumiã
2019;0,10;Turé/Mariquita
2019;10,78;Uru-Eu-Wau-Wau
2019;1,06;Sissaíma
2019;0,31;Lago do Limão
2019;2,24;Igarapé Lourdes
2019;4,06;Portal do Encantado
2019;2,07;Nhamundá/Mapuera
2019;0,06;Batelão
2019;0,49;Cué Cué/ Marabitanas
2019;0,09;Serra Morena
2019;0,27;Aripuanã
2019;0,29;Arara do Igarapé Humaitá
2019;0,07;Paraná do Arauató
2019;3,47;Menkü
2019;0,36;Baú
2019;0,08;Capoto/Jarina
2019;0,07;Paumari do Cuniua
2019;1,07;Waiãpi
2019;0,31;Vista Alegre
2019;2,75;Malacacheta
2019;0,34;Kaxinawá Seringal Independência
2019;0,08;Inauini/Teuini
2019;1,23;Araweté Igarapé Ipixuna
2019;0,08;Riozinho do Alto Envira
2019;0,21;Jurubaxi-téa
2019;1,14;Krikati
2019;0,83;Zuruahã
2019;0,00;Cana Brava/Guajajara
2019;1,18;Kaxuyana-Tunayana
2019;0,20;Paquiçamba
2019;0,12;Urubu Branco
2019;0,72;Rio Gregório
2019;3,75;Uaçá
2019;1,11;Parque do Xingu
2019;0,67;Rio Branco
2019;0,17;Jacareúba/Katauixi (restrição uso)
2019;4,53;Manoki
2019;0,02;Rio Mequens
2019;3,13;Alto Rio Negro
2019;0,07;Tikúna de Feijoal
2019;0,23;Cabeceira do Rio Acre
2019;0,09;Patauá
2019;1,25;Sarauá
2019;0,00;Geralda Toco Preto
2019;0,07;Apinayé
2019;0,57;Kaxarari
2019;1,19;Alto Turiaçu
2019;2,93;Évare I
2019;0,21;Macarrão
2019;29,90;Yanomami
2019;0,69;Tabalascada
2019;2,93;Zoró
2019;0,12;Paracuhuba
2019;0,14;Tukuna Porto Espiritual
2019;0,15;Nambikwara
2019;0,13;Tuwa Apekuokawera
2019;0,38;WaiWái
2019;0,36;Porquinhos dos Canela-Apãnjekra
2019;0,00;Água Preta/Inari
2019;0,62;Coata-Laranjal
2019;119,96;Ituna/Itatá (restrição de uso)
2019;0,26;Mãe Maria
2019;1,46;Manoa/Pium
2019;0,07;Jaminaua/Envira
2019;18,35;Munduruku
2019;0,07;Sururuá
2019;0,16;Kampa do Igarapé Primavera
2019;0,07;Tukuna Umariaçu
2019;0,15;Miratu
2019;0,23;Koatinemo
2019;0,15;Lago do Correio
2019;0,12;Alto Rio Purus
2019;0,13;Ponciano
2019;0,11;Trincheira
2018;0,00;Taihantesu
2018;0,00;Escondido
2018;0,00;Seruini/Mariene
2018;0,00;Paukalirajausu
2018;0,00;Cajuhiri Atravessado
2018;0,00;Ponciano
2018;0,00;Padre
2018;0,00;Jabuti
2018;0,00;Pequizal do Naruvôtu
2018;0,00;São Domingos do Jacapari e Estação
2018;0,00;Kararaô
2018;0,00;Areões
2018;0,00;Rio Pindaré
2018;0,00;São Pedro
2018;0,00;Raimundão
2018;0,00;Porto Praia
2018;0,00;Batelão
2018;0,00;Funil
2018;0,00;Uati-Paraná
2018;0,00;Rio Manicoré
2018;0,00;Utaria Wyhyna/Iròdu Iràna
2018;0,00;Ouro
2018;0,00;Lago Aiapua
2018;0,00;Figueiras
2018;0,00;Porto Limoeiro
2018;0,00;Apipica
2018;0,00;Irantxe
2018;0,00;Zoe
2018;0,00;Menkü
2018;0,00;Geralda Toco Preto
2018;0,00;Tanaru ( restrição de uso )
2018;0,00;São Leopoldo
2018;0,00;Munduruku-Taquara
2018;0,00;Karajá Santana do Araguaia
2018;0,00;Tadarimana
2018;0,00;Kuruáya
2018;0,00;Uneiuxi
2018;0,00;Maranduba
2018;0,00;Kwazá do Rio São Pedro
2018;0,00;WaiWái
2018;0,00;Tirecatinga
2018;0,00;Tabocal
2018;0,00;Kayabi
2018;0,00;Ilha do Camaleão
2018;0,00;Natal/Felicidade
2018;0,00;Barata Livramento
2018;0,00;Jacamim
2018;0,00;Japuira
2018;0,00;Parque do Tumucumaque
2018;0,00;Itixi Mitari
2018;0,00;Apinayé
2018;0,00;Lago Capanã
2018;0,00;Jatuarana
2018;0,00;Cajueiro
2018;0,00;Las Casas
2018;0,00;Maró
2018;0,00;Pequizal
2018;0,00;Kawahiva do Rio Pardo
2018;0,00;Maraã Urubaxi
2018;0,00;Turé/Mariquita II
2018;0,00;Baía dos Guató
2018;0,00;Santa Inez
2018;0,00;Karajá de Aruanã III
2018;0,00;Praia do Índio
2018;0,00;Praia do Mangue
2018;0,00;Anta
2018;0,00;Rodeador
2018;0,00;Rio Jumas
2018;0,00;Sararé
2018;0,00;Miguel/Josefa
2018;0,00;Tukuna Porto Espiritual
2018;0,00;Ubawawe
2018;0,00;Prosperidade
2018;0,00;Diahui
2018;0,00;Truaru
2018;0,00;Rio Omerê
2018;0,00;Koatinemo
2018;0,00;Arary
2018;0,00;Gavião
2018;0,00;Paumari do Cuniua
2018;0,00;Pirineus de Souza
2018;0,00;Utiariti
2018;0,00;Bragança-Marituba
2018;0,00;Xerente
2018;0,00;Xambioá
2018;0,00;Kanela
2018;0,00;São Marcos - MT
2018;0,00;Uneiuxi
2018;0,00;Krahó-Kanela
2018;0,00;Kraolandia
2018;0,00;Lago Jauari
2018;0,00;Pimentel Barbosa
2018;0,00;Juininha
2018;0,00;São Domingos - MT
2018;0,00;Maracaxi
2018;0,00;Guató
2018;0,00;Rio Apaporis
2018;0,00;Trocará - Doação
2018;0,00;Xipaya
2018;0,00;Serra da Moça
2018;0,00;Sucuba
2018;0,00;Inawebohona
2018;0,00;Caru
2018;0,00;Raposa Serra do Sol
2018;0,00;Lago do Marinheiro
2018;0,00;Marechal Rondon
2018;0,00;Tikúna de Feijoal
2018;0,00;Umutina
2018;0,00;Tereza Cristina
2018;0,00;Sepoti
2018;0,00;São Marcos - RR
2018;0,00;Estação Parecis
2018;0,00;Bom Jesus
2018;0,00;Paresi
2018;0,00;Perigara
2018;0,00;Chão Preto
2018;0,00;Lago do Beruri
2018;0,00;Boa Vista - AM
2018;0,00;Cacique Fontoura
2018;0,00;Mangueira
2018;0,00;Vista Alegre
2018;0,00;Uty-Xunaty
2018;0,00;Sururuá
2018;0,00;Bakairi
2018;0,00;Erikpatsá
2018;0,00;Merure
2018;0,00;Tupã-Supé
2018;0,00;Riozinho
2018;0,00;Pium
2018;0,00;Morro Branco
2018;0,00;Karajá de Aruanã II
2018;0,00;Sangradouro/Volta Grande
2018;0,00;Urucu/Juruá
2018;0,00;Krenrehé
2018;0,00;Parana do Boa Boa
2018;0,00;Parana do Paricá
2018;0,00;Canauanim
2018;0,00;Tukuna Umariaçu
2018;0,00;Ponta da Serra
2018;0,00;Nova Esperança do Rio Jandiatuba
2018;0,00;Parque do Araguaia
2018;0,00;Ariramba
2018;0,00;Trocará
2018;0,00;Tapirapé/Karajá
2018;0,00;Wawi
2018;0,00;Recreio/São Félix
2018;0,00;Boqueirão
2018;0,00;Maraitá
2018;0,00;Fortaleza do Patauá
2018;0,00;Setemã
2018;0,00;Barreirinha
2018;0,00;Anambé
2018;0,00;Serra Morena
2018;0,00;Porquinhos
2018;0,00;Ponte de Pedra
2018;0,00;Jarudore
2018;0,00;Muriru
2018;0,00;Meria
2018;0,00;Parabubure
2018;0,00;Itaitinga
2018;0,00;Turé/Mariquita
2018;0,00;Wedezé
2018;0,00;Uirapuru
2018;0,00;Santa Cruz da Nova Aliança
2018;0,00;Jauary
2018;0,00;Fortaleza do Castanho
2018;0,00;Juruna do Km 17
2018;0,00;Apurinã Igarapé Tauamirim
2018;0,00;Estivadinho
2018;0,00;Nova Jacundá
2018;0,00;Tikuna de Santo Antonio
2018;0,00;Jumina
2018;0,00;Tuwa Apekuokawera
2018;0,00;Paracuhuba
2018;0,00;Arara do Rio Amônia
2018;0,00;Jaquiri
2018;0,00;Lago do Correio
2018;0,00;Apiaká do Pontal e Isolados
2018;0,00;Apiaka/Kayabi
2018;0,00;Alto Sepatini
2018;0,00;Mawetek
2018;0,00;Acimã
2018;0,00;Matintin
2018;0,00;Marajai
2018;0,00;Kulina do Rio Envira
2018;0,00;Estrela da Paz
2018;0,00;Juma
2018;0,00;Apurinã do Igarapé Mucuim
2018;0,00;Lauro Sodré
2018;0,00;Cuiu-Cuiu
2018;0,00;Acapuri de Cima
2018;0,00;Jaminawa Arara do Rio Bagé
2018;0,00;Badjonkore
2018;0,00;Krenyê
2018;0,00;Kaxinawá do Rio Humaitá
2018;0,00;Santana
2018;0,00;São Pedro do Sepatini
2018;0,00;Paraná do Arauató
2018;0,00;Sapotal
2018;0,00;Ananás
2018;0,00;Guajahã
2018;0,00;Kaxinawá do Baixo Rio Jordão
2018;0,00;Kaxinawá Ashaninka do Rio Breu
2018;0,00;Balaio
2018;0,00;Paumari do Lago Paricá
2018;0,00;Barro Alto
2018;0,00;Igarapé Taboca do Alto Tarauacá
2018;0,00;Hi Merimã
2018;0,00;Inauini/Teuini
2018;0,00;Igarapé Grande
2018;0,00;Camicua
2018;0,00;Jaminaua/Envira
2018;0,00;Espírito Santo
2018;0,00;Igarapé do Caucho
2018;0,00;Mapari
2018;0,00;Guanabara
2018;0,00;Kaxinawá Colônia Vinte e Sete
2018;0,00;Jaminawa do Igarapé Preto
2018;0,00;Kampa do Rio Amônia
2018;0,00;São Francisco do Canimari
2018;0,00;Bom Intento
2018;0,00;Cacau do Tarauaca
2018;0,00;Caititu
2018;0,00;Kulina Igarapé do Pau
2018;0,00;Kampa e Isolados do Rio Envira
2018;0,00;Alto Tarauacá
2018;0,00;Anaro
2018;0,00;Mamoadate
2018;0,00;Banawá
2018;0,00;Igarapé Capana
2018;0,00;Jarawara/Jamamadi/Kanamati
2018;0,26;Vui-Uata-In
2018;0,33;Trombetas/Mapuera
2018;18,91;Apyterewa
2018;0,49;Xikrin do Rio Catete
2018;0,15;Amanayé
2018;0,11;Galibi
2018;0,42;Kanamari do Rio Juruá
2018;0,01;Arara
2018;0,17;Sororó
2018;0,59;Arariboia
2018;1,91;Andirá-Marau
2018;0,44;Tenharim do Igarapé Preto
2018;0,92;Pirititi
2018;0,09;Tubarão Latunde
2018;3,64;Sete de Setembro
2018;0,74;Boca do Acre
2018;0,07;Araçá
2018;0,42;Sai-Cinza
2018;0,06;Tumiã
2018;0,20;Igarapé Ribeirão
2018;0,07;Kanela Memortumré
2018;9,27;Uru-Eu-Wau-Wau
2018;13,62;Karipuna
2018;0,41;Sissaíma
2018;0,11;Vale do Guaporé
2018;12,50;Trincheira Bacaja
2018;0,07;Lago do Limão
2018;0,51;Igarapé Lourdes
2018;0,08;Pinatuba
2018;0,09;Portal do Encantado
2018;4,46;Alto Rio Guamá
2018;0,37;Nhamundá/Mapuera
2018;0,49;Rio Negro Ocaia
2018;0,07;Cué Cué/ Marabitanas
2018;53,27;Cachoeira Seca
2018;0,03;Paumari do Rio Ituxi
2018;0,15;Tenharim Marmelos
2018;0,55;Rio Negro Ocaia
2018;0,31;Aripuanã
2018;0,22;Arara do Igarapé Humaitá
2018;4,25;Menkü
2018;0,07;Apurinã do Igarapé São João
2018;0,00;Massaco
2018;0,03;Baú
2018;0,09;Taego Ãwa
2018;0,15;Capoto/Jarina
2018;0,95;Apurinã Km 124 BR-317
2018;0,30;Waiãpi
2018;0,07;Nove de Janeiro
2018;0,10;Parakanã
2018;0,11;Malacacheta
2018;0,42;Menkragnoti
2018;0,08;Rio Téa
2018;0,00;Kaxinawá Seringal Independência
2018;0,07;Bacurizinho
2018;0,66;Pacaas Novas
2018;0,14;Araweté Igarapé Ipixuna
2018;0,25;Sawré Muybu (Pimental)
2018;0,14;Nukini
2018;0,07;Kaxinawá Nova Olinda
2018;0,69;Vale do Javari
2018;0,12;Aningal
2018;0,09;Riozinho do Alto Envira
2018;0,06;Kumaru do Lago Ualá
2018;0,06;Cobra Grande
2018;0,11;Ipixuna
2018;0,09;Jurubaxi-téa
2018;0,19;Krikati
2018;0,01;Betania
2018;0,09;Awa
2018;0,07;Batovi
2018;0,17;Zuruahã
2018;0,25;Peneri/Tacaquiri
2018;0,08;Médio Rio Negro II
2018;0,07;Cana Brava/Guajajara
2018;0,07;Cunhã-Sapucaia
2018;0,73;Kaxuyana-Tunayana
2018;0,21;Lagoa Comprida
2018;0,29;Paquiçamba
2018;0,90;Urubu Branco
2018;0,38;Murutinga/Tracaja
2018;0,16;Rio Urubu
2018;0,31;Arara do Rio Branco
2018;0,20;Rio Gregório
2018;0,07;Panará
2018;0,77;Uaçá
2018;0,37;Rio Biá
2018;3,59;Parque do Xingu
2018;0,07;Rio Branco
2018;0,08;Terena Gleba Iriri
2018;0,18;Jacareúba/Katauixi (restrição uso)
2018;2,09;Manoki
2018;0,29;Catipari/Mamoria
2018;0,05;Rio Mequens
2018;0,07;Torá
2018;1,62;Alto Rio Negro
2018;2,31;Bacurizinho
2018;0,14;Kaxinawá da Praia do Carapanã
2018;0,17;Cabeceira do Rio Acre
2018;0,07;Governador
2018;0,61;Moskow
2018;0,08;Patauá
2018;2,12;Sarauá
2018;0,00;Poyanawa
2018;0,30;Waimiri-Atroari
2018;0,18;Évare II
2018;0,24;Barreira da Missão
2018;0,58;Kaxarari
2018;0,85;Alto Turiaçu
2018;0,10;Camadeni
2018;0,44;Deni
2018;0,09;São Sebastião
2018;0,06;Évare I
2018;0,07;Macarrão
2018;0,14;Rio Formoso
2018;0,16;Parque do Aripuanã
2018;0,33;Rio Guaporé
2018;4,74;Yanomami
2018;0,40;Roosevelt
2018;0,06;Tabalascada
2018;37,93;Zoró
2018;0,00;Tenharim Marmelos (Gleba B)
2018;0,16;Kulina do Medio Jurua
2018;0,58;Paquiçamba
2018;0,20;Médio Rio Negro I
2018;0,15;Kaxinawá do Rio Jordão
2018;0,14;Paumari do Lago Manissuã
2018;0,07;Nambikwara
2018;0,29;Katukina/Kaxinawá
2018;0,23;Sagarana
2018;1,24;Porquinhos dos Canela-Apãnjekra
2018;0,07;Água Preta/Inari
2018;0,30;Coata-Laranjal
2018;0,06;Enawenê-Nawê
2018;0,37;Paumari do Lago Marahã
2018;0,73;Igarapé Lage
2018;0,09;Rio Gregório
2018;15,72;Ituna/Itatá (restrição de uso)
2018;0,04;Mãe Maria
2018;0,01;Karitiana
2018;0,33;Manoa/Pium
2018;0,14;Cuia
2018;18,51;Maraiwatsede
2018;7,28;Kayapó
2018;0,10;Arara da Volta Grande do Xingu
2018;6,21;Munduruku
2018;0,07;Kampa do Igarapé Primavera
2018;0,04;Tembé
2018;0,30;Miratu
2018;0,07;Alto Rio Purus
2018;0,51;Pirahã
2018;0,00;Campinas/Katukina
2018;0,94;Piripkura ( restrição de uso )
2018;0,10;Rio Paru DEste
2018;0,10;Trincheira
2018;0,00;Lagoa dos Brincos
2017;0,00;Rio Gregório
2017;0,00;Cana Brava/Guajajara
2017;0,00;Trincheira
2017;0,00;Escondido
2017;0,00;Seruini/Mariene
2017;0,00;Paukalirajausu
2017;0,00;Cajuhiri Atravessado
2017;0,00;Jabuti
2017;0,00;Pequizal do Naruvôtu
2017;0,00;Kararaô
2017;0,00;Rio Pindaré
2017;0,00;São Pedro
2017;0,00;Ipixuna
2017;0,00;Raimundão
2017;0,00;Porto Praia
2017;0,00;Batelão
2017;0,00;Funil
2017;0,00;Rio Manicoré
2017;0,00;Utaria Wyhyna/Iròdu Iràna
2017;0,00;Ouro
2017;0,00;Lago Aiapua
2017;0,00;Riozinho do Alto Envira
2017;0,00;Figueiras
2017;0,00;Porto Limoeiro
2017;0,00;Apipica
2017;0,00;Irantxe
2017;0,00;Menkü
2017;0,00;Geralda Toco Preto
2017;0,00;Tanaru ( restrição de uso )
2017;0,00;Munduruku-Taquara
2017;0,00;Rio Urubu
2017;0,00;Batovi
2017;0,00;Karajá Santana do Araguaia
2017;0,00;Tadarimana
2017;0,00;Kuruáya
2017;0,00;Araçá
2017;0,00;Uneiuxi
2017;0,00;Maranduba
2017;0,00;Tirecatinga
2017;0,00;Sagarana
2017;0,00;Tabocal
2017;0,00;Ilha do Camaleão
2017;0,00;Natal/Felicidade
2017;0,00;Barata Livramento
2017;0,00;Jacamim
2017;0,00;São Sebastião
2017;0,00;Japuira
2017;0,00;Itixi Mitari
2017;0,00;Apinayé
2017;0,00;Lago Capanã
2017;0,00;Jatuarana
2017;0,00;Cajueiro
2017;0,00;Las Casas
2017;0,00;Maró
2017;0,00;Pequizal
2017;0,00;Kawahiva do Rio Pardo
2017;0,00;Maraã Urubaxi
2017;0,00;Turé/Mariquita II
2017;0,00;Paumari do Lago Manissuã
2017;0,00;Tembé
2017;0,00;Baía dos Guató
2017;0,00;Santa Inez
2017;0,00;Karajá de Aruanã III
2017;0,00;Praia do Índio
2017;0,00;Rio Formoso
2017;0,00;Praia do Mangue
2017;0,00;Anta
2017;0,00;Rodeador
2017;0,00;Sararé
2017;0,00;Waiãpi
2017;0,00;Tukuna Porto Espiritual
2017;0,00;Pinatuba
2017;0,00;Ubawawe
2017;0,00;Prosperidade
2017;0,00;Diahui
2017;0,00;Truaru
2017;0,00;Rio Omerê
2017;0,00;Arary
2017;0,00;Poyanawa
2017;0,00;Gavião
2017;0,00;Paumari do Cuniua
2017;0,00;Lagoa Comprida
2017;0,00;Malacacheta
2017;0,00;Galibi
2017;0,00;Utiariti
2017;0,00;Tabalascada
2017;0,00;Bragança-Marituba
2017;0,00;Xerente
2017;0,00;Xambioá
2017;0,00;São Marcos - MT
2017;0,00;Uneiuxi
2017;0,00;Krahó-Kanela
2017;0,00;Kraolandia
2017;0,00;Lago Jauari
2017;0,00;Pimentel Barbosa
2017;0,00;Juininha
2017;0,00;São Domingos - MT
2017;0,00;Guató
2017;0,00;Trocará - Doação
2017;0,00;Xipaya
2017;0,00;Serra da Moça
2017;0,00;Torá
2017;0,00;Sucuba
2017;0,00;Inawebohona
2017;0,00;Nove de Janeiro
2017;0,00;Moskow
2017;0,00;Lago do Marinheiro
2017;0,00;Marechal Rondon
2017;0,00;Amanayé
2017;0,00;Umutina
2017;0,00;Tereza Cristina
2017;0,00;Sepoti
2017;0,00;Tubarão Latunde
2017;0,00;Estação Parecis
2017;0,00;Bom Jesus
2017;0,00;Paresi
2017;0,00;Piripkura ( restrição de uso )
2017;0,00;Perigara
2017;0,00;Chão Preto
2017;0,00;Lago do Beruri
2017;0,00;Boa Vista - AM
2017;0,00;Cacique Fontoura
2017;0,00;Mangueira
2017;0,00;Vista Alegre
2017;0,00;Uty-Xunaty
2017;0,00;Apurinã do Igarapé São João
2017;0,00;Bakairi
2017;0,00;Merure
2017;0,00;Tupã-Supé
2017;0,00;Tenharim do Igarapé Preto
2017;0,00;Taihantesu
2017;0,00;Lagoa dos Brincos
2017;0,00;Morro Branco
2017;0,00;Karajá de Aruanã II
2017;0,00;Sangradouro/Volta Grande
2017;0,00;Krenrehé
2017;0,00;Parana do Paricá
2017;0,00;Canauanim
2017;0,00;Tenharim Marmelos
2017;0,00;Tukuna Umariaçu
2017;0,00;Ponta da Serra
2017;0,00;Parque do Araguaia
2017;0,00;Rio Gregório
2017;0,00;Cobra Grande
2017;0,00;Ariramba
2017;0,00;Tapirapé/Karajá
2017;0,00;Cuia
2017;0,00;Recreio/São Félix
2017;0,00;Boqueirão
2017;0,00;Massaco
2017;0,00;Maraitá
2017;0,00;Fortaleza do Patauá
2017;0,00;Setemã
2017;0,00;Barreirinha
2017;0,00;Anambé
2017;0,00;Serra Morena
2017;0,00;Porquinhos
2017;0,00;Aningal
2017;0,00;Ponte de Pedra
2017;0,00;Jarudore
2017;0,00;Muriru
2017;0,00;Meria
2017;0,00;Parabubure
2017;0,00;Taego Ãwa
2017;0,00;Itaitinga
2017;0,00;Turé/Mariquita
2017;0,00;Uirapuru
2017;0,00;Pium
2017;0,00;Santa Cruz da Nova Aliança
2017;0,00;Capoto/Jarina
2017;0,00;Fortaleza do Castanho
2017;0,00;Juruna do Km 17
2017;0,00;Apurinã Igarapé Tauamirim
2017;0,00;Estivadinho
2017;0,00;Nova Jacundá
2017;0,00;Jumina
2017;0,00;Arara do Rio Amônia
2017;0,00;Paumari do Rio Ituxi
2017;0,00;Jaquiri
2017;0,00;Lago do Correio
2017;0,00;Apiaká do Pontal e Isolados
2017;0,00;Apiaka/Kayabi
2017;0,00;Alto Sepatini
2017;0,00;Mawetek
2017;0,00;Acimã
2017;0,00;Matintin
2017;0,00;Kaxinawá Seringal Independência
2017;0,00;Marajai
2017;0,00;Kulina do Rio Envira
2017;0,00;Kulina do Medio Jurua
2017;0,00;Juma
2017;0,00;Apurinã do Igarapé Mucuim
2017;0,00;Lauro Sodré
2017;0,00;Catipari/Mamoria
2017;0,00;Rio Guaporé
2017;0,00;Acapuri de Cima
2017;0,00;Jaminawa Arara do Rio Bagé
2017;0,00;Badjonkore
2017;0,00;Kampa do Igarapé Primavera
2017;0,00;Krenyê
2017;0,00;Kaxinawá do Rio Humaitá
2017;0,00;Santana
2017;0,00;São Pedro do Sepatini
2017;0,00;Paraná do Arauató
2017;0,00;Sapotal
2017;0,00;Ananás
2017;0,00;Guajahã
2017;0,00;Kaxinawá do Baixo Rio Jordão
2017;0,00;Kaxinawá Ashaninka do Rio Breu
2017;0,00;Paumari do Lago Paricá
2017;0,00;Igarapé Taboca do Alto Tarauacá
2017;0,00;Hi Merimã
2017;0,00;Inauini/Teuini
2017;0,00;Igarapé Grande
2017;0,00;Camicua
2017;0,00;Jaminaua/Envira
2017;0,00;Espírito Santo
2017;0,00;Kaxinawá Nova Olinda
2017;0,00;Igarapé do Caucho
2017;0,00;Mapari
2017;0,00;Jurubaxi-téa
2017;0,00;Guanabara
2017;0,00;Kaxinawá Colônia Vinte e Sete
2017;0,00;Jaminawa do Igarapé Preto
2017;0,00;Bom Intento
2017;0,00;Cacau do Tarauaca
2017;0,00;Karitiana
2017;0,00;Kulina Igarapé do Pau
2017;0,00;Alto Tarauacá
2017;0,00;Anaro
2017;0,00;Camadeni
2017;0,00;Banawá
2017;0,00;Igarapé Capana
2017;0,00;Barreira da Missão
2017;0,00;Jarawara/Jamamadi/Kanamati
2017;0,15;Vui-Uata-In
2017;0,56;Trombetas/Mapuera
2017;5,61;Apyterewa
2017;0,22;Xikrin do Rio Catete
2017;0,07;Kampa e Isolados do Rio Envira
2017;0,20;Kanamari do Rio Juruá
2017;0,06;Arara
2017;0,09;Sororó
2017;0,56;Arariboia
2017;54,85;Areões
2017;3,91;Andirá-Marau
2017;0,09;Jauary
2017;1,44;Pirititi
2017;4,30;Sete de Setembro
2017;0,25;Boca do Acre
2017;0,16;Miguel/Josefa
2017;0,14;Sai-Cinza
2017;0,05;Nova Esperança do Rio Jandiatuba
2017;0,07;Tumiã
2017;0,17;Riozinho
2017;0,47;Igarapé Ribeirão
2017;0,14;Kanela Memortumré
2017;0,02;Tikuna de Santo Antonio
2017;0,06;Zoe
2017;3,93;Karipuna
2017;1,31;Sissaíma
2017;0,01;Vale do Guaporé
2017;2,15;Trincheira Bacaja
2017;0,18;Lago do Limão
2017;0,58;Igarapé Lourdes
2017;0,16;Portal do Encantado
2017;2,90;Alto Rio Guamá
2017;0,27;Nhamundá/Mapuera
2017;0,11;Rio Negro Ocaia
2017;0,00;Cué Cué/ Marabitanas
2017;15,90;Cachoeira Seca
2017;0,11;Rio Negro Ocaia
2017;0,05;Aripuanã
2017;0,07;Arara do Igarapé Humaitá
2017;0,08;Urucu/Juruá
2017;4,16;Menkü
2017;0,16;Baú
2017;0,57;Apurinã Km 124 BR-317
2017;0,14;Parakanã
2017;0,19;Kayabi
2017;0,09;Menkragnoti
2017;0,15;Wawi
2017;0,06;Rio Téa
2017;0,03;Bacurizinho
2017;0,23;Pacaas Novas
2017;5,56;São Domingos do Jacapari e Estação
2017;0,14;Araweté Igarapé Ipixuna
2017;0,07;Barro Alto
2017;0,26;Caru
2017;0,38;Sawré Muybu (Pimental)
2017;0,18;Nukini
2017;0,87;Vale do Javari
2017;0,08;Kumaru do Lago Ualá
2017;0,32;São Marcos - RR
2017;0,17;Raposa Serra do Sol
2017;0,02;Trocará
2017;0,07;Krikati
2017;0,14;Betania
2017;0,06;Awa
2017;0,22;Zuruahã
2017;0,08;Mamoadate
2017;0,09;Parana do Boa Boa
2017;8,03;Peneri/Tacaquiri
2017;0,21;Médio Rio Negro II
2017;0,06;Cunhã-Sapucaia
2017;1,00;Kaxuyana-Tunayana
2017;0,15;São Francisco do Canimari
2017;0,07;Paquiçamba
2017;1,35;Urubu Branco
2017;0,49;Murutinga/Tracaja
2017;0,07;Balaio
2017;0,07;Parque do Tumucumaque
2017;0,00;Arara do Rio Branco
2017;0,23;Panará
2017;0,98;Uaçá
2017;0,59;Rio Biá
2017;1,35;Parque do Xingu
2017;0,17;Rio Branco
2017;0,07;São Leopoldo
2017;0,00;Terena Gleba Iriri
2017;0,08;Jacareúba/Katauixi (restrição uso)
2017;1,32;Manoki
2017;0,43;Rio Mequens
2017;0,20;Alto Rio Negro
2017;2,14;Bacurizinho
2017;0,14;Tikúna de Feijoal
2017;0,01;Kaxinawá da Praia do Carapanã
2017;0,12;Cabeceira do Rio Acre
2017;0,19;Governador
2017;0,00;Maracaxi
2017;0,08;Patauá
2017;0,23;Estrela da Paz
2017;0,79;Caititu
2017;1,57;Sarauá
2017;0,00;Pirineus de Souza
2017;0,71;Waimiri-Atroari
2017;0,07;Évare II
2017;0,63;Kaxarari
2017;0,89;Alto Turiaçu
2017;0,27;Deni
2017;0,69;Évare I
2017;0,10;Macarrão
2017;0,07;Parque do Aripuanã
2017;1,65;Yanomami
2017;0,36;Roosevelt
2017;0,07;Kampa do Rio Amônia
2017;0,09;Zoró
2017;0,07;Padre
2017;0,16;Wedezé
2017;0,69;Tenharim Marmelos (Gleba B)
2017;0,57;Paquiçamba
2017;0,08;Erikpatsá
2017;0,64;Médio Rio Negro I
2017;0,06;Paracuhuba
2017;0,06;Kaxinawá do Rio Jordão
2017;0,15;Nambikwara
2017;0,02;Tuwa Apekuokawera
2017;0,13;WaiWái
2017;0,07;Katukina/Kaxinawá
2017;11,58;Porquinhos dos Canela-Apãnjekra
2017;0,20;Água Preta/Inari
2017;0,30;Coata-Laranjal
2017;0,62;Enawenê-Nawê
2017;0,09;Paumari do Lago Marahã
2017;0,25;Igarapé Lage
2017;13,55;Ituna/Itatá (restrição de uso)
2017;0,08;Mãe Maria
2017;0,21;Manoa/Pium
2017;1,48;Maraiwatsede
2017;8,21;Kayapó
2017;0,02;Arara da Volta Grande do Xingu
2017;4,32;Munduruku
2017;0,09;Sururuá
2017;2,73;Uati-Paraná
2017;0,33;Miratu
2017;0,02;Koatinemo
2017;0,07;Cuiu-Cuiu
2017;0,10;Kanela
2017;0,08;Alto Rio Purus
2017;0,24;Rio Jumas
2017;0,07;Kwazá do Rio São Pedro
2017;0,24;Pirahã
2017;0,34;Campinas/Katukina
2017;0,25;Ponciano
2017;0,09;Rio Apaporis
2017;0,07;Rio Paru DEste
2017;6,56;Uru-Eu-Wau-Wau
2016;0,00;Tenharim Marmelos (Gleba B)
2016;0,00;Taihantesu
2016;0,00;Trincheira
2016;0,00;Paukalirajausu
2016;0,00;Cajuhiri Atravessado
2016;0,00;Parque do Aripuanã
2016;0,00;Padre
2016;0,00;Jabuti
2016;0,00;Pequizal do Naruvôtu
2016;0,00;Kararaô
2016;0,00;Areões
2016;0,00;Rio Pindaré
2016;0,00;São Pedro
2016;0,00;Ipixuna
2016;0,00;Porto Praia
2016;0,00;Batelão
2016;0,00;Funil
2016;0,00;Uati-Paraná
2016;0,00;Rio Manicoré
2016;0,00;Utaria Wyhyna/Iròdu Iràna
2016;0,00;Ouro
2016;0,00;Lago Aiapua
2016;0,00;Figueiras
2016;0,00;Porto Limoeiro
2016;0,00;Apipica
2016;0,00;Irantxe
2016;0,00;Menkü
2016;0,00;Geralda Toco Preto
2016;0,00;Sororó
2016;0,00;Tanaru ( restrição de uso )
2016;0,00;São Leopoldo
2016;0,00;Munduruku-Taquara
2016;0,00;Rio Urubu
2016;0,00;Batovi
2016;0,00;Karajá Santana do Araguaia
2016;0,00;Tadarimana
2016;0,00;Uneiuxi
2016;0,00;Lago do Limão
2016;0,00;Maranduba
2016;0,00;Tirecatinga
2016;0,00;Sagarana
2016;0,00;Tabocal
2016;0,00;Ilha do Camaleão
2016;0,00;Natal/Felicidade
2016;0,00;Barata Livramento
2016;0,00;Jacamim
2016;0,00;São Sebastião
2016;0,00;Japuira
2016;0,00;Itixi Mitari
2016;0,00;Lago Capanã
2016;0,00;Jatuarana
2016;0,00;Cajueiro
2016;0,00;Las Casas
2016;0,00;Enawenê-Nawê
2016;0,00;Maró
2016;0,00;Kawahiva do Rio Pardo
2016;0,00;Maraã Urubaxi
2016;0,00;Turé/Mariquita II
2016;0,00;Paumari do Lago Manissuã
2016;0,00;Tembé
2016;0,00;Baía dos Guató
2016;0,00;Santa Inez
2016;0,00;Karajá de Aruanã III
2016;0,00;Praia do Índio
2016;0,00;Rio Formoso
2016;0,00;Praia do Mangue
2016;0,00;Anta
2016;0,00;Rodeador
2016;0,00;Arara do Rio Branco
2016;0,00;Rio Jumas
2016;0,00;Sararé
2016;0,00;Miguel/Josefa
2016;0,00;Waiãpi
2016;0,00;Tukuna Porto Espiritual
2016;0,00;Portal do Encantado
2016;0,00;Ubawawe
2016;0,00;Prosperidade
2016;0,00;Diahui
2016;0,00;Truaru
2016;0,00;Rio Omerê
2016;0,00;Arary
2016;0,00;Poyanawa
2016;0,00;Paumari do Cuniua
2016;0,00;Galibi
2016;0,00;Utiariti
2016;0,00;Tabalascada
2016;0,00;Bragança-Marituba
2016;0,00;Xerente
2016;0,00;Xambioá
2016;0,00;São Marcos - MT
2016;0,00;Uneiuxi
2016;0,00;Krahó-Kanela
2016;0,00;Kraolandia
2016;0,00;Lago Jauari
2016;0,00;Juininha
2016;0,00;São Domingos - MT
2016;0,00;Maracaxi
2016;0,00;Guató
2016;0,00;Rio Mequens
2016;0,00;Trocará - Doação
2016;0,00;Torá
2016;0,00;Sucuba
2016;0,00;Inawebohona
2016;0,00;Rio Negro Ocaia
2016;0,00;Lago do Marinheiro
2016;0,00;Marechal Rondon
2016;0,00;Amanayé
2016;0,00;Umutina
2016;0,00;Tereza Cristina
2016;0,00;Sepoti
2016;0,00;Estação Parecis
2016;0,00;Bom Jesus
2016;0,00;Paresi
2016;0,00;Perigara
2016;0,00;Chão Preto
2016;0,00;Lago do Beruri
2016;0,00;Boa Vista - AM
2016;0,00;Cacique Fontoura
2016;0,00;Mangueira
2016;0,00;Uty-Xunaty
2016;0,00;Apurinã do Igarapé São João
2016;0,00;Bakairi
2016;0,00;Merure
2016;0,00;Tupã-Supé
2016;0,00;Rio Gregório
2016;0,00;Lagoa dos Brincos
2016;0,00;Morro Branco
2016;0,00;Karajá de Aruanã II
2016;0,00;Sangradouro/Volta Grande
2016;0,00;Krenrehé
2016;0,00;Parana do Boa Boa
2016;0,00;Parana do Paricá
2016;0,00;Tenharim Marmelos
2016;0,00;Ponta da Serra
2016;0,00;Parque do Araguaia
2016;0,00;Rio Gregório
2016;0,00;Rio Negro Ocaia
2016;0,00;Cobra Grande
2016;0,00;Ariramba
2016;0,00;Recreio/São Félix
2016;0,00;Maraitá
2016;0,00;Fortaleza do Patauá
2016;0,00;Setemã
2016;0,00;Barreirinha
2016;0,00;Serra Morena
2016;0,00;Porquinhos
2016;0,00;Rio Paru DEste
2016;0,00;Ponte de Pedra
2016;0,00;Jarudore
2016;0,00;Cunhã-Sapucaia
2016;0,00;Muriru
2016;0,00;Meria
2016;0,00;Parabubure
2016;0,00;Itaitinga
2016;0,00;Turé/Mariquita
2016;0,00;Wedezé
2016;0,00;Uirapuru
2016;0,00;Pium
2016;0,00;Santa Cruz da Nova Aliança
2016;0,00;Juruna do Km 17
2016;0,00;Apurinã Igarapé Tauamirim
2016;0,00;Estivadinho
2016;0,00;Nova Jacundá
2016;0,00;Tikuna de Santo Antonio
2016;0,00;Jumina
2016;0,00;Tuwa Apekuokawera
2016;0,00;Arara do Rio Amônia
2016;0,00;Paumari do Rio Ituxi
2016;0,00;Jaquiri
2016;0,00;Lago do Correio
2016;0,00;Apiaká do Pontal e Isolados
2016;0,00;Apiaka/Kayabi
2016;0,00;Alto Sepatini
2016;0,00;Mawetek
2016;0,00;Marajai
2016;0,00;Kulina do Rio Envira
2016;0,00;Juma
2016;0,00;Apurinã do Igarapé Mucuim
2016;0,00;Lauro Sodré
2016;0,00;Rio Guaporé
2016;0,00;Acapuri de Cima
2016;0,00;Jaminawa Arara do Rio Bagé
2016;0,00;Kampa do Igarapé Primavera
2016;0,00;Krenyê
2016;0,00;Kaxinawá do Rio Humaitá
2016;0,00;Santana
2016;0,00;São Pedro do Sepatini
2016;0,00;Paraná do Arauató
2016;0,00;Sapotal
2016;0,00;Ananás
2016;0,00;Guajahã
2016;0,00;Água Preta/Inari
2016;0,00;Campinas/Katukina
2016;0,00;Paumari do Lago Paricá
2016;0,00;Cabeceira do Rio Acre
2016;0,00;Barro Alto
2016;0,00;Igarapé Taboca do Alto Tarauacá
2016;0,00;Hi Merimã
2016;0,00;Camicua
2016;0,00;Kumaru do Lago Ualá
2016;0,00;Jaminaua/Envira
2016;0,00;Espírito Santo
2016;0,00;Kaxinawá Nova Olinda
2016;0,00;Mapari
2016;0,00;Guanabara
2016;0,00;Kaxinawá Colônia Vinte e Sete
2016;0,00;Jaminawa do Igarapé Preto
2016;0,00;São Francisco do Canimari
2016;0,00;Macarrão
2016;0,00;Bom Intento
2016;0,00;Kulina Igarapé do Pau
2016;0,00;Kampa e Isolados do Rio Envira
2016;0,00;Alto Tarauacá
2016;0,00;Anaro
2016;0,00;Camadeni
2016;0,00;Banawá
2016;0,00;Igarapé Capana
2016;0,00;Jarawara/Jamamadi/Kanamati
2016;0,07;Vui-Uata-In
2016;0,74;Trombetas/Mapuera
2016;5,08;Apyterewa
2016;0,85;Xikrin do Rio Catete
2016;0,11;Pequizal
2016;0,44;Kanamari do Rio Juruá
2016;0,05;Arara
2016;0,75;Arariboia
2016;4,82;Andirá-Marau
2016;0,34;Jauary
2016;0,27;Tenharim do Igarapé Preto
2016;0,07;Kaxinawá do Baixo Rio Jordão
2016;0,11;Pirititi
2016;0,08;Tubarão Latunde
2016;1,69;Sete de Setembro
2016;0,53;Boca do Acre
2016;0,29;Araçá
2016;0,23;Sai-Cinza
2016;0,06;Nova Esperança do Rio Jandiatuba
2016;0,09;Tumiã
2016;0,07;Riozinho
2016;0,08;Raimundão
2016;0,04;Igarapé Ribeirão
2016;0,10;Kanela Memortumré
2016;5,39;Uru-Eu-Wau-Wau
2016;3,22;Karipuna
2016;0,23;Sissaíma
2016;0,19;Vale do Guaporé
2016;1,17;Trincheira Bacaja
2016;1,48;Igarapé Lourdes
2016;0,07;Pinatuba
2016;0,01;Escondido
2016;0,09;Boqueirão
2016;3,95;Alto Rio Guamá
2016;0,93;Nhamundá/Mapuera
2016;0,23;Cué Cué/ Marabitanas
2016;12,79;Cachoeira Seca
2016;0,16;Aripuanã
2016;0,07;Arara do Igarapé Humaitá
2016;0,07;Urucu/Juruá
2016;0,36;Menkü
2016;0,01;Massaco
2016;0,22;Baú
2016;0,07;Taego Ãwa
2016;0,07;Capoto/Jarina
2016;0,98;Apurinã Km 124 BR-317
2016;0,10;Nove de Janeiro
2016;0,38;Parakanã
2016;0,17;Vista Alegre
2016;0,96;Kayabi
2016;0,14;Malacacheta
2016;2,29;Menkragnoti
2016;0,08;Wawi
2016;0,06;Rio Téa
2016;0,00;Kaxinawá Seringal Independência
2016;0,07;Bacurizinho
2016;0,07;Pacaas Novas
2016;0,22;Inauini/Teuini
2016;0,08;São Domingos do Jacapari e Estação
2016;0,37;Araweté Igarapé Ipixuna
2016;0,66;Caru
2016;0,22;Cacau do Tarauaca
2016;0,67;Sawré Muybu (Pimental)
2016;0,18;Nukini
2016;0,84;Vale do Javari
2016;0,12;Acimã
2016;0,08;Aningal
2016;0,14;Riozinho do Alto Envira
2016;0,06;Kaxinawá Ashaninka do Rio Breu
2016;0,14;São Marcos - RR
2016;0,07;Raposa Serra do Sol
2016;0,01;Trocará
2016;0,07;Seruini/Mariene
2016;0,07;Jurubaxi-téa
2016;0,07;Krikati
2016;0,17;Betania
2016;1,64;Awa
2016;0,43;Zuruahã
2016;0,23;Mamoadate
2016;0,21;Peneri/Tacaquiri
2016;0,06;Médio Rio Negro II
2016;0,20;Cana Brava/Guajajara
2016;0,85;Kaxuyana-Tunayana
2016;0,07;Lagoa Comprida
2016;0,06;Paquiçamba
2016;1,32;Urubu Branco
2016;0,07;Murutinga/Tracaja
2016;0,07;Balaio
2016;0,10;Anambé
2016;0,15;Parque do Tumucumaque
2016;0,06;Xipaya
2016;0,54;Panará
2016;0,50;Uaçá
2016;0,14;Rio Biá
2016;0,94;Parque do Xingu
2016;0,59;Rio Branco
2016;0,41;Terena Gleba Iriri
2016;0,35;Jacareúba/Katauixi (restrição uso)
2016;2,88;Manoki
2016;0,16;Catipari/Mamoria
2016;0,39;Alto Rio Negro
2016;3,22;Bacurizinho
2016;0,22;Tikúna de Feijoal
2016;0,00;Kaxinawá da Praia do Carapanã
2016;0,01;Governador
2016;0,23;Moskow
2016;0,00;Patauá
2016;0,17;Estrela da Paz
2016;0,23;Caititu
2016;1,27;Sarauá
2016;0,07;Apinayé
2016;0,12;Kuruáya
2016;0,31;Pirineus de Souza
2016;0,01;Tapirapé/Karajá
2016;0,05;Badjonkore
2016;0,28;Waimiri-Atroari
2016;0,29;Évare II
2016;0,24;Barreira da Missão
2016;0,45;Kaxarari
2016;1,68;Alto Turiaçu
2016;0,06;Canauanim
2016;0,29;Deni
2016;2,19;Évare I
2016;7,24;Yanomami
2016;0,09;Gavião
2016;0,15;Roosevelt
2016;0,08;Kampa do Rio Amônia
2016;2,05;Zoró
2016;0,07;Igarapé do Caucho
2016;0,08;Kulina do Medio Jurua
2016;0,19;Paquiçamba
2016;0,23;Erikpatsá
2016;0,77;Médio Rio Negro I
2016;0,28;Paracuhuba
2016;0,24;Kaxinawá do Rio Jordão
2016;0,13;Nambikwara
2016;0,06;Igarapé Grande
2016;0,21;WaiWái
2016;0,16;Katukina/Kaxinawá
2016;0,06;Serra da Moça
2016;0,71;Porquinhos dos Canela-Apãnjekra
2016;0,20;Coata-Laranjal
2016;0,15;Paumari do Lago Marahã
2016;0,20;Igarapé Lage
2016;2,35;Ituna/Itatá (restrição de uso)
2016;0,08;Matintin
2016;0,19;Mãe Maria
2016;0,06;Karitiana
2016;0,80;Manoa/Pium
2016;0,00;Fortaleza do Castanho
2016;0,07;Cuia
2016;0,16;Maraiwatsede
2016;2,95;Kayapó
2016;0,07;Arara da Volta Grande do Xingu
2016;1,94;Munduruku
2016;0,16;Sururuá
2016;0,18;Pimentel Barbosa
2016;0,16;Tukuna Umariaçu
2016;0,38;Miratu
2016;0,03;Koatinemo
2016;0,25;Cuiu-Cuiu
2016;0,08;Kanela
2016;0,37;Alto Rio Purus
2016;0,09;Kwazá do Rio São Pedro
2016;0,30;Pirahã
2016;0,02;Ponciano
2016;0,06;Piripkura ( restrição de uso )
2016;0,16;Rio Apaporis
2016;0,46;Zoe
2015;0,00;Rio Gregório
2015;0,00;Taihantesu
2015;0,00;Tenharim Marmelos (Gleba B)
2015;0,00;Trincheira
2015;0,00;Escondido
2015;0,00;Seruini/Mariene
2015;0,00;Paukalirajausu
2015;0,00;Cajuhiri Atravessado
2015;0,00;Padre
2015;0,00;Jabuti
2015;0,00;São Domingos do Jacapari e Estação
2015;0,00;Kararaô
2015;0,00;Rio Pindaré
2015;0,00;São Pedro
2015;0,00;Kanela Memortumré
2015;0,00;Raimundão
2015;0,00;Porto Praia
2015;0,00;Nukini
2015;0,00;Batelão
2015;0,00;Funil
2015;0,00;Uati-Paraná
2015;0,00;Utaria Wyhyna/Iròdu Iràna
2015;0,00;Ouro
2015;0,00;Riozinho do Alto Envira
2015;0,00;Figueiras
2015;0,00;Xikrin do Rio Catete
2015;0,00;Porto Limoeiro
2015;0,00;Apipica
2015;0,00;Rio Téa
2015;0,00;Irantxe
2015;0,00;Zoe
2015;0,00;Menkü
2015;0,00;Geralda Toco Preto
2015;0,00;Sororó
2015;0,00;Tanaru ( restrição de uso )
2015;0,00;Governador
2015;0,00;São Leopoldo
2015;0,00;Munduruku-Taquara
2015;0,00;Rio Urubu
2015;0,00;Karajá Santana do Araguaia
2015;0,00;Tadarimana
2015;0,00;Kuruáya
2015;0,00;Uneiuxi
2015;0,00;Lago do Limão
2015;0,00;Maranduba
2015;0,00;Zuruahã
2015;0,00;Kwazá do Rio São Pedro
2015;0,00;WaiWái
2015;0,00;Tirecatinga
2015;0,00;Sagarana
2015;0,00;Tabocal
2015;0,00;Ilha do Camaleão
2015;0,00;Natal/Felicidade
2015;0,00;Barata Livramento
2015;0,00;Jacamim
2015;0,00;São Sebastião
2015;0,00;Japuira
2015;0,00;Lago Capanã
2015;0,00;Jatuarana
2015;0,00;Cajueiro
2015;0,00;Las Casas
2015;0,00;Maró
2015;0,00;Pequizal
2015;0,00;Kawahiva do Rio Pardo
2015;0,00;Maraã Urubaxi
2015;0,00;Paumari do Lago Manissuã
2015;0,00;Tembé
2015;0,00;Santa Inez
2015;0,00;Karajá de Aruanã III
2015;0,00;Praia do Índio
2015;0,00;Rio Formoso
2015;0,00;Praia do Mangue
2015;0,00;Anta
2015;0,00;Rio Jumas
2015;0,00;Sararé
2015;0,00;Miguel/Josefa
2015;0,00;Waiãpi
2015;0,00;Pinatuba
2015;0,00;Ubawawe
2015;0,00;Prosperidade
2015;0,00;Diahui
2015;0,00;Truaru
2015;0,00;Rio Omerê
2015;0,00;Koatinemo
2015;0,00;Poyanawa
2015;0,00;Paumari do Cuniua
2015;0,00;Pirineus de Souza
2015;0,00;Utiariti
2015;0,00;Bragança-Marituba
2015;0,00;Xerente
2015;0,00;Xambioá
2015;0,00;São Marcos - MT
2015;0,00;Uneiuxi
2015;0,00;Krahó-Kanela
2015;0,00;Kraolandia
2015;0,00;Lago Jauari
2015;0,00;Juininha
2015;0,00;São Domingos - MT
2015;0,00;Maracaxi
2015;0,00;Guató
2015;0,00;Rio Apaporis
2015;0,00;Trocará - Doação
2015;0,00;Xipaya
2015;0,00;Serra da Moça
2015;0,00;Torá
2015;0,00;Sucuba
2015;0,00;Inawebohona
2015;0,00;Nove de Janeiro
2015;0,00;Lago do Marinheiro
2015;0,00;Marechal Rondon
2015;0,00;Amanayé
2015;0,00;Umutina
2015;0,00;Tereza Cristina
2015;0,00;São Marcos - RR
2015;0,00;Estação Parecis
2015;0,00;Bom Jesus
2015;0,00;Paresi
2015;0,00;Perigara
2015;0,00;Chão Preto
2015;0,00;Lago do Beruri
2015;0,00;Boa Vista - AM
2015;0,00;Cacique Fontoura
2015;0,00;Mangueira
2015;0,00;Vista Alegre
2015;0,00;Uty-Xunaty
2015;0,00;Apurinã do Igarapé São João
2015;0,00;Bakairi
2015;0,00;Merure
2015;0,00;Tupã-Supé
2015;0,00;Tenharim do Igarapé Preto
2015;0,00;Riozinho
2015;0,00;Médio Rio Negro II
2015;0,00;Lagoa dos Brincos
2015;0,00;Morro Branco
2015;0,00;Karajá de Aruanã II
2015;0,00;Sangradouro/Volta Grande
2015;0,00;Urucu/Juruá
2015;0,00;Krenrehé
2015;0,00;Parana do Boa Boa
2015;0,00;Parana do Paricá
2015;0,00;Murutinga/Tracaja
2015;0,00;Médio Rio Negro I
2015;0,00;Ponta da Serra
2015;0,00;Nova Esperança do Rio Jandiatuba
2015;0,00;Parque do Araguaia
2015;0,00;Rio Gregório
2015;0,00;Cobra Grande
2015;0,00;Ariramba
2015;0,00;Tapirapé/Karajá
2015;0,00;Wawi
2015;0,00;Recreio/São Félix
2015;0,00;Sawré Muybu (Pimental)
2015;0,00;Boqueirão
2015;0,00;Massaco
2015;0,00;Maraitá
2015;0,00;Fortaleza do Patauá
2015;0,00;Setemã
2015;0,00;Tumiã
2015;0,00;Barreirinha
2015;0,00;Anambé
2015;0,00;Bacurizinho
2015;0,00;Serra Morena
2015;0,00;Porquinhos
2015;0,00;Menkragnoti
2015;0,00;Aningal
2015;0,00;Ponte de Pedra
2015;0,00;Jarudore
2015;0,00;Muriru
2015;0,00;Meria
2015;0,00;Parabubure
2015;0,00;Taego Ãwa
2015;0,00;Itaitinga
2015;0,00;Turé/Mariquita
2015;0,00;Uirapuru
2015;0,00;Pium
2015;0,00;Santa Cruz da Nova Aliança
2015;0,00;Fortaleza do Castanho
2015;0,00;Juruna do Km 17
2015;0,00;Apurinã Igarapé Tauamirim
2015;0,00;Estivadinho
2015;0,00;Nova Jacundá
2015;0,00;Tikuna de Santo Antonio
2015;0,00;Jumina
2015;0,00;Tuwa Apekuokawera
2015;0,00;Arara do Rio Amônia
2015;0,00;Paumari do Rio Ituxi
2015;0,00;Jaquiri
2015;0,00;Lago do Correio
2015;0,00;Katukina/Kaxinawá
2015;0,00;Apiaká do Pontal e Isolados
2015;0,00;Alto Sepatini
2015;0,00;Mawetek
2015;0,00;Cué Cué/ Marabitanas
2015;0,00;Acimã
2015;0,00;Kaxinawá Seringal Independência
2015;0,00;Jacareúba/Katauixi (restrição uso)
2015;0,00;Marajai
2015;0,00;Kulina do Rio Envira
2015;0,00;Arara do Igarapé Humaitá
2015;0,00;Juma
2015;0,00;Apurinã do Igarapé Mucuim
2015;0,00;Boca do Acre
2015;0,00;Lauro Sodré
2015;0,00;Catipari/Mamoria
2015;0,00;Cuiu-Cuiu
2015;0,00;Rio Guaporé
2015;0,00;Betania
2015;0,00;Acapuri de Cima
2015;0,00;Alto Rio Purus
2015;0,00;Kaxinawá da Praia do Carapanã
2015;0,00;Jaminawa Arara do Rio Bagé
2015;0,00;Kampa do Igarapé Primavera
2015;0,00;Krenyê
2015;0,00;Kaxinawá do Rio Humaitá
2015;0,00;Santana
2015;0,00;São Pedro do Sepatini
2015;0,00;Paraná do Arauató
2015;0,00;Sapotal
2015;0,00;Ananás
2015;0,00;Guajahã
2015;0,00;Kaxinawá Ashaninka do Rio Breu
2015;0,00;Campinas/Katukina
2015;0,00;Balaio
2015;0,00;Paumari do Lago Paricá
2015;0,00;Cabeceira do Rio Acre
2015;0,00;Barro Alto
2015;0,00;Igarapé Taboca do Alto Tarauacá
2015;0,00;Hi Merimã
2015;0,00;Inauini/Teuini
2015;0,00;Igarapé Grande
2015;0,00;Camicua
2015;0,00;Kumaru do Lago Ualá
2015;0,00;Jaminaua/Envira
2015;0,00;Espírito Santo
2015;0,00;Kaxinawá Nova Olinda
2015;0,00;Igarapé do Caucho
2015;0,00;Peneri/Tacaquiri
2015;0,00;Mapari
2015;0,00;Jurubaxi-téa
2015;0,00;Kaxinawá Colônia Vinte e Sete
2015;0,00;Jaminawa do Igarapé Preto
2015;0,00;Kaxinawá do Rio Jordão
2015;0,00;Kampa do Rio Amônia
2015;0,00;São Francisco do Canimari
2015;0,00;Bom Intento
2015;0,00;Cacau do Tarauaca
2015;0,00;Caititu
2015;0,00;Karitiana
2015;0,00;Kulina Igarapé do Pau
2015;0,00;Kampa e Isolados do Rio Envira
2015;0,00;Alto Tarauacá
2015;0,00;Anaro
2015;0,00;Camadeni
2015;0,00;Banawá
2015;0,00;Igarapé Capana
2015;0,00;Barreira da Missão
2015;0,00;Jarawara/Jamamadi/Kanamati
2015;0,09;Turé/Mariquita II
2015;0,38;Trombetas/Mapuera
2015;0,13;Guanabara
2015;0,07;Galibi
2015;0,14;Areões
2015;0,29;Pirititi
2015;2,02;Sete de Setembro
2015;0,00;Igarapé Ribeirão
2015;0,90;Karipuna
2015;0,08;Vale do Guaporé
2015;0,70;Trincheira Bacaja
2015;1,87;Alto Rio Guamá
2015;10,49;Cachoeira Seca
2015;0,28;Tenharim Marmelos
2015;0,19;Rio Negro Ocaia
2015;0,33;Apurinã Km 124 BR-317
2015;0,25;Parakanã
2015;0,87;Kayabi
2015;0,07;Sepoti
2015;2,82;Pacaas Novas
2015;0,22;Caru
2015;0,38;Vale do Javari
2015;0,18;Raposa Serra do Sol
2015;0,24;Awa
2015;0,38;Mamoadate
2015;0,14;Cunhã-Sapucaia
2015;0,10;Lagoa Comprida
2015;0,18;Parque do Tumucumaque
2015;0,50;Arara do Rio Branco
2015;0,07;Panará
2015;0,30;Rio Biá
2015;0,23;Terena Gleba Iriri
2015;1,21;Bacurizinho
2015;0,38;Moskow
2015;0,08;Estrela da Paz
2015;0,00;Baía dos Guató
2015;0,31;Waimiri-Atroari
2015;0,19;Évare II
2015;0,49;Canauanim
2015;0,30;Deni
2015;0,51;Parque do Aripuanã
2015;0,13;Gavião
2015;0,41;Roosevelt
2015;0,06;Itixi Mitari
2015;0,12;Wedezé
2015;0,18;Kulina do Medio Jurua
2015;0,57;Paquiçamba
2015;0,26;Erikpatsá
2015;0,06;Rodeador
2015;0,16;Enawenê-Nawê
2015;0,19;Paumari do Lago Marahã
2015;0,36;Igarapé Lage
2015;0,07;Matintin
2015;0,08;Cuia
2015;0,60;Maraiwatsede
2015;0,64;Kayapó
2015;0,08;Arara da Volta Grande do Xingu
2015;0,09;Kanela
2015;1,33;Pirahã
2015;1,04;Piripkura ( restrição de uso )
2015;0,08;Rio Paru DEste
2015;6,16;Apyterewa
2015;0,22;Pequizal do Naruvôtu
2015;0,15;Kanamari do Rio Juruá
2015;0,03;Arara
2015;1,54;Arariboia
2015;2,42;Andirá-Marau
2015;0,12;Jauary
2015;0,16;Kaxinawá do Baixo Rio Jordão
2015;0,07;Tubarão Latunde
2015;0,07;Araçá
2015;0,06;Sai-Cinza
2015;1,51;Uru-Eu-Wau-Wau
2015;1,83;Sissaíma
2015;0,16;Igarapé Lourdes
2015;2,84;Portal do Encantado
2015;1,88;Nhamundá/Mapuera
2015;0,11;Rio Negro Ocaia
2015;0,16;Aripuanã
2015;0,16;Menkü
2015;0,29;Baú
2015;0,12;Capoto/Jarina
2015;0,52;Malacacheta
2015;0,29;Lago Aiapua
2015;0,12;Araweté Igarapé Ipixuna
2015;0,13;Ipixuna
2015;0,02;Trocará
2015;0,12;Krikati
2015;0,10;Batovi
2015;0,48;Cana Brava/Guajajara
2015;1,01;Kaxuyana-Tunayana
2015;0,39;Arary
2015;0,12;Rio Manicoré
2015;0,17;Paquiçamba
2015;1,02;Urubu Branco
2015;0,68;Uaçá
2015;0,37;Apiaka/Kayabi
2015;0,32;Parque do Xingu
2015;0,42;Rio Branco
2015;0,43;Manoki
2015;0,21;Rio Mequens
2015;0,31;Alto Rio Negro
2015;0,07;Tikúna de Feijoal
2015;0,10;Patauá
2015;0,99;Sarauá
2015;0,00;Apinayé
2015;0,01;Badjonkore
2015;0,01;Kaxarari
2015;4,24;Alto Turiaçu
2015;0,08;Évare I
2015;0,08;Macarrão
2015;1,00;Yanomami
2015;0,08;Tabalascada
2015;0,08;Zoró
2015;0,04;Paracuhuba
2015;0,18;Tukuna Porto Espiritual
2015;0,07;Nambikwara
2015;0,13;Porquinhos dos Canela-Apãnjekra
2015;0,07;Água Preta/Inari
2015;0,39;Coata-Laranjal
2015;0,58;Ituna/Itatá (restrição de uso)
2015;0,10;Mãe Maria
2015;0,94;Manoa/Pium
2015;0,89;Munduruku
2015;0,08;Sururuá
2015;0,21;Pimentel Barbosa
2015;0,01;Tukuna Umariaçu
2015;0,08;Miratu
2015;0,79;Ponciano
2015;0,05;Vui-Uata-In
2014;0,13;Rio Negro Ocaia
2014;0,00;Trincheira
2014;0,00;Escondido
2014;0,00;Seruini/Mariene
2014;0,00;Paukalirajausu
2014;0,00;Cajuhiri Atravessado
2014;0,00;Padre
2014;0,00;Pequizal do Naruvôtu
2014;0,00;São Domingos do Jacapari e Estação
2014;0,00;Kararaô
2014;0,00;Rio Pindaré
2014;0,00;São Pedro
2014;0,00;Ipixuna
2014;0,00;Kanela Memortumré
2014;0,00;Porto Praia
2014;0,00;Patauá
2014;0,00;Funil
2014;0,00;Rio Manicoré
2014;0,00;Utaria Wyhyna/Iròdu Iràna
2014;0,00;Ouro
2014;0,00;Lago Aiapua
2014;0,00;Riozinho do Alto Envira
2014;0,00;Figueiras
2014;0,00;Porto Limoeiro
2014;0,00;Apipica
2014;0,00;Irantxe
2014;0,00;Zoe
2014;0,00;Menkü
2014;0,00;Geralda Toco Preto
2014;0,00;Tanaru ( restrição de uso )
2014;0,00;Munduruku-Taquara
2014;0,00;Batovi
2014;0,00;Karajá Santana do Araguaia
2014;0,00;Kuruáya
2014;0,00;Uneiuxi
2014;0,00;Maranduba
2014;0,00;Kwazá do Rio São Pedro
2014;0,00;Terena Gleba Iriri
2014;0,00;Tirecatinga
2014;0,00;Tabocal
2014;0,00;Kayabi
2014;0,00;Ilha do Camaleão
2014;0,00;Natal/Felicidade
2014;0,00;Vui-Uata-In
2014;0,00;Barata Livramento
2014;0,00;São Sebastião
2014;0,00;Japuira
2014;0,00;Apinayé
2014;0,00;Lago Capanã
2014;0,00;Jatuarana
2014;0,00;Cajueiro
2014;0,00;Las Casas
2014;0,00;Kawahiva do Rio Pardo
2014;0,00;Maraã Urubaxi
2014;0,00;Turé/Mariquita II
2014;0,00;Paumari do Lago Manissuã
2014;0,00;Tembé
2014;0,00;Baía dos Guató
2014;0,00;Santa Inez
2014;0,00;Karajá de Aruanã III
2014;0,00;Praia do Índio
2014;0,00;Rio Formoso
2014;0,00;Praia do Mangue
2014;0,00;Anta
2014;0,00;Rodeador
2014;0,00;Sararé
2014;0,00;Miguel/Josefa
2014;0,00;Tukuna Porto Espiritual
2014;0,00;Pinatuba
2014;0,00;Ubawawe
2014;0,00;Prosperidade
2014;0,00;Diahui
2014;0,00;Truaru
2014;0,00;Rio Omerê
2014;0,00;Arary
2014;0,00;Poyanawa
2014;0,00;Paumari do Cuniua
2014;0,00;Malacacheta
2014;0,00;Galibi
2014;0,00;Utiariti
2014;0,00;Tabalascada
2014;0,00;Bragança-Marituba
2014;0,00;Xerente
2014;0,00;Kanela
2014;0,00;São Marcos - MT
2014;0,00;Uneiuxi
2014;0,00;Kraolandia
2014;0,00;Lago Jauari
2014;0,00;Pimentel Barbosa
2014;0,00;Juininha
2014;0,00;São Domingos - MT
2014;0,00;Maracaxi
2014;0,00;Guató
2014;0,00;Rio Apaporis
2014;0,00;Rio Mequens
2014;0,00;Trocará - Doação
2014;0,00;Xipaya
2014;0,00;Torá
2014;0,00;Sucuba
2014;0,00;Lago do Marinheiro
2014;0,00;Marechal Rondon
2014;0,00;Paquiçamba
2014;0,00;Umutina
2014;0,00;Tereza Cristina
2014;0,00;Sepoti
2014;0,00;Estação Parecis
2014;0,00;Bom Jesus
2014;0,00;Paresi
2014;0,00;Perigara
2014;0,00;Chão Preto
2014;0,00;Lago do Beruri
2014;0,00;Boa Vista - AM
2014;0,00;Cacique Fontoura
2014;0,00;Vista Alegre
2014;0,00;Uty-Xunaty
2014;0,00;Apurinã do Igarapé São João
2014;0,00;Bakairi
2014;0,00;Panará
2014;0,00;Erikpatsá
2014;0,00;Merure
2014;0,00;Tupã-Supé
2014;0,00;Lagoa dos Brincos
2014;0,00;Morro Branco
2014;0,00;Karajá de Aruanã II
2014;0,00;Sangradouro/Volta Grande
2014;0,00;Krenrehé
2014;0,00;Parana do Boa Boa
2014;0,00;Parana do Paricá
2014;0,00;Canauanim
2014;0,00;Ponta da Serra
2014;0,00;Nova Esperança do Rio Jandiatuba
2014;0,00;Parque do Araguaia
2014;0,00;Arara
2014;0,00;Ariramba
2014;0,00;Tapirapé/Karajá
2014;0,00;Wawi
2014;0,00;Recreio/São Félix
2014;0,00;Massaco
2014;0,00;Maraitá
2014;0,00;Fortaleza do Patauá
2014;0,00;Setemã
2014;0,00;Tumiã
2014;0,00;Barreirinha
2014;0,00;Anambé
2014;0,00;Serra Morena
2014;0,00;Rio Paru DEste
2014;0,00;Ponte de Pedra
2014;0,00;Jarudore
2014;0,00;Cunhã-Sapucaia
2014;0,00;Muriru
2014;0,00;Meria
2014;0,00;Parabubure
2014;0,00;Taego Ãwa
2014;0,00;Itaitinga
2014;0,00;Turé/Mariquita
2014;0,00;Wedezé
2014;0,00;Uirapuru
2014;0,00;Santa Cruz da Nova Aliança
2014;0,00;Fortaleza do Castanho
2014;0,00;Juruna do Km 17
2014;0,00;Apurinã Igarapé Tauamirim
2014;0,00;Estivadinho
2014;0,00;Tikuna de Santo Antonio
2014;0,00;Jumina
2014;0,00;Jaquiri
2014;0,00;Lago do Correio
2014;0,00;Apiaká do Pontal e Isolados
2014;0,00;Apiaka/Kayabi
2014;0,00;Alto Sepatini
2014;0,00;Mawetek
2014;0,00;Acimã
2014;0,00;Matintin
2014;0,00;Jacareúba/Katauixi (restrição uso)
2014;0,00;Marajai
2014;0,00;Juma
2014;0,00;Apurinã do Igarapé Mucuim
2014;0,00;Lauro Sodré
2014;0,00;Catipari/Mamoria
2014;0,00;Betania
2014;0,00;Acapuri de Cima
2014;0,00;Badjonkore
2014;0,00;Kampa do Igarapé Primavera
2014;0,00;Krenyê
2014;0,00;Santana
2014;0,00;São Pedro do Sepatini
2014;0,00;Paraná do Arauató
2014;0,00;Sapotal
2014;0,00;Ananás
2014;0,00;Guajahã
2014;0,00;Kaxinawá Ashaninka do Rio Breu
2014;0,00;Campinas/Katukina
2014;0,00;Balaio
2014;0,00;Paumari do Lago Paricá
2014;0,00;Cabeceira do Rio Acre
2014;0,00;Barro Alto
2014;0,00;Igarapé Taboca do Alto Tarauacá
2014;0,00;Hi Merimã
2014;0,00;Inauini/Teuini
2014;0,00;Espírito Santo
2014;0,00;Mapari
2014;0,00;Guanabara
2014;0,00;Kaxinawá Colônia Vinte e Sete
2014;0,00;Jaminawa do Igarapé Preto
2014;0,00;São Francisco do Canimari
2014;0,00;Bom Intento
2014;0,00;Caititu
2014;0,00;Karitiana
2014;0,00;Alto Tarauacá
2014;0,00;Anaro
2014;0,00;Camadeni
2014;0,00;Banawá
2014;0,00;Igarapé Capana
2014;0,00;Jarawara/Jamamadi/Kanamati
2014;0,10;Trombetas/Mapuera
2014;5,23;Apyterewa
2014;0,10;Xikrin do Rio Catete
2014;0,18;Amanayé
2014;0,01;Pequizal
2014;0,08;Kampa e Isolados do Rio Envira
2014;0,21;Kanamari do Rio Juruá
2014;0,16;Sororó
2014;0,71;Arariboia
2014;0,56;Areões
2014;3,57;Andirá-Marau
2014;0,55;Jauary
2014;0,07;Tenharim do Igarapé Preto
2014;0,14;Mangueira
2014;0,08;Porquinhos
2014;0,07;Kaxinawá do Baixo Rio Jordão
2014;0,11;Pirititi
2014;0,00;Tubarão Latunde
2014;2,85;Sete de Setembro
2014;0,08;Boca do Acre
2014;0,07;Araçá
2014;0,17;Sai-Cinza
2014;0,07;Kaxinawá do Rio Humaitá
2014;0,27;Riozinho
2014;0,16;Raimundão
2014;0,07;Igarapé Ribeirão
2014;0,86;Uru-Eu-Wau-Wau
2014;0,00;Karipuna
2014;0,51;Sissaíma
2014;0,01;Vale do Guaporé
2014;1,09;Trincheira Bacaja
2014;0,12;Lago do Limão
2014;0,25;Igarapé Lourdes
2014;0,08;Jaminawa Arara do Rio Bagé
2014;0,52;Portal do Encantado
2014;0,33;Krahó-Kanela
2014;0,39;Boqueirão
2014;6,64;Alto Rio Guamá
2014;0,14;Nhamundá/Mapuera
2014;0,07;Rio Negro Ocaia
2014;0,07;Batelão
2014;0,42;Cué Cué/ Marabitanas
2014;5,85;Cachoeira Seca
2014;0,07;Paumari do Rio Ituxi
2014;0,07;Tenharim Marmelos
2014;0,00;Taihantesu
2014;0,14;Aripuanã
2014;0,24;Arara do Igarapé Humaitá
2014;0,14;Nova Jacundá
2014;0,15;Urucu/Juruá
2014;0,33;Menkü
2014;0,10;Baú
2014;0,08;Capoto/Jarina
2014;1,01;Apurinã Km 124 BR-317
2014;0,38;Waiãpi
2014;0,07;Nove de Janeiro
2014;0,38;Parakanã
2014;0,38;Menkragnoti
2014;0,07;Rio Téa
2014;0,29;Kaxinawá Seringal Independência
2014;0,62;Bacurizinho
2014;0,38;Pacaas Novas
2014;0,31;Araweté Igarapé Ipixuna
2014;1,49;Caru
2014;0,08;Cacau do Tarauaca
2014;0,51;Sawré Muybu (Pimental)
2014;0,16;Nukini
2014;0,17;Kaxinawá Nova Olinda
2014;0,54;Vale do Javari
2014;0,07;Aningal
2014;0,28;Kumaru do Lago Ualá
2014;0,15;Cobra Grande
2014;0,41;São Marcos - RR
2014;1,11;Raposa Serra do Sol
2014;0,10;Trocará
2014;0,34;Jurubaxi-téa
2014;0,23;Krikati
2014;4,94;Awa
2014;0,31;Zuruahã
2014;0,09;Mamoadate
2014;0,06;Peneri/Tacaquiri
2014;0,08;Médio Rio Negro II
2014;0,99;Cana Brava/Guajajara
2014;0,31;Kaxuyana-Tunayana
2014;0,32;Lagoa Comprida
2014;1,42;Urubu Branco
2014;0,90;Murutinga/Tracaja
2014;0,09;Rio Urubu
2014;0,21;Parque do Tumucumaque
2014;0,44;Arara do Rio Branco
2014;0,33;Rio Gregório
2014;1,40;Uaçá
2014;0,54;Rio Biá
2014;0,91;Parque do Xingu
2014;0,23;Rio Branco
2014;0,07;São Leopoldo
2014;0,08;Maró
2014;2,31;Manoki
2014;0,71;Alto Rio Negro
2014;5,52;Bacurizinho
2014;0,26;Tikúna de Feijoal
2014;0,12;Kaxinawá da Praia do Carapanã
2014;0,02;Camicua
2014;0,07;Governador
2014;0,08;Moskow
2014;0,10;Estrela da Paz
2014;1,38;Sarauá
2014;0,08;Arara do Rio Amônia
2014;0,10;Pirineus de Souza
2014;0,59;Waimiri-Atroari
2014;0,31;Évare II
2014;0,53;Barreira da Missão
2014;0,78;Kaxarari
2014;5,80;Alto Turiaçu
2014;0,71;Deni
2014;2,83;Évare I
2014;0,08;Macarrão
2014;0,08;Parque do Aripuanã
2014;0,10;Rio Guaporé
2014;2,65;Yanomami
2014;0,27;Gavião
2014;0,16;Roosevelt
2014;0,07;Jacamim
2014;0,08;Kampa do Rio Amônia
2014;0,14;Itixi Mitari
2014;0,06;Zoró
2014;0,08;Jabuti
2014;0,09;Igarapé do Caucho
2014;0,24;Tenharim Marmelos (Gleba B)
2014;0,07;Tadarimana
2014;0,50;Kulina do Medio Jurua
2014;0,16;Paquiçamba
2014;0,49;Médio Rio Negro I
2014;1,18;Inawebohona
2014;0,07;Paracuhuba
2014;0,14;Kaxinawá do Rio Jordão
2014;0,13;Nambikwara
2014;0,09;Igarapé Grande
2014;0,32;Tuwa Apekuokawera
2014;0,04;WaiWái
2014;0,07;Kulina do Rio Envira
2014;0,49;Katukina/Kaxinawá
2014;0,06;Serra da Moça
2014;0,02;Sagarana
2014;0,23;Porquinhos dos Canela-Apãnjekra
2014;0,07;Água Preta/Inari
2014;0,48;Coata-Laranjal
2014;0,21;Enawenê-Nawê
2014;0,15;Paumari do Lago Marahã
2014;0,55;Igarapé Lage
2014;0,26;Rio Gregório
2014;0,01;Kulina Igarapé do Pau
2014;0,07;Ituna/Itatá (restrição de uso)
2014;0,23;Mãe Maria
2014;0,30;Manoa/Pium
2014;0,08;Cuia
2014;0,12;Jaminaua/Envira
2014;0,08;Xambioá
2014;1,07;Maraiwatsede
2014;1,46;Kayapó
2014;0,12;Arara da Volta Grande do Xingu
2014;1,11;Munduruku
2014;0,07;Sururuá
2014;0,07;Uati-Paraná
2014;0,06;Tukuna Umariaçu
2014;0,32;Miratu
2014;0,07;Koatinemo
2014;0,17;Cuiu-Cuiu
2014;0,36;Alto Rio Purus
2014;0,06;Rio Jumas
2014;0,07;Pirahã
2014;0,12;Ponciano
2014;0,73;Piripkura ( restrição de uso )
2014;0,15;Pium
2013;0,00;Taihantesu
2013;0,00;Escondido
2013;0,00;Paukalirajausu
2013;0,00;Cajuhiri Atravessado
2013;0,00;Padre
2013;0,00;Jabuti
2013;0,00;São Domingos do Jacapari e Estação
2013;0,00;Kararaô
2013;0,00;Rio Pindaré
2013;0,00;São Pedro
2013;0,00;Ipixuna
2013;0,00;Porto Praia
2013;0,00;Patauá
2013;0,00;Batelão
2013;0,00;Funil
2013;0,00;Uati-Paraná
2013;0,00;Rio Manicoré
2013;0,00;Utaria Wyhyna/Iròdu Iràna
2013;0,00;Ouro
2013;0,00;Figueiras
2013;0,00;Porto Limoeiro
2013;0,00;Apipica
2013;0,00;Rio Téa
2013;0,00;Irantxe
2013;0,00;Zoe
2013;0,00;Menkü
2013;0,00;Geralda Toco Preto
2013;0,00;Tanaru ( restrição de uso )
2013;0,00;Governador
2013;0,00;São Leopoldo
2013;0,00;Munduruku-Taquara
2013;0,00;Karajá Santana do Araguaia
2013;0,00;Tadarimana
2013;0,00;Uneiuxi
2013;0,00;Maranduba
2013;0,00;Zuruahã
2013;0,00;Terena Gleba Iriri
2013;0,00;Tirecatinga
2013;0,00;Tabocal
2013;0,00;Ilha do Camaleão
2013;0,00;Natal/Felicidade
2013;0,00;Vui-Uata-In
2013;0,00;Jacamim
2013;0,00;São Sebastião
2013;0,00;Japuira
2013;0,00;Lago Capanã
2013;0,00;Jatuarana
2013;0,00;Cajueiro
2013;0,00;Las Casas
2013;0,00;Pequizal
2013;0,00;Kawahiva do Rio Pardo
2013;0,00;Maraã Urubaxi
2013;0,00;Turé/Mariquita II
2013;0,00;Paumari do Lago Manissuã
2013;0,00;Baía dos Guató
2013;0,00;Karajá de Aruanã III
2013;0,00;Praia do Índio
2013;0,00;Rio Formoso
2013;0,00;Praia do Mangue
2013;0,00;Arara do Rio Branco
2013;0,00;Rio Jumas
2013;0,00;Sararé
2013;0,00;Miguel/Josefa
2013;0,00;Portal do Encantado
2013;0,00;Pinatuba
2013;0,00;Ubawawe
2013;0,00;Prosperidade
2013;0,00;Diahui
2013;0,00;Truaru
2013;0,00;Rio Omerê
2013;0,00;Koatinemo
2013;0,00;Arary
2013;0,00;Paumari do Cuniua
2013;0,00;Lagoa Comprida
2013;0,00;Utiariti
2013;0,00;Tabalascada
2013;0,00;Bragança-Marituba
2013;0,00;Xerente
2013;0,00;Xambioá
2013;0,00;São Marcos - MT
2013;0,00;Uneiuxi
2013;0,00;Krahó-Kanela
2013;0,00;Kraolandia
2013;0,00;Lago Jauari
2013;0,00;Pimentel Barbosa
2013;0,00;Juininha
2013;0,00;São Domingos - MT
2013;0,00;Maracaxi
2013;0,00;Guató
2013;0,00;Rio Apaporis
2013;0,00;Trocará - Doação
2013;0,00;Xipaya
2013;0,00;Torá
2013;0,00;Lago do Marinheiro
2013;0,00;Marechal Rondon
2013;0,00;Tikúna de Feijoal
2013;0,00;Tereza Cristina
2013;0,00;Sepoti
2013;0,00;Menkü
2013;0,00;Estação Parecis
2013;0,00;Bom Jesus
2013;0,00;Paresi
2013;0,00;Piripkura ( restrição de uso )
2013;0,00;Perigara
2013;0,00;Chão Preto
2013;0,00;Lago do Beruri
2013;0,00;Boa Vista - AM
2013;0,00;Cacique Fontoura
2013;0,00;Mangueira
2013;0,00;Vista Alegre
2013;0,00;Uty-Xunaty
2013;0,00;Apurinã do Igarapé São João
2013;0,00;Bakairi
2013;0,00;Erikpatsá
2013;0,00;Merure
2013;0,00;Tupã-Supé
2013;0,00;Riozinho
2013;0,00;Médio Rio Negro II
2013;0,00;Lagoa dos Brincos
2013;0,00;Morro Branco
2013;0,00;Karajá de Aruanã II
2013;0,00;Sangradouro/Volta Grande
2013;0,00;Urucu/Juruá
2013;0,00;Krenrehé
2013;0,00;Parana do Boa Boa
2013;0,00;Parana do Paricá
2013;0,00;Tukuna Umariaçu
2013;0,07;Trincheira
2013;0,13;Pium
2013;0,00;Cobra Grande
2013;0,00;Ariramba
2013;0,00;Trocará
2013;0,00;Tapirapé/Karajá
2013;0,00;Recreio/São Félix
2013;0,00;Massaco
2013;0,00;Maraitá
2013;0,00;Fortaleza do Patauá
2013;0,00;Setemã
2013;0,00;Barreirinha
2013;0,00;Porquinhos
2013;0,00;Rio Paru DEste
2013;0,00;Ponte de Pedra
2013;0,00;Jarudore
2013;0,00;Muriru
2013;0,00;Meria
2013;0,00;Parabubure
2013;0,00;Taego Ãwa
2013;0,00;Itaitinga
2013;0,00;Turé/Mariquita
2013;0,00;Wedezé
2013;0,00;Uirapuru
2013;0,00;Santa Cruz da Nova Aliança
2013;0,00;Jauary
2013;0,00;Fortaleza do Castanho
2013;0,00;Juruna do Km 17
2013;0,00;Apurinã Igarapé Tauamirim
2013;0,00;Estivadinho
2013;0,00;Nova Jacundá
2013;0,00;Tikuna de Santo Antonio
2013;0,00;Jumina
2013;0,00;Tuwa Apekuokawera
2013;0,00;Paracuhuba
2013;0,00;Arara do Rio Amônia
2013;0,00;Jaquiri
2013;0,00;Lago do Correio
2013;0,00;Miratu
2013;0,00;Arara da Volta Grande do Xingu
2013;0,00;Acimã
2013;0,00;Matintin
2013;0,00;Kaxinawá Seringal Independência
2013;0,00;Marajai
2013;0,00;Kulina do Rio Envira
2013;0,00;Juma
2013;0,00;Apurinã do Igarapé Mucuim
2013;0,00;Lauro Sodré
2013;0,00;Betania
2013;0,00;Acapuri de Cima
2013;0,00;Kaxinawá da Praia do Carapanã
2013;0,00;Badjonkore
2013;0,00;Kampa do Igarapé Primavera
2013;0,00;Krenyê
2013;0,00;Kaxinawá do Rio Humaitá
2013;0,00;Santana
2013;0,00;São Pedro do Sepatini
2013;0,00;Paraná do Arauató
2013;0,00;Sapotal
2013;0,00;Ananás
2013;0,00;Guajahã
2013;0,00;Kaxinawá do Baixo Rio Jordão
2013;0,00;Água Preta/Inari
2013;0,00;Kaxinawá Ashaninka do Rio Breu
2013;0,00;Paumari do Lago Paricá
2013;0,00;Cabeceira do Rio Acre
2013;0,00;Barro Alto
2013;0,00;Igarapé Taboca do Alto Tarauacá
2013;0,00;Hi Merimã
2013;0,00;Inauini/Teuini
2013;0,00;Igarapé Grande
2013;0,00;Camicua
2013;0,00;Jaminaua/Envira
2013;0,00;Espírito Santo
2013;0,00;Kaxinawá Nova Olinda
2013;0,00;Igarapé do Caucho
2013;0,00;Jurubaxi-téa
2013;0,00;Guanabara
2013;0,00;Kaxinawá Colônia Vinte e Sete
2013;0,00;Jaminawa do Igarapé Preto
2013;0,00;Kaxinawá do Rio Jordão
2013;0,00;Krikati
2013;0,00;Kampa do Rio Amônia
2013;0,00;São Francisco do Canimari
2013;0,00;Macarrão
2013;0,00;Bom Intento
2013;0,00;Kulina Igarapé do Pau
2013;0,00;Alto Tarauacá
2013;0,00;Anaro
2013;0,00;Camadeni
2013;0,00;Kanamari do Rio Juruá
2013;0,00;Banawá
2013;0,00;Barreira da Missão
2013;0,23;Trombetas/Mapuera
2013;1,62;Apyterewa
2013;0,36;Xikrin do Rio Catete
2013;0,19;Pequizal do Naruvôtu
2013;0,02;Amanayé
2013;0,08;Kampa e Isolados do Rio Envira
2013;0,09;Mapari
2013;0,09;Anta
2013;0,06;Galibi
2013;0,01;Arara
2013;0,32;Sororó
2013;3,85;Arariboia
2013;0,19;Areões
2013;1,94;Andirá-Marau
2013;0,08;Tenharim do Igarapé Preto
2013;0,07;Pirititi
2013;0,09;Tubarão Latunde
2013;1,52;Sete de Setembro
2013;0,08;Boca do Acre
2013;0,41;Araçá
2013;0,41;Sai-Cinza
2013;0,11;Santa Inez
2013;0,18;Tumiã
2013;0,24;Raimundão
2013;0,45;Igarapé Ribeirão
2013;0,08;Kanela Memortumré
2013;2,18;Uru-Eu-Wau-Wau
2013;0,00;Karipuna
2013;0,08;Sissaíma
2013;1,07;Vale do Guaporé
2013;1,28;Trincheira Bacaja
2013;0,07;Lago do Limão
2013;2,12;Igarapé Lourdes
2013;0,07;Jaminawa Arara do Rio Bagé
2013;0,28;Boqueirão
2013;1,52;Alto Rio Guamá
2013;0,47;Nhamundá/Mapuera
2013;0,37;Rio Negro Ocaia
2013;0,06;Cué Cué/ Marabitanas
2013;4,69;Parque do Araguaia
2013;15,75;Cachoeira Seca
2013;0,07;Paumari do Rio Ituxi
2013;2,03;Tenharim Marmelos
2013;0,14;Serra Morena
2013;0,80;Rio Negro Ocaia
2013;0,52;Aripuanã
2013;0,07;Arara do Igarapé Humaitá
2013;0,16;Baú
2013;0,37;Capoto/Jarina
2013;0,31;Apurinã Km 124 BR-317
2013;0,47;Waiãpi
2013;0,08;Nove de Janeiro
2013;0,82;Parakanã
2013;9,37;Kayabi
2013;0,25;Malacacheta
2013;0,49;Menkragnoti
2013;0,26;Wawi
2013;0,14;Bacurizinho
2013;0,11;Pacaas Novas
2013;0,08;Lago Aiapua
2013;0,08;Jarawara/Jamamadi/Kanamati
2013;0,86;Araweté Igarapé Ipixuna
2013;2,24;Caru
2013;0,00;Cacau do Tarauaca
2013;0,68;Sawré Muybu (Pimental)
2013;0,07;Nukini
2013;0,78;Vale do Javari
2013;0,06;Aningal
2013;0,13;Riozinho do Alto Envira
2013;0,09;Kumaru do Lago Ualá
2013;0,20;São Marcos - RR
2013;0,92;Raposa Serra do Sol
2013;0,07;Seruini/Mariene
2013;12,98;Awa
2013;0,19;Batovi
2013;0,15;Mawetek
2013;0,22;Mamoadate
2013;0,07;Peneri/Tacaquiri
2013;1,39;Cana Brava/Guajajara
2013;0,07;Cunhã-Sapucaia
2013;0,48;Kaxuyana-Tunayana
2013;0,06;Sucuba
2013;0,36;Apiaká do Pontal e Isolados
2013;0,12;Paquiçamba
2013;2,76;Urubu Branco
2013;0,12;Murutinga/Tracaja
2013;0,06;Balaio
2013;0,22;Anambé
2013;0,15;Rio Urubu
2013;0,07;Parque do Tumucumaque
2013;0,07;Rio Gregório
2013;0,17;Panará
2013;3,07;Uaçá
2013;0,11;Apiaka/Kayabi
2013;0,37;Rio Biá
2013;2,75;Parque do Xingu
2013;1,41;Rio Branco
2013;0,14;Maró
2013;0,25;Jacareúba/Katauixi (restrição uso)
2013;0,43;Manoki
2013;0,14;Catipari/Mamoria
2013;0,08;Rio Mequens
2013;0,20;Alto Sepatini
2013;0,58;Alto Rio Negro
2013;6,56;Bacurizinho
2013;0,33;Moskow
2013;0,15;Estrela da Paz
2013;0,14;Caititu
2013;3,16;Sarauá
2013;0,13;Apinayé
2013;0,08;Kuruáya
2013;0,00;Poyanawa
2013;0,01;Pirineus de Souza
2013;0,09;Waimiri-Atroari
2013;0,19;Évare II
2013;0,39;Kaxarari
2013;14,93;Alto Turiaçu
2013;0,07;Igarapé Capana
2013;0,15;Canauanim
2013;0,07;Deni
2013;0,15;Évare I
2013;0,12;Umutina
2013;2,30;Parque do Aripuanã
2013;7,47;Rio Guaporé
2013;2,10;Yanomami
2013;0,25;Gavião
2013;1,46;Roosevelt
2013;0,15;Barata Livramento
2013;0,15;Itixi Mitari
2013;7,86;Zoró
2013;0,20;Tenharim Marmelos (Gleba B)
2013;0,34;Kulina do Medio Jurua
2013;0,12;Paquiçamba
2013;0,36;Médio Rio Negro I
2013;5,90;Inawebohona
2013;0,19;Tukuna Porto Espiritual
2013;0,73;Nambikwara
2013;0,13;Rodeador
2013;0,12;WaiWái
2013;0,07;Katukina/Kaxinawá
2013;0,06;Serra da Moça
2013;0,07;Sagarana
2013;0,34;Porquinhos dos Canela-Apãnjekra
2013;0,08;Coata-Laranjal
2013;3,52;Enawenê-Nawê
2013;0,59;Paumari do Lago Marahã
2013;0,68;Igarapé Lage
2013;0,07;Rio Gregório
2013;0,44;Ituna/Itatá (restrição de uso)
2013;0,09;Mãe Maria
2013;1,21;Karitiana
2013;0,31;Manoa/Pium
2013;0,08;Cuia
2013;3,35;Maraiwatsede
2013;3,19;Kayapó
2013;0,72;Munduruku
2013;0,10;Sururuá
2013;0,10;Tembé
2013;0,21;Cuiu-Cuiu
2013;0,09;Kanela
2013;0,12;Alto Rio Purus
2013;0,08;Kwazá do Rio São Pedro
2013;1,15;Pirahã
2013;0,02;Campinas/Katukina
2013;0,07;Ponciano
2013;0,00;Ponta da Serra
2013;0,00;Nova Esperança do Rio Jandiatuba
2012;0,00;Morro Branco
2012;0,00;Taihantesu
2012;0,00;Tenharim Marmelos (Gleba B)
2012;0,00;Escondido
2012;0,00;Seruini/Mariene
2012;0,00;Paukalirajausu
2012;0,00;Cajuhiri Atravessado
2012;0,00;Padre
2012;0,00;Jabuti
2012;0,00;Pequizal do Naruvôtu
2012;0,00;São Domingos do Jacapari e Estação
2012;0,00;Kararaô
2012;0,00;Areões
2012;0,00;São Pedro
2012;0,00;Porto Praia
2012;0,00;Nukini
2012;0,00;Patauá
2012;0,00;Funil
2012;0,00;Rio Manicoré
2012;0,00;Utaria Wyhyna/Iròdu Iràna
2012;0,00;Ouro
2012;0,00;Figueiras
2012;0,00;Porto Limoeiro
2012;0,00;Apipica
2012;0,00;Rio Téa
2012;0,00;Irantxe
2012;0,00;Zoe
2012;0,00;Sororó
2012;0,00;Tanaru ( restrição de uso )
2012;0,00;Governador
2012;0,00;São Leopoldo
2012;0,00;Munduruku-Taquara
2012;0,00;Batovi
2012;0,00;Karajá Santana do Araguaia
2012;0,00;Tadarimana
2012;0,00;Kuruáya
2012;0,00;Araçá
2012;0,00;Uneiuxi
2012;0,00;Lago do Limão
2012;0,00;Maranduba
2012;0,00;Zuruahã
2012;0,00;Tirecatinga
2012;0,00;Tabocal
2012;0,00;Ilha do Camaleão
2012;0,00;Natal/Felicidade
2012;0,00;Vui-Uata-In
2012;0,00;Barata Livramento
2012;0,00;Jacamim
2012;0,00;São Sebastião
2012;0,00;Itixi Mitari
2012;0,00;Jatuarana
2012;0,00;Cajueiro
2012;0,00;Las Casas
2012;0,00;Maró
2012;0,00;Pequizal
2012;0,00;Kawahiva do Rio Pardo
2012;0,00;Maraã Urubaxi
2012;0,00;Turé/Mariquita II
2012;0,00;Paumari do Lago Manissuã
2012;0,00;Tembé
2012;0,00;Baía dos Guató
2012;0,00;Karajá de Aruanã III
2012;0,00;Praia do Índio
2012;0,00;Rio Formoso
2012;0,00;Praia do Mangue
2012;0,00;Anta
2012;0,00;Rodeador
2012;0,00;Rio Jumas
2012;0,00;Sararé
2012;0,00;Waiãpi
2012;0,00;Tukuna Porto Espiritual
2012;0,00;Pinatuba
2012;0,00;Prosperidade
2012;0,00;Diahui
2012;0,00;Truaru
2012;0,00;Rio Omerê
2012;0,00;Koatinemo
2012;0,00;Arary
2012;0,00;Gavião
2012;0,00;Paumari do Cuniua
2012;0,00;Galibi
2012;0,00;Utiariti
2012;0,00;Bragança-Marituba
2012;0,00;Xerente
2012;0,00;Xambioá
2012;0,00;São Marcos - MT
2012;0,00;Uneiuxi
2012;0,00;Krahó-Kanela
2012;0,00;Kraolandia
2012;0,00;Lago Jauari
2012;0,00;Pimentel Barbosa
2012;0,00;Juininha
2012;0,00;São Domingos - MT
2012;0,00;Maracaxi
2012;0,00;Guató
2012;0,00;Rio Mequens
2012;0,00;Trocará - Doação
2012;0,00;Xipaya
2012;0,00;Serra da Moça
2012;0,00;Pirititi
2012;0,00;Rio Negro Ocaia
2012;0,00;Raposa Serra do Sol
2012;0,00;Lago do Marinheiro
2012;0,00;Marechal Rondon
2012;0,00;Amanayé
2012;0,00;Paquiçamba
2012;0,00;Tikúna de Feijoal
2012;0,00;Umutina
2012;0,00;Tereza Cristina
2012;0,00;Sepoti
2012;0,00;São Marcos - RR
2012;0,00;Estação Parecis
2012;0,00;Bom Jesus
2012;0,00;Paresi
2012;0,00;Piripkura ( restrição de uso )
2012;0,00;Perigara
2012;0,00;Chão Preto
2012;0,00;Lago do Beruri
2012;0,00;Boa Vista - AM
2012;0,00;Cacique Fontoura
2012;0,00;Mangueira
2012;0,00;Uty-Xunaty
2012;0,00;Apurinã do Igarapé São João
2012;0,00;Bakairi
2012;0,00;Panará
2012;0,00;Erikpatsá
2012;0,00;Merure
2012;0,00;Tupã-Supé
2012;0,00;Lagoa dos Brincos
2012;0,00;Tenharim do Igarapé Preto
2012;0,00;Karajá de Aruanã II
2012;0,00;Sangradouro/Volta Grande
2012;0,00;Krenrehé
2012;0,00;Parana do Boa Boa
2012;0,00;Parana do Paricá
2012;0,00;Canauanim
2012;0,00;Ponta da Serra
2012;0,00;Nova Esperança do Rio Jandiatuba
2012;0,00;Rio Negro Ocaia
2012;0,00;Cobra Grande
2012;0,00;Ariramba
2012;0,00;Recreio/São Félix
2012;0,00;Boqueirão
2012;0,00;Massaco
2012;0,00;Maraitá
2012;0,00;Fortaleza do Patauá
2012;0,00;Setemã
2012;0,00;Tumiã
2012;0,00;Barreirinha
2012;0,00;Bacurizinho
2012;0,00;Porquinhos
2012;0,00;Aningal
2012;0,00;Ponte de Pedra
2012;0,00;Jarudore
2012;0,00;Cunhã-Sapucaia
2012;0,00;Muriru
2012;0,00;Meria
2012;0,00;Parabubure
2012;0,00;Taego Ãwa
2012;0,00;Itaitinga
2012;0,00;Turé/Mariquita
2012;0,00;Wedezé
2012;0,00;Uirapuru
2012;0,00;Pium
2012;0,00;Santa Cruz da Nova Aliança
2012;0,00;Fortaleza do Castanho
2012;0,00;Juruna do Km 17
2012;0,00;Apurinã Igarapé Tauamirim
2012;0,00;Estivadinho
2012;0,00;Nova Jacundá
2012;0,00;Tikuna de Santo Antonio
2012;0,00;Jumina
2012;0,00;Tuwa Apekuokawera
2012;0,00;Paracuhuba
2012;0,00;Paumari do Rio Ituxi
2012;0,00;Jaquiri
2012;0,00;Lago do Correio
2012;0,00;Apiaká do Pontal e Isolados
2012;0,00;Alto Sepatini
2012;0,00;Acimã
2012;0,00;Matintin
2012;0,00;Marajai
2012;0,00;Évare I
2012;0,00;Kulina do Rio Envira
2012;0,00;Estrela da Paz
2012;0,00;Juma
2012;0,00;Apurinã do Igarapé Mucuim
2012;0,00;Lauro Sodré
2012;0,00;Catipari/Mamoria
2012;0,00;Betania
2012;0,00;Acapuri de Cima
2012;0,00;Jaminawa Arara do Rio Bagé
2012;0,00;Krenyê
2012;0,00;Santana
2012;0,00;Paraná do Arauató
2012;0,00;Sapotal
2012;0,00;Ananás
2012;0,00;Guajahã
2012;0,00;Água Preta/Inari
2012;0,00;Kaxinawá Ashaninka do Rio Breu
2012;0,00;Cabeceira do Rio Acre
2012;0,00;Barro Alto
2012;0,00;Igarapé Taboca do Alto Tarauacá
2012;0,00;Hi Merimã
2012;0,00;Inauini/Teuini
2012;0,00;Igarapé Grande
2012;0,00;Espírito Santo
2012;0,00;Igarapé do Caucho
2012;0,00;Peneri/Tacaquiri
2012;0,00;Mapari
2012;0,00;Guanabara
2012;0,00;Kaxinawá Colônia Vinte e Sete
2012;0,00;Jaminawa do Igarapé Preto
2012;0,00;São Francisco do Canimari
2012;0,00;Macarrão
2012;0,00;Bom Intento
2012;0,00;Cacau do Tarauaca
2012;0,00;Kampa e Isolados do Rio Envira
2012;0,00;Alto Tarauacá
2012;0,00;Anaro
2012;0,00;Camadeni
2012;0,00;Mamoadate
2012;0,00;Banawá
2012;0,00;Barreira da Missão
2012;0,00;Jarawara/Jamamadi/Kanamati
2012;0,28;Trombetas/Mapuera
2012;0,76;Apyterewa
2012;0,48;Xikrin do Rio Catete
2012;0,07;Kanamari do Rio Juruá
2012;0,62;Arara
2012;1,11;Arariboia
2012;2,71;Andirá-Marau
2012;0,25;Jauary
2012;0,22;Kaxinawá do Baixo Rio Jordão
2012;0,22;Tubarão Latunde
2012;3,45;Sete de Setembro
2012;0,02;Boca do Acre
2012;0,05;Miguel/Josefa
2012;0,38;Sai-Cinza
2012;0,11;Santa Inez
2012;0,07;Kaxinawá do Rio Humaitá
2012;0,09;Riozinho
2012;0,08;Raimundão
2012;0,00;Igarapé Ribeirão
2012;0,00;Kanela Memortumré
2012;1,11;Uru-Eu-Wau-Wau
2012;0,03;Karipuna
2012;0,20;Sissaíma
2012;0,04;Vale do Guaporé
2012;0,86;Trincheira Bacaja
2012;1,32;Igarapé Lourdes
2012;0,50;Portal do Encantado
2012;1,43;Alto Rio Guamá
2012;0,45;Nhamundá/Mapuera
2012;0,01;Batelão
2012;0,41;Cué Cué/ Marabitanas
2012;6,89;Parque do Araguaia
2012;0,07;Trincheira
2012;0,27;Tenharim Marmelos
2012;0,02;Serra Morena
2012;0,17;Aripuanã
2012;0,18;Arara do Igarapé Humaitá
2012;0,28;Urucu/Juruá
2012;0,91;Menkü
2012;0,12;Baú
2012;0,61;Capoto/Jarina
2012;2,54;Apurinã Km 124 BR-317
2012;0,07;Nove de Janeiro
2012;0,37;Parakanã
2012;0,07;Vista Alegre
2012;15,33;Kayabi
2012;0,26;Malacacheta
2012;0,57;Menkragnoti
2012;0,74;Wawi
2012;0,08;Kaxinawá Seringal Independência
2012;0,10;Ubawawe
2012;1,33;Pacaas Novas
2012;0,07;Lago Aiapua
2012;0,14;Araweté Igarapé Ipixuna
2012;1,34;Caru
2012;1,18;Sawré Muybu (Pimental)
2012;0,06;Kaxinawá Nova Olinda
2012;1,50;Vale do Javari
2012;0,20;Riozinho do Alto Envira
2012;0,18;Kumaru do Lago Ualá
2012;0,01;Lago Capanã
2012;0,15;Ipixuna
2012;0,00;Trocará
2012;0,16;Jurubaxi-téa
2012;0,12;Krikati
2012;4,32;Awa
2012;0,07;Mawetek
2012;0,12;Médio Rio Negro II
2012;1,70;Cana Brava/Guajajara
2012;0,75;Kaxuyana-Tunayana
2012;0,72;Lagoa Comprida
2012;0,25;Sucuba
2012;1,46;Urubu Branco
2012;0,15;Murutinga/Tracaja
2012;0,07;Balaio
2012;0,07;Anambé
2012;0,02;Rio Urubu
2012;0,15;Parque do Tumucumaque
2012;0,96;Arara do Rio Branco
2012;0,15;Rio Gregório
2012;0,07;Rio Pindaré
2012;1,79;Uaçá
2012;0,09;Apiaka/Kayabi
2012;0,08;Rio Biá
2012;5,64;Parque do Xingu
2012;0,23;Rio Branco
2012;0,07;Terena Gleba Iriri
2012;9,93;Jacareúba/Katauixi (restrição uso)
2012;2,41;Manoki
2012;0,09;Torá
2012;0,89;Alto Rio Negro
2012;7,08;Bacurizinho
2012;0,19;Kaxinawá da Praia do Carapanã
2012;0,08;Camicua
2012;0,19;Moskow
2012;1,07;Caititu
2012;0,40;Sarauá
2012;0,28;Geralda Toco Preto
2012;0,06;Arara do Rio Amônia
2012;0,00;Apinayé
2012;0,09;Poyanawa
2012;0,11;Pirineus de Souza
2012;0,02;Tapirapé/Karajá
2012;0,19;Badjonkore
2012;0,25;Waimiri-Atroari
2012;0,33;Évare II
2012;0,10;Kaxarari
2012;2,34;Alto Turiaçu
2012;0,01;Igarapé Capana
2012;0,47;Deni
2012;0,14;Parque do Aripuanã
2012;0,21;Rio Guaporé
2012;6,50;Yanomami
2012;2,23;Roosevelt
2012;0,10;Tabalascada
2012;0,07;Kampa do Rio Amônia
2012;9,65;Zoró
2012;0,13;Kulina do Medio Jurua
2012;0,18;Paquiçamba
2012;0,31;Médio Rio Negro I
2012;5,75;Inawebohona
2012;0,24;Kaxinawá do Rio Jordão
2012;0,17;Nambikwara
2012;0,01;WaiWái
2012;0,00;Katukina/Kaxinawá
2012;0,67;Sagarana
2012;0,07;Porquinhos dos Canela-Apãnjekra
2012;0,32;Menkü
2012;0,15;Coata-Laranjal
2012;0,45;Enawenê-Nawê
2012;0,07;Paumari do Lago Marahã
2012;0,01;São Pedro do Sepatini
2012;0,16;Igarapé Lage
2012;0,08;Rio Gregório
2012;0,01;Kulina Igarapé do Pau
2012;1,13;Ituna/Itatá (restrição de uso)
2012;0,12;Mãe Maria
2012;1,66;Karitiana
2012;0,49;Manoa/Pium
2012;0,09;Cuia
2012;0,24;Jaminaua/Envira
2012;7,72;Maraiwatsede
2012;0,50;Kayapó
2012;0,25;Arara da Volta Grande do Xingu
2012;1,77;Munduruku
2012;0,09;Sururuá
2012;0,16;Uati-Paraná
2012;0,00;Kampa do Igarapé Primavera
2012;0,06;Tukuna Umariaçu
2012;0,35;Miratu
2012;0,08;Japuira
2012;0,08;Cuiu-Cuiu
2012;0,65;Kanela
2012;0,45;Alto Rio Purus
2012;1,81;Kwazá do Rio São Pedro
2012;0,11;Paumari do Lago Paricá
2012;0,28;Pirahã
2012;0,07;Campinas/Katukina
2012;0,30;Ponciano
2012;0,08;Rio Apaporis
2012;0,11;Rio Paru DEste
2012;14,18;Cachoeira Seca
2011;0,10;Barro Alto
2011;0,00;Uirapuru
2011;0,00;Trincheira
2011;0,00;Escondido
2011;0,00;Seruini/Mariene
2011;0,00;Paukalirajausu
2011;0,00;Parque do Aripuanã
2011;0,00;Padre
2011;0,00;Jabuti
2011;0,00;Pequizal do Naruvôtu
2011;0,00;Kararaô
2011;0,00;Rio Pindaré
2011;0,00;São Pedro
2011;0,00;Ipixuna
2011;0,00;Porto Praia
2011;0,00;Batelão
2011;0,00;Funil
2011;0,00;Rio Manicoré
2011;0,00;Utaria Wyhyna/Iròdu Iràna
2011;0,00;Ouro
2011;0,00;Lago Aiapua
2011;0,00;Riozinho do Alto Envira
2011;0,00;Figueiras
2011;0,00;Porto Limoeiro
2011;0,00;Apipica
2011;0,00;Irantxe
2011;0,00;Zoe
2011;0,00;Menkü
2011;0,00;Geralda Toco Preto
2011;0,00;Tanaru ( restrição de uso )
2011;0,00;Munduruku-Taquara
2011;0,00;Batovi
2011;0,00;Karajá Santana do Araguaia
2011;0,00;Tadarimana
2011;0,00;Kuruáya
2011;0,00;Uneiuxi
2011;0,00;Maranduba
2011;0,00;Tirecatinga
2011;0,00;Sagarana
2011;0,00;Tabocal
2011;0,00;Ilha do Camaleão
2011;0,00;Natal/Felicidade
2011;0,00;Lago Capanã
2011;0,00;Jatuarana
2011;0,00;Cajueiro
2011;0,00;Las Casas
2011;0,00;Enawenê-Nawê
2011;0,00;Pequizal
2011;0,00;Maraã Urubaxi
2011;0,00;Turé/Mariquita II
2011;0,00;Paumari do Lago Manissuã
2011;0,00;Baía dos Guató
2011;0,00;Karajá de Aruanã III
2011;0,00;Praia do Índio
2011;0,00;Rio Formoso
2011;0,00;Praia do Mangue
2011;0,00;Anta
2011;0,00;Tukuna Porto Espiritual
2011;0,00;Pinatuba
2011;0,00;Ubawawe
2011;0,00;Diahui
2011;0,00;Rio Omerê
2011;0,00;Paumari do Cuniua
2011;0,00;Lagoa Comprida
2011;0,00;Malacacheta
2011;0,00;Galibi
2011;0,00;Bragança-Marituba
2011;0,00;Xerente
2011;0,00;São Marcos - MT
2011;0,00;Uneiuxi
2011;0,00;Krahó-Kanela
2011;0,00;Kraolandia
2011;0,00;Juininha
2011;0,00;São Domingos - MT
2011;0,00;Guató
2011;0,00;Rio Mequens
2011;0,00;Trocará - Doação
2011;0,00;Xipaya
2011;0,00;Serra da Moça
2011;0,00;Torá
2011;0,00;Sucuba
2011;0,00;Lago do Marinheiro
2011;0,00;Marechal Rondon
2011;0,00;Tikúna de Feijoal
2011;0,00;Umutina
2011;0,00;Tereza Cristina
2011;0,00;Sepoti
2011;0,00;Tubarão Latunde
2011;0,00;Estação Parecis
2011;0,00;Bom Jesus
2011;0,00;Paresi
2011;0,00;Piripkura ( restrição de uso )
2011;0,00;Perigara
2011;0,00;Chão Preto
2011;0,00;Lago do Beruri
2011;0,00;Boa Vista - AM
2011;0,00;Cacique Fontoura
2011;0,00;Apurinã do Igarapé São João
2011;0,00;Bakairi
2011;0,00;Merure
2011;0,00;Tupã-Supé
2011;0,00;Riozinho
2011;0,00;Lagoa dos Brincos
2011;0,00;Morro Branco
2011;0,00;Karajá de Aruanã II
2011;0,00;Sangradouro/Volta Grande
2011;0,00;Krenrehé
2011;0,00;Parana do Boa Boa
2011;0,00;Parana do Paricá
2011;0,00;Ponta da Serra
2011;0,00;Ariramba
2011;0,00;Cuia
2011;0,00;Wawi
2011;0,00;Recreio/São Félix
2011;0,00;Boqueirão
2011;0,00;Massaco
2011;0,00;Maraitá
2011;0,00;Setemã
2011;0,00;Barreirinha
2011;0,00;Rio Paru DEste
2011;0,00;Aningal
2011;0,00;Ponte de Pedra
2011;0,00;Jarudore
2011;0,00;Muriru
2011;0,00;Meria
2011;0,00;Parabubure
2011;0,00;Taego Ãwa
2011;0,00;Itaitinga
2011;0,00;Turé/Mariquita
2011;0,00;Wedezé
2011;0,00;Taihantesu
2011;0,00;Pium
2011;0,00;Santa Cruz da Nova Aliança
2011;0,00;Fortaleza do Castanho
2011;0,00;Juruna do Km 17
2011;0,00;Apurinã Igarapé Tauamirim
2011;0,00;Estivadinho
2011;0,00;Nova Jacundá
2011;0,00;Tikuna de Santo Antonio
2011;0,00;Jumina
2011;0,00;Tuwa Apekuokawera
2011;0,00;Paracuhuba
2011;0,00;Paumari do Rio Ituxi
2011;0,00;Jaquiri
2011;0,00;Lago do Correio
2011;0,00;Miratu
2011;0,00;Apiaká do Pontal e Isolados
2011;0,00;Alto Sepatini
2011;0,00;Mawetek
2011;0,00;Acimã
2011;0,00;Matintin
2011;0,00;Marajai
2011;0,00;Karipuna
2011;0,00;Juma
2011;0,00;Apurinã do Igarapé Mucuim
2011;0,00;Cuiu-Cuiu
2011;0,00;Acapuri de Cima
2011;0,00;Kampa do Igarapé Primavera
2011;0,00;Krenyê
2011;0,00;Mãe Maria
2011;0,00;Santana
2011;0,00;São Pedro do Sepatini
2011;0,00;Paraná do Arauató
2011;0,00;Sapotal
2011;0,00;Ananás
2011;0,00;Guajahã
2011;0,00;Balaio
2011;0,00;Cabeceira do Rio Acre
2011;0,00;Igarapé Taboca do Alto Tarauacá
2011;0,00;Hi Merimã
2011;0,00;Kumaru do Lago Ualá
2011;0,00;Espírito Santo
2011;0,00;Kaxinawá Nova Olinda
2011;0,00;Igarapé do Caucho
2011;0,00;Mapari
2011;0,00;Kaxinawá Colônia Vinte e Sete
2011;0,00;São Francisco do Canimari
2011;0,00;Macarrão
2011;0,00;Bom Intento
2011;0,00;Cacau do Tarauaca
2011;0,00;Karitiana
2011;0,00;Kampa e Isolados do Rio Envira
2011;0,00;Alto Tarauacá
2011;0,00;Anaro
2011;0,00;Camadeni
2011;0,00;Banawá
2011;0,00;Igarapé Capana
2011;0,00;Barreira da Missão
2011;0,30;Vui-Uata-In
2011;0,14;Trombetas/Mapuera
2011;5,92;Apyterewa
2011;0,29;Xikrin do Rio Catete
2011;0,38;Amanayé
2011;0,08;Guanabara
2011;0,39;Kanamari do Rio Juruá
2011;0,11;Arara
2011;0,35;Sororó
2011;3,70;Arariboia
2011;0,59;Areões
2011;3,37;Andirá-Marau
2011;0,51;Jauary
2011;0,09;Mangueira
2011;2,50;Porquinhos
2011;0,09;Kaxinawá do Baixo Rio Jordão
2011;0,10;Pirititi
2011;0,90;Sete de Setembro
2011;0,29;Boca do Acre
2011;0,09;Miguel/Josefa
2011;0,07;Araçá
2011;0,77;Sai-Cinza
2011;0,05;Fortaleza do Patauá
2011;0,22;Nova Esperança do Rio Jandiatuba
2011;0,02;Santa Inez
2011;0,96;Tumiã
2011;0,24;Kaxinawá do Rio Humaitá
2011;0,18;Raimundão
2011;0,13;Igarapé Ribeirão
2011;0,30;Kanela Memortumré
2011;0,36;Uru-Eu-Wau-Wau
2011;1,56;Sissaíma
2011;0,06;Lago Jauari
2011;0,61;Vale do Guaporé
2011;0,42;Trincheira Bacaja
2011;0,06;Lago do Limão
2011;0,15;Igarapé Lourdes
2011;0,07;Jaminawa Arara do Rio Bagé
2011;0,20;Portal do Encantado
2011;18,62;Alto Rio Guamá
2011;0,15;Nhamundá/Mapuera
2011;0,07;Rio Negro Ocaia
2011;0,29;Cué Cué/ Marabitanas
2011;0,97;Parque do Araguaia
2011;18,63;Cachoeira Seca
2011;4,49;Tenharim Marmelos
2011;0,09;Serra Morena
2011;0,07;Rio Negro Ocaia
2011;0,07;Aripuanã
2011;0,17;Arara do Igarapé Humaitá
2011;0,66;Urucu/Juruá
2011;2,67;Menkü
2011;0,00;Baú
2011;0,26;Capoto/Jarina
2011;0,61;Apurinã Km 124 BR-317
2011;0,26;Waiãpi
2011;0,16;Nove de Janeiro
2011;0,64;Parakanã
2011;0,10;Vista Alegre
2011;9,39;Kayabi
2011;1,26;Menkragnoti
2011;0,18;Rio Téa
2011;0,05;Kaxinawá Seringal Independência
2011;0,85;Bacurizinho
2011;1,58;Pacaas Novas
2011;0,13;Utiariti
2011;0,06;Inauini/Teuini
2011;0,09;São Domingos do Jacapari e Estação
2011;0,99;Jarawara/Jamamadi/Kanamati
2011;1,18;Araweté Igarapé Ipixuna
2011;0,08;Rio Apaporis
2011;2,64;Caru
2011;0,09;Truaru
2011;0,31;Sawré Muybu (Pimental)
2011;0,16;Nukini
2011;1,35;Vale do Javari
2011;0,18;Cajuhiri Atravessado
2011;0,06;Cobra Grande
2011;0,10;Kaxinawá Ashaninka do Rio Breu
2011;0,23;São Marcos - RR
2011;0,70;Raposa Serra do Sol
2011;0,01;Trocará
2011;0,40;Jurubaxi-téa
2011;0,05;Krikati
2011;2,11;Betania
2011;14,85;Awa
2011;0,07;Zuruahã
2011;0,32;Mamoadate
2011;0,46;Peneri/Tacaquiri
2011;0,13;Médio Rio Negro II
2011;6,20;Cana Brava/Guajajara
2011;0,32;Cunhã-Sapucaia
2011;0,58;Kaxuyana-Tunayana
2011;0,06;Sararé
2011;0,07;Arary
2011;0,08;Paquiçamba
2011;0,07;Urubu Branco
2011;1,36;Murutinga/Tracaja
2011;0,10;Anambé
2011;0,23;Rio Urubu
2011;0,18;Parque do Tumucumaque
2011;0,33;Arara do Rio Branco
2011;0,13;Rio Gregório
2011;0,24;Panará
2011;0,95;Uaçá
2011;4,01;Apiaka/Kayabi
2011;0,47;Rio Biá
2011;3,24;Parque do Xingu
2011;0,43;Rio Branco
2011;0,13;São Leopoldo
2011;0,84;Terena Gleba Iriri
2011;0,14;Maró
2011;2,20;Jacareúba/Katauixi (restrição uso)
2011;0,18;Manoki
2011;0,11;Catipari/Mamoria
2011;0,03;Prosperidade
2011;0,05;Jaminawa do Igarapé Preto
2011;3,28;Alto Rio Negro
2011;4,10;Bacurizinho
2011;0,22;Kaxinawá da Praia do Carapanã
2011;0,00;Camicua
2011;0,66;Governador
2011;0,17;Moskow
2011;0,06;Maracaxi
2011;0,12;Patauá
2011;0,06;Estrela da Paz
2011;0,25;Caititu
2011;1,61;Sarauá
2011;0,27;Arara do Rio Amônia
2011;0,26;Apinayé
2011;0,08;Poyanawa
2011;0,01;Pirineus de Souza
2011;0,09;Tapirapé/Karajá
2011;1,32;Badjonkore
2011;0,60;Waimiri-Atroari
2011;0,15;Évare II
2011;0,68;Kaxarari
2011;7,69;Alto Turiaçu
2011;0,07;Canauanim
2011;0,62;Deni
2011;0,15;São Sebastião
2011;0,43;Évare I
2011;0,32;Rio Guaporé
2011;7,12;Yanomami
2011;0,16;Gavião
2011;0,14;Roosevelt
2011;0,08;Tabalascada
2011;0,10;Jacamim
2011;0,36;Kampa do Rio Amônia
2011;0,30;Barata Livramento
2011;0,06;Itixi Mitari
2011;1,77;Zoró
2011;0,02;Uty-Xunaty
2011;0,43;Tenharim Marmelos (Gleba B)
2011;0,82;Kulina do Medio Jurua
2011;2,27;Paquiçamba
2011;0,14;Erikpatsá
2011;0,32;Médio Rio Negro I
2011;0,55;Inawebohona
2011;0,29;Kaxinawá do Rio Jordão
2011;0,29;Nambikwara
2011;0,09;Igarapé Grande
2011;0,18;Rodeador
2011;0,26;WaiWái
2011;0,10;Kulina do Rio Envira
2011;0,07;Katukina/Kaxinawá
2011;3,00;Porquinhos dos Canela-Apãnjekra
2011;0,05;Água Preta/Inari
2011;1,98;Coata-Laranjal
2011;0,07;Lauro Sodré
2011;0,43;Paumari do Lago Marahã
2011;0,33;Igarapé Lage
2011;0,20;Kawahiva do Rio Pardo
2011;0,01;Rio Gregório
2011;0,00;Kulina Igarapé do Pau
2011;0,19;Ituna/Itatá (restrição de uso)
2011;0,86;Manoa/Pium
2011;0,08;Jaminaua/Envira
2011;0,12;Xambioá
2011;24,34;Maraiwatsede
2011;5,33;Kayapó
2011;5,97;Arara da Volta Grande do Xingu
2011;1,94;Munduruku
2011;0,10;Sururuá
2011;0,07;Uati-Paraná
2011;0,06;Tembé
2011;0,10;Pimentel Barbosa
2011;0,04;Tukuna Umariaçu
2011;0,05;Koatinemo
2011;0,19;Japuira
2011;0,58;Kanela
2011;0,33;Alto Rio Purus
2011;0,45;Rio Jumas
2011;0,19;Kwazá do Rio São Pedro
2011;0,12;Paumari do Lago Paricá
2011;1,02;Pirahã
2011;0,01;Campinas/Katukina
2011;0,23;Ponciano
2011;0,00;Tenharim do Igarapé Preto
2010;0,00;Taihantesu
2010;0,00;Tenharim do Igarapé Preto
2010;0,00;Trincheira
2010;0,00;Escondido
2010;0,00;Paukalirajausu
2010;0,00;Cajuhiri Atravessado
2010;0,00;Ponciano
2010;0,00;Padre
2010;0,00;Jabuti
2010;0,00;Pequizal do Naruvôtu
2010;0,00;São Domingos do Jacapari e Estação
2010;0,00;Rio Pindaré
2010;0,00;São Pedro
2010;0,00;Patauá
2010;0,00;Funil
2010;0,00;Rio Manicoré
2010;0,00;Ouro
2010;0,00;Riozinho do Alto Envira
2010;0,00;Figueiras
2010;0,00;Porto Limoeiro
2010;0,00;Apipica
2010;0,00;Irantxe
2010;0,00;Menkü
2010;0,00;Tanaru ( restrição de uso )
2010;0,00;Batovi
2010;0,00;Karajá Santana do Araguaia
2010;0,00;Kuruáya
2010;0,00;Uneiuxi
2010;0,00;Lago do Limão
2010;0,00;Maranduba
2010;0,00;Kwazá do Rio São Pedro
2010;0,00;Tirecatinga
2010;0,00;Sagarana
2010;0,00;Tabocal
2010;0,00;Ilha do Camaleão
2010;0,00;Natal/Felicidade
2010;0,00;São Sebastião
2010;0,00;Japuira
2010;0,00;Lago Capanã
2010;0,00;Las Casas
2010;0,00;Pequizal
2010;0,00;Paumari do Lago Manissuã
2010;0,00;Baía dos Guató
2010;0,00;Karajá de Aruanã III
2010;0,00;Praia do Índio
2010;0,00;Rio Formoso
2010;0,00;Praia do Mangue
2010;0,00;Anta
2010;0,00;Rio Jumas
2010;0,00;Miguel/Josefa
2010;0,00;Tukuna Porto Espiritual
2010;0,00;Pinatuba
2010;0,00;Ubawawe
2010;0,00;Prosperidade
2010;0,00;Diahui
2010;0,00;Truaru
2010;0,00;Rio Omerê
2010;0,00;Paumari do Cuniua
2010;0,00;Galibi
2010;0,00;Utiariti
2010;0,00;Xerente
2010;0,00;São Marcos - MT
2010;0,00;Uneiuxi
2010;0,00;Kraolandia
2010;0,00;Pimentel Barbosa
2010;0,00;Juininha
2010;0,00;São Domingos - MT
2010;0,00;Maracaxi
2010;0,00;Guató
2010;0,00;Rio Mequens
2010;0,00;Trocará - Doação
2010;0,00;Serra da Moça
2010;0,00;Sucuba
2010;0,00;Inawebohona
2010;0,00;Lago do Marinheiro
2010;0,00;Marechal Rondon
2010;0,00;Paquiçamba
2010;0,00;Umutina
2010;0,00;Tereza Cristina
2010;0,00;Sepoti
2010;0,00;Tubarão Latunde
2010;0,00;Estação Parecis
2010;0,00;Paumari do Lago Marahã
2010;0,00;Bom Jesus
2010;0,00;Paresi
2010;0,00;Perigara
2010;0,00;Chão Preto
2010;0,00;Lago do Beruri
2010;0,00;Boa Vista - AM
2010;0,00;Cacique Fontoura
2010;0,00;Mangueira
2010;0,00;Sururuá
2010;0,00;Apurinã do Igarapé São João
2010;0,00;Bakairi
2010;0,00;Erikpatsá
2010;0,00;Merure
2010;0,00;Tupã-Supé
2010;0,00;Lagoa dos Brincos
2010;0,00;Morro Branco
2010;0,00;Karajá de Aruanã II
2010;0,00;Sangradouro/Volta Grande
2010;0,00;Krenrehé
2010;0,00;Parana do Paricá
2010;0,00;Ponta da Serra
2010;0,00;Nova Esperança do Rio Jandiatuba
2010;0,00;Rio Negro Ocaia
2010;0,00;Cobra Grande
2010;0,00;Ariramba
2010;0,00;Tapirapé/Karajá
2010;0,00;Cuia
2010;0,00;Recreio/São Félix
2010;0,00;Sawré Muybu (Pimental)
2010;0,00;Massaco
2010;0,00;Maraitá
2010;0,00;Fortaleza do Patauá
2010;0,00;Barreirinha
2010;0,00;Aningal
2010;0,00;Ponte de Pedra
2010;0,00;Jarudore
2010;0,00;Muriru
2010;0,00;Meria
2010;0,00;Parabubure
2010;0,00;Itaitinga
2010;0,00;Turé/Mariquita
2010;0,00;Uirapuru
2010;0,00;Santa Cruz da Nova Aliança
2010;0,00;Fortaleza do Castanho
2010;0,00;Juruna do Km 17
2010;0,00;Apurinã Igarapé Tauamirim
2010;0,00;Estivadinho
2010;0,00;Nova Jacundá
2010;0,00;Tikuna de Santo Antonio
2010;0,00;Jumina
2010;0,00;Paumari do Rio Ituxi
2010;0,00;Jaquiri
2010;0,00;Lago do Correio
2010;0,00;Miratu
2010;0,00;Apiaká do Pontal e Isolados
2010;0,00;Alto Sepatini
2010;0,00;Mawetek
2010;0,00;Acimã
2010;0,00;Matintin
2010;0,00;Marajai
2010;0,00;Igarapé Ribeirão
2010;0,00;Juma
2010;0,00;Lauro Sodré
2010;0,00;Jaminawa Arara do Rio Bagé
2010;0,00;Badjonkore
2010;0,00;Krenyê
2010;0,00;Mãe Maria
2010;0,00;Kaxinawá do Rio Humaitá
2010;0,00;Santana
2010;0,00;São Pedro do Sepatini
2010;0,00;Sapotal
2010;0,00;Ananás
2010;0,00;Guajahã
2010;0,00;Paumari do Lago Paricá
2010;0,00;Cabeceira do Rio Acre
2010;0,00;Barro Alto
2010;0,00;Hi Merimã
2010;0,00;Inauini/Teuini
2010;0,00;Camicua
2010;0,00;Espírito Santo
2010;0,00;Igarapé do Caucho
2010;0,00;Peneri/Tacaquiri
2010;0,00;Guanabara
2010;0,00;Kaxinawá Colônia Vinte e Sete
2010;0,00;Baú
2010;0,00;Bom Intento
2010;0,00;Caititu
2010;0,00;Karitiana
2010;0,00;Kulina Igarapé do Pau
2010;0,00;Anaro
2010;0,00;Banawá
2010;0,00;Barreira da Missão
2010;0,00;Kaxarari
2010;0,22;Vui-Uata-In
2010;2,60;Trombetas/Mapuera
2010;15,19;Apyterewa
2010;0,32;Xikrin do Rio Catete
2010;0,08;Amanayé
2010;0,22;Kampa e Isolados do Rio Envira
2010;0,22;Mapari
2010;0,65;Kanamari do Rio Juruá
2010;2,21;Arara
2010;0,56;Sororó
2010;5,66;Arariboia
2010;0,13;Areões
2010;3,13;Andirá-Marau
2010;1,75;Jauary
2010;0,07;Porto Praia
2010;0,53;Porquinhos
2010;0,70;Kaxinawá do Baixo Rio Jordão
2010;0,08;Pirititi
2010;0,56;Sete de Setembro
2010;0,24;Boca do Acre
2010;0,32;Araçá
2010;0,62;Sai-Cinza
2010;0,07;Santa Inez
2010;0,06;Tumiã
2010;0,19;Riozinho
2010;0,09;Raimundão
2010;0,28;Kanela Memortumré
2010;0,61;Uru-Eu-Wau-Wau
2010;0,41;Karipuna
2010;0,29;Sissaíma
2010;0,71;Lago Jauari
2010;1,31;Vale do Guaporé
2010;0,55;Trincheira Bacaja
2010;0,29;Igarapé Lourdes
2010;0,07;Portal do Encantado
2010;0,06;Krahó-Kanela
2010;0,10;Boqueirão
2010;5,90;Alto Rio Guamá
2010;4,10;Nhamundá/Mapuera
2010;0,14;Batelão
2010;0,56;Cué Cué/ Marabitanas
2010;0,33;Parque do Araguaia
2010;23,62;Cachoeira Seca
2010;0,47;Tenharim Marmelos
2010;0,10;Serra Morena
2010;0,14;Rio Negro Ocaia
2010;0,55;Aripuanã
2010;0,10;Arara do Igarapé Humaitá
2010;0,08;Paraná do Arauató
2010;0,23;Acapuri de Cima
2010;1,00;Urucu/Juruá
2010;0,07;Menkü
2010;0,21;Taego Ãwa
2010;1,88;Capoto/Jarina
2010;0,79;Apurinã Km 124 BR-317
2010;0,59;Waiãpi
2010;0,07;Nove de Janeiro
2010;0,40;Parakanã
2010;0,31;Vista Alegre
2010;12,61;Kayabi
2010;1,23;Malacacheta
2010;0,70;Menkragnoti
2010;0,38;Wawi
2010;0,46;Rio Téa
2010;0,06;Kaxinawá Seringal Independência
2010;0,06;Jatuarana
2010;25,93;Bacurizinho
2010;0,96;Pacaas Novas
2010;0,16;Lago Aiapua
2010;0,00;Jarawara/Jamamadi/Kanamati
2010;2,78;Araweté Igarapé Ipixuna
2010;1,64;Caru
2010;0,08;Cacau do Tarauaca
2010;0,12;Nukini
2010;0,09;Kaxinawá Nova Olinda
2010;2,49;Vale do Javari
2010;0,14;Kumaru do Lago Ualá
2010;0,13;Kaxinawá Ashaninka do Rio Breu
2010;3,55;São Marcos - RR
2010;14,83;Raposa Serra do Sol
2010;0,12;Ipixuna
2010;0,01;Trocará
2010;0,07;Seruini/Mariene
2010;0,47;Jurubaxi-téa
2010;0,06;Krikati
2010;0,07;Kararaô
2010;0,61;Betania
2010;11,41;Awa
2010;0,15;Cajueiro
2010;0,24;Zuruahã
2010;0,27;Mamoadate
2010;0,06;Parana do Boa Boa
2010;0,07;Médio Rio Negro II
2010;18,04;Cana Brava/Guajajara
2010;0,37;Cunhã-Sapucaia
2010;1,58;Kaxuyana-Tunayana
2010;1,96;Lagoa Comprida
2010;0,14;Utaria Wyhyna/Iròdu Iràna
2010;0,10;São Francisco do Canimari
2010;0,08;Sararé
2010;0,14;Arary
2010;0,18;Urubu Branco
2010;0,12;Murutinga/Tracaja
2010;0,20;Balaio
2010;0,29;Anambé
2010;0,21;Maraã Urubaxi
2010;0,16;Rio Urubu
2010;0,37;Parque do Tumucumaque
2010;0,18;Arara do Rio Branco
2010;0,12;Xipaya
2010;0,32;Rio Gregório
2010;0,10;Panará
2010;3,27;Uaçá
2010;0,10;Apiaka/Kayabi
2010;0,44;Rio Biá
2010;2,77;Parque do Xingu
2010;0,25;Rio Branco
2010;0,18;São Leopoldo
2010;0,28;Terena Gleba Iriri
2010;0,07;Maró
2010;0,47;Jacareúba/Katauixi (restrição uso)
2010;2,53;Manoki
2010;0,07;Catipari/Mamoria
2010;0,05;Alto Tarauacá
2010;0,12;Jaminawa do Igarapé Preto
2010;0,15;Torá
2010;6,67;Alto Rio Negro
2010;29,81;Bacurizinho
2010;0,30;Apurinã do Igarapé Mucuim
2010;0,27;Tikúna de Feijoal
2010;0,01;Kaxinawá da Praia do Carapanã
2010;0,30;Governador
2010;0,85;Moskow
2010;0,37;Estrela da Paz
2010;6,47;Sarauá
2010;0,31;Geralda Toco Preto
2010;0,73;Arara do Rio Amônia
2010;0,09;Apinayé
2010;0,61;Poyanawa
2010;0,04;Munduruku-Taquara
2010;0,08;Pirineus de Souza
2010;0,93;Waimiri-Atroari
2010;0,22;Évare II
2010;3,61;Alto Turiaçu
2010;0,12;Camadeni
2010;0,07;Igarapé Capana
2010;0,49;Canauanim
2010;0,01;Igarapé Taboca do Alto Tarauacá
2010;1,04;Deni
2010;0,36;Évare I
2010;0,18;Macarrão
2010;0,05;Parque do Aripuanã
2010;0,15;Rio Guaporé
2010;3,90;Yanomami
2010;0,24;Gavião
2010;0,22;Roosevelt
2010;0,77;Tabalascada
2010;0,17;Jacamim
2010;0,13;Kampa do Rio Amônia
2010;0,13;Barata Livramento
2010;0,22;Itixi Mitari
2010;0,07;Setemã
2010;2,78;Zoró
2010;0,05;Uty-Xunaty
2010;0,05;Wedezé
2010;0,26;Tenharim Marmelos (Gleba B)
2010;0,50;Tadarimana
2010;0,59;Kulina do Medio Jurua
2010;0,29;Paquiçamba
2010;0,05;Bragança-Marituba
2010;3,54;Médio Rio Negro I
2010;0,07;Paracuhuba
2010;0,26;Kaxinawá do Rio Jordão
2010;0,88;Nambikwara
2010;0,01;Igarapé Grande
2010;0,13;Tuwa Apekuokawera
2010;0,45;Rodeador
2010;0,17;WaiWái
2010;0,35;Kulina do Rio Envira
2010;0,03;Katukina/Kaxinawá
2010;3,64;Porquinhos dos Canela-Apãnjekra
2010;0,14;Água Preta/Inari
2010;1,33;Coata-Laranjal
2010;1,01;Enawenê-Nawê
2010;0,62;Igarapé Lage
2010;0,87;Kawahiva do Rio Pardo
2010;0,24;Rio Gregório
2010;0,05;Ituna/Itatá (restrição de uso)
2010;1,81;Manoa/Pium
2010;0,27;Jaminaua/Envira
2010;0,07;Xambioá
2010;2,95;Maraiwatsede
2010;0,47;Kayapó
2010;0,66;Arara da Volta Grande do Xingu
2010;1,00;Munduruku
2010;0,31;Uati-Paraná
2010;0,09;Kampa do Igarapé Primavera
2010;0,07;Tembé
2010;0,12;Tukuna Umariaçu
2010;1,79;Koatinemo
2010;0,21;Cuiu-Cuiu
2010;1,78;Kanela
2010;0,19;Turé/Mariquita II
2010;0,41;Alto Rio Purus
2010;0,08;Pirahã
2010;0,77;Campinas/Katukina
2010;0,34;Piripkura ( restrição de uso )
2010;0,07;Rio Apaporis
2010;0,26;Rio Paru DEste
2010;2,28;Zoe
2010;0,15;Pium
2009;0,00;Cobra Grande
2009;0,00;Trincheira
2009;0,00;Paukalirajausu
2009;0,00;Cajuhiri Atravessado
2009;0,00;Padre
2009;0,00;Jabuti
2009;0,00;Pequizal do Naruvôtu
2009;0,00;São Domingos do Jacapari e Estação
2009;0,00;Kararaô
2009;0,00;Ituna/Itatá (restrição de uso)
2009;0,00;São Pedro
2009;0,00;Raimundão
2009;0,00;Porto Praia
2009;0,00;Nukini
2009;0,00;Patauá
2009;0,00;Batelão
2009;0,00;Funil
2009;0,00;Uati-Paraná
2009;0,00;Rio Manicoré
2009;0,00;Utaria Wyhyna/Iròdu Iràna
2009;0,00;Ouro
2009;0,00;Lago Aiapua
2009;0,00;Figueiras
2009;0,00;Porto Limoeiro
2009;0,00;Apipica
2009;0,00;Rio Téa
2009;0,00;Irantxe
2009;0,00;São Leopoldo
2009;0,00;Munduruku-Taquara
2009;0,00;Rio Urubu
2009;0,00;Batovi
2009;0,00;Karajá Santana do Araguaia
2009;0,00;Tadarimana
2009;0,00;Kuruáya
2009;0,00;Maranduba
2009;0,00;Kwazá do Rio São Pedro
2009;0,00;Tirecatinga
2009;0,00;Sagarana
2009;0,00;Tabocal
2009;0,00;Ilha do Camaleão
2009;0,00;Natal/Felicidade
2009;0,00;Barata Livramento
2009;0,00;São Sebastião
2009;0,00;Japuira
2009;0,00;Itixi Mitari
2009;0,00;Lago Capanã
2009;0,00;Jatuarana
2009;0,00;Cajueiro
2009;0,00;Las Casas
2009;0,00;Pequizal
2009;0,00;Kawahiva do Rio Pardo
2009;0,00;Maraã Urubaxi
2009;0,00;Turé/Mariquita II
2009;0,00;Paumari do Lago Manissuã
2009;0,00;Tembé
2009;0,00;Baía dos Guató
2009;0,00;Karajá de Aruanã III
2009;0,00;Praia do Índio
2009;0,00;Rio Formoso
2009;0,00;Praia do Mangue
2009;0,00;Anta
2009;0,00;Rio Jumas
2009;0,00;Sararé
2009;0,00;Miguel/Josefa
2009;0,00;Tukuna Porto Espiritual
2009;0,00;Pinatuba
2009;0,00;Ubawawe
2009;0,00;Prosperidade
2009;0,00;Diahui
2009;0,00;Truaru
2009;0,00;Rio Omerê
2009;0,00;Koatinemo
2009;0,00;Arary
2009;0,00;Poyanawa
2009;0,00;Gavião
2009;0,00;Paumari do Cuniua
2009;0,00;Utiariti
2009;0,00;Bragança-Marituba
2009;0,00;Xerente
2009;0,00;Xambioá
2009;0,00;São Marcos - MT
2009;0,00;Uneiuxi
2009;0,00;Kraolandia
2009;0,00;Lago Jauari
2009;0,00;Juininha
2009;0,00;São Domingos - MT
2009;0,00;Guató
2009;0,00;Rio Mequens
2009;0,00;Trocará - Doação
2009;0,00;Xipaya
2009;0,00;Serra da Moça
2009;0,00;Torá
2009;0,00;Sucuba
2009;0,00;Nove de Janeiro
2009;0,00;Lago do Marinheiro
2009;0,00;Marechal Rondon
2009;0,00;Amanayé
2009;0,00;Paquiçamba
2009;0,00;Tikúna de Feijoal
2009;0,00;Tereza Cristina
2009;0,00;Sepoti
2009;0,00;Tubarão Latunde
2009;0,00;Rio Biá
2009;0,00;Estação Parecis
2009;0,00;Bom Jesus
2009;0,00;Paresi
2009;0,00;Perigara
2009;0,00;Chão Preto
2009;0,00;Lago do Beruri
2009;0,00;Boa Vista - AM
2009;0,00;Cacique Fontoura
2009;0,00;Mangueira
2009;0,00;Uty-Xunaty
2009;0,00;Sururuá
2009;0,00;Apurinã do Igarapé São João
2009;0,00;Bakairi
2009;0,00;Merure
2009;0,00;Tupã-Supé
2009;0,00;Médio Rio Negro II
2009;0,00;Lagoa dos Brincos
2009;0,00;Morro Branco
2009;0,00;Karajá de Aruanã II
2009;0,00;Sangradouro/Volta Grande
2009;0,00;Krenrehé
2009;0,00;Parana do Boa Boa
2009;0,00;Parana do Paricá
2009;0,00;Tukuna Umariaçu
2009;0,00;Ponta da Serra
2009;0,36;Zoe
2009;0,00;Taihantesu
2009;0,00;Ariramba
2009;0,00;Trocará
2009;0,00;Tapirapé/Karajá
2009;0,00;Cuia
2009;0,00;Recreio/São Félix
2009;0,00;Boqueirão
2009;0,00;Paquiçamba
2009;0,00;Setemã
2009;0,00;Tumiã
2009;0,00;Barreirinha
2009;0,00;Aningal
2009;0,00;Ponte de Pedra
2009;0,00;Jarudore
2009;0,00;Muriru
2009;0,00;Meria
2009;0,00;Parabubure
2009;0,00;Itaitinga
2009;0,00;Turé/Mariquita
2009;0,00;Wedezé
2009;0,00;Uirapuru
2009;0,00;Pium
2009;0,00;Santa Cruz da Nova Aliança
2009;0,00;Fortaleza do Castanho
2009;0,00;Apurinã Igarapé Tauamirim
2009;0,00;Estivadinho
2009;0,00;Tikuna de Santo Antonio
2009;0,00;Jumina
2009;0,00;Paracuhuba
2009;0,00;Arara do Rio Amônia
2009;0,00;Paumari do Rio Ituxi
2009;0,00;Jaquiri
2009;0,00;Lago do Correio
2009;0,00;Apiaká do Pontal e Isolados
2009;0,00;Arara da Volta Grande do Xingu
2009;0,00;Alto Sepatini
2009;0,00;Acimã
2009;0,00;Matintin
2009;0,00;Marajai
2009;0,00;Kulina do Rio Envira
2009;0,00;Estrela da Paz
2009;0,00;Juma
2009;0,00;Lauro Sodré
2009;0,00;Cuiu-Cuiu
2009;0,00;Acapuri de Cima
2009;0,00;Kampa do Igarapé Primavera
2009;0,00;Krenyê
2009;0,00;Santana
2009;0,00;São Pedro do Sepatini
2009;0,00;Paraná do Arauató
2009;0,00;Sapotal
2009;0,00;Ananás
2009;0,00;Guajahã
2009;0,00;Kaxinawá do Baixo Rio Jordão
2009;0,00;Kaxinawá Ashaninka do Rio Breu
2009;0,00;Campinas/Katukina
2009;0,00;Balaio
2009;0,00;Paumari do Lago Paricá
2009;0,00;Cabeceira do Rio Acre
2009;0,00;Barro Alto
2009;0,00;Igarapé Taboca do Alto Tarauacá
2009;0,00;Hi Merimã
2009;0,00;Igarapé Grande
2009;0,00;Camicua
2009;0,00;Kumaru do Lago Ualá
2009;0,00;Jaminaua/Envira
2009;0,00;Espírito Santo
2009;0,00;Igarapé do Caucho
2009;0,00;Mapari
2009;0,00;Jurubaxi-téa
2009;0,00;Kaxinawá Colônia Vinte e Sete
2009;0,00;Jaminawa do Igarapé Preto
2009;0,00;Kaxinawá do Rio Jordão
2009;0,00;Kampa do Rio Amônia
2009;0,00;Macarrão
2009;0,00;Bom Intento
2009;0,00;Cacau do Tarauaca
2009;0,00;Caititu
2009;0,00;Karitiana
2009;0,00;Kulina Igarapé do Pau
2009;0,00;Kampa e Isolados do Rio Envira
2009;0,00;Alto Tarauacá
2009;0,00;Anaro
2009;0,00;Banawá
2009;0,00;Barreira da Missão
2009;0,40;Vui-Uata-In
2009;0,35;Trombetas/Mapuera
2009;31,31;Apyterewa
2009;0,08;Xikrin do Rio Catete
2009;0,08;Guanabara
2009;0,06;Galibi
2009;0,12;Kanamari do Rio Juruá
2009;0,47;Arara
2009;0,30;Sororó
2009;35,32;Arariboia
2009;0,08;Areões
2009;1,90;Andirá-Marau
2009;0,20;Jauary
2009;0,47;Tenharim do Igarapé Preto
2009;0,09;Porquinhos
2009;0,07;Pirititi
2009;1,98;Sete de Setembro
2009;0,08;Boca do Acre
2009;0,17;Araçá
2009;0,33;Sai-Cinza
2009;0,08;Fortaleza do Patauá
2009;0,02;Santa Inez
2009;0,05;Juruna do Km 17
2009;0,16;Kaxinawá do Rio Humaitá
2009;0,04;Riozinho
2009;0,16;Igarapé Ribeirão
2009;1,09;Kanela Memortumré
2009;1,19;Uru-Eu-Wau-Wau
2009;0,17;Karipuna
2009;0,90;Sissaíma
2009;0,34;Vale do Guaporé
2009;0,80;Trincheira Bacaja
2009;0,07;Lago do Limão
2009;4,10;Igarapé Lourdes
2009;0,06;Jaminawa Arara do Rio Bagé
2009;0,14;Portal do Encantado
2009;0,01;Escondido
2009;0,12;Krahó-Kanela
2009;41,14;Alto Rio Guamá
2009;0,28;Nhamundá/Mapuera
2009;0,08;Rio Negro Ocaia
2009;0,09;Cué Cué/ Marabitanas
2009;0,35;Parque do Araguaia
2009;0,24;Rio Paru DEste
2009;0,14;Tenharim Marmelos
2009;0,27;Serra Morena
2009;0,08;Rio Negro Ocaia
2009;0,80;Aripuanã
2009;0,13;Arara do Igarapé Humaitá
2009;0,12;Nova Jacundá
2009;0,35;Urucu/Juruá
2009;0,12;Menkü
2009;0,44;Massaco
2009;0,15;Baú
2009;0,08;Uneiuxi
2009;0,29;Taego Ãwa
2009;0,47;Capoto/Jarina
2009;0,09;Apurinã Km 124 BR-317
2009;0,61;Waiãpi
2009;1,17;Parakanã
2009;0,32;Vista Alegre
2009;2,06;Kayabi
2009;0,10;Malacacheta
2009;1,70;Menkragnoti
2009;0,08;Wawi
2009;0,12;Kaxinawá Seringal Independência
2009;1,54;Bacurizinho
2009;0,64;Pacaas Novas
2009;0,20;Inauini/Teuini
2009;0,13;Jarawara/Jamamadi/Kanamati
2009;1,41;Araweté Igarapé Ipixuna
2009;2,74;Caru
2009;0,07;Sawré Muybu (Pimental)
2009;0,09;Kaxinawá Nova Olinda
2009;0,92;Vale do Javari
2009;0,00;Riozinho do Alto Envira
2009;0,07;São Marcos - RR
2009;2,19;Raposa Serra do Sol
2009;0,07;Ipixuna
2009;0,13;Seruini/Mariene
2009;0,97;Krikati
2009;0,42;Betania
2009;61,67;Awa
2009;0,07;Zuruahã
2009;0,17;Mawetek
2009;0,17;Mamoadate
2009;0,08;Peneri/Tacaquiri
2009;8,24;Cana Brava/Guajajara
2009;0,16;Cunhã-Sapucaia
2009;0,16;Kaxuyana-Tunayana
2009;0,18;Lagoa Comprida
2009;0,08;São Francisco do Canimari
2009;0,16;Urubu Branco
2009;0,61;Murutinga/Tracaja
2009;0,06;Anambé
2009;0,50;Parque do Tumucumaque
2009;0,52;Arara do Rio Branco
2009;0,08;Rio Gregório
2009;0,71;Panará
2009;0,07;Rio Pindaré
2009;2,37;Uaçá
2009;0,42;Apiaka/Kayabi
2009;1,77;Parque do Xingu
2009;0,15;Rio Branco
2009;0,26;Terena Gleba Iriri
2009;0,26;Maró
2009;0,12;Jacareúba/Katauixi (restrição uso)
2009;7,09;Manoki
2009;0,11;Catipari/Mamoria
2009;4,10;Alto Rio Negro
2009;2,20;Bacurizinho
2009;0,08;Apurinã do Igarapé Mucuim
2009;0,46;Kaxinawá da Praia do Carapanã
2009;2,82;Governador
2009;0,06;Moskow
2009;0,21;Maracaxi
2009;2,90;Sarauá
2009;0,00;Geralda Toco Preto
2009;0,16;Apinayé
2009;0,36;Pirineus de Souza
2009;0,05;Badjonkore
2009;0,73;Waimiri-Atroari
2009;0,08;Évare II
2009;0,13;Kaxarari
2009;14,18;Alto Turiaçu
2009;0,14;Maraitá
2009;0,06;Camadeni
2009;0,11;Igarapé Capana
2009;0,13;Canauanim
2009;0,13;Deni
2009;0,77;Évare I
2009;0,02;Umutina
2009;0,40;Parque do Aripuanã
2009;0,08;Rio Guaporé
2009;1,24;Yanomami
2009;1,32;Roosevelt
2009;0,07;Tabalascada
2009;0,20;Jacamim
2009;1,20;Zoró
2009;0,27;Tenharim Marmelos (Gleba B)
2009;0,09;Kulina do Medio Jurua
2009;0,51;Erikpatsá
2009;0,20;Médio Rio Negro I
2009;0,20;Inawebohona
2009;0,57;Nambikwara
2009;0,29;Tuwa Apekuokawera
2009;0,65;Rodeador
2009;0,15;WaiWái
2009;0,10;Katukina/Kaxinawá
2009;12,07;Porquinhos dos Canela-Apãnjekra
2009;0,13;Água Preta/Inari
2009;0,17;Menkü
2009;0,15;Coata-Laranjal
2009;0,32;Enawenê-Nawê
2009;0,24;Paumari do Lago Marahã
2009;1,13;Igarapé Lage
2009;0,08;Rio Gregório
2009;0,20;Mãe Maria
2009;0,51;Manoa/Pium
2009;17,59;Maraiwatsede
2009;1,94;Kayapó
2009;0,09;Tanaru ( restrição de uso )
2009;1,62;Munduruku
2009;0,07;Pimentel Barbosa
2009;0,08;Miratu
2009;1,24;Kanela
2009;0,22;Alto Rio Purus
2009;1,12;Pirahã
2009;0,13;Ponciano
2009;2,50;Piripkura ( restrição de uso )
2009;0,06;Rio Apaporis
2009;18,86;Cachoeira Seca
2009;0,00;Nova Esperança do Rio Jandiatuba
2008;0,00;Lago do Correio
2008;0,00;Escondido
2008;0,00;Cajuhiri Atravessado
2008;0,00;Jabuti
2008;0,00;Kararaô
2008;0,00;Ituna/Itatá (restrição de uso)
2008;0,00;São Pedro
2008;0,00;Ipixuna
2008;0,00;Porto Praia
2008;0,00;Funil
2008;0,00;Uati-Paraná
2008;0,00;Rio Manicoré
2008;0,00;Utaria Wyhyna/Iròdu Iràna
2008;0,00;Ouro
2008;0,00;Figueiras
2008;0,00;Porto Limoeiro
2008;0,00;Apipica
2008;0,00;Zoe
2008;0,00;Tanaru ( restrição de uso )
2008;0,00;Munduruku-Taquara
2008;0,00;Karajá Santana do Araguaia
2008;0,00;Tadarimana
2008;0,00;Kuruáya
2008;0,00;Maranduba
2008;0,00;Tabocal
2008;0,00;Ilha do Camaleão
2008;0,00;Natal/Felicidade
2008;0,00;Vui-Uata-In
2008;0,00;São Sebastião
2008;0,00;Lago Capanã
2008;0,00;Jatuarana
2008;0,00;Cajueiro
2008;0,00;Las Casas
2008;0,00;Maró
2008;0,00;Maraã Urubaxi
2008;0,00;Paumari do Lago Manissuã
2008;0,00;Tembé
2008;0,00;Baía dos Guató
2008;0,00;Karajá de Aruanã III
2008;0,00;Praia do Índio
2008;0,00;Rio Formoso
2008;0,00;Praia do Mangue
2008;0,00;Anta
2008;0,00;Rodeador
2008;0,00;Rio Jumas
2008;0,00;Tukuna Porto Espiritual
2008;0,00;Pinatuba
2008;0,00;Ubawawe
2008;0,00;Prosperidade
2008;0,00;Diahui
2008;0,00;Rio Omerê
2008;0,00;Koatinemo
2008;0,00;Arary
2008;0,00;Poyanawa
2008;0,00;Gavião
2008;0,00;Paumari do Cuniua
2008;0,00;Galibi
2008;0,00;Xerente
2008;0,00;Xambioá
2008;0,00;São Marcos - MT
2008;0,00;Kraolandia
2008;0,00;Pimentel Barbosa
2008;0,00;Juininha
2008;0,00;São Domingos - MT
2008;0,00;Maracaxi
2008;0,00;Guató
2008;0,00;Rio Apaporis
2008;0,00;Trocará - Doação
2008;0,00;Xipaya
2008;0,00;Torá
2008;0,00;Nove de Janeiro
2008;0,00;Pirititi
2008;0,00;Lago do Marinheiro
2008;0,00;Marechal Rondon
2008;0,00;Paquiçamba
2008;0,00;Tereza Cristina
2008;0,00;Sepoti
2008;0,00;Rio Biá
2008;0,00;Estação Parecis
2008;0,00;Paumari do Lago Marahã
2008;0,00;Bom Jesus
2008;0,00;Paresi
2008;0,00;Perigara
2008;0,00;Chão Preto
2008;0,00;Lago do Beruri
2008;0,00;Boa Vista - AM
2008;0,00;Cacique Fontoura
2008;0,00;Uty-Xunaty
2008;0,00;Apurinã do Igarapé São João
2008;0,00;Bakairi
2008;0,00;Merure
2008;0,00;Tupã-Supé
2008;0,00;Lagoa dos Brincos
2008;0,00;Morro Branco
2008;0,00;Karajá de Aruanã II
2008;0,00;Sangradouro/Volta Grande
2008;0,00;Parana do Boa Boa
2008;0,00;Parana do Paricá
2008;0,00;Tukuna Umariaçu
2008;0,00;Ponta da Serra
2008;0,00;Cobra Grande
2008;0,00;Ariramba
2008;0,00;Trocará
2008;0,00;Tapirapé/Karajá
2008;0,00;Recreio/São Félix
2008;0,00;Sawré Muybu (Pimental)
2008;0,00;Maraitá
2008;0,00;Paquiçamba
2008;0,00;Fortaleza do Patauá
2008;0,00;Tumiã
2008;0,00;Barreirinha
2008;0,00;Ponte de Pedra
2008;0,00;Jarudore
2008;0,00;Parabubure
2008;0,00;Taego Ãwa
2008;0,00;Itaitinga
2008;0,00;Turé/Mariquita
2008;0,00;Wedezé
2008;0,00;Uirapuru
2008;0,00;Santa Cruz da Nova Aliança
2008;0,00;Fortaleza do Castanho
2008;0,00;Juruna do Km 17
2008;0,00;Apurinã Igarapé Tauamirim
2008;0,00;Estivadinho
2008;0,00;Nova Jacundá
2008;0,00;Tikuna de Santo Antonio
2008;0,00;Jumina
2008;0,00;Paumari do Rio Ituxi
2008;0,00;Jaquiri
2008;0,00;Taihantesu
2008;0,00;Katukina/Kaxinawá
2008;0,00;Arara da Volta Grande do Xingu
2008;0,00;Alto Sepatini
2008;0,00;Acimã
2008;0,00;Marajai
2008;0,00;Kulina do Rio Envira
2008;0,00;Igarapé Ribeirão
2008;0,00;Juma
2008;0,00;Apurinã do Igarapé Mucuim
2008;0,00;Boca do Acre
2008;0,00;Lauro Sodré
2008;0,00;Cuiu-Cuiu
2008;0,00;Acapuri de Cima
2008;0,00;Kampa do Igarapé Primavera
2008;0,00;Krenyê
2008;0,00;Santana
2008;0,00;São Pedro do Sepatini
2008;0,00;Sapotal
2008;0,00;Ananás
2008;0,00;Guajahã
2008;0,00;Água Preta/Inari
2008;0,00;Kaxinawá Ashaninka do Rio Breu
2008;0,00;Barro Alto
2008;0,00;Igarapé Taboca do Alto Tarauacá
2008;0,00;Hi Merimã
2008;0,00;Inauini/Teuini
2008;0,00;Camicua
2008;0,00;Espírito Santo
2008;0,00;Igarapé do Caucho
2008;0,00;Évare II
2008;0,00;Mapari
2008;0,00;Jurubaxi-téa
2008;0,00;Guanabara
2008;0,00;Kaxinawá Colônia Vinte e Sete
2008;0,00;Jaminawa do Igarapé Preto
2008;0,00;Bom Intento
2008;0,00;Cacau do Tarauaca
2008;0,00;Alto Tarauacá
2008;0,00;Anaro
2008;0,00;Kanamari do Rio Juruá
2008;0,00;Banawá
2008;0,00;Igarapé Capana
2008;0,00;Kaxarari
2008;0,62;Trombetas/Mapuera
2008;0,18;Kampa e Isolados do Rio Envira
2008;0,52;Sororó
2008;6,47;Areões
2008;0,07;Mangueira
2008;1,03;Sete de Setembro
2008;0,19;Riozinho
2008;0,54;Raimundão
2008;0,28;Kanela Memortumré
2008;0,03;Karipuna
2008;1,21;Vale do Guaporé
2008;1,14;Trincheira Bacaja
2008;0,09;Jaminawa Arara do Rio Bagé
2008;0,26;Boqueirão
2008;5,73;Alto Rio Guamá
2008;0,13;Irantxe
2008;0,59;Parque do Araguaia
2008;44,07;Cachoeira Seca
2008;0,20;Tenharim Marmelos
2008;0,44;Rio Negro Ocaia
2008;0,55;Massaco
2008;0,08;Apurinã Km 124 BR-317
2008;1,05;Parakanã
2008;6,79;Kayabi
2008;3,04;Menkragnoti
2008;0,27;Rio Téa
2008;0,80;Bacurizinho
2008;0,92;Pacaas Novas
2008;0,07;Uneiuxi
2008;0,09;Jarawara/Jamamadi/Kanamati
2008;1,02;Caru
2008;0,53;Truaru
2008;0,14;Nukini
2008;0,40;Kaxinawá Nova Olinda
2008;1,08;Vale do Javari
2008;0,17;Aningal
2008;0,26;São Marcos - RR
2008;0,79;Raposa Serra do Sol
2008;0,15;Betania
2008;0,16;Awa
2008;0,11;Mawetek
2008;0,15;Mamoadate
2008;0,17;Médio Rio Negro II
2008;0,06;Cunhã-Sapucaia
2008;0,46;Lagoa Comprida
2008;0,17;Sucuba
2008;0,45;Apiaká do Pontal e Isolados
2008;0,10;São Francisco do Canimari
2008;0,14;Sararé
2008;0,92;Murutinga/Tracaja
2008;0,08;Balaio
2008;0,20;Anambé
2008;1,34;Rio Urubu
2008;0,54;Parque do Tumucumaque
2008;0,45;Arara do Rio Branco
2008;5,91;Panará
2008;0,09;Rio Pindaré
2008;0,45;Terena Gleba Iriri
2008;0,07;Catipari/Mamoria
2008;7,71;Bacurizinho
2008;0,19;Kaxinawá da Praia do Carapanã
2008;0,49;Governador
2008;1,14;Moskow
2008;0,23;Estrela da Paz
2008;0,07;Caititu
2008;0,67;Arara do Rio Amônia
2008;0,39;Waimiri-Atroari
2008;0,08;Camadeni
2008;1,11;Canauanim
2008;0,66;Deni
2008;0,06;Umutina
2008;2,36;Parque do Aripuanã
2008;0,48;Roosevelt
2008;0,14;Jacamim
2008;0,08;Kampa do Rio Amônia
2008;0,52;Barata Livramento
2008;0,00;Itixi Mitari
2008;0,10;Padre
2008;0,29;Tenharim Marmelos (Gleba B)
2008;0,47;Kulina do Medio Jurua
2008;0,39;Erikpatsá
2008;0,06;Bragança-Marituba
2008;1,27;Médio Rio Negro I
2008;0,68;Kaxinawá do Rio Jordão
2008;0,28;Pium
2008;0,34;Meria
2008;4,49;Menkü
2008;2,92;Enawenê-Nawê
2008;0,01;Krenrehé
2008;0,64;Igarapé Lage
2008;0,09;Rio Gregório
2008;0,07;Kulina Igarapé do Pau
2008;0,18;Matintin
2008;0,41;Karitiana
2008;0,18;Cuia
2008;30,94;Maraiwatsede
2008;7,11;Kayapó
2008;0,79;Kanela
2008;0,46;Kwazá do Rio São Pedro
2008;1,40;Pirahã
2008;0,11;Campinas/Katukina
2008;1,11;Piripkura ( restrição de uso )
2008;0,10;Rio Paru DEste
2008;40,78;Apyterewa
2008;3,73;Xikrin do Rio Catete
2008;2,77;Pequizal do Naruvôtu
2008;0,46;Amanayé
2008;0,00;Pequizal
2008;0,96;Arara
2008;8,58;Arariboia
2008;2,87;Andirá-Marau
2008;0,33;Jauary
2008;0,62;Tenharim do Igarapé Preto
2008;1,20;Porquinhos
2008;0,38;Kaxinawá do Baixo Rio Jordão
2008;0,11;Tubarão Latunde
2008;0,14;Miguel/Josefa
2008;3,14;Araçá
2008;0,08;Sai-Cinza
2008;0,12;Nova Esperança do Rio Jandiatuba
2008;0,13;Santa Inez
2008;0,14;Kaxinawá do Rio Humaitá
2008;2,73;Uru-Eu-Wau-Wau
2008;1,59;Sissaíma
2008;0,07;Lago Jauari
2008;0,27;Lago do Limão
2008;0,90;Igarapé Lourdes
2008;2,51;Portal do Encantado
2008;0,21;Krahó-Kanela
2008;0,88;Nhamundá/Mapuera
2008;0,07;Rio Negro Ocaia
2008;5,62;Batelão
2008;1,81;Cué Cué/ Marabitanas
2008;0,05;Serra Morena
2008;0,37;Aripuanã
2008;0,08;Arara do Igarapé Humaitá
2008;0,72;Paraná do Arauató
2008;0,74;Urucu/Juruá
2008;45,63;Menkü
2008;0,30;Baú
2008;0,07;Uneiuxi
2008;1,04;Capoto/Jarina
2008;0,38;Waiãpi
2008;0,13;Vista Alegre
2008;1,71;Malacacheta
2008;0,07;Wawi
2008;0,07;Kaxinawá Seringal Independência
2008;0,34;Lago Aiapua
2008;0,24;Utiariti
2008;0,07;São Domingos do Jacapari e Estação
2008;2,64;Araweté Igarapé Ipixuna
2008;0,06;Riozinho do Alto Envira
2008;0,49;Kumaru do Lago Ualá
2008;0,08;Seruini/Mariene
2008;0,97;Krikati
2008;0,36;Batovi
2008;0,34;Zuruahã
2008;0,08;Peneri/Tacaquiri
2008;4,84;Cana Brava/Guajajara
2008;0,27;Kaxuyana-Tunayana
2008;0,07;Tirecatinga
2008;7,99;Urubu Branco
2008;0,16;Rio Gregório
2008;5,19;Uaçá
2008;0,81;Apiaka/Kayabi
2008;55,95;Parque do Xingu
2008;1,14;Rio Branco
2008;0,07;São Leopoldo
2008;4,88;Jacareúba/Katauixi (restrição uso)
2008;6,15;Manoki
2008;0,07;Rio Mequens
2008;2,51;Alto Rio Negro
2008;0,10;Tikúna de Feijoal
2008;0,07;Cabeceira do Rio Acre
2008;0,01;Patauá
2008;3,57;Sarauá
2008;0,40;Geralda Toco Preto
2008;0,31;Apinayé
2008;0,40;Pirineus de Souza
2008;2,06;Badjonkore
2008;0,25;Barreira da Missão
2008;11,00;Alto Turiaçu
2008;0,41;Évare I
2008;0,36;Macarrão
2008;0,52;Rio Guaporé
2008;14,60;Yanomami
2008;0,50;Tabalascada
2008;0,12;Setemã
2008;4,66;Zoró
2008;0,79;Inawebohona
2008;0,18;Paracuhuba
2008;0,23;Muriru
2008;0,28;Nambikwara
2008;0,06;Igarapé Grande
2008;0,34;Tuwa Apekuokawera
2008;0,07;WaiWái
2008;0,56;Serra da Moça
2008;2,80;Porquinhos dos Canela-Apãnjekra
2008;1,52;Coata-Laranjal
2008;0,71;Kawahiva do Rio Pardo
2008;0,06;Paukalirajausu
2008;0,24;Mãe Maria
2008;1,39;Manoa/Pium
2008;0,14;Jaminaua/Envira
2008;0,95;Munduruku
2008;0,07;Sururuá
2008;0,50;Miratu
2008;0,16;Japuira
2008;0,07;Turé/Mariquita II
2008;0,07;Alto Rio Purus
2008;0,08;Paumari do Lago Paricá
2008;0,15;Ponciano
2008;0,08;Trincheira
2008;0,12;Sagarana