year;area km²;consunit
2024;0,00;Reserva de Desenvolvimento Sustentável  Itatupã-Baquiá
2024;0,00;APA das Cabeceiras do Rio Cuiabá
2024;0,00;Reserva Extrativista Marinha de Soure
2024;0,00;Parque Estadual de Águas Quentes
2024;0,00;Parque Natural Municipal Uirapuru
2024;0,00;Floresta Estadual de Rendimento Sustentado Gavião
2024;0,00;APA da Ilha do Combu
2024;0,00;Parque Natural Municipal Lagoa das Garças
2024;0,00;APA Serra do Lajeado
2024;0,00;Parque Estadual das Nascentes do Rio Taquari
2024;0,00;Floresta Estadual de Rendimento Sustentado Periquito
2024;0,00;Parque Estadual do Bacanga
2024;0,00;Reserva Extrativista Maracanã
2024;0,00;Reserva Biológica do Manicoré
2024;0,00;Parque Nacional do Monte Roraima
2024;0,00;Reserva de Desenvolvimento Sustentável Uacarí
2024;0,00;Parque Natural Muncipal Paulo Viriato Correa da Costa
2024;0,00;Reserva Extrativista Extremo Norte do Tocantins
2024;0,00;Parque Nacional dos Campos Ferruginosos
2024;0,00;APA Lago do Amapá
2024;0,00;Reserva Extrativista Municipal Beija Flor Brilho de Fogo
2024;0,00;APA Bacia do Rio de Janeiro
2024;0,00;Estação Ecológica de Maracá
2024;0,00;Reserva Biológica do Rio Trombetas
2024;0,00;APA Meandros do Araguaia
2024;0,00;Reserva Biológica do Lago Piratuba
2024;0,00;Reserva Extrativista Baixo Juruá
2024;0,00;Parque Natural Municipal de Redenção
2024;0,00;Area de Relevante Interesse Ecologico Museu Parque Seringal
2024;0,00;Reserva Biológica Morro dos Seis Lagos
2024;0,00;Reserva Biológica do Abufari
2024;0,00;APA Lago de São Salvador do Tocantins, Paranã E Palmeirópolis
2024;0,00;Parque Estadual Serra Ricardo Franco
2024;0,00;Área de Relevante Interesse Ecológica Javari Buriti
2024;0,00;Reserva Extrativista Marinha Arai-Peroba
2024;0,00;Reserva Extrativista Pedras Negras
2024;0,00;Reserva Extrativista Piquiá
2024;0,00;Floresta Estadual de Rendimento Sustentado Cedro
2024;0,00;APA da Fazendinha
2024;0,00;APA do Juá
2024;0,00;APA Lago de Peixe/Angical
2024;0,00;Reserva Extrativista Chocoaré-Mato Grosso
2024;0,00;Reserva Extrativista Lago do Cuniã
2024;0,00;APA da Serra do Saubal
2024;0,00;APA Parque Linear do Bindá
2024;0,00;Parque Estadual Serra do Aracá
2024;0,00;APA da Região Metrolpolitana de Belém
2024;0,00;Reserva de Desenvolvimento Sustentável Bararati
2024;0,00;APA Jalapão
2024;0,00;Parque Nacional do Pico da Neblina
2024;0,00;APA de São Geraldo do Araguaia
2024;0,00;Estação Ecológica da Serra das Araras
2024;0,00;Monumento Natural Morro de Santo Antônio
2024;0,00;Parque Nacional do Araguaia
2024;0,00;Estação Ecológica Serra dos Três Irmãos
2024;0,00;Reserva Extrativista Auatí-Paraná
2024;0,00;APA Foz do Rio Santa Tereza
2024;0,00;Parque Natural Municipal do Morro dos Ventos
2024;0,00;Monumento Natural Canyons E Corredeiras do Rio Sono
2024;0,00;Parque Estadual Sucunduri
2024;0,00;Parque Estadual Charapucu
2024;0,00;Parque Estadual Dom Osório Stoffel
2024;0,00;Parque Estadual Rio Negro Setor Norte
2024;0,00;Reserva Extrativista do Ciriáco
2024;0,00;Parque Estadual do Utinga
2024;0,00;Parque Estadual Mãe Bonifácia
2024;0,00;Floresta Estadual Sucunduri
2024;0,00;Monumento Natural Atalaia
2024;0,00;APA Lago de Santa Isabel
2024;0,00;Floresta Nacional de São Francisco
2024;0,00;APA de Algodoal-Maiandeua
2024;0,00;Parque Estadual do Lajeado
2024;0,00;Parque Estadual Serra Santa Bárbara
2024;0,00;RPPN Cristalino I
2024;0,00;RPPN Poleiro Grande
2024;0,00;Parque Estadual Encontro das Águas
2024;0,00;Estação Ecológica Rio Acre
2024;0,00;APA da Chapada dos Guimarães
2024;0,00;Reserva Extrativista Massaranduba
2024;0,00;Refúgio de Vida Silvestre Padre Sérgio Tonetto
2024;0,00;Reserva Extrativista Arapiranga-Tromaí
2024;0,00;Refúgio de Vida Silvestre Corixão da Mata Azul
2024;0,00;Parque Estadual do Jalapão
2024;0,00;Estação Ecológica do Jari
2024;0,00;Parque Natural Municipal Veredas dos Carajás
2024;0,00;Parque Estadual do Guirá
2024;0,00;Parque Estadual do Cantão
2024;0,00;RPPN Osório Reimão
2024;0,00;RPPN Pioneira do Rio Piquiri
2024;0,00;APA Lago de Palmas
2024;0,00;RPPN Sonhada
2024;0,00;APA do Rio Preto
2024;0,00;APA Municipal do Aricá-Açu
2024;0,00;Parque Estadual do Araguaia
2024;0,00;Parque Natural Municipal de Castanhal/Pará
2024;0,00;Parque Estadual Serra Azul
2024;0,00;Parque Estadual Águas do Cuiabá
2024;0,00;APA da Região do Maracanã
2024;0,00;Reserva de Desenvolvimento Sustentável Campo das Mangabas
2024;0,00;Parque Nacional da Chapada dos Guimarães
2024;0,00;Floresta Estadual Aripuanã
2024;0,00;Parque Estadual Sumaúma
2024;0,00;RPPN Nova Aurora
2024;0,00;Parque Nacional Nascentes do Lago Jari
2024;0,00;RPPN Peugeot-Onf-Brasil
2024;0,00;Floresta Estadual Apuí
2024;0,00;RPPN Klagesi
2024;0,00;Parque Nacional Serra da Mocidade
2024;0,00;Reserva Extrativista Marinha Caetétaperaçu
2024;0,00;Reserva Extrativista Mae Grande de Curuça
2024;0,00;Reserva Extrativista Rio Cajari
2024;0,00;Reserva de Desenvolvimento Sustentável do Rio Iratapuru
2024;0,00;Reserva Extrativista de Cururupu
2024;0,00;Reserva Extrativista Médio Juruá
2024;0,00;Floresta Estadual do Amapá
2024;0,00;Floresta Estadual de Rendimento Sustentado Araras
2024;0,00;Parque Nacional do Pantanal Matogrossense
2024;0,00;APA das Nascentes de Araguaina
2024;0,00;Reserva de Desenvolvimento Sustentável Cujubim
2024;0,00;Parque Nacional da Serra da Cutia
2024;0,00;Reserva Extrativista São João da Ponta
2024;0,00;Reserva Extrativista Barreiro das Antas
2024;0,00;RPPN Ilhas Alexandre Rodrigues Ferreira
2024;0,00;Reserva de Desenvolvimento Sustentável Amanã
2024;0,00;Reserva Extrativista Quilombo do Frechal
2024;0,00;Parque Estadual Massairo Okamura
2024;0,00;Refúgio de Vida Silvestre Metrópole da Amazônia
2024;0,00;Reserva Extrativista  do Rio Cautário
2024;0,00;Reserva Extrativista Marinha Cuinarana
2024;0,00;APA do Itapiracó
2024;0,00;Estação Ecológica de Maracá Jipioca
2024;0,00;RPPN Fazenda Bosco
2024;0,00;Reserva Biológica Culuene
2024;0,00;APA Serra da Tabatinga
2024;0,00;APA Nascentes do Rio Paraguai
2024;0,00;Reserva Extrativista Mata Grande
2024;0,00;Reserva Extrativista Marinha Mocapajuba
2024;0,00;Reserva Extrativista Itapetininga
2024;0,00;Reserva Extrativista Mapuá
2024;0,00;Reserva Extrativista Castanheira
2024;0,00;Reserva Extrativista Marinha Tracuateua
2024;0,00;Parque Estadual Igarapés do Juruena
2024;0,00;Reserva Extrativista Lago do Cedro
2024;0,00;Refúgio de Vida Silvestre Lago Mole
2024;0,00;Floresta Estadual de Rendimento Sustentado Rio Vermelho (C)
2024;0,00;Parque Estadual da Serra dos Martírios/Andorinhas
2024;0,00;Parque Estadual do Araguaiaa
2024;0,00;Monumento Natural das Árvores Fossilizadas do Estado do Tocantins
2024;0,00;Parque Estadual Zé Bolo Flô
2024;0,00;RPPN Aurora Natura
2024;0,00;Reserva de Desenvolvimento Sustentavel Puranga Conquista
2024;0,00;Parque Estadual Rio Negro Setor Sul
2024;0,00;Parque Natural Municipal Claudino Francio
2024;0,00;Estação Ecológica do Rio Ronuro
2024;0,00;APA do Rio Madeira
2024;0,00;Estação Ecológica de Jutaí-Solimões
2024;0,00;Reserva Extrativista Roxinho
2024;0,00;Parque Nacional Viruá
2024;0,00;Floresta Nacional do Amazonas
2024;0,00;Parque Nacional Montanhas do Tumucumaque
2024;0,00;Reserva Extrativista Rio Cautário
2024;0,00;Área de Relevante Interesse Ecológica Projeto Dinâmica Biológica de Fragmentos Florestais
2024;0,00;Reserva Extrativista Freijó
2024;0,00;Estação Ecológica de Taiamã
2024;0,00;RPPN Catedral do Jalapão
2024;0,00;RPPN Fazenda Loanda
2024;0,00;Area de Relevante Interesse Ecologico Parque Ambiental Antonio Danubio Lourenço da Silva
2024;0,00;Parque Nacional das Nascentes do Rio Parnaiba
2024;0,00;Reserva Extrativista Marinha de Gurupi-Piriá
2024;0,00;APA  Tapuruquara
2024;0,00;Floresta Estadual do Trombetas
2024;0,00;Parque Estadual do Matupiri
2024;0,00;Reserva Extrativista do Rio Jutaí
2024;0,00;RPPN Irmãos Satelis
2024;0,00;Reserva Extrativista Garrote
2024;0,00;Floresta Estadual de Rendimento Sustentado do Rio Machado
2024;0,00;Parque Estadual do Xingu
2024;0,00;Parque Natural Municipal Jardim Botânico
2024;0,00;Monumento Natural Morro Chico Mendes
2024;0,00;Reserva de Desenvolvimento Sustentável Aripuanã
2024;0,00;Parque Estadual Tucumã
2024;0,00;Parque Natural Municipal do Cancão
2024;0,00;Floresta Estadual de Rendimento Sustentado Tucano
2024;0,00;Reserva Extrativista da Baía do Tubarão
2024;0,00;Floresta Nacional de Macauã
2024;0,00;Area de Protecao Ambiental Xeriuini
2024;0,00;Reserva de Desenvolvimento Sustentável Rio Amapá
2024;0,00;Parque Nacional da Chapada das Mesas
2024;0,00;Floresta Nacional de Amapá
2024;0,00;Reserva Extrativista Marinha Mestre Lucindo
2024;0,00;RPPN Fazenda Calixto
2024;0,00;Reserva Extrativista do Itaúba
2024;0,00;Reserva Extrativista Curralinho
2024;0,00;Estação Ecológica Rio Flor do Prado
2024;0,00;Reserva Biológica Traçadal
2024;0,00;Reserva de Desenvolvimento Sustentável do Tupé
2024;0,00;Reserva Extrativista Maracatiara
2024;0,00;APA do Rio Curiaú
2024;0,00;Reserva de Desenvolvimento Sustentável Vitória de Souzel
2024;0,00;RPPN Cristalino Iii
2024;0,00;Reserva Biológica Rio Ouro Preto
2024;0,00;Parque Estadual Chandless
2024;0,00;Reserva Extrativista Jatobá
2024;0,00;Reserva Biológica do Jaru
2024;0,00;Parque Nacional de Anavilhanas
2024;0,00;RPPN Sesc Tepequém
2024;0,00;Área de Relevante Interesse Ecológica Seringal Nova Esperança
2024;0,00;Reserva Extrativista Baixo Rio Branco Jauaperi
2024;0,00;Reserva Biológica do Uatumã
2024;0,00;Reserva Extrativista Sucupira
2024;0,00;Parque Estadual do Sítio do Rangedor
2024;0,00;Estação Ecológica de Cuniã
2024;0,00;Reserva Extrativista Mogno
2024;0,00;Floresta Nacional de Jatuarana
2024;0,00;RPPN Bico do Javaés
2024;0,00;APA Nhamundá
2024;0,00;Reserva Biológica de Maicuru
2024;0,00;Parque Nacional de Pacaás Novos
2024;0,00;Estacao Ecologica Serra Geral do Tocantins
2024;0,00;APA do Salto Magessi
2024;0,00;Estação Ecológica do Grão Pará
2024;0,00;Reserva de Desenvolvimento Sustentável Igapó-Açu
2024;0,00;Parque Municipal da Cacimba
2024;0,00;Reserva de Desenvolvimento Sustentável do Matupiri
2024;0,00;Parque Natural Municipal Parque Florestal de Sinop
2024;0,00;Reserva Extrativista Seringueira
2024;0,00;Refugio da Vida Silvestre de Colíder
2024;0,00;Parque Natural Municipal Colonizador Jose Bianchini
2024;0,00;Parque Nacional do Cabo Orange
2024;0,00;Reserva Extrativista do Lago do Capanã Grande
2024;0,00;Reserva Extrativista Rio Pacaás Novos
2024;0,00;Parque Natural Municipal Vale do Esperança
2024;0,00;APA dos Campos de Manicoré
2024;0,00;Refúgio de Vida Silvestre Tabuleiro do Embaubal
2024;0,00;Estação Ecológica de Niquiá
2024;0,00;RPPN Gibeão
2024;1,01;Estação Ecológica da Terra do Meio
2024;0,68;Parque Nacional da Serra do Divisor
2024;0,19;Parque Estadual de Monte Alegre
2024;43,48;Reserva Extrativista Chico Mendes
2024;1,31;Reserva Extrativista Riozinho da Liberdade
2024;0,41;Floresta Nacional de Purus
2024;0,28;Reserva Biológica do Guaporé
2024;0,96;Reserva Extrativista Arapixi
2024;0,43;Reserva Extrativista do Rio Gregório
2024;0,08;Reserva Biológica Nascentes Serra do Cachimbo
2024;1,54;Reserva Extrativista Angelim
2024;0,30;Floresta Estadual Manicoré
2024;1,28;Reserva Extrativista Alto Tarauacá
2024;0,07;Floresta Nacional de Mapiá-Inauiní
2024;0,13;Floresta Nacional de Santa Rosa do Purus
2024;0,17;Floresta Estadual Canutama
2024;0,34;APA das Reentrâncias Maranhenses
2024;4,81;Parque Estadual de Guajará-Mirim
2024;0,04;Floresta Nacional de Itaituba I
2024;1,24;Parque Nacional do Juruena
2024;0,00;Floresta Nacional de Humaitá
2024;0,25;Reserva Extrativista Ipê
2024;9,35;Floresta Estadual do Paru
2024;1,57;Area de Proteção Ambiental Taruma/Ponta Negra
2024;0,13;Floresta Nacional de Mulata
2024;0,06;APA - Baixo Rio Branco
2024;2,58;Reserva de Desenvolvimento Sustentável do Uatumã
2024;2,06;Floresta Nacional do Amaná
2024;2,52;Floresta Nacional de Tefé
2024;0,07;Reserva de Desenvolvimento Sustentável Mamirauá
2024;0,00;Reserva Biológica do Tapirapé
2024;0,16;Reserva Extrativista do Rio Unini
2024;0,19;Floresta Estadual de Rendimento Sustentado Mutum
2024;2,33;APA de Upaon-Açu / Miritiba / Alto Preguiças
2024;0,27;Reserva Extrativista Rio Iriri
2024;0,16;Floresta Nacional de Jacundá
2024;0,84;Reserva Extrativista do Cazumbá-Iracema
2024;1,59;Reserva de Desenvolvimento Sustentável do Rio Negro
2024;1,32;Floresta Nacional de Itaituba Ii
2024;0,70;Floresta Nacional de Bom Futuro
2024;0,19;Reserva Extrativista Rio Xingu
2024;0,36;Reserva Extrativista Ituxí
2024;0,64;Reserva Extrativista do Médio Purús
2024;0,20;Reserva de Desenvolvimento Sustentável Piagaçu Purus
2024;9,35;APA Margem Direita do Rio Negro- Setor Paduari-Solimões
2024;4,01;Reserva Extrativista Verde Para Sempre
2024;0,62;Reserva Extrativista Tapajós Arapiuns
2024;1,62;Reserva Extrativista Renascer
2024;1,72;Parque Nacional do Jamanxim
2024;0,24;APA Igarapé São Francisco
2024;17,74;Floresta Nacional do Jamanxim
2024;0,44;Floresta Nacional do Trairão
2024;3,63;Parque Nacional Mapinguari
2024;0,51;Estação Ecológica Juami-Japurá
2024;0,53;Reserva Extrativista Gurupá-Melgaço
2024;3,51;Estação Ecológica Samuel
2024;1,22;Floresta Nacional de Tapirapé-Aquiri
2024;0,36;Floresta Estadual Maúes
2024;0,73;APA de Presidente Figueiredo - Caverna do Moroaga
2024;0,10;Floresta Estadual Rio Urubu
2024;0,75;Reserva de Desenvolvimento Sustentável Pucuruí - Ararão
2024;0,15;Floresta Nacional de Pau-Rosa
2024;3,19;Reserva de Desenvolvimento Sustentável do Juma
2024;0,64;Parque Nacional da Amazônia
2024;0,80;Parque Nacional do Rio Novo
2024;5,29;Reserva Extrativista Alto Juruá
2024;0,06;Parque Nacional do Jaú
2024;72,08;APA Triunfo do Xingu
2024;4,71;APA do Arquipélago do Marajó
2024;5,09;Reserva Extrativista Jaci-Paraná
2024;0,72;Floresta Nacional do Aripuanã
2024;0,07;Reserva Extrativista do Guariba
2024;0,25;APA da Baixada Maranhense
2024;0,08;Parque Estadual Cristalino
2024;8,90;Reserva Biológica do Gurupi
2024;0,10;Reserva Extrativista Canutama
2024;0,67;Floresta Nacional de Balata-Tufari
2024;0,31;APA Margem Esquerda do Rio Negro-Setor Aturiá-Apuauzinho
2024;55,78;APA do Tapajós
2024;0,08;Área de Relevante Interesse Ecológico Japiim Pentecoste
2024;3,40;Floresta Nacional de Saracá-Taquera
2024;0,00;Parque Estadual de Corumbiara
2024;3,22;Reserva Extrativista Riozinho do Anfrísio
2024;19,08;APA do Lago de Tucurui
2024;0,43;Floresta Nacional de Tapajós
2024;0,52;Reserva de Desenvolvimento Sustentavel do Rio Madeira
2024;0,98;APA Paytuna
2024;1,14;Floresta Nacional de Urupadi
2024;4,26;Floresta Nacional de Roraima
2024;0,45;APA Margem Esquerda do Rio Negro-Setor Tarumã Açu-Tarumã Mirima
2024;2,60;Floresta Nacional de Caxiuanã
2024;0,47;Reserva de Desenvolvimento Sustentável Canumã
2024;1,43;Reserva Extrativista Arióca Pruanã
2024;3,75;Parque Nacional do Acari
2024;0,25;Parque Estadual Serra dos Reis
2024;0,56;Floresta Nacional de Itacaiunas
2024;0,40;APA de Alter do Chão
2024;1,24;Reserva Extrativista Rio Ouro Preto
2024;0,56;Reserva Extrativista Terra Grande Pracuuba
2024;1,19;"Floresta Estadual de Rendimento Sustentado do Rio Madeira ""B"""
2024;0,61;Floresta Estadual de Tapauá
2024;0,04;Reserva Extrativista Aquariquara
2024;4,47;Reserva Extrativista Guariba-Roosevelt
2024;0,18;Floresta Nacional do Iquiri
2024;1,76;Floresta Estadual de Faro
2024;0,31;Estação Ecológica Alto Maués
2024;0,26;Floresta Nacional de Anauá
2024;0,34;Floresta Estadual de Iriri
2024;0,20;Floresta Nacional do Jamari
2024;0,03;Reserva de Desenvolvimento Sustentável Alcobaça
2024;1,92;Floresta Nacional Altamira
2024;0,91;APA Ilha do Bananal/Cantão
2024;10,50;Reserva Extrativista Rio Preto-Jacundá
2024;0,13;Parque Estadual Guariba
2024;0,18;Estação Ecológica do Rio Roosevelt
2024;0,57;Floresta Nacional do Crepori
2024;0,51;Reserva Extrativista Ipaú-Anilzinho
2024;1,48;Parque Nacional dos Campos Amazônicos
2024;0,03;Parque Nacional da Serra do Pardo
2024;0,00;APA do Igarapé Gelado
2024;0,12;Floresta Nacional de Carajás
2024;0,20;Reserva Extrativista Catuá-Ipixuna
2023;0,39;Reserva Extrativista do Rio Jutaí
2023;0,00;Reserva Extrativista Marinha Mocapajuba
2023;0,00;Reserva Extrativista Marinha de Soure
2023;0,00;Parque Estadual de Águas Quentes
2023;0,00;Parque Natural Municipal Uirapuru
2023;0,00;Floresta Estadual de Rendimento Sustentado Gavião
2023;0,00;APA da Ilha do Combu
2023;0,00;Parque Natural Municipal Lagoa das Garças
2023;0,00;APA Serra do Lajeado
2023;0,00;Parque Estadual das Nascentes do Rio Taquari
2023;0,00;Floresta Estadual de Rendimento Sustentado Periquito
2023;0,00;Reserva Extrativista Maracanã
2023;0,00;Reserva Biológica do Manicoré
2023;0,00;Parque Nacional do Monte Roraima
2023;0,00;Parque Natural Muncipal Paulo Viriato Correa da Costa
2023;0,00;Reserva Extrativista Extremo Norte do Tocantins
2023;0,00;Parque Nacional dos Campos Ferruginosos
2023;0,00;APA Lago do Amapá
2023;0,00;Reserva Extrativista Municipal Beija Flor Brilho de Fogo
2023;0,00;APA Bacia do Rio de Janeiro
2023;0,00;Estação Ecológica de Maracá
2023;0,00;Reserva de Desenvolvimento Sustentável Canumã
2023;0,00;APA Meandros do Araguaia
2023;0,00;Reserva Biológica do Tapirapé
2023;0,00;Área de Relevante Interesse Ecológico Japiim Pentecoste
2023;0,00;Reserva Biológica do Lago Piratuba
2023;0,00;Parque Estadual Guariba
2023;0,00;Parque Natural Municipal de Redenção
2023;0,00;Area de Relevante Interesse Ecologico Museu Parque Seringal
2023;0,00;Reserva Biológica Morro dos Seis Lagos
2023;0,00;Reserva Biológica do Abufari
2023;0,00;APA Lago de São Salvador do Tocantins, Paranã E Palmeirópolis
2023;0,00;Área de Relevante Interesse Ecológica Javari Buriti
2023;0,00;Reserva Extrativista Pedras Negras
2023;0,00;Reserva Extrativista Piquiá
2023;0,00;Floresta Estadual de Rendimento Sustentado Cedro
2023;0,00;APA da Fazendinha
2023;0,00;APA do Juá
2023;0,00;APA Lago de Peixe/Angical
2023;0,00;Reserva Extrativista Chocoaré-Mato Grosso
2023;0,00;Reserva Extrativista Lago do Cuniã
2023;0,00;APA da Serra do Saubal
2023;0,00;APA Parque Linear do Bindá
2023;0,00;APA da Região Metrolpolitana de Belém
2023;0,00;APA Jalapão
2023;0,00;Estação Ecológica da Serra das Araras
2023;0,00;Monumento Natural Morro de Santo Antônio
2023;0,00;Parque Nacional do Araguaia
2023;0,00;Estação Ecológica Serra dos Três Irmãos
2023;0,00;Reserva Extrativista Auatí-Paraná
2023;0,00;APA Foz do Rio Santa Tereza
2023;0,00;Parque Natural Municipal do Morro dos Ventos
2023;0,00;Monumento Natural Canyons E Corredeiras do Rio Sono
2023;0,00;Parque Estadual Charapucu
2023;0,00;Parque Estadual Dom Osório Stoffel
2023;0,00;Reserva Extrativista do Ciriáco
2023;0,00;Parque Estadual do Utinga
2023;0,00;Parque Estadual Mãe Bonifácia
2023;0,00;Floresta Estadual Sucunduri
2023;0,00;Monumento Natural Atalaia
2023;0,00;APA Lago de Santa Isabel
2023;0,00;Floresta Nacional de São Francisco
2023;0,00;APA de Algodoal-Maiandeua
2023;0,00;Parque Estadual do Lajeado
2023;0,00;Parque Estadual Serra Santa Bárbara
2023;0,00;RPPN Cristalino I
2023;0,00;RPPN Poleiro Grande
2023;0,00;Parque Estadual Encontro das Águas
2023;0,00;Estação Ecológica Rio Acre
2023;0,00;APA da Chapada dos Guimarães
2023;0,00;Reserva Extrativista Massaranduba
2023;0,00;Refúgio de Vida Silvestre Padre Sérgio Tonetto
2023;0,00;Reserva Extrativista Arapiranga-Tromaí
2023;0,00;Refúgio de Vida Silvestre Corixão da Mata Azul
2023;0,00;Parque Estadual do Jalapão
2023;0,00;Estação Ecológica do Jari
2023;0,00;Parque Natural Municipal Veredas dos Carajás
2023;0,00;Parque Estadual do Guirá
2023;0,00;Parque Estadual do Cantão
2023;0,00;APA do Igarapé Gelado
2023;0,00;RPPN Osório Reimão
2023;0,00;RPPN Pioneira do Rio Piquiri
2023;0,00;APA Lago de Palmas
2023;0,00;RPPN Sonhada
2023;0,00;APA do Rio Preto
2023;0,00;Parque Estadual do Araguaia
2023;0,00;Parque Natural Municipal de Castanhal/Pará
2023;0,00;Parque Estadual Serra Azul
2023;0,00;Parque Estadual Águas do Cuiabá
2023;0,00;APA da Região do Maracanã
2023;0,00;Parque Nacional da Chapada dos Guimarães
2023;0,00;Floresta Estadual Aripuanã
2023;0,00;Parque Estadual Sumaúma
2023;0,00;RPPN Nova Aurora
2023;0,00;Parque Nacional Nascentes do Lago Jari
2023;0,00;RPPN Peugeot-Onf-Brasil
2023;0,00;Floresta Estadual Apuí
2023;0,00;RPPN Klagesi
2023;0,00;Parque Nacional Serra da Mocidade
2023;0,00;Reserva Extrativista Marinha Caetétaperaçu
2023;0,00;Reserva Extrativista Mae Grande de Curuça
2023;0,00;Reserva Extrativista de Cururupu
2023;0,00;Reserva Extrativista Médio Juruá
2023;0,00;Parque Nacional do Pantanal Matogrossense
2023;0,00;APA das Nascentes de Araguaina
2023;0,00;Reserva de Desenvolvimento Sustentável  Itatupã-Baquiá
2023;0,00;Reserva Extrativista Barreiro das Antas
2023;0,00;Reserva de Desenvolvimento Sustentável Mamirauá
2023;0,00;RPPN Ilhas Alexandre Rodrigues Ferreira
2023;0,00;Reserva Extrativista Quilombo do Frechal
2023;0,00;Reserva Extrativista Gurupá-Melgaço
2023;0,00;Parque Estadual Massairo Okamura
2023;0,00;Refúgio de Vida Silvestre Metrópole da Amazônia
2023;0,00;Reserva Extrativista  do Rio Cautário
2023;0,00;APA do Itapiracó
2023;0,00;Estação Ecológica de Maracá Jipioca
2023;0,00;RPPN Fazenda Bosco
2023;0,00;Reserva Biológica Culuene
2023;0,00;APA Serra da Tabatinga
2023;0,00;APA Nascentes do Rio Paraguai
2023;0,00;APA das Cabeceiras do Rio Cuiabá
2023;0,00;Reserva Extrativista Itapetininga
2023;0,00;Reserva Extrativista Castanheira
2023;0,00;Reserva Extrativista Marinha Tracuateua
2023;0,00;Reserva Extrativista Lago do Cedro
2023;0,00;Refúgio de Vida Silvestre Lago Mole
2023;0,00;Floresta Estadual de Rendimento Sustentado Rio Vermelho (C)
2023;0,00;Parque Estadual Serra dos Reis
2023;0,00;Parque Estadual da Serra dos Martírios/Andorinhas
2023;0,00;Parque Estadual do Araguaiaa
2023;0,00;Monumento Natural das Árvores Fossilizadas do Estado do Tocantins
2023;0,00;Parque Estadual Zé Bolo Flô
2023;0,00;RPPN Aurora Natura
2023;0,00;Reserva de Desenvolvimento Sustentavel Puranga Conquista
2023;0,00;Parque Estadual Rio Negro Setor Sul
2023;0,00;Parque Natural Municipal Claudino Francio
2023;0,00;Floresta Nacional de Anauá
2023;0,00;Estação Ecológica do Rio Ronuro
2023;0,00;APA do Rio Madeira
2023;0,00;Reserva Extrativista Roxinho
2023;0,00;Parque Nacional Viruá
2023;0,00;Área de Relevante Interesse Ecológica Projeto Dinâmica Biológica de Fragmentos Florestais
2023;0,00;Reserva Extrativista Freijó
2023;0,00;Floresta Nacional do Jamari
2023;0,00;Estação Ecológica de Taiamã
2023;0,00;RPPN Catedral do Jalapão
2023;0,00;RPPN Fazenda Loanda
2023;0,00;Area de Relevante Interesse Ecologico Parque Ambiental Antonio Danubio Lourenço da Silva
2023;0,00;Parque Nacional das Nascentes do Rio Parnaiba
2023;0,00;Reserva Extrativista Marinha de Gurupi-Piriá
2023;0,00;Parque Estadual do Matupiri
2023;0,00;RPPN Irmãos Satelis
2023;0,00;Reserva Extrativista Garrote
2023;0,00;Floresta Estadual de Rendimento Sustentado do Rio Machado
2023;0,00;Parque Estadual do Xingu
2023;0,00;Parque Natural Municipal Jardim Botânico
2023;0,00;Monumento Natural Morro Chico Mendes
2023;0,00;Reserva de Desenvolvimento Sustentável Aripuanã
2023;0,00;Parque Natural Municipal do Cancão
2023;0,00;Floresta Estadual Canutama
2023;0,00;Reserva Extrativista da Baía do Tubarão
2023;0,00;Floresta Nacional de Macauã
2023;0,00;Reserva de Desenvolvimento Sustentável Rio Amapá
2023;0,00;Parque Nacional da Chapada das Mesas
2023;0,00;Floresta Nacional de Amapá
2023;0,00;Reserva Extrativista Marinha Mestre Lucindo
2023;0,00;RPPN Fazenda Calixto
2023;0,00;Reserva Extrativista do Itaúba
2023;0,00;Reserva Extrativista Curralinho
2023;0,00;Estação Ecológica Rio Flor do Prado
2023;0,00;Parque Estadual Cristalino
2023;0,00;Reserva Biológica Traçadal
2023;0,00;Reserva de Desenvolvimento Sustentável do Tupé
2023;0,00;Reserva Extrativista Maracatiara
2023;0,00;APA do Rio Curiaú
2023;0,00;Reserva de Desenvolvimento Sustentável Vitória de Souzel
2023;0,00;RPPN Cristalino Iii
2023;0,00;Reserva Biológica Rio Ouro Preto
2023;0,00;Parque Estadual Chandless
2023;0,00;Reserva Extrativista Jatobá
2023;0,00;Parque Nacional de Anavilhanas
2023;0,00;RPPN Sesc Tepequém
2023;0,00;Reserva Biológica do Uatumã
2023;0,00;Reserva Extrativista Sucupira
2023;0,00;Parque Estadual do Sítio do Rangedor
2023;0,00;Estação Ecológica de Cuniã
2023;0,00;Reserva Extrativista Mogno
2023;0,00;Parque Estadual de Monte Alegre
2023;0,00;RPPN Bico do Javaés
2023;0,00;Estacao Ecologica Serra Geral do Tocantins
2023;0,00;APA do Salto Magessi
2023;0,00;Estação Ecológica do Grão Pará
2023;0,00;Reserva de Desenvolvimento Sustentável Igapó-Açu
2023;0,00;Parque Municipal da Cacimba
2023;0,00;Reserva de Desenvolvimento Sustentável do Matupiri
2023;0,00;Parque Natural Municipal Parque Florestal de Sinop
2023;0,00;Reserva Extrativista Seringueira
2023;0,00;Refugio da Vida Silvestre de Colíder
2023;0,00;Parque Natural Municipal Colonizador Jose Bianchini
2023;0,00;Parque Nacional do Cabo Orange
2023;0,00;Reserva Extrativista Rio Xingu
2023;0,00;Parque Natural Municipal Vale do Esperança
2023;0,00;Refúgio de Vida Silvestre Tabuleiro do Embaubal
2023;0,00;Estação Ecológica de Niquiá
2023;0,00;Reserva Extrativista Aquariquara
2023;0,00;RPPN Gibeão
2023;0,00;Reserva Biológica do Guaporé
2023;8,35;Estação Ecológica da Terra do Meio
2023;0,52;Reserva Extrativista do Rio Gregório
2023;0,07;Reserva de Desenvolvimento Sustentável Campo das Mangabas
2023;1,79;Floresta Nacional de Caxiuanã
2023;0,00;Reserva Extrativista Marinha Cuinarana
2023;0,48;Parque Estadual Serra Ricardo Franco
2023;0,13;Parque Estadual Serra do Aracá
2023;0,18;Floresta Nacional de Humaitá
2023;0,37;Reserva Extrativista Ipê
2023;0,42;APA - Baixo Rio Branco
2023;0,37;APA  Tapuruquara
2023;2,08;Floresta Nacional de Tapirapé-Aquiri
2023;0,07;Estação Ecológica de Jutaí-Solimões
2023;1,96;Floresta Nacional do Aripuanã
2023;0,09;Reserva Biológica do Jaru
2023;0,22;Reserva Extrativista Terra Grande Pracuuba
2023;0,09;Reserva de Desenvolvimento Sustentável do Rio Iratapuru
2023;3,48;Reserva Extrativista Rio Cajari
2023;0,99;Reserva Extrativista Alto Tarauacá
2023;0,80;Parque Nacional da Amazônia
2023;48,97;APA do Tapajós
2023;0,08;Floresta Estadual do Trombetas
2023;1,88;Parque Nacional dos Campos Amazônicos
2023;0,08;Reserva Extrativista Baixo Rio Branco Jauaperi
2023;1,63;Parque Nacional da Serra do Divisor
2023;3,27;Reserva Biológica Nascentes Serra do Cachimbo
2023;0,20;Floresta Nacional do Amazonas
2023;0,37;Floresta Nacional do Trairão
2023;36,94;Reserva Extrativista Jaci-Paraná
2023;0,13;Reserva de Desenvolvimento Sustentável Uacarí
2023;3,15;Reserva Biológica do Gurupi
2023;1,05;Floresta Nacional do Crepori
2023;0,00;Reserva Extrativista São João da Ponta
2023;0,01;Parque Nacional da Serra do Pardo
2023;0,97;Parque Nacional do Juruena
2023;0,32;Floresta Nacional de Jacundá
2023;0,18;Floresta Nacional de Pau-Rosa
2023;0,07;Parque Estadual do Bacanga
2023;2,69;APA da Baixada Maranhense
2023;0,17;Parque Estadual de Corumbiara
2023;0,49;APA Margem Esquerda do Rio Negro-Setor Tarumã Açu-Tarumã Mirima
2023;0,39;Area de Proteção Ambiental Taruma/Ponta Negra
2023;0,20;Reserva Extrativista Ituxí
2023;0,07;Reserva Biológica do Rio Trombetas
2023;1,85;Parque Nacional do Jamanxim
2023;16,91;Estação Ecológica Samuel
2023;1,04;Reserva de Desenvolvimento Sustentável Bararati
2023;0,86;Reserva de Desenvolvimento Sustentável Amanã
2023;0,08;Floresta Estadual de Rendimento Sustentado Araras
2023;0,01;Parque Estadual Rio Negro Setor Norte
2023;0,91;Área de Relevante Interesse Ecológica Seringal Nova Esperança
2023;0,07;APA Municipal do Aricá-Açu
2023;0,47;Floresta Nacional de Jatuarana
2023;0,24;Reserva Extrativista Mata Grande
2023;6,03;Floresta Estadual do Paru
2023;1,78;Reserva Extrativista do Cazumbá-Iracema
2023;0,43;Reserva Extrativista do Médio Purús
2023;3,77;Floresta Nacional de Saracá-Taquera
2023;0,27;Parque Nacional Montanhas do Tumucumaque
2023;0,95;Reserva Extrativista Arapixi
2023;0,14;Floresta Nacional de Itaituba I
2023;0,37;Reserva de Desenvolvimento Sustentável do Uatumã
2023;1,94;Floresta Nacional de Bom Futuro
2023;0,85;Floresta Nacional de Tapajós
2023;0,20;Floresta Nacional de Roraima
2023;1,19;Floresta Nacional do Iquiri
2023;2,43;Floresta Estadual do Amapá
2023;9,51;Floresta Nacional Altamira
2023;0,20;Parque Nacional de Pacaás Novos
2023;0,09;Reserva de Desenvolvimento Sustentável Cujubim
2023;25,96;Floresta Nacional do Jamanxim
2023;0,06;Reserva Extrativista Mapuá
2023;0,14;Reserva de Desenvolvimento Sustentavel do Rio Madeira
2023;0,86;"Floresta Estadual de Rendimento Sustentado do Rio Madeira ""B"""
2023;5,42;Reserva Extrativista Guariba-Roosevelt
2023;0,60;Floresta Estadual de Faro
2023;15,09;Floresta Estadual de Iriri
2023;0,07;Floresta Nacional de Purus
2023;0,07;Floresta Nacional de Mapiá-Inauiní
2023;6,81;Estação Ecológica Juami-Japurá
2023;0,89;Floresta Estadual Maúes
2023;0,77;Floresta Estadual de Rendimento Sustentado Tucano
2023;2,31;Reserva Extrativista Riozinho do Anfrísio
2023;21,93;APA do Lago de Tucurui
2023;2,58;Reserva Extrativista Catuá-Ipixuna
2023;26,62;Parque Estadual de Guajará-Mirim
2023;5,54;APA de Upaon-Açu / Miritiba / Alto Preguiças
2023;1,83;Reserva Extrativista Renascer
2023;0,75;Reserva de Desenvolvimento Sustentável Pucuruí - Ararão
2023;0,32;Parque Nacional do Rio Novo
2023;0,86;Parque Nacional do Jaú
2023;0,29;Reserva Extrativista Canutama
2023;1,93;Floresta Nacional de Urupadi
2023;0,13;Reserva Extrativista Arióca Pruanã
2023;0,57;Reserva Extrativista Baixo Juruá
2023;0,07;Reserva de Desenvolvimento Sustentável Alcobaça
2023;7,30;Reserva Extrativista Rio Preto-Jacundá
2023;1,57;Estação Ecológica do Rio Roosevelt
2023;34,81;Reserva Extrativista Chico Mendes
2023;0,23;Floresta Estadual Manicoré
2023;3,69;Reserva Extrativista Rio Cautário
2023;1,84;Floresta Nacional de Itaituba Ii
2023;0,31;Reserva Extrativista Marinha Arai-Peroba
2023;3,55;APA Margem Direita do Rio Negro- Setor Paduari-Solimões
2023;0,32;Floresta Estadual Rio Urubu
2023;0,09;Parque Nacional da Serra da Cutia
2023;0,15;APA de Alter do Chão
2023;4,28;Floresta Estadual de Tapauá
2023;0,10;APA de São Geraldo do Araguaia
2023;1,31;Reserva Extrativista Angelim
2023;0,06;Floresta Nacional de Santa Rosa do Purus
2023;0,19;Reserva Extrativista Rio Pacaás Novos
2023;6,89;Reserva Extrativista Verde Para Sempre
2023;1,01;APA Paytuna
2023;0,11;Area de Protecao Ambiental Xeriuini
2023;0,43;Parque Estadual Igarapés do Juruena
2023;0,01;APA dos Campos de Manicoré
2023;1,17;APA Ilha do Bananal/Cantão
2023;0,01;Floresta Nacional de Mulata
2023;0,07;Reserva Extrativista Rio Iriri
2023;6,47;Parque Nacional Mapinguari
2023;0,00;Reserva Extrativista do Lago do Capanã Grande
2023;230,54;APA Triunfo do Xingu
2023;0,13;APA Margem Esquerda do Rio Negro-Setor Aturiá-Apuauzinho
2023;1,12;Reserva Extrativista Rio Ouro Preto
2023;0,07;APA Nhamundá
2023;0,73;Floresta Nacional de Carajás
2023;2,90;APA das Reentrâncias Maranhenses
2023;3,56;Floresta Nacional do Amaná
2023;5,36;Floresta Nacional de Tefé
2023;0,25;Reserva Extrativista do Rio Unini
2023;1,21;Reserva de Desenvolvimento Sustentável Piagaçu Purus
2023;2,30;Reserva de Desenvolvimento Sustentável do Juma
2023;5,78;Reserva Extrativista Alto Juruá
2023;1,23;Reserva Extrativista do Guariba
2023;0,21;Floresta Nacional de Balata-Tufari
2023;0,73;Parque Estadual Sucunduri
2023;0,56;Estação Ecológica Alto Maués
2023;0,37;Reserva Extrativista Ipaú-Anilzinho
2023;1,44;Reserva Extrativista Riozinho da Liberdade
2023;0,13;Parque Estadual Tucumã
2023;1,03;Floresta Estadual de Rendimento Sustentado Mutum
2023;0,37;Reserva de Desenvolvimento Sustentável do Rio Negro
2023;1,08;Reserva Extrativista Tapajós Arapiuns
2023;0,81;APA Igarapé São Francisco
2023;1,23;APA de Presidente Figueiredo - Caverna do Moroaga
2023;2,66;APA do Arquipélago do Marajó
2023;0,20;Parque Nacional do Pico da Neblina
2023;0,12;Reserva Biológica de Maicuru
2023;0,34;Floresta Nacional de Itacaiunas
2023;0,28;Parque Nacional do Acari
2022;0,00;APA das Cabeceiras do Rio Cuiabá
2022;0,00;Reserva Extrativista São João da Ponta
2022;0,00;Reserva Extrativista Marinha de Soure
2022;0,00;Parque Estadual de Águas Quentes
2022;0,00;Parque Natural Municipal Uirapuru
2022;0,00;APA da Ilha do Combu
2022;0,00;Parque Natural Municipal Lagoa das Garças
2022;0,00;APA Serra do Lajeado
2022;0,00;Parque Estadual das Nascentes do Rio Taquari
2022;0,00;Floresta Estadual de Rendimento Sustentado Periquito
2022;0,00;Parque Estadual do Bacanga
2022;0,00;Reserva Extrativista Maracanã
2022;0,00;Reserva Biológica do Manicoré
2022;0,00;Parque Nacional do Monte Roraima
2022;0,00;Floresta Nacional de Humaitá
2022;0,00;Parque Natural Muncipal Paulo Viriato Correa da Costa
2022;0,00;Reserva Extrativista Extremo Norte do Tocantins
2022;0,00;Parque Nacional dos Campos Ferruginosos
2022;0,00;Reserva Extrativista Municipal Beija Flor Brilho de Fogo
2022;0,00;APA Bacia do Rio de Janeiro
2022;0,00;Estação Ecológica de Maracá
2022;0,00;Reserva Biológica do Rio Trombetas
2022;0,00;Reserva Biológica do Tapirapé
2022;0,00;Reserva Biológica do Lago Piratuba
2022;0,00;Parque Natural Municipal de Redenção
2022;0,00;Area de Relevante Interesse Ecologico Museu Parque Seringal
2022;0,00;Reserva Biológica Morro dos Seis Lagos
2022;0,00;Reserva Biológica do Abufari
2022;0,00;APA Lago de São Salvador do Tocantins, Paranã E Palmeirópolis
2022;0,00;Parque Estadual Serra Ricardo Franco
2022;0,00;Área de Relevante Interesse Ecológica Javari Buriti
2022;0,00;Reserva Extrativista Marinha Arai-Peroba
2022;0,00;Reserva Extrativista Pedras Negras
2022;0,00;Reserva Extrativista Piquiá
2022;0,00;Floresta Estadual de Rendimento Sustentado Cedro
2022;0,00;APA da Fazendinha
2022;0,00;APA do Juá
2022;0,00;APA Lago de Peixe/Angical
2022;0,00;Reserva Extrativista Chocoaré-Mato Grosso
2022;0,00;Reserva Extrativista Lago do Cuniã
2022;0,00;APA da Serra do Saubal
2022;0,00;APA Parque Linear do Bindá
2022;0,00;APA da Região Metrolpolitana de Belém
2022;0,00;Reserva de Desenvolvimento Sustentável Bararati
2022;0,00;APA Jalapão
2022;0,00;APA de São Geraldo do Araguaia
2022;0,00;Estação Ecológica da Serra das Araras
2022;0,00;Monumento Natural Morro de Santo Antônio
2022;0,00;Parque Nacional do Araguaia
2022;0,00;Estação Ecológica Serra dos Três Irmãos
2022;0,00;APA Foz do Rio Santa Tereza
2022;0,00;Parque Natural Municipal do Morro dos Ventos
2022;0,00;Monumento Natural Canyons E Corredeiras do Rio Sono
2022;0,00;Parque Estadual Sucunduri
2022;0,00;Parque Estadual Charapucu
2022;0,00;Parque Estadual Dom Osório Stoffel
2022;0,00;Parque Estadual Rio Negro Setor Norte
2022;0,00;Parque Estadual do Utinga
2022;0,00;Parque Estadual Mãe Bonifácia
2022;0,00;Floresta Estadual Sucunduri
2022;0,00;Monumento Natural Atalaia
2022;0,00;APA Lago de Santa Isabel
2022;0,00;Floresta Nacional de São Francisco
2022;0,00;APA de Algodoal-Maiandeua
2022;0,00;Parque Estadual do Lajeado
2022;0,00;RPPN Cristalino I
2022;0,00;RPPN Poleiro Grande
2022;0,00;Parque Estadual Encontro das Águas
2022;0,00;Estação Ecológica Rio Acre
2022;0,00;APA da Chapada dos Guimarães
2022;0,00;Reserva Extrativista Massaranduba
2022;0,00;Refúgio de Vida Silvestre Padre Sérgio Tonetto
2022;0,00;Reserva Extrativista Arapiranga-Tromaí
2022;0,00;Refúgio de Vida Silvestre Corixão da Mata Azul
2022;0,00;Parque Estadual do Jalapão
2022;0,00;Estação Ecológica do Jari
2022;0,00;Parque Natural Municipal Veredas dos Carajás
2022;0,00;Parque Estadual do Guirá
2022;0,00;Parque Estadual do Cantão
2022;0,00;RPPN Osório Reimão
2022;0,00;RPPN Pioneira do Rio Piquiri
2022;0,00;APA Lago de Palmas
2022;0,00;RPPN Sonhada
2022;0,00;APA do Rio Preto
2022;0,00;APA Municipal do Aricá-Açu
2022;0,00;Parque Estadual do Araguaia
2022;0,00;Parque Natural Municipal de Castanhal/Pará
2022;0,00;Parque Estadual Serra Azul
2022;0,00;Parque Estadual Águas do Cuiabá
2022;0,00;APA da Região do Maracanã
2022;0,00;Parque Nacional da Chapada dos Guimarães
2022;0,00;Floresta Estadual Aripuanã
2022;0,00;Parque Estadual Sumaúma
2022;0,00;RPPN Nova Aurora
2022;0,00;Parque Nacional Nascentes do Lago Jari
2022;0,00;RPPN Peugeot-Onf-Brasil
2022;0,00;Floresta Estadual Apuí
2022;0,00;RPPN Klagesi
2022;0,00;Parque Nacional Serra da Mocidade
2022;0,00;Reserva Extrativista Marinha Caetétaperaçu
2022;0,00;Reserva Extrativista Mae Grande de Curuça
2022;0,00;Reserva de Desenvolvimento Sustentável do Rio Iratapuru
2022;0,00;Reserva Extrativista de Cururupu
2022;0,00;Floresta Estadual de Rendimento Sustentado Araras
2022;0,00;Parque Nacional do Pantanal Matogrossense
2022;0,00;APA das Nascentes de Araguaina
2022;0,00;Parque Nacional da Serra da Cutia
2022;0,00;Reserva de Desenvolvimento Sustentável  Itatupã-Baquiá
2022;0,00;Reserva Extrativista Barreiro das Antas
2022;0,00;RPPN Ilhas Alexandre Rodrigues Ferreira
2022;0,00;Reserva Extrativista Quilombo do Frechal
2022;0,00;Parque Estadual Massairo Okamura
2022;0,00;Refúgio de Vida Silvestre Metrópole da Amazônia
2022;0,00;Reserva Extrativista  do Rio Cautário
2022;0,00;Reserva Extrativista Marinha Cuinarana
2022;0,00;APA do Itapiracó
2022;0,00;Estação Ecológica de Maracá Jipioca
2022;0,00;RPPN Fazenda Bosco
2022;0,00;Reserva Biológica Culuene
2022;0,00;APA Serra da Tabatinga
2022;0,00;APA Nascentes do Rio Paraguai
2022;0,00;Reserva Extrativista Mata Grande
2022;0,00;Reserva Extrativista Itapetininga
2022;0,00;Reserva Extrativista Tapajós Arapiuns
2022;0,00;Reserva Extrativista Castanheira
2022;0,00;Reserva Extrativista Marinha Tracuateua
2022;0,00;Reserva Extrativista Lago do Cedro
2022;0,00;Refúgio de Vida Silvestre Lago Mole
2022;0,00;Parque Estadual da Serra dos Martírios/Andorinhas
2022;0,00;Parque Estadual do Araguaiaa
2022;0,00;Monumento Natural das Árvores Fossilizadas do Estado do Tocantins
2022;0,00;Parque Estadual Zé Bolo Flô
2022;0,00;RPPN Aurora Natura
2022;0,00;Reserva de Desenvolvimento Sustentavel Puranga Conquista
2022;0,00;Parque Estadual Rio Negro Setor Sul
2022;0,00;Parque Natural Municipal Claudino Francio
2022;0,00;Floresta Nacional de Anauá
2022;0,00;Estação Ecológica de Jutaí-Solimões
2022;0,00;Reserva Extrativista Roxinho
2022;0,00;Parque Nacional Viruá
2022;0,00;Parque Nacional Montanhas do Tumucumaque
2022;0,00;Área de Relevante Interesse Ecológica Projeto Dinâmica Biológica de Fragmentos Florestais
2022;0,00;Reserva Extrativista Freijó
2022;0,00;Floresta Nacional do Jamari
2022;0,00;Estação Ecológica de Taiamã
2022;0,00;RPPN Catedral do Jalapão
2022;0,00;RPPN Fazenda Loanda
2022;0,00;Area de Relevante Interesse Ecologico Parque Ambiental Antonio Danubio Lourenço da Silva
2022;0,00;Parque Nacional das Nascentes do Rio Parnaiba
2022;0,00;Reserva Extrativista Marinha de Gurupi-Piriá
2022;0,00;APA  Tapuruquara
2022;0,00;Floresta Estadual de Faro
2022;0,00;Parque Estadual do Matupiri
2022;0,00;RPPN Irmãos Satelis
2022;0,00;Reserva Extrativista Garrote
2022;0,00;Floresta Estadual de Rendimento Sustentado do Rio Machado
2022;0,00;Parque Estadual do Xingu
2022;0,00;Parque Natural Municipal Jardim Botânico
2022;0,00;Monumento Natural Morro Chico Mendes
2022;0,00;Parque Natural Municipal do Cancão
2022;0,00;Reserva Extrativista da Baía do Tubarão
2022;0,00;Floresta Nacional de Macauã
2022;0,00;Reserva de Desenvolvimento Sustentável Rio Amapá
2022;0,00;Parque Nacional da Chapada das Mesas
2022;0,00;Floresta Nacional de Amapá
2022;0,00;Reserva Extrativista Marinha Mestre Lucindo
2022;0,00;RPPN Fazenda Calixto
2022;0,00;Reserva Extrativista do Itaúba
2022;0,00;Reserva Extrativista Curralinho
2022;0,00;Estação Ecológica Rio Flor do Prado
2022;0,00;Parque Estadual Cristalino
2022;0,00;Reserva de Desenvolvimento Sustentável do Tupé
2022;0,00;APA do Rio Curiaú
2022;0,00;Reserva de Desenvolvimento Sustentável Vitória de Souzel
2022;0,00;RPPN Cristalino Iii
2022;0,00;Reserva Biológica Rio Ouro Preto
2022;0,00;Parque Estadual Chandless
2022;0,00;Reserva Extrativista Jatobá
2022;0,00;Reserva Biológica do Jaru
2022;0,00;Parque Nacional de Anavilhanas
2022;0,00;RPPN Sesc Tepequém
2022;0,00;Reserva Extrativista do Rio Unini
2022;0,00;Reserva Extrativista Baixo Rio Branco Jauaperi
2022;0,00;Reserva Biológica do Uatumã
2022;0,00;Reserva Extrativista Sucupira
2022;0,00;Parque Estadual do Sítio do Rangedor
2022;0,00;Estação Ecológica de Cuniã
2022;0,00;Reserva Extrativista Mogno
2022;0,00;Parque Estadual de Monte Alegre
2022;0,00;Area de Proteção Ambiental Taruma/Ponta Negra
2022;0,00;RPPN Bico do Javaés
2022;0,00;Parque Nacional de Pacaás Novos
2022;0,00;Estacao Ecologica Serra Geral do Tocantins
2022;0,00;APA do Salto Magessi
2022;0,00;Reserva de Desenvolvimento Sustentável Igapó-Açu
2022;0,00;Parque Municipal da Cacimba
2022;0,00;Reserva de Desenvolvimento Sustentável do Matupiri
2022;0,00;Parque Natural Municipal Parque Florestal de Sinop
2022;0,00;Reserva Extrativista Seringueira
2022;0,00;Refugio da Vida Silvestre de Colíder
2022;0,00;Parque Natural Municipal Colonizador Jose Bianchini
2022;0,00;Parque Nacional do Cabo Orange
2022;0,00;Reserva Extrativista Rio Xingu
2022;0,00;Parque Natural Municipal Vale do Esperança
2022;0,00;Refúgio de Vida Silvestre Tabuleiro do Embaubal
2022;0,00;Estação Ecológica de Niquiá
2022;0,00;Reserva Extrativista Aquariquara
2022;0,00;RPPN Gibeão
2022;0,00;Reserva Biológica do Guaporé
2022;48,06;Estação Ecológica da Terra do Meio
2022;1,32;Reserva Extrativista do Rio Gregório
2022;0,53;Reserva Extrativista Gurupá-Melgaço
2022;0,09;Reserva de Desenvolvimento Sustentável Campo das Mangabas
2022;2,04;Floresta Nacional de Caxiuanã
2022;0,28;Parque Estadual Serra do Aracá
2022;0,55;Reserva Extrativista Ipê
2022;0,16;APA - Baixo Rio Branco
2022;0,27;Floresta Nacional de Tapirapé-Aquiri
2022;1,13;Floresta Nacional do Aripuanã
2022;0,34;Reserva Extrativista Terra Grande Pracuuba
2022;1,70;Reserva Extrativista Rio Cajari
2022;1,89;Reserva Extrativista Alto Tarauacá
2022;0,86;Parque Nacional da Amazônia
2022;111,39;APA do Tapajós
2022;0,28;Área de Relevante Interesse Ecológico Japiim Pentecoste
2022;0,23;Floresta Estadual do Trombetas
2022;3,73;Parque Nacional dos Campos Amazônicos
2022;1,03;Parque Nacional da Serra do Divisor
2022;7,46;Reserva Biológica Nascentes Serra do Cachimbo
2022;0,28;Floresta Nacional do Amazonas
2022;0,07;Floresta Estadual Canutama
2022;1,94;Floresta Nacional do Trairão
2022;75,49;Reserva Extrativista Jaci-Paraná
2022;0,14;Reserva de Desenvolvimento Sustentável Uacarí
2022;4,46;Reserva Biológica do Gurupi
2022;0,19;Parque Nacional do Acari
2022;0,06;Parque Estadual Serra dos Reis
2022;0,07;Reserva Extrativista Médio Juruá
2022;0,08;Reserva Extrativista do Rio Jutaí
2022;1,81;Parque Nacional da Serra do Pardo
2022;0,43;Parque Nacional do Juruena
2022;0,64;Floresta Nacional de Jacundá
2022;0,08;Floresta Nacional de Pau-Rosa
2022;2,50;APA da Baixada Maranhense
2022;0,02;Parque Estadual de Corumbiara
2022;1,00;APA Margem Esquerda do Rio Negro-Setor Tarumã Açu-Tarumã Mirima
2022;1,58;Reserva de Desenvolvimento Sustentável Mamirauá
2022;0,36;Reserva Extrativista Ituxí
2022;11,14;Parque Nacional do Jamanxim
2022;14,19;Estação Ecológica Samuel
2022;0,16;Reserva de Desenvolvimento Sustentável Amanã
2022;0,17;Parque Estadual Guariba
2022;0,61;Área de Relevante Interesse Ecológica Seringal Nova Esperança
2022;0,14;APA do Igarapé Gelado
2022;0,06;Floresta Nacional de Jatuarana
2022;4,29;Floresta Estadual do Paru
2022;5,54;Reserva Extrativista do Cazumbá-Iracema
2022;0,87;Reserva Extrativista do Médio Purús
2022;5,88;Floresta Nacional de Saracá-Taquera
2022;0,01;Reserva Extrativista Maracatiara
2022;1,59;Reserva Extrativista Arapixi
2022;0,14;Floresta Nacional de Itaituba I
2022;0,28;Reserva de Desenvolvimento Sustentável do Uatumã
2022;3,73;Floresta Nacional de Bom Futuro
2022;0,03;APA do Rio Madeira
2022;1,00;Floresta Nacional de Tapajós
2022;0,69;Floresta Nacional de Roraima
2022;1,28;Floresta Nacional do Iquiri
2022;2,85;Floresta Estadual do Amapá
2022;28,17;Floresta Nacional Altamira
2022;0,33;APA Meandros do Araguaia
2022;0,22;Floresta Estadual de Rendimento Sustentado Gavião
2022;0,24;Reserva de Desenvolvimento Sustentável Cujubim
2022;109,98;Floresta Nacional do Jamanxim
2022;0,13;Reserva Extrativista Mapuá
2022;0,20;Reserva de Desenvolvimento Sustentavel do Rio Madeira
2022;0,14;Reserva de Desenvolvimento Sustentável Canumã
2022;2,06;"Floresta Estadual de Rendimento Sustentado do Rio Madeira ""B"""
2022;14,36;Reserva Extrativista Guariba-Roosevelt
2022;17,27;Floresta Estadual de Iriri
2022;0,08;Floresta Nacional de Purus
2022;0,08;Floresta Nacional de Mapiá-Inauiní
2022;5,62;Estação Ecológica Juami-Japurá
2022;0,61;Floresta Estadual Maúes
2022;0,08;Floresta Estadual de Rendimento Sustentado Tucano
2022;5,46;Reserva Extrativista Riozinho do Anfrísio
2022;12,57;APA do Lago de Tucurui
2022;0,44;Reserva Extrativista Catuá-Ipixuna
2022;84,80;Parque Estadual de Guajará-Mirim
2022;1,65;APA de Upaon-Açu / Miritiba / Alto Preguiças
2022;3,92;Reserva Extrativista Renascer
2022;0,19;Reserva de Desenvolvimento Sustentável Pucuruí - Ararão
2022;1,38;Parque Nacional do Rio Novo
2022;0,16;APA Lago do Amapá
2022;0,20;Parque Nacional do Jaú
2022;0,14;Reserva Biológica Traçadal
2022;0,20;Reserva Extrativista Canutama
2022;14,26;Floresta Nacional de Urupadi
2022;0,59;Reserva Extrativista Arióca Pruanã
2022;0,21;Reserva Extrativista Baixo Juruá
2022;0,01;Reserva de Desenvolvimento Sustentável Alcobaça
2022;23,36;Reserva Extrativista Rio Preto-Jacundá
2022;1,25;Estação Ecológica do Rio Roosevelt
2022;83,84;Reserva Extrativista Chico Mendes
2022;0,06;Reserva de Desenvolvimento Sustentável Aripuanã
2022;0,64;Floresta Estadual Manicoré
2022;1,98;Reserva Extrativista Rio Cautário
2022;4,38;Floresta Nacional de Itaituba Ii
2022;0,74;APA Margem Direita do Rio Negro- Setor Paduari-Solimões
2022;0,23;Floresta Estadual Rio Urubu
2022;0,53;APA de Alter do Chão
2022;14,30;Floresta Estadual de Tapauá
2022;0,23;Parque Estadual Serra Santa Bárbara
2022;4,50;Reserva Extrativista Angelim
2022;0,35;Floresta Nacional de Santa Rosa do Purus
2022;0,65;Reserva Extrativista Rio Pacaás Novos
2022;5,17;Reserva Extrativista Verde Para Sempre
2022;0,10;Reserva Extrativista Auatí-Paraná
2022;1,72;APA Paytuna
2022;0,07;Area de Protecao Ambiental Xeriuini
2022;0,00;Parque Estadual Igarapés do Juruena
2022;0,23;APA dos Campos de Manicoré
2022;1,72;APA Ilha do Bananal/Cantão
2022;0,06;Floresta Nacional de Mulata
2022;0,01;Reserva Extrativista Rio Iriri
2022;8,11;Parque Nacional Mapinguari
2022;0,07;Reserva Extrativista do Lago do Capanã Grande
2022;555,99;APA Triunfo do Xingu
2022;0,11;Reserva Extrativista Marinha Mocapajuba
2022;0,25;APA Margem Esquerda do Rio Negro-Setor Aturiá-Apuauzinho
2022;2,11;Reserva Extrativista Rio Ouro Preto
2022;0,09;APA Nhamundá
2022;0,44;Floresta Nacional de Carajás
2022;0,06;Reserva Extrativista do Ciriáco
2022;0,20;APA das Reentrâncias Maranhenses
2022;9,23;Floresta Nacional do Amaná
2022;1,30;Floresta Nacional de Tefé
2022;1,18;Reserva de Desenvolvimento Sustentável Piagaçu Purus
2022;0,42;Reserva de Desenvolvimento Sustentável do Juma
2022;5,21;Reserva Extrativista Alto Juruá
2022;0,00;Estação Ecológica do Rio Ronuro
2022;6,45;Reserva Extrativista do Guariba
2022;0,33;Floresta Nacional de Balata-Tufari
2022;0,14;Floresta Estadual de Rendimento Sustentado Rio Vermelho (C)
2022;1,46;Estação Ecológica Alto Maués
2022;0,08;Reserva Extrativista Ipaú-Anilzinho
2022;2,36;Reserva Extrativista Riozinho da Liberdade
2022;0,03;Parque Estadual Tucumã
2022;1,46;Floresta Estadual de Rendimento Sustentado Mutum
2022;0,21;Reserva de Desenvolvimento Sustentável do Rio Negro
2022;1,54;APA Igarapé São Francisco
2022;6,99;APA de Presidente Figueiredo - Caverna do Moroaga
2022;2,32;APA do Arquipélago do Marajó
2022;0,05;Parque Nacional do Pico da Neblina
2022;0,16;Reserva Biológica de Maicuru
2022;0,24;Estação Ecológica do Grão Pará
2022;0,35;Floresta Nacional de Itacaiunas
2022;1,32;Floresta Nacional do Crepori
2021;3,02;Floresta Nacional do Crepori
2021;0,00;Reserva Extrativista Marinha de Soure
2021;0,00;Parque Estadual de Águas Quentes
2021;0,00;Parque Natural Municipal Uirapuru
2021;0,00;Floresta Estadual de Rendimento Sustentado Gavião
2021;0,00;APA da Ilha do Combu
2021;0,00;Parque Natural Municipal Lagoa das Garças
2021;0,00;APA Serra do Lajeado
2021;0,00;Parque Estadual das Nascentes do Rio Taquari
2021;0,00;Floresta Estadual de Rendimento Sustentado Periquito
2021;0,00;Parque Estadual do Bacanga
2021;0,00;Parque Natural Muncipal Paulo Viriato Correa da Costa
2021;0,00;Reserva Extrativista Extremo Norte do Tocantins
2021;0,00;Reserva Extrativista Municipal Beija Flor Brilho de Fogo
2021;0,00;APA Bacia do Rio de Janeiro
2021;0,00;Estação Ecológica de Maracá
2021;0,00;Reserva Biológica do Rio Trombetas
2021;0,00;APA Meandros do Araguaia
2021;0,00;Reserva Biológica do Tapirapé
2021;0,00;Reserva Biológica do Lago Piratuba
2021;0,00;Parque Estadual Guariba
2021;0,00;Parque Natural Municipal de Redenção
2021;0,00;Area de Relevante Interesse Ecologico Museu Parque Seringal
2021;0,00;Reserva Biológica do Abufari
2021;0,00;APA Lago de São Salvador do Tocantins, Paranã E Palmeirópolis
2021;0,00;Área de Relevante Interesse Ecológica Javari Buriti
2021;0,00;Reserva Extrativista Marinha Arai-Peroba
2021;0,00;Reserva Extrativista Pedras Negras
2021;0,00;Reserva Extrativista Piquiá
2021;0,00;Floresta Estadual de Rendimento Sustentado Cedro
2021;0,00;APA da Fazendinha
2021;0,00;APA do Juá
2021;0,00;APA Lago de Peixe/Angical
2021;0,00;Reserva Extrativista Chocoaré-Mato Grosso
2021;0,00;APA da Serra do Saubal
2021;0,00;APA Parque Linear do Bindá
2021;0,00;Reserva de Desenvolvimento Sustentável Bararati
2021;0,00;APA Jalapão
2021;0,00;Estação Ecológica da Serra das Araras
2021;0,00;Monumento Natural Morro de Santo Antônio
2021;0,00;Parque Nacional do Araguaia
2021;0,00;Estação Ecológica Serra dos Três Irmãos
2021;0,00;Reserva Extrativista Auatí-Paraná
2021;0,00;APA Foz do Rio Santa Tereza
2021;0,00;Parque Natural Municipal do Morro dos Ventos
2021;0,00;Monumento Natural Canyons E Corredeiras do Rio Sono
2021;0,00;Parque Estadual Sucunduri
2021;0,00;Parque Estadual Charapucu
2021;0,00;Parque Estadual Dom Osório Stoffel
2021;0,00;Reserva Extrativista do Ciriáco
2021;0,00;Parque Estadual do Utinga
2021;0,00;Parque Estadual Mãe Bonifácia
2021;0,00;Floresta Estadual Sucunduri
2021;0,00;Monumento Natural Atalaia
2021;0,00;APA Lago de Santa Isabel
2021;0,00;Floresta Nacional de São Francisco
2021;0,00;APA de Algodoal-Maiandeua
2021;0,00;Parque Estadual do Lajeado
2021;0,00;RPPN Cristalino I
2021;0,00;RPPN Poleiro Grande
2021;0,00;Parque Estadual Encontro das Águas
2021;0,00;Estação Ecológica Rio Acre
2021;0,00;APA da Chapada dos Guimarães
2021;0,00;Reserva Extrativista Massaranduba
2021;0,00;Refúgio de Vida Silvestre Padre Sérgio Tonetto
2021;0,00;Reserva Extrativista Arapiranga-Tromaí
2021;0,00;Refúgio de Vida Silvestre Corixão da Mata Azul
2021;0,00;Parque Estadual do Jalapão
2021;0,00;Estação Ecológica do Jari
2021;0,00;Parque Natural Municipal Veredas dos Carajás
2021;0,00;Parque Estadual do Guirá
2021;0,00;RPPN Osório Reimão
2021;0,00;RPPN Pioneira do Rio Piquiri
2021;0,00;APA Lago de Palmas
2021;0,00;RPPN Sonhada
2021;0,00;APA do Rio Preto
2021;0,00;APA Municipal do Aricá-Açu
2021;0,00;Parque Estadual do Araguaia
2021;0,00;Parque Natural Municipal de Castanhal/Pará
2021;0,00;Parque Estadual Serra Azul
2021;0,00;Parque Estadual Águas do Cuiabá
2021;0,00;Parque Nacional da Chapada dos Guimarães
2021;0,00;Floresta Estadual Aripuanã
2021;0,00;Parque Estadual Sumaúma
2021;0,00;RPPN Nova Aurora
2021;0,00;Parque Nacional Nascentes do Lago Jari
2021;0,00;RPPN Peugeot-Onf-Brasil
2021;0,00;Floresta Estadual Apuí
2021;0,00;RPPN Klagesi
2021;0,00;Parque Nacional Serra da Mocidade
2021;0,00;Reserva Extrativista Marinha Caetétaperaçu
2021;0,00;Reserva Extrativista de Cururupu
2021;0,00;Floresta Estadual Rio Urubu
2021;0,00;Parque Nacional do Pantanal Matogrossense
2021;0,00;APA das Nascentes de Araguaina
2021;0,00;Reserva de Desenvolvimento Sustentável Cujubim
2021;0,00;Parque Nacional da Serra da Cutia
2021;0,00;Reserva de Desenvolvimento Sustentável  Itatupã-Baquiá
2021;0,00;Reserva Extrativista Barreiro das Antas
2021;0,00;Reserva de Desenvolvimento Sustentável Mamirauá
2021;0,00;RPPN Ilhas Alexandre Rodrigues Ferreira
2021;0,00;Reserva Extrativista Quilombo do Frechal
2021;0,00;Parque Estadual Massairo Okamura
2021;0,00;Refúgio de Vida Silvestre Metrópole da Amazônia
2021;0,00;Reserva Extrativista  do Rio Cautário
2021;0,00;APA do Itapiracó
2021;0,00;Estação Ecológica de Maracá Jipioca
2021;0,00;RPPN Fazenda Bosco
2021;0,00;Reserva Biológica Culuene
2021;0,00;APA Serra da Tabatinga
2021;0,00;APA Nascentes do Rio Paraguai
2021;0,00;Reserva Extrativista Mata Grande
2021;0,00;Reserva Extrativista Marinha Mocapajuba
2021;0,00;Reserva Extrativista Itapetininga
2021;0,00;Reserva Extrativista Castanheira
2021;0,00;Reserva Extrativista Marinha Tracuateua
2021;0,00;Parque Estadual Igarapés do Juruena
2021;0,00;Reserva Extrativista Lago do Cedro
2021;0,00;Refúgio de Vida Silvestre Lago Mole
2021;0,00;Reserva Extrativista São João da Ponta
2021;0,00;Parque Estadual do Araguaiaa
2021;0,00;Monumento Natural das Árvores Fossilizadas do Estado do Tocantins
2021;0,00;Parque Estadual Zé Bolo Flô
2021;0,00;RPPN Aurora Natura
2021;0,00;Reserva de Desenvolvimento Sustentavel Puranga Conquista
2021;0,00;Parque Estadual Rio Negro Setor Sul
2021;0,00;Parque Natural Municipal Claudino Francio
2021;0,00;Floresta Nacional de Anauá
2021;0,00;Estação Ecológica do Rio Ronuro
2021;0,00;Estação Ecológica de Jutaí-Solimões
2021;0,00;Reserva Extrativista Roxinho
2021;0,00;Parque Nacional Viruá
2021;0,00;Área de Relevante Interesse Ecológica Projeto Dinâmica Biológica de Fragmentos Florestais
2021;0,00;Estação Ecológica de Taiamã
2021;0,00;RPPN Catedral do Jalapão
2021;0,00;RPPN Fazenda Loanda
2021;0,00;Area de Relevante Interesse Ecologico Parque Ambiental Antonio Danubio Lourenço da Silva
2021;0,00;Parque Nacional do Jaú
2021;0,00;Parque Nacional das Nascentes do Rio Parnaiba
2021;0,00;Reserva Extrativista Marinha de Gurupi-Piriá
2021;0,00;Parque Estadual do Matupiri
2021;0,00;Reserva Extrativista do Rio Jutaí
2021;0,00;RPPN Irmãos Satelis
2021;0,00;Reserva Extrativista Garrote
2021;0,00;Parque Estadual do Xingu
2021;0,00;Parque Natural Municipal Jardim Botânico
2021;0,00;Monumento Natural Morro Chico Mendes
2021;0,00;Reserva de Desenvolvimento Sustentável Aripuanã
2021;0,00;Parque Natural Municipal do Cancão
2021;0,00;Floresta Estadual de Rendimento Sustentado Tucano
2021;0,00;Reserva Extrativista da Baía do Tubarão
2021;0,00;Floresta Nacional de Macauã
2021;0,00;Reserva de Desenvolvimento Sustentável Rio Amapá
2021;0,00;Parque Nacional da Chapada das Mesas
2021;0,00;Floresta Nacional de Amapá
2021;0,00;RPPN Fazenda Calixto
2021;0,00;Reserva Extrativista do Itaúba
2021;0,00;Reserva Extrativista Curralinho
2021;0,00;Estação Ecológica Rio Flor do Prado
2021;0,00;Parque Estadual Cristalino
2021;0,00;Reserva Biológica Traçadal
2021;0,00;Reserva de Desenvolvimento Sustentável do Tupé
2021;0,00;APA do Rio Curiaú
2021;0,00;Reserva de Desenvolvimento Sustentável Vitória de Souzel
2021;0,00;RPPN Cristalino Iii
2021;0,00;Reserva Biológica Rio Ouro Preto
2021;0,00;Parque Estadual Chandless
2021;0,00;Reserva Extrativista Jatobá
2021;0,00;Parque Nacional de Anavilhanas
2021;0,00;RPPN Sesc Tepequém
2021;0,00;Reserva Biológica do Uatumã
2021;0,00;Reserva Extrativista Sucupira
2021;0,00;Parque Estadual do Sítio do Rangedor
2021;0,00;Estação Ecológica de Cuniã
2021;0,00;RPPN Bico do Javaés
2021;0,00;Parque Nacional de Pacaás Novos
2021;0,00;Estacao Ecologica Serra Geral do Tocantins
2021;0,00;Reserva de Desenvolvimento Sustentável Igapó-Açu
2021;0,00;Parque Municipal da Cacimba
2021;0,00;Reserva de Desenvolvimento Sustentável do Matupiri
2021;0,00;Parque Natural Municipal Parque Florestal de Sinop
2021;0,00;Reserva Extrativista Seringueira
2021;0,00;Refugio da Vida Silvestre de Colíder
2021;0,00;Parque Natural Municipal Colonizador Jose Bianchini
2021;0,00;Parque Nacional do Cabo Orange
2021;0,00;Parque Natural Municipal Vale do Esperança
2021;0,00;Refúgio de Vida Silvestre Tabuleiro do Embaubal
2021;0,00;Estação Ecológica de Niquiá
2021;0,00;RPPN Gibeão
2021;29,52;Estação Ecológica da Terra do Meio
2021;0,72;Reserva Extrativista do Rio Gregório
2021;0,08;Reserva Extrativista Gurupá-Melgaço
2021;0,00;Reserva Extrativista Freijó
2021;0,07;Reserva de Desenvolvimento Sustentável Campo das Mangabas
2021;0,21;Reserva Biológica do Manicoré
2021;5,49;Floresta Nacional de Caxiuanã
2021;0,22;Reserva Extrativista Marinha Cuinarana
2021;0,26;Parque Estadual Serra Ricardo Franco
2021;0,14;Parque Estadual Serra do Aracá
2021;0,03;Parque Estadual de Monte Alegre
2021;0,00;Floresta Estadual de Rendimento Sustentado do Rio Machado
2021;0,02;Floresta Nacional de Humaitá
2021;0,22;Reserva Extrativista Ipê
2021;0,10;APA - Baixo Rio Branco
2021;1,12;APA  Tapuruquara
2021;0,48;Floresta Nacional de Tapirapé-Aquiri
2021;0,00;Reserva Extrativista Maracanã
2021;3,84;Floresta Nacional do Aripuanã
2021;1,24;Reserva Biológica do Jaru
2021;0,63;Reserva Extrativista Terra Grande Pracuuba
2021;0,10;Reserva de Desenvolvimento Sustentável do Rio Iratapuru
2021;3,03;Reserva Extrativista Rio Cajari
2021;1,24;Reserva Extrativista Alto Tarauacá
2021;0,97;Parque Nacional da Amazônia
2021;106,67;APA do Tapajós
2021;0,07;Área de Relevante Interesse Ecológico Japiim Pentecoste
2021;0,68;Floresta Estadual do Trombetas
2021;7,54;Parque Nacional dos Campos Amazônicos
2021;0,14;Reserva Extrativista Baixo Rio Branco Jauaperi
2021;1,39;Parque Nacional da Serra do Divisor
2021;10,69;Reserva Biológica Nascentes Serra do Cachimbo
2021;0,22;Floresta Nacional do Amazonas
2021;0,25;Floresta Estadual Canutama
2021;2,00;Floresta Nacional do Trairão
2021;3,07;APA do Salto Magessi
2021;107,09;Reserva Extrativista Jaci-Paraná
2021;0,40;Reserva de Desenvolvimento Sustentável Uacarí
2021;4,95;Reserva Biológica do Gurupi
2021;0,08;Parque Nacional do Acari
2021;0,04;Parque Estadual Serra dos Reis
2021;0,08;Reserva Extrativista Aquariquara
2021;0,13;Reserva Extrativista Médio Juruá
2021;0,87;Parque Nacional da Serra do Pardo
2021;0,67;Parque Nacional do Juruena
2021;1,83;Floresta Nacional de Jacundá
2021;0,07;Floresta Nacional de Pau-Rosa
2021;8,73;APA da Baixada Maranhense
2021;0,19;Floresta Nacional de Itacaiunas
2021;0,54;APA Margem Esquerda do Rio Negro-Setor Tarumã Açu-Tarumã Mirima
2021;0,24;Area de Proteção Ambiental Taruma/Ponta Negra
2021;1,25;Reserva Extrativista Ituxí
2021;13,44;Parque Nacional do Jamanxim
2021;7,41;Estação Ecológica Samuel
2021;1,07;Reserva de Desenvolvimento Sustentável Amanã
2021;0,22;Floresta Estadual de Rendimento Sustentado Araras
2021;0,11;Reserva Biológica Morro dos Seis Lagos
2021;0,09;Parque Estadual Rio Negro Setor Norte
2021;0,04;Reserva Extrativista Marinha Mestre Lucindo
2021;1,19;Área de Relevante Interesse Ecológica Seringal Nova Esperança
2021;0,08;APA do Igarapé Gelado
2021;0,11;Floresta Nacional de Jatuarana
2021;10,89;Floresta Estadual do Paru
2021;4,69;Reserva Extrativista do Cazumbá-Iracema
2021;1,92;Reserva Extrativista do Médio Purús
2021;4,10;Floresta Nacional de Saracá-Taquera
2021;0,04;Reserva Extrativista Mae Grande de Curuça
2021;0,02;Reserva Extrativista Maracatiara
2021;0,43;Parque Nacional Montanhas do Tumucumaque
2021;2,35;Reserva Extrativista Arapixi
2021;1,48;Floresta Nacional de Itaituba I
2021;0,34;Reserva de Desenvolvimento Sustentável do Uatumã
2021;11,22;Floresta Nacional de Bom Futuro
2021;0,24;APA do Rio Madeira
2021;0,13;Parque Estadual do Cantão
2021;0,27;Floresta Nacional de Tapajós
2021;0,50;Floresta Nacional de Roraima
2021;0,00;Reserva Extrativista Mogno
2021;1,15;Floresta Nacional do Iquiri
2021;1,33;Floresta Estadual do Amapá
2021;35,57;Floresta Nacional Altamira
2021;190,02;Floresta Nacional do Jamanxim
2021;0,13;Reserva Extrativista Mapuá
2021;0,12;Parque Nacional do Monte Roraima
2021;0,62;Reserva de Desenvolvimento Sustentavel do Rio Madeira
2021;0,07;Reserva de Desenvolvimento Sustentável Canumã
2021;4,73;"Floresta Estadual de Rendimento Sustentado do Rio Madeira ""B"""
2021;11,37;Reserva Extrativista Guariba-Roosevelt
2021;0,54;Floresta Estadual de Faro
2021;6,10;Floresta Estadual de Iriri
2021;0,28;Floresta Nacional de Purus
2021;0,09;Floresta Nacional de Mapiá-Inauiní
2021;2,96;Estação Ecológica Juami-Japurá
2021;0,14;Floresta Estadual Maúes
2021;0,01;Parque Nacional dos Campos Ferruginosos
2021;3,57;Reserva Extrativista Riozinho do Anfrísio
2021;22,46;APA do Lago de Tucurui
2021;1,39;Reserva Extrativista Catuá-Ipixuna
2021;28,89;Parque Estadual de Guajará-Mirim
2021;3,85;APA de Upaon-Açu / Miritiba / Alto Preguiças
2021;2,83;Reserva Extrativista Renascer
2021;0,07;Reserva Extrativista Lago do Cuniã
2021;0,30;Reserva de Desenvolvimento Sustentável Pucuruí - Ararão
2021;1,75;Parque Nacional do Rio Novo
2021;0,08;APA Lago do Amapá
2021;0,14;Reserva Extrativista Canutama
2021;2,69;Floresta Nacional de Urupadi
2021;1,25;Reserva Extrativista Arióca Pruanã
2021;1,00;Reserva Extrativista Baixo Juruá
2021;0,57;Floresta Nacional do Jamari
2021;0,04;Reserva de Desenvolvimento Sustentável Alcobaça
2021;9,49;Reserva Extrativista Rio Preto-Jacundá
2021;2,13;Estação Ecológica do Rio Roosevelt
2021;88,03;Reserva Extrativista Chico Mendes
2021;0,18;Reserva Biológica do Guaporé
2021;0,65;Floresta Estadual Manicoré
2021;1,97;Reserva Extrativista Rio Cautário
2021;16,12;Floresta Nacional de Itaituba Ii
2021;1,09;APA Margem Direita do Rio Negro- Setor Paduari-Solimões
2021;0,07;APA das Cabeceiras do Rio Cuiabá
2021;0,09;APA de Alter do Chão
2021;1,94;Floresta Estadual de Tapauá
2021;0,19;APA de São Geraldo do Araguaia
2021;0,29;Parque Estadual Serra Santa Bárbara
2021;0,55;Reserva Extrativista Angelim
2021;0,49;Floresta Nacional de Santa Rosa do Purus
2021;0,10;Reserva Extrativista Rio Pacaás Novos
2021;11,13;Reserva Extrativista Verde Para Sempre
2021;0,08;APA da Região Metrolpolitana de Belém
2021;0,69;APA Paytuna
2021;0,09;Area de Protecao Ambiental Xeriuini
2021;0,00;APA da Região do Maracanã
2021;0,20;APA dos Campos de Manicoré
2021;1,42;APA Ilha do Bananal/Cantão
2021;0,09;Floresta Nacional de Mulata
2021;0,18;Reserva Extrativista Rio Iriri
2021;0,04;Reserva Extrativista Rio Xingu
2021;3,95;Parque Nacional Mapinguari
2021;0,79;Reserva Extrativista do Lago do Capanã Grande
2021;531,74;APA Triunfo do Xingu
2021;1,00;APA Margem Esquerda do Rio Negro-Setor Aturiá-Apuauzinho
2021;0,94;Reserva Extrativista Rio Ouro Preto
2021;0,11;APA Nhamundá
2021;0,48;Floresta Nacional de Carajás
2021;1,30;APA das Reentrâncias Maranhenses
2021;9,41;Floresta Nacional do Amaná
2021;6,46;Floresta Nacional de Tefé
2021;0,07;Reserva Extrativista do Rio Unini
2021;0,74;Reserva de Desenvolvimento Sustentável Piagaçu Purus
2021;0,85;Reserva de Desenvolvimento Sustentável do Juma
2021;3,26;Reserva Extrativista Alto Juruá
2021;3,94;Reserva Extrativista do Guariba
2021;1,39;Floresta Nacional de Balata-Tufari
2021;0,03;Floresta Estadual de Rendimento Sustentado Rio Vermelho (C)
2021;0,34;Estação Ecológica Alto Maués
2021;0,36;Reserva Extrativista Ipaú-Anilzinho
2021;2,10;Reserva Extrativista Riozinho da Liberdade
2021;0,01;Parque Estadual Tucumã
2021;2,32;Floresta Estadual de Rendimento Sustentado Mutum
2021;0,37;Reserva de Desenvolvimento Sustentável do Rio Negro
2021;0,60;Reserva Extrativista Tapajós Arapiuns
2021;0,68;APA Igarapé São Francisco
2021;7,32;APA de Presidente Figueiredo - Caverna do Moroaga
2021;6,78;APA do Arquipélago do Marajó
2021;0,59;Parque Nacional do Pico da Neblina
2021;0,26;Reserva Biológica de Maicuru
2021;0,15;Estação Ecológica do Grão Pará
2021;0,16;Parque Estadual de Corumbiara
2021;0,00;Parque Estadual da Serra dos Martírios/Andorinhas
2020;0,00;Reserva Extrativista Lago do Cedro
2020;0,00;APA das Cabeceiras do Rio Cuiabá
2020;0,00;Reserva Extrativista Marinha de Soure
2020;0,00;Parque Estadual de Águas Quentes
2020;0,00;Parque Natural Municipal Uirapuru
2020;0,00;Floresta Estadual de Rendimento Sustentado Gavião
2020;0,00;APA da Ilha do Combu
2020;0,00;Parque Natural Municipal Lagoa das Garças
2020;0,00;APA Serra do Lajeado
2020;0,00;Parque Estadual das Nascentes do Rio Taquari
2020;0,00;Parque Estadual do Bacanga
2020;0,00;Reserva Extrativista Maracanã
2020;0,00;Floresta Nacional de Humaitá
2020;0,00;Parque Natural Muncipal Paulo Viriato Correa da Costa
2020;0,00;Reserva Extrativista Extremo Norte do Tocantins
2020;0,00;Parque Nacional dos Campos Ferruginosos
2020;0,00;APA Lago do Amapá
2020;0,00;Reserva Extrativista Municipal Beija Flor Brilho de Fogo
2020;0,00;APA Bacia do Rio de Janeiro
2020;0,00;Estação Ecológica de Maracá
2020;0,00;Reserva Biológica do Tapirapé
2020;0,00;Área de Relevante Interesse Ecológico Japiim Pentecoste
2020;0,00;Reserva Biológica do Lago Piratuba
2020;0,00;Parque Estadual Guariba
2020;0,00;Parque Natural Municipal de Redenção
2020;0,00;Area de Relevante Interesse Ecologico Museu Parque Seringal
2020;0,00;Reserva Biológica Morro dos Seis Lagos
2020;0,00;APA Lago de São Salvador do Tocantins, Paranã E Palmeirópolis
2020;0,00;Parque Estadual Serra Ricardo Franco
2020;0,00;Área de Relevante Interesse Ecológica Javari Buriti
2020;0,00;Reserva Extrativista Marinha Arai-Peroba
2020;0,00;Reserva Extrativista Pedras Negras
2020;0,00;Reserva Extrativista Piquiá
2020;0,00;Floresta Estadual de Rendimento Sustentado Cedro
2020;0,00;APA da Fazendinha
2020;0,00;APA do Juá
2020;0,00;APA Lago de Peixe/Angical
2020;0,00;Reserva Extrativista Chocoaré-Mato Grosso
2020;0,00;Reserva Extrativista Lago do Cuniã
2020;0,00;APA da Serra do Saubal
2020;0,00;APA Parque Linear do Bindá
2020;0,00;APA da Região Metrolpolitana de Belém
2020;0,00;Reserva de Desenvolvimento Sustentável Bararati
2020;0,00;APA Jalapão
2020;0,00;Estação Ecológica da Serra das Araras
2020;0,00;Monumento Natural Morro de Santo Antônio
2020;0,00;Parque Nacional do Araguaia
2020;0,00;Estação Ecológica Serra dos Três Irmãos
2020;0,00;Reserva Extrativista Auatí-Paraná
2020;0,00;APA Foz do Rio Santa Tereza
2020;0,00;Parque Natural Municipal do Morro dos Ventos
2020;0,00;Monumento Natural Canyons E Corredeiras do Rio Sono
2020;0,00;Parque Estadual Sucunduri
2020;0,00;Parque Estadual Charapucu
2020;0,00;Parque Estadual Dom Osório Stoffel
2020;0,00;Parque Estadual Rio Negro Setor Norte
2020;0,00;Parque Estadual do Utinga
2020;0,00;Parque Estadual Mãe Bonifácia
2020;0,00;Floresta Estadual Sucunduri
2020;0,00;Monumento Natural Atalaia
2020;0,00;APA Lago de Santa Isabel
2020;0,00;Floresta Nacional de São Francisco
2020;0,00;APA de Algodoal-Maiandeua
2020;0,00;Parque Estadual do Lajeado
2020;0,00;RPPN Cristalino I
2020;0,00;RPPN Poleiro Grande
2020;0,00;Floresta Estadual Manicoré
2020;0,00;Estação Ecológica Rio Acre
2020;0,00;Reserva Extrativista Massaranduba
2020;0,00;Refúgio de Vida Silvestre Padre Sérgio Tonetto
2020;0,00;Reserva Extrativista Arapiranga-Tromaí
2020;0,00;Refúgio de Vida Silvestre Corixão da Mata Azul
2020;0,00;Parque Estadual do Jalapão
2020;0,00;Estação Ecológica do Jari
2020;0,00;Parque Natural Municipal Veredas dos Carajás
2020;0,00;Parque Estadual do Guirá
2020;0,00;Parque Estadual do Cantão
2020;0,00;RPPN Osório Reimão
2020;0,00;RPPN Pioneira do Rio Piquiri
2020;0,00;APA Lago de Palmas
2020;0,00;RPPN Sonhada
2020;0,00;APA do Rio Preto
2020;0,00;APA Municipal do Aricá-Açu
2020;0,00;Parque Estadual do Araguaia
2020;0,00;Parque Natural Municipal de Castanhal/Pará
2020;0,00;Parque Estadual Serra Azul
2020;0,00;Parque Estadual Águas do Cuiabá
2020;0,00;Parque Nacional da Chapada dos Guimarães
2020;0,00;Floresta Estadual Aripuanã
2020;0,00;Parque Estadual Sumaúma
2020;0,00;RPPN Nova Aurora
2020;0,00;RPPN Peugeot-Onf-Brasil
2020;0,00;Floresta Estadual Apuí
2020;0,00;RPPN Klagesi
2020;0,00;Parque Nacional Serra da Mocidade
2020;0,00;Reserva Extrativista Marinha Caetétaperaçu
2020;0,00;Reserva Extrativista de Cururupu
2020;0,00;Floresta Estadual Rio Urubu
2020;0,00;Parque Nacional do Pantanal Matogrossense
2020;0,00;APA das Nascentes de Araguaina
2020;0,00;Parque Nacional da Serra da Cutia
2020;0,00;Reserva de Desenvolvimento Sustentável  Itatupã-Baquiá
2020;0,00;Reserva Extrativista Barreiro das Antas
2020;0,00;Reserva de Desenvolvimento Sustentável Mamirauá
2020;0,00;RPPN Ilhas Alexandre Rodrigues Ferreira
2020;0,00;Reserva Extrativista Quilombo do Frechal
2020;0,00;Parque Estadual Massairo Okamura
2020;0,00;Refúgio de Vida Silvestre Metrópole da Amazônia
2020;0,00;Reserva Extrativista  do Rio Cautário
2020;0,00;APA do Itapiracó
2020;0,00;Estação Ecológica de Maracá Jipioca
2020;0,00;RPPN Fazenda Bosco
2020;0,00;Reserva Biológica Culuene
2020;0,00;APA Serra da Tabatinga
2020;0,00;APA Nascentes do Rio Paraguai
2020;0,00;Reserva Extrativista Mata Grande
2020;0,00;Reserva Extrativista Marinha Mocapajuba
2020;0,00;Reserva Extrativista Itapetininga
2020;0,00;Reserva Extrativista Castanheira
2020;0,00;Reserva Extrativista Marinha Tracuateua
2020;0,00;Reserva Extrativista São João da Ponta
2020;0,00;Refúgio de Vida Silvestre Lago Mole
2020;0,00;Floresta Estadual de Rendimento Sustentado Rio Vermelho (C)
2020;0,00;Parque Estadual da Serra dos Martírios/Andorinhas
2020;0,00;Parque Estadual do Araguaiaa
2020;0,00;Monumento Natural das Árvores Fossilizadas do Estado do Tocantins
2020;0,00;Parque Estadual Zé Bolo Flô
2020;0,00;RPPN Aurora Natura
2020;0,00;Parque Estadual Rio Negro Setor Sul
2020;0,00;Parque Natural Municipal Claudino Francio
2020;0,00;Floresta Nacional de Anauá
2020;0,00;Estação Ecológica do Rio Ronuro
2020;0,00;APA Paytuna
2020;0,00;Reserva Extrativista Roxinho
2020;0,00;Parque Estadual de Corumbiara
2020;0,00;Parque Nacional Viruá
2020;0,00;Área de Relevante Interesse Ecológica Projeto Dinâmica Biológica de Fragmentos Florestais
2020;0,00;Reserva Extrativista Freijó
2020;0,00;Estação Ecológica de Taiamã
2020;0,00;RPPN Catedral do Jalapão
2020;0,00;RPPN Fazenda Loanda
2020;0,00;Area de Relevante Interesse Ecologico Parque Ambiental Antonio Danubio Lourenço da Silva
2020;0,00;Parque Nacional das Nascentes do Rio Parnaiba
2020;0,00;Reserva Extrativista Marinha de Gurupi-Piriá
2020;0,00;Parque Estadual do Matupiri
2020;0,00;RPPN Irmãos Satelis
2020;0,00;Reserva Extrativista Garrote
2020;0,00;Floresta Estadual de Rendimento Sustentado do Rio Machado
2020;0,00;Parque Estadual do Xingu
2020;0,00;Parque Natural Municipal Jardim Botânico
2020;0,00;Monumento Natural Morro Chico Mendes
2020;0,00;Reserva de Desenvolvimento Sustentável Aripuanã
2020;0,00;Parque Estadual Tucumã
2020;0,00;Parque Natural Municipal do Cancão
2020;0,00;Floresta Estadual Canutama
2020;0,00;Reserva Extrativista da Baía do Tubarão
2020;0,00;Floresta Nacional de Macauã
2020;0,00;Reserva de Desenvolvimento Sustentável Rio Amapá
2020;0,00;Parque Nacional da Chapada das Mesas
2020;0,00;Floresta Nacional de Amapá
2020;0,00;Estação Ecológica Samuel
2020;0,00;Reserva Extrativista Marinha Mestre Lucindo
2020;0,00;RPPN Fazenda Calixto
2020;0,00;Reserva Extrativista do Itaúba
2020;0,00;Reserva Extrativista Curralinho
2020;0,00;Estação Ecológica Rio Flor do Prado
2020;0,00;Reserva Biológica Traçadal
2020;0,00;Reserva de Desenvolvimento Sustentável do Tupé
2020;0,00;APA do Rio Curiaú
2020;0,00;Reserva de Desenvolvimento Sustentável Vitória de Souzel
2020;0,00;RPPN Cristalino Iii
2020;0,00;Reserva Biológica Rio Ouro Preto
2020;0,00;Parque Estadual Chandless
2020;0,00;Reserva Extrativista Jatobá
2020;0,00;Reserva Biológica do Jaru
2020;0,00;Parque Nacional de Anavilhanas
2020;0,00;RPPN Sesc Tepequém
2020;0,00;Reserva Extrativista Baixo Rio Branco Jauaperi
2020;0,00;Reserva Biológica do Uatumã
2020;0,00;Estação Ecológica de Cuniã
2020;0,00;Reserva Extrativista Mogno
2020;0,00;Parque Estadual de Monte Alegre
2020;0,00;RPPN Bico do Javaés
2020;0,00;APA Nhamundá
2020;0,00;Estacao Ecologica Serra Geral do Tocantins
2020;0,00;APA do Salto Magessi
2020;0,00;Estação Ecológica do Grão Pará
2020;0,00;Reserva de Desenvolvimento Sustentável Igapó-Açu
2020;0,00;Parque Municipal da Cacimba
2020;0,00;Reserva de Desenvolvimento Sustentável do Matupiri
2020;0,00;Parque Natural Municipal Parque Florestal de Sinop
2020;0,00;Reserva Extrativista Seringueira
2020;0,00;Refugio da Vida Silvestre de Colíder
2020;0,00;Parque Natural Municipal Colonizador Jose Bianchini
2020;0,00;Parque Nacional do Cabo Orange
2020;0,00;Reserva Extrativista do Lago do Capanã Grande
2020;0,00;Reserva Extrativista Rio Xingu
2020;0,00;Reserva Extrativista Rio Pacaás Novos
2020;0,00;Parque Natural Municipal Vale do Esperança
2020;0,00;APA dos Campos de Manicoré
2020;0,00;Refúgio de Vida Silvestre Tabuleiro do Embaubal
2020;0,00;Estação Ecológica de Niquiá
2020;0,00;Reserva Extrativista Aquariquara
2020;0,00;RPPN Gibeão
2020;0,00;Reserva Biológica do Guaporé
2020;15,37;Estação Ecológica da Terra do Meio
2020;0,70;Reserva Extrativista do Rio Gregório
2020;0,51;Parque Nacional de Pacaás Novos
2020;0,23;Reserva de Desenvolvimento Sustentável Cujubim
2020;122,33;Floresta Nacional do Jamanxim
2020;0,26;Reserva Extrativista Gurupá-Melgaço
2020;0,07;Reserva Extrativista Mapuá
2020;0,05;Parque Nacional do Monte Roraima
2020;0,07;APA da Chapada dos Guimarães
2020;0,10;Reserva de Desenvolvimento Sustentável Campo das Mangabas
2020;0,13;Parque Estadual Cristalino
2020;0,06;Reserva Biológica do Manicoré
2020;0,16;Reserva de Desenvolvimento Sustentavel do Rio Madeira
2020;1,03;Floresta Nacional de Caxiuanã
2020;0,01;Reserva de Desenvolvimento Sustentável Canumã
2020;1,12;"Floresta Estadual de Rendimento Sustentado do Rio Madeira ""B"""
2020;0,38;Reserva Extrativista Marinha Cuinarana
2020;11,68;Reserva Extrativista Guariba-Roosevelt
2020;0,63;Floresta Estadual de Faro
2020;18,18;Floresta Estadual de Iriri
2020;0,24;Parque Estadual Serra do Aracá
2020;0,08;Floresta Estadual de Rendimento Sustentado Periquito
2020;0,70;Floresta Nacional de Purus
2020;0,38;Floresta Nacional de Mapiá-Inauiní
2020;0,56;Reserva Extrativista Ipê
2020;0,08;APA - Baixo Rio Branco
2020;0,79;APA  Tapuruquara
2020;0,01;Parque Estadual do Sítio do Rangedor
2020;0,14;Estação Ecológica Juami-Japurá
2020;1,74;Floresta Nacional de Tapirapé-Aquiri
2020;0,62;Floresta Estadual Maúes
2020;0,02;Reserva Extrativista Sucupira
2020;0,20;Floresta Estadual de Rendimento Sustentado Tucano
2020;2,99;Floresta Nacional do Crepori
2020;1,04;Floresta Nacional do Aripuanã
2020;2,49;Reserva Extrativista Riozinho do Anfrísio
2020;23,48;APA do Lago de Tucurui
2020;0,73;Reserva Extrativista Terra Grande Pracuuba
2020;0,01;Reserva de Desenvolvimento Sustentável do Rio Iratapuru
2020;1,58;Reserva Extrativista Catuá-Ipixuna
2020;0,98;Reserva Extrativista Rio Cajari
2020;3,04;Reserva Extrativista Alto Tarauacá
2020;7,53;Parque Estadual de Guajará-Mirim
2020;7,13;APA de Upaon-Açu / Miritiba / Alto Preguiças
2020;3,79;Reserva Extrativista Renascer
2020;0,05;Reserva de Desenvolvimento Sustentável Pucuruí - Ararão
2020;0,71;Parque Nacional da Amazônia
2020;1,06;Parque Nacional do Rio Novo
2020;0,29;Parque Nacional do Jaú
2020;0,13;Reserva Extrativista Canutama
2020;69,63;APA do Tapajós
2020;0,14;Parque Nacional Nascentes do Lago Jari
2020;1,35;Floresta Nacional de Urupadi
2020;0,12;Reserva Extrativista Arióca Pruanã
2020;0,50;Reserva Extrativista Baixo Juruá
2020;0,66;Floresta Nacional do Jamari
2020;0,01;Reserva de Desenvolvimento Sustentável Alcobaça
2020;7,30;Reserva Extrativista Rio Preto-Jacundá
2020;2,96;Estação Ecológica do Rio Roosevelt
2020;0,16;Floresta Estadual do Trombetas
2020;5,19;Parque Nacional dos Campos Amazônicos
2020;4,16;Parque Nacional da Serra do Divisor
2020;59,25;Reserva Extrativista Chico Mendes
2020;26,00;Reserva Biológica Nascentes Serra do Cachimbo
2020;0,31;Floresta Nacional do Amazonas
2020;0,70;Reserva Extrativista Rio Cautário
2020;13,34;Floresta Nacional de Itaituba Ii
2020;4,27;APA Margem Direita do Rio Negro- Setor Paduari-Solimões
2020;2,03;Floresta Nacional do Trairão
2020;103,62;Reserva Extrativista Jaci-Paraná
2020;0,08;Reserva de Desenvolvimento Sustentável Uacarí
2020;0,31;Reserva de Desenvolvimento Sustentavel Puranga Conquista
2020;3,39;Reserva Biológica do Gurupi
2020;1,92;Parque Nacional do Acari
2020;0,01;Parque Estadual Serra dos Reis
2020;0,06;APA de Alter do Chão
2020;0,62;Floresta Estadual de Tapauá
2020;0,07;APA de São Geraldo do Araguaia
2020;0,60;Reserva Extrativista Médio Juruá
2020;0,67;Reserva Extrativista do Rio Jutaí
2020;0,67;Parque Nacional da Serra do Pardo
2020;1,42;Parque Estadual Serra Santa Bárbara
2020;0,90;Reserva Extrativista Angelim
2020;0,62;Floresta Nacional de Santa Rosa do Purus
2020;0,38;Parque Nacional do Juruena
2020;0,97;Floresta Nacional de Jacundá
2020;8,62;Reserva Extrativista Verde Para Sempre
2020;0,00;Floresta Nacional de Pau-Rosa
2020;25,24;APA da Baixada Maranhense
2020;1,99;APA Margem Esquerda do Rio Negro-Setor Tarumã Açu-Tarumã Mirima
2020;0,19;Area de Protecao Ambiental Xeriuini
2020;0,12;APA da Região do Maracanã
2020;0,02;Parque Estadual Igarapés do Juruena
2020;1,41;APA Ilha do Bananal/Cantão
2020;0,17;Area de Proteção Ambiental Taruma/Ponta Negra
2020;0,17;Floresta Nacional de Mulata
2020;0,07;Reserva Extrativista Rio Iriri
2020;0,26;Reserva Extrativista Ituxí
2020;0,08;Reserva Biológica do Rio Trombetas
2020;8,62;Parque Nacional do Jamanxim
2020;0,06;Reserva Biológica do Abufari
2020;2,32;Parque Nacional Mapinguari
2020;0,71;Reserva de Desenvolvimento Sustentável Amanã
2020;0,10;Floresta Estadual de Rendimento Sustentado Araras
2020;436,31;APA Triunfo do Xingu
2020;0,56;APA Margem Esquerda do Rio Negro-Setor Aturiá-Apuauzinho
2020;1,43;Reserva Extrativista Rio Ouro Preto
2020;0,58;Área de Relevante Interesse Ecológica Seringal Nova Esperança
2020;0,34;APA do Igarapé Gelado
2020;1,19;Floresta Nacional de Carajás
2020;0,10;Reserva Extrativista do Ciriáco
2020;0,07;Floresta Nacional de Jatuarana
2020;1,00;APA das Reentrâncias Maranhenses
2020;5,08;Floresta Estadual do Paru
2020;8,69;Floresta Nacional do Amaná
2020;3,84;Floresta Nacional de Tefé
2020;0,03;Reserva Extrativista do Rio Unini
2020;6,00;Reserva Extrativista do Cazumbá-Iracema
2020;1,38;Reserva Extrativista do Médio Purús
2020;0,48;Reserva de Desenvolvimento Sustentável Piagaçu Purus
2020;1,58;Reserva de Desenvolvimento Sustentável do Juma
2020;18,34;Reserva Extrativista Alto Juruá
2020;0,66;Reserva Extrativista do Guariba
2020;0,48;Floresta Nacional de Balata-Tufari
2020;5,28;Floresta Nacional de Saracá-Taquera
2020;0,08;Estação Ecológica Alto Maués
2020;0,10;Reserva Extrativista Mae Grande de Curuça
2020;0,01;Reserva Extrativista Maracatiara
2020;0,20;Parque Nacional Montanhas do Tumucumaque
2020;0,58;Reserva Extrativista Ipaú-Anilzinho
2020;3,17;Reserva Extrativista Riozinho da Liberdade
2020;0,95;Reserva Extrativista Arapixi
2020;1,32;Floresta Nacional de Itaituba I
2020;0,17;Reserva de Desenvolvimento Sustentável do Uatumã
2020;5,28;Floresta Estadual de Rendimento Sustentado Mutum
2020;0,46;Reserva de Desenvolvimento Sustentável do Rio Negro
2020;11,34;Floresta Nacional de Bom Futuro
2020;0,01;APA do Rio Madeira
2020;0,48;Reserva Extrativista Tapajós Arapiuns
2020;1,14;APA Igarapé São Francisco
2020;4,15;APA de Presidente Figueiredo - Caverna do Moroaga
2020;3,61;APA do Arquipélago do Marajó
2020;0,08;Parque Nacional do Pico da Neblina
2020;0,06;Floresta Nacional de Tapajós
2020;2,42;Floresta Nacional de Roraima
2020;0,23;Reserva Biológica de Maicuru
2020;1,14;Floresta Nacional de Itacaiunas
2020;0,44;Floresta Nacional do Iquiri
2020;2,11;Floresta Estadual do Amapá
2020;0,10;Parque Estadual Encontro das Águas
2020;58,53;Floresta Nacional Altamira
2020;0,14;APA Meandros do Araguaia
2020;0,09;Estação Ecológica de Jutaí-Solimões
2019;0,27;Reserva Extrativista Médio Juruá
2019;0,00;Reserva Extrativista São João da Ponta
2019;0,00;Reserva Extrativista Marinha de Soure
2019;0,00;Parque Estadual de Águas Quentes
2019;0,00;Parque Natural Municipal Uirapuru
2019;0,00;APA da Ilha do Combu
2019;0,00;Parque Natural Municipal Lagoa das Garças
2019;0,00;APA Serra do Lajeado
2019;0,00;Parque Estadual das Nascentes do Rio Taquari
2019;0,00;Parque Estadual do Bacanga
2019;0,00;Reserva Biológica do Manicoré
2019;0,00;Parque Natural Muncipal Paulo Viriato Correa da Costa
2019;0,00;Reserva Extrativista Extremo Norte do Tocantins
2019;0,00;Parque Nacional dos Campos Ferruginosos
2019;0,00;APA Bacia do Rio de Janeiro
2019;0,00;Estação Ecológica de Maracá
2019;0,00;Reserva Biológica do Rio Trombetas
2019;0,00;APA Meandros do Araguaia
2019;0,00;Reserva Biológica do Tapirapé
2019;0,00;Área de Relevante Interesse Ecológico Japiim Pentecoste
2019;0,00;Reserva Biológica do Lago Piratuba
2019;0,00;Parque Estadual Guariba
2019;0,00;Parque Natural Municipal de Redenção
2019;0,00;Area de Relevante Interesse Ecologico Museu Parque Seringal
2019;0,00;Reserva Biológica do Abufari
2019;0,00;APA Lago de São Salvador do Tocantins, Paranã E Palmeirópolis
2019;0,00;Parque Estadual Serra Ricardo Franco
2019;0,00;Área de Relevante Interesse Ecológica Javari Buriti
2019;0,00;Reserva Extrativista Marinha Arai-Peroba
2019;0,00;Reserva Extrativista Pedras Negras
2019;0,00;Reserva Extrativista Piquiá
2019;0,00;Floresta Estadual de Rendimento Sustentado Cedro
2019;0,00;APA da Fazendinha
2019;0,00;APA do Juá
2019;0,00;APA Lago de Peixe/Angical
2019;0,00;Reserva Extrativista Chocoaré-Mato Grosso
2019;0,00;Reserva Extrativista Lago do Cuniã
2019;0,00;APA da Serra do Saubal
2019;0,00;APA Parque Linear do Bindá
2019;0,00;APA da Região Metrolpolitana de Belém
2019;0,00;Reserva de Desenvolvimento Sustentável Bararati
2019;0,00;APA Jalapão
2019;0,00;APA de São Geraldo do Araguaia
2019;0,00;Estação Ecológica da Serra das Araras
2019;0,00;Monumento Natural Morro de Santo Antônio
2019;0,00;Parque Nacional do Araguaia
2019;0,00;Estação Ecológica Serra dos Três Irmãos
2019;0,00;APA Foz do Rio Santa Tereza
2019;0,00;Parque Natural Municipal do Morro dos Ventos
2019;0,00;Monumento Natural Canyons E Corredeiras do Rio Sono
2019;0,00;Parque Estadual Sucunduri
2019;0,00;Parque Estadual Charapucu
2019;0,00;Parque Estadual Dom Osório Stoffel
2019;0,00;Parque Estadual do Utinga
2019;0,00;Parque Estadual Mãe Bonifácia
2019;0,00;Floresta Estadual Sucunduri
2019;0,00;Monumento Natural Atalaia
2019;0,00;Floresta Nacional de São Francisco
2019;0,00;APA de Algodoal-Maiandeua
2019;0,00;Parque Estadual do Lajeado
2019;0,00;RPPN Cristalino I
2019;0,00;RPPN Poleiro Grande
2019;0,00;Parque Estadual Encontro das Águas
2019;0,00;Floresta Estadual Manicoré
2019;0,00;Estação Ecológica Rio Acre
2019;0,00;Reserva Extrativista Massaranduba
2019;0,00;Refúgio de Vida Silvestre Padre Sérgio Tonetto
2019;0,00;Reserva Extrativista Arapiranga-Tromaí
2019;0,00;Refúgio de Vida Silvestre Corixão da Mata Azul
2019;0,00;Parque Estadual do Jalapão
2019;0,00;Estação Ecológica do Jari
2019;0,00;Parque Natural Municipal Veredas dos Carajás
2019;0,00;Parque Estadual do Guirá
2019;0,00;Parque Estadual do Cantão
2019;0,00;RPPN Osório Reimão
2019;0,00;RPPN Pioneira do Rio Piquiri
2019;0,00;APA Lago de Palmas
2019;0,00;RPPN Sonhada
2019;0,00;APA do Rio Preto
2019;0,00;APA Municipal do Aricá-Açu
2019;0,00;Parque Estadual do Araguaia
2019;0,00;Parque Natural Municipal de Castanhal/Pará
2019;0,00;Parque Estadual Serra Azul
2019;0,00;Parque Estadual Águas do Cuiabá
2019;0,00;APA da Região do Maracanã
2019;0,00;Parque Nacional da Chapada dos Guimarães
2019;0,00;Floresta Estadual Aripuanã
2019;0,00;Parque Estadual Sumaúma
2019;0,00;RPPN Nova Aurora
2019;0,00;Parque Nacional Nascentes do Lago Jari
2019;0,00;RPPN Peugeot-Onf-Brasil
2019;0,00;Floresta Estadual Apuí
2019;0,00;RPPN Klagesi
2019;0,00;Parque Nacional Serra da Mocidade
2019;0,00;Reserva Extrativista Marinha Caetétaperaçu
2019;0,00;Reserva de Desenvolvimento Sustentável do Rio Iratapuru
2019;0,00;Reserva Extrativista de Cururupu
2019;0,00;Floresta Estadual Rio Urubu
2019;0,00;Floresta Estadual de Rendimento Sustentado Araras
2019;0,00;Parque Nacional do Pantanal Matogrossense
2019;0,00;APA das Nascentes de Araguaina
2019;0,00;Parque Nacional da Serra da Cutia
2019;0,00;Reserva de Desenvolvimento Sustentável  Itatupã-Baquiá
2019;0,00;Reserva Extrativista Barreiro das Antas
2019;0,00;Reserva de Desenvolvimento Sustentável Mamirauá
2019;0,00;RPPN Ilhas Alexandre Rodrigues Ferreira
2019;0,00;Reserva Extrativista Quilombo do Frechal
2019;0,00;Parque Estadual Massairo Okamura
2019;0,00;Refúgio de Vida Silvestre Metrópole da Amazônia
2019;0,00;Reserva Extrativista  do Rio Cautário
2019;0,00;APA do Itapiracó
2019;0,00;Estação Ecológica de Maracá Jipioca
2019;0,00;RPPN Fazenda Bosco
2019;0,00;Reserva Biológica Culuene
2019;0,00;APA Serra da Tabatinga
2019;0,00;APA Nascentes do Rio Paraguai
2019;0,00;Reserva Extrativista Itapetininga
2019;0,00;Reserva Extrativista Castanheira
2019;0,00;Reserva Extrativista Marinha Tracuateua
2019;0,00;Parque Estadual Igarapés do Juruena
2019;0,00;Estação Ecológica Juami-Japurá
2019;0,00;Reserva Extrativista Lago do Cedro
2019;0,00;Refúgio de Vida Silvestre Lago Mole
2019;0,00;Floresta Nacional de Roraima
2019;0,00;Parque Estadual da Serra dos Martírios/Andorinhas
2019;0,00;Parque Estadual do Araguaiaa
2019;0,00;Monumento Natural das Árvores Fossilizadas do Estado do Tocantins
2019;0,00;Parque Estadual Zé Bolo Flô
2019;0,00;RPPN Aurora Natura
2019;0,00;Reserva de Desenvolvimento Sustentavel Puranga Conquista
2019;0,00;Parque Estadual Rio Negro Setor Sul
2019;0,00;Parque Natural Municipal Claudino Francio
2019;0,00;Estação Ecológica do Rio Ronuro
2019;0,00;APA do Rio Madeira
2019;0,00;Estação Ecológica de Jutaí-Solimões
2019;0,00;Reserva Extrativista Roxinho
2019;0,00;Parque Nacional Viruá
2019;0,00;Área de Relevante Interesse Ecológica Projeto Dinâmica Biológica de Fragmentos Florestais
2019;0,00;Reserva Extrativista Freijó
2019;0,00;Estação Ecológica de Taiamã
2019;0,00;RPPN Catedral do Jalapão
2019;0,00;RPPN Fazenda Loanda
2019;0,00;Area de Relevante Interesse Ecologico Parque Ambiental Antonio Danubio Lourenço da Silva
2019;0,00;Parque Nacional das Nascentes do Rio Parnaiba
2019;0,00;Reserva Extrativista Marinha de Gurupi-Piriá
2019;0,00;RPPN Irmãos Satelis
2019;0,00;Reserva Extrativista Garrote
2019;0,00;Floresta Estadual de Rendimento Sustentado do Rio Machado
2019;0,00;Parque Estadual do Xingu
2019;0,00;Parque Natural Municipal Jardim Botânico
2019;0,00;Monumento Natural Morro Chico Mendes
2019;0,00;Reserva de Desenvolvimento Sustentável Aripuanã
2019;0,00;Parque Natural Municipal do Cancão
2019;0,00;Reserva Extrativista da Baía do Tubarão
2019;0,00;Floresta Nacional de Macauã
2019;0,00;Area de Protecao Ambiental Xeriuini
2019;0,00;Reserva de Desenvolvimento Sustentável Rio Amapá
2019;0,00;Parque Nacional da Chapada das Mesas
2019;0,00;Floresta Nacional de Amapá
2019;0,00;Estação Ecológica Samuel
2019;0,00;Reserva Extrativista Marinha Mestre Lucindo
2019;0,00;RPPN Fazenda Calixto
2019;0,00;Reserva Extrativista do Itaúba
2019;0,00;Reserva Extrativista Curralinho
2019;0,00;Estação Ecológica Rio Flor do Prado
2019;0,00;"Floresta Estadual de Rendimento Sustentado do Rio Madeira ""B"""
2019;0,00;Reserva Biológica Traçadal
2019;0,00;Reserva de Desenvolvimento Sustentável do Tupé
2019;0,00;Reserva Extrativista Maracatiara
2019;0,00;APA do Rio Curiaú
2019;0,00;Reserva de Desenvolvimento Sustentável Vitória de Souzel
2019;0,00;RPPN Cristalino Iii
2019;0,00;Reserva Biológica Rio Ouro Preto
2019;0,00;Parque Estadual Chandless
2019;0,00;Reserva Extrativista Jatobá
2019;0,00;Reserva Extrativista do Guariba
2019;0,00;Reserva Biológica do Jaru
2019;0,00;RPPN Sesc Tepequém
2019;0,00;Reserva Extrativista do Rio Unini
2019;0,00;Reserva Extrativista Baixo Rio Branco Jauaperi
2019;0,00;Reserva Extrativista Sucupira
2019;0,00;Parque Estadual do Sítio do Rangedor
2019;0,00;Reserva Extrativista Mogno
2019;0,00;Parque Estadual de Monte Alegre
2019;0,00;Area de Proteção Ambiental Taruma/Ponta Negra
2019;0,00;RPPN Bico do Javaés
2019;0,00;APA Nhamundá
2019;0,00;Reserva Biológica de Maicuru
2019;0,00;Estacao Ecologica Serra Geral do Tocantins
2019;0,00;APA do Salto Magessi
2019;0,00;Reserva de Desenvolvimento Sustentável Igapó-Açu
2019;0,00;Parque Municipal da Cacimba
2019;0,00;Reserva de Desenvolvimento Sustentável do Matupiri
2019;0,00;Reserva Extrativista Ituxí
2019;0,00;Parque Natural Municipal Parque Florestal de Sinop
2019;0,00;Reserva Extrativista Seringueira
2019;0,00;Refugio da Vida Silvestre de Colíder
2019;0,00;Parque Natural Municipal Colonizador Jose Bianchini
2019;0,00;Parque Nacional do Cabo Orange
2019;0,00;Reserva Extrativista Rio Iriri
2019;0,00;Reserva Extrativista do Lago do Capanã Grande
2019;0,00;Reserva Extrativista Rio Pacaás Novos
2019;0,00;Parque Natural Municipal Vale do Esperança
2019;0,00;Refúgio de Vida Silvestre Tabuleiro do Embaubal
2019;0,00;Estação Ecológica de Niquiá
2019;0,00;RPPN Gibeão
2019;33,02;Estação Ecológica da Terra do Meio
2019;0,45;Reserva Extrativista do Rio Gregório
2019;0,44;Reserva Extrativista Gurupá-Melgaço
2019;0,37;Reserva de Desenvolvimento Sustentável Campo das Mangabas
2019;1,30;Floresta Nacional de Caxiuanã
2019;0,00;Reserva Extrativista Marinha Cuinarana
2019;5,50;Parque Estadual Serra do Aracá
2019;0,32;Floresta Nacional de Humaitá
2019;0,49;Reserva Extrativista Ipê
2019;0,17;APA - Baixo Rio Branco
2019;2,21;APA  Tapuruquara
2019;3,26;Floresta Nacional de Tapirapé-Aquiri
2019;0,09;Reserva Extrativista Maracanã
2019;7,30;Floresta Nacional do Aripuanã
2019;0,88;Reserva Extrativista Terra Grande Pracuuba
2019;1,60;Reserva Extrativista Rio Cajari
2019;1,94;Reserva Extrativista Alto Tarauacá
2019;0,24;Parque Nacional da Amazônia
2019;65,58;APA do Tapajós
2019;0,59;Floresta Estadual do Trombetas
2019;2,00;Parque Nacional dos Campos Amazônicos
2019;0,09;APA Lago de Santa Isabel
2019;1,70;Parque Nacional da Serra do Divisor
2019;14,46;Reserva Biológica Nascentes Serra do Cachimbo
2019;6,48;Floresta Nacional do Amazonas
2019;0,17;Floresta Estadual Canutama
2019;3,84;Floresta Nacional do Trairão
2019;94,15;Reserva Extrativista Jaci-Paraná
2019;0,06;Reserva de Desenvolvimento Sustentável Uacarí
2019;3,16;Reserva Biológica do Gurupi
2019;0,01;Parque Nacional do Acari
2019;0,00;Parque Estadual Serra dos Reis
2019;0,09;Reserva Extrativista Aquariquara
2019;0,00;APA das Cabeceiras do Rio Cuiabá
2019;0,07;Reserva Extrativista do Rio Jutaí
2019;0,58;Parque Nacional da Serra do Pardo
2019;0,52;Parque Nacional do Juruena
2019;0,87;Floresta Nacional de Jacundá
2019;0,06;Floresta Nacional de Pau-Rosa
2019;3,75;APA da Baixada Maranhense
2019;0,04;Parque Estadual de Corumbiara
2019;1,45;APA Margem Esquerda do Rio Negro-Setor Tarumã Açu-Tarumã Mirima
2019;6,31;Parque Nacional do Jamanxim
2019;0,61;Reserva de Desenvolvimento Sustentável Amanã
2019;0,22;Reserva Biológica Morro dos Seis Lagos
2019;0,07;Reserva Extrativista Municipal Beija Flor Brilho de Fogo
2019;0,15;Parque Estadual Rio Negro Setor Norte
2019;0,71;Área de Relevante Interesse Ecológica Seringal Nova Esperança
2019;0,10;APA do Igarapé Gelado
2019;0,04;Floresta Nacional de Jatuarana
2019;0,10;Reserva Extrativista Mata Grande
2019;14,05;Floresta Estadual do Paru
2019;2,77;Reserva Extrativista do Cazumbá-Iracema
2019;1,29;Reserva Extrativista do Médio Purús
2019;0,00;Parque Nacional de Anavilhanas
2019;0,12;Reserva Biológica do Uatumã
2019;4,47;Floresta Nacional de Saracá-Taquera
2019;0,18;Floresta Nacional de Anauá
2019;0,12;Reserva Extrativista Mae Grande de Curuça
2019;0,28;Parque Nacional Montanhas do Tumucumaque
2019;2,19;Reserva Extrativista Arapixi
2019;1,34;Floresta Nacional de Itaituba I
2019;0,65;Reserva de Desenvolvimento Sustentável do Uatumã
2019;8,89;Floresta Nacional de Bom Futuro
2019;0,13;Floresta Nacional de Tapajós
2019;1,00;Floresta Nacional do Iquiri
2019;5,67;Floresta Estadual do Amapá
2019;20,93;Floresta Nacional Altamira
2019;0,02;Floresta Estadual de Rendimento Sustentado Gavião
2019;3,88;Parque Nacional de Pacaás Novos
2019;0,01;Reserva de Desenvolvimento Sustentável Cujubim
2019;100,81;Floresta Nacional do Jamanxim
2019;0,17;Reserva Extrativista Mapuá
2019;0,35;Parque Nacional do Monte Roraima
2019;0,06;APA da Chapada dos Guimarães
2019;0,10;Parque Estadual Cristalino
2019;0,17;Reserva de Desenvolvimento Sustentavel do Rio Madeira
2019;0,14;Reserva de Desenvolvimento Sustentável Canumã
2019;7,09;Reserva Extrativista Guariba-Roosevelt
2019;0,53;Floresta Estadual de Faro
2019;4,22;Floresta Estadual de Iriri
2019;0,19;Floresta Estadual de Rendimento Sustentado Periquito
2019;0,34;Floresta Nacional de Purus
2019;0,23;Floresta Nacional de Mapiá-Inauiní
2019;0,20;Floresta Estadual Maúes
2019;0,14;Floresta Estadual de Rendimento Sustentado Tucano
2019;4,80;Reserva Extrativista Riozinho do Anfrísio
2019;16,43;APA do Lago de Tucurui
2019;0,02;Estação Ecológica de Cuniã
2019;1,46;Reserva Extrativista Catuá-Ipixuna
2019;13,56;Parque Estadual de Guajará-Mirim
2019;0,92;APA de Upaon-Açu / Miritiba / Alto Preguiças
2019;1,39;Reserva Extrativista Renascer
2019;0,01;Reserva de Desenvolvimento Sustentável Pucuruí - Ararão
2019;1,14;Parque Nacional do Rio Novo
2019;0,17;APA Lago do Amapá
2019;0,33;Parque Nacional do Jaú
2019;0,14;Parque Estadual do Matupiri
2019;0,45;Reserva Extrativista Canutama
2019;1,00;Floresta Nacional de Urupadi
2019;0,43;Reserva Extrativista Arióca Pruanã
2019;0,03;Reserva Extrativista Baixo Juruá
2019;0,60;Floresta Nacional do Jamari
2019;0,36;Reserva de Desenvolvimento Sustentável Alcobaça
2019;22,53;Reserva Extrativista Rio Preto-Jacundá
2019;1,11;Estação Ecológica do Rio Roosevelt
2019;75,97;Reserva Extrativista Chico Mendes
2019;0,03;Reserva Biológica do Guaporé
2019;0,50;Reserva Extrativista Rio Cautário
2019;11,71;Floresta Nacional de Itaituba Ii
2019;3,14;APA Margem Direita do Rio Negro- Setor Paduari-Solimões
2019;0,21;APA de Alter do Chão
2019;0,62;Floresta Estadual de Tapauá
2019;0,66;Parque Estadual Serra Santa Bárbara
2019;0,70;Reserva Extrativista Angelim
2019;0,69;Floresta Nacional de Santa Rosa do Purus
2019;7,39;Reserva Extrativista Verde Para Sempre
2019;0,08;Reserva Extrativista Auatí-Paraná
2019;0,85;APA Paytuna
2019;0,40;APA dos Campos de Manicoré
2019;1,75;APA Ilha do Bananal/Cantão
2019;0,33;Floresta Nacional de Mulata
2019;0,02;Reserva Extrativista Rio Xingu
2019;0,75;Parque Nacional Mapinguari
2019;436,10;APA Triunfo do Xingu
2019;0,05;Reserva Extrativista Marinha Mocapajuba
2019;1,11;APA Margem Esquerda do Rio Negro-Setor Aturiá-Apuauzinho
2019;3,07;Reserva Extrativista Rio Ouro Preto
2019;1,45;Floresta Nacional de Carajás
2019;0,10;Reserva Extrativista do Ciriáco
2019;1,30;APA das Reentrâncias Maranhenses
2019;9,07;Floresta Nacional do Amaná
2019;1,83;Floresta Nacional de Tefé
2019;0,22;Reserva de Desenvolvimento Sustentável Piagaçu Purus
2019;0,43;Reserva de Desenvolvimento Sustentável do Juma
2019;8,46;Reserva Extrativista Alto Juruá
2019;0,30;Floresta Nacional de Balata-Tufari
2019;0,08;Floresta Estadual de Rendimento Sustentado Rio Vermelho (C)
2019;0,54;Estação Ecológica Alto Maués
2019;0,28;Reserva Extrativista Ipaú-Anilzinho
2019;0,96;Reserva Extrativista Riozinho da Liberdade
2019;0,00;Parque Estadual Tucumã
2019;3,52;Floresta Estadual de Rendimento Sustentado Mutum
2019;0,64;Reserva de Desenvolvimento Sustentável do Rio Negro
2019;1,08;Reserva Extrativista Tapajós Arapiuns
2019;2,84;APA Igarapé São Francisco
2019;6,03;APA de Presidente Figueiredo - Caverna do Moroaga
2019;3,62;APA do Arquipélago do Marajó
2019;0,85;Parque Nacional do Pico da Neblina
2019;0,15;Estação Ecológica do Grão Pará
2019;0,53;Floresta Nacional de Itacaiunas
2019;3,29;Floresta Nacional do Crepori
2018;0,00;Reserva Extrativista São João da Ponta
2018;0,00;APA das Cabeceiras do Rio Cuiabá
2018;0,00;Parque Estadual de Águas Quentes
2018;0,00;Parque Natural Municipal Uirapuru
2018;0,00;APA da Ilha do Combu
2018;0,00;Parque Natural Municipal Lagoa das Garças
2018;0,00;APA Serra do Lajeado
2018;0,00;Parque Estadual das Nascentes do Rio Taquari
2018;0,00;Parque Estadual do Bacanga
2018;0,00;Reserva Biológica do Manicoré
2018;0,00;Parque Nacional do Monte Roraima
2018;0,00;Floresta Nacional de Humaitá
2018;0,00;Parque Natural Muncipal Paulo Viriato Correa da Costa
2018;0,00;Reserva Extrativista Extremo Norte do Tocantins
2018;0,00;Reserva Extrativista Municipal Beija Flor Brilho de Fogo
2018;0,00;APA Bacia do Rio de Janeiro
2018;0,00;Estação Ecológica de Maracá
2018;0,00;Reserva Biológica do Rio Trombetas
2018;0,00;APA Meandros do Araguaia
2018;0,00;Reserva Biológica do Tapirapé
2018;0,00;Área de Relevante Interesse Ecológico Japiim Pentecoste
2018;0,00;Reserva Biológica do Lago Piratuba
2018;0,00;Parque Estadual Guariba
2018;0,00;Parque Natural Municipal de Redenção
2018;0,00;Area de Relevante Interesse Ecologico Museu Parque Seringal
2018;0,00;Reserva Biológica Morro dos Seis Lagos
2018;0,00;Reserva Biológica do Abufari
2018;0,00;APA Lago de São Salvador do Tocantins, Paranã E Palmeirópolis
2018;0,00;Parque Estadual Serra Ricardo Franco
2018;0,00;Área de Relevante Interesse Ecológica Javari Buriti
2018;0,00;Reserva Extrativista Marinha Arai-Peroba
2018;0,00;Reserva Extrativista Pedras Negras
2018;0,00;Reserva Extrativista Piquiá
2018;0,00;Floresta Estadual de Rendimento Sustentado Cedro
2018;0,00;APA da Fazendinha
2018;0,00;APA do Juá
2018;0,00;APA Lago de Peixe/Angical
2018;0,00;Reserva Extrativista Chocoaré-Mato Grosso
2018;0,00;Reserva Extrativista Lago do Cuniã
2018;0,00;APA da Serra do Saubal
2018;0,00;APA Parque Linear do Bindá
2018;0,00;Estação Ecológica do Rio Roosevelt
2018;0,00;APA da Região Metrolpolitana de Belém
2018;0,00;Reserva de Desenvolvimento Sustentável Bararati
2018;0,00;APA Jalapão
2018;0,00;APA de São Geraldo do Araguaia
2018;0,00;Estação Ecológica da Serra das Araras
2018;0,00;Monumento Natural Morro de Santo Antônio
2018;0,00;Parque Nacional do Araguaia
2018;0,00;Estação Ecológica Serra dos Três Irmãos
2018;0,00;APA Foz do Rio Santa Tereza
2018;0,00;Parque Natural Municipal do Morro dos Ventos
2018;0,00;Monumento Natural Canyons E Corredeiras do Rio Sono
2018;0,00;Parque Estadual Sucunduri
2018;0,00;Parque Estadual Charapucu
2018;0,00;Parque Estadual Dom Osório Stoffel
2018;0,00;Parque Estadual Rio Negro Setor Norte
2018;0,00;Reserva Extrativista do Ciriáco
2018;0,00;Parque Estadual do Utinga
2018;0,00;Parque Estadual Mãe Bonifácia
2018;0,00;Floresta Estadual Sucunduri
2018;0,00;Monumento Natural Atalaia
2018;0,00;APA Lago de Santa Isabel
2018;0,00;Floresta Nacional de São Francisco
2018;0,00;APA de Algodoal-Maiandeua
2018;0,00;Parque Estadual do Lajeado
2018;0,00;RPPN Cristalino I
2018;0,00;RPPN Poleiro Grande
2018;0,00;Parque Estadual Encontro das Águas
2018;0,00;Floresta Estadual Manicoré
2018;0,00;Estação Ecológica Rio Acre
2018;0,00;APA da Chapada dos Guimarães
2018;0,00;Reserva Extrativista Massaranduba
2018;0,00;Refúgio de Vida Silvestre Padre Sérgio Tonetto
2018;0,00;Reserva Extrativista Arapiranga-Tromaí
2018;0,00;Refúgio de Vida Silvestre Corixão da Mata Azul
2018;0,00;Parque Estadual do Jalapão
2018;0,00;Estação Ecológica do Jari
2018;0,00;Parque Natural Municipal Veredas dos Carajás
2018;0,00;Parque Estadual do Guirá
2018;0,00;Parque Estadual do Cantão
2018;0,00;APA do Igarapé Gelado
2018;0,00;RPPN Osório Reimão
2018;0,00;RPPN Pioneira do Rio Piquiri
2018;0,00;APA Lago de Palmas
2018;0,00;RPPN Sonhada
2018;0,00;APA do Rio Preto
2018;0,00;APA Municipal do Aricá-Açu
2018;0,00;Parque Estadual do Araguaia
2018;0,00;Parque Natural Municipal de Castanhal/Pará
2018;0,00;Parque Estadual Serra Azul
2018;0,00;Parque Estadual Águas do Cuiabá
2018;0,00;Parque Nacional da Chapada dos Guimarães
2018;0,00;Floresta Estadual Aripuanã
2018;0,00;Reserva Extrativista Canutama
2018;0,00;Parque Estadual Sumaúma
2018;0,00;RPPN Nova Aurora
2018;0,00;Parque Nacional Nascentes do Lago Jari
2018;0,00;RPPN Peugeot-Onf-Brasil
2018;0,00;Floresta Estadual Apuí
2018;0,00;RPPN Klagesi
2018;0,00;Parque Nacional Serra da Mocidade
2018;0,00;Reserva Extrativista Marinha Caetétaperaçu
2018;0,00;Reserva de Desenvolvimento Sustentável do Rio Iratapuru
2018;0,00;Reserva Extrativista de Cururupu
2018;0,00;Floresta Estadual Rio Urubu
2018;0,00;Parque Nacional do Pantanal Matogrossense
2018;0,00;APA das Nascentes de Araguaina
2018;0,00;Reserva de Desenvolvimento Sustentável Cujubim
2018;0,00;Parque Nacional da Serra da Cutia
2018;0,00;Reserva de Desenvolvimento Sustentável  Itatupã-Baquiá
2018;0,00;Reserva Extrativista Barreiro das Antas
2018;0,00;RPPN Ilhas Alexandre Rodrigues Ferreira
2018;0,00;Reserva Extrativista Quilombo do Frechal
2018;0,00;Parque Estadual Massairo Okamura
2018;0,00;Refúgio de Vida Silvestre Metrópole da Amazônia
2018;0,00;Reserva Extrativista  do Rio Cautário
2018;0,00;Reserva Extrativista Marinha Cuinarana
2018;0,00;APA do Itapiracó
2018;2,10;Floresta Nacional do Crepori
2018;0,00;RPPN Fazenda Bosco
2018;0,00;Reserva Biológica Culuene
2018;0,00;APA Serra da Tabatinga
2018;0,00;APA Nascentes do Rio Paraguai
2018;0,00;Reserva Extrativista Marinha Mocapajuba
2018;0,00;Reserva Extrativista Terra Grande Pracuuba
2018;0,00;Reserva Extrativista Itapetininga
2018;0,00;Reserva Extrativista Mapuá
2018;0,00;Reserva Extrativista Marinha Tracuateua
2018;0,00;Parque Estadual Igarapés do Juruena
2018;0,00;Estação Ecológica Juami-Japurá
2018;0,00;Reserva Extrativista Lago do Cedro
2018;0,00;Refúgio de Vida Silvestre Lago Mole
2018;0,00;Floresta Nacional de Roraima
2018;0,00;Parque Estadual da Serra dos Martírios/Andorinhas
2018;0,00;Parque Estadual do Araguaiaa
2018;0,00;Monumento Natural das Árvores Fossilizadas do Estado do Tocantins
2018;0,00;Parque Estadual Zé Bolo Flô
2018;0,00;RPPN Aurora Natura
2018;0,00;Reserva de Desenvolvimento Sustentavel Puranga Conquista
2018;0,00;Parque Estadual Rio Negro Setor Sul
2018;0,00;Parque Natural Municipal Claudino Francio
2018;0,00;Floresta Nacional de Anauá
2018;0,00;APA do Rio Madeira
2018;0,00;Estação Ecológica de Jutaí-Solimões
2018;0,00;Parque Nacional Viruá
2018;0,00;Parque Nacional Montanhas do Tumucumaque
2018;0,00;Área de Relevante Interesse Ecológica Projeto Dinâmica Biológica de Fragmentos Florestais
2018;0,00;Reserva Extrativista Freijó
2018;0,00;Estação Ecológica de Taiamã
2018;0,00;RPPN Catedral do Jalapão
2018;0,00;RPPN Fazenda Loanda
2018;0,00;Area de Relevante Interesse Ecologico Parque Ambiental Antonio Danubio Lourenço da Silva
2018;0,00;Parque Nacional das Nascentes do Rio Parnaiba
2018;0,00;Parque Estadual do Matupiri
2018;0,00;Reserva Extrativista do Rio Jutaí
2018;0,00;RPPN Irmãos Satelis
2018;0,00;Reserva Extrativista Garrote
2018;0,00;Floresta Estadual de Rendimento Sustentado do Rio Machado
2018;0,00;Parque Estadual do Xingu
2018;0,00;Estação Ecológica Alto Maués
2018;0,00;Parque Natural Municipal Jardim Botânico
2018;0,00;Monumento Natural Morro Chico Mendes
2018;0,00;Reserva de Desenvolvimento Sustentável Aripuanã
2018;0,00;Parque Estadual Tucumã
2018;0,00;Parque Natural Municipal do Cancão
2018;0,00;Reserva Extrativista da Baía do Tubarão
2018;0,00;Floresta Nacional de Macauã
2018;0,00;Area de Protecao Ambiental Xeriuini
2018;0,00;Floresta Nacional de Pau-Rosa
2018;0,00;Reserva de Desenvolvimento Sustentável Rio Amapá
2018;0,00;Parque Nacional da Chapada das Mesas
2018;0,00;Floresta Nacional de Amapá
2018;0,00;Estação Ecológica Samuel
2018;0,00;RPPN Fazenda Calixto
2018;0,00;Reserva Extrativista Curralinho
2018;0,00;Estação Ecológica Rio Flor do Prado
2018;0,00;Parque Estadual Cristalino
2018;0,00;Reserva Biológica Traçadal
2018;0,00;Reserva de Desenvolvimento Sustentável do Tupé
2018;0,00;APA do Rio Curiaú
2018;0,00;Reserva de Desenvolvimento Sustentável Vitória de Souzel
2018;0,00;RPPN Cristalino Iii
2018;0,00;Reserva Biológica Rio Ouro Preto
2018;0,00;Parque Estadual Chandless
2018;0,00;Reserva Extrativista Jatobá
2018;0,00;Reserva Biológica do Jaru
2018;0,00;Parque Nacional de Anavilhanas
2018;0,00;RPPN Sesc Tepequém
2018;0,00;Reserva Biológica do Uatumã
2018;0,00;Floresta Nacional de Mulata
2018;0,00;Reserva Extrativista Sucupira
2018;0,00;Estação Ecológica de Cuniã
2018;0,00;Reserva Extrativista Mogno
2018;0,00;Floresta Nacional de Jatuarana
2018;0,00;RPPN Bico do Javaés
2018;0,00;APA Nhamundá
2018;0,00;Reserva Biológica de Maicuru
2018;0,00;Estacao Ecologica Serra Geral do Tocantins
2018;0,00;APA do Salto Magessi
2018;0,00;Estação Ecológica do Grão Pará
2018;0,00;Reserva de Desenvolvimento Sustentável Igapó-Açu
2018;0,00;Parque Municipal da Cacimba
2018;0,00;APA - Baixo Rio Branco
2018;0,00;Reserva de Desenvolvimento Sustentável do Matupiri
2018;0,00;Parque Natural Municipal Parque Florestal de Sinop
2018;0,00;Reserva Extrativista Seringueira
2018;0,00;Refugio da Vida Silvestre de Colíder
2018;0,00;Parque Natural Municipal Colonizador Jose Bianchini
2018;0,00;Parque Nacional do Cabo Orange
2018;0,00;Reserva Extrativista Rio Iriri
2018;0,00;Reserva Extrativista do Lago do Capanã Grande
2018;0,00;Reserva Extrativista Rio Xingu
2018;0,00;Parque Natural Municipal Vale do Esperança
2018;0,00;Refúgio de Vida Silvestre Tabuleiro do Embaubal
2018;0,00;Estação Ecológica de Niquiá
2018;0,00;RPPN Gibeão
2018;12,67;Estação Ecológica da Terra do Meio
2018;0,07;Reserva Extrativista do Rio Gregório
2018;0,09;Floresta Estadual de Rendimento Sustentado Gavião
2018;0,27;Parque Nacional de Pacaás Novos
2018;72,85;Floresta Nacional do Jamanxim
2018;0,26;Reserva Extrativista Gurupá-Melgaço
2018;0,07;Reserva de Desenvolvimento Sustentável Campo das Mangabas
2018;0,13;Reserva de Desenvolvimento Sustentavel do Rio Madeira
2018;0,78;Floresta Nacional de Caxiuanã
2018;0,15;Reserva de Desenvolvimento Sustentável Canumã
2018;10,53;"Floresta Estadual de Rendimento Sustentado do Rio Madeira ""B"""
2018;7,35;Reserva Extrativista Guariba-Roosevelt
2018;0,73;Floresta Estadual de Faro
2018;1,09;Floresta Estadual de Iriri
2018;0,10;Parque Estadual Serra do Aracá
2018;0,09;Reserva Extrativista Marinha de Soure
2018;0,07;Parque Estadual de Monte Alegre
2018;0,00;Floresta Estadual de Rendimento Sustentado Periquito
2018;0,66;Floresta Nacional de Purus
2018;0,16;Floresta Nacional de Mapiá-Inauiní
2018;0,00;Reserva Extrativista Roxinho
2018;1,41;Reserva Extrativista Ipê
2018;0,26;APA  Tapuruquara
2018;0,07;Parque Estadual do Sítio do Rangedor
2018;1,58;Floresta Nacional de Tapirapé-Aquiri
2018;0,20;Floresta Estadual Maúes
2018;0,08;Reserva Extrativista Maracanã
2018;0,27;Parque Nacional dos Campos Ferruginosos
2018;0,13;Floresta Estadual de Rendimento Sustentado Tucano
2018;2,08;Floresta Nacional do Aripuanã
2018;2,98;Reserva Extrativista Riozinho do Anfrísio
2018;16,88;APA do Lago de Tucurui
2018;1,07;Reserva Extrativista Catuá-Ipixuna
2018;2,55;Reserva Extrativista Rio Cajari
2018;1,32;Reserva Extrativista Alto Tarauacá
2018;15,40;Parque Estadual de Guajará-Mirim
2018;3,03;APA de Upaon-Açu / Miritiba / Alto Preguiças
2018;0,94;Reserva Extrativista Renascer
2018;0,15;Reserva de Desenvolvimento Sustentável Pucuruí - Ararão
2018;0,30;Parque Nacional da Amazônia
2018;1,42;Parque Nacional do Rio Novo
2018;0,08;APA Lago do Amapá
2018;0,17;Parque Nacional do Jaú
2018;38,99;APA do Tapajós
2018;1,55;Floresta Nacional de Urupadi
2018;0,44;Reserva Extrativista Arióca Pruanã
2018;0,40;Reserva Extrativista Baixo Juruá
2018;0,46;Floresta Nacional do Jamari
2018;0,05;Reserva de Desenvolvimento Sustentável Alcobaça
2018;3,63;Reserva Extrativista Rio Preto-Jacundá
2018;0,16;Floresta Estadual do Trombetas
2018;0,37;Parque Nacional dos Campos Amazônicos
2018;0,07;Reserva Extrativista Baixo Rio Branco Jauaperi
2018;0,61;Parque Nacional da Serra do Divisor
2018;21,12;Reserva Extrativista Chico Mendes
2018;0,04;Reserva Biológica do Guaporé
2018;3,96;Reserva Biológica Nascentes Serra do Cachimbo
2018;0,23;Floresta Nacional do Amazonas
2018;0,10;Reserva Extrativista Rio Cautário
2018;0,16;Floresta Estadual Canutama
2018;14,96;Floresta Nacional de Itaituba Ii
2018;1,45;APA Margem Direita do Rio Negro- Setor Paduari-Solimões
2018;0,07;Floresta Nacional do Trairão
2018;90,78;Reserva Extrativista Jaci-Paraná
2018;0,27;Reserva de Desenvolvimento Sustentável Uacarí
2018;3,68;Reserva Biológica do Gurupi
2018;0,07;Parque Nacional do Acari
2018;0,02;Parque Estadual Serra dos Reis
2018;0,01;APA de Alter do Chão
2018;0,23;Floresta Estadual de Tapauá
2018;0,01;Reserva Extrativista Aquariquara
2018;0,22;Reserva Extrativista Médio Juruá
2018;0,57;Parque Nacional da Serra do Pardo
2018;0,32;Parque Estadual Serra Santa Bárbara
2018;2,48;Reserva Extrativista Angelim
2018;0,19;Floresta Nacional de Santa Rosa do Purus
2018;0,09;Parque Nacional do Juruena
2018;0,06;Reserva Extrativista Rio Pacaás Novos
2018;0,03;Floresta Nacional de Jacundá
2018;6,30;Reserva Extrativista Verde Para Sempre
2018;0,97;APA da Baixada Maranhense
2018;0,21;Parque Estadual de Corumbiara
2018;0,08;Reserva Extrativista Auatí-Paraná
2018;0,46;APA Paytuna
2018;0,40;APA Margem Esquerda do Rio Negro-Setor Tarumã Açu-Tarumã Mirima
2018;0,07;APA da Região do Maracanã
2018;0,11;APA dos Campos de Manicoré
2018;2,34;APA Ilha do Bananal/Cantão
2018;0,09;Reserva Extrativista Marinha de Gurupi-Piriá
2018;0,00;Reserva Extrativista Castanheira
2018;0,08;Area de Proteção Ambiental Taruma/Ponta Negra
2018;0,20;Reserva de Desenvolvimento Sustentável Mamirauá
2018;0,31;Reserva Extrativista Ituxí
2018;2,80;Parque Nacional do Jamanxim
2018;0,18;Parque Nacional Mapinguari
2018;0,91;Reserva de Desenvolvimento Sustentável Amanã
2018;0,14;Floresta Estadual de Rendimento Sustentado Araras
2018;332,09;APA Triunfo do Xingu
2018;0,07;APA Margem Esquerda do Rio Negro-Setor Aturiá-Apuauzinho
2018;0,01;Reserva Extrativista do Itaúba
2018;1,57;Reserva Extrativista Rio Ouro Preto
2018;0,13;Reserva Extrativista Marinha Mestre Lucindo
2018;0,55;Área de Relevante Interesse Ecológica Seringal Nova Esperança
2018;0,58;Floresta Nacional de Carajás
2018;0,06;Reserva Extrativista Mata Grande
2018;0,58;APA das Reentrâncias Maranhenses
2018;4,55;Floresta Estadual do Paru
2018;7,79;Floresta Nacional do Amaná
2018;2,97;Floresta Nacional de Tefé
2018;0,08;Reserva Extrativista do Rio Unini
2018;3,97;Reserva Extrativista do Cazumbá-Iracema
2018;0,84;Reserva Extrativista do Médio Purús
2018;0,36;Reserva de Desenvolvimento Sustentável Piagaçu Purus
2018;0,29;Reserva de Desenvolvimento Sustentável do Juma
2018;2,56;Reserva Extrativista Alto Juruá
2018;0,00;Estação Ecológica do Rio Ronuro
2018;0,11;Reserva Extrativista do Guariba
2018;0,19;Floresta Nacional de Balata-Tufari
2018;3,30;Floresta Nacional de Saracá-Taquera
2018;3,95;Floresta Estadual de Rendimento Sustentado Rio Vermelho (C)
2018;0,02;Reserva Extrativista Mae Grande de Curuça
2018;0,00;Reserva Extrativista Maracatiara
2018;0,23;Reserva Extrativista Ipaú-Anilzinho
2018;0,96;Reserva Extrativista Riozinho da Liberdade
2018;3,20;Reserva Extrativista Arapixi
2018;0,14;Floresta Nacional de Itaituba I
2018;0,12;Reserva de Desenvolvimento Sustentável do Uatumã
2018;3,87;Floresta Estadual de Rendimento Sustentado Mutum
2018;0,50;Reserva de Desenvolvimento Sustentável do Rio Negro
2018;1,76;Floresta Nacional de Bom Futuro
2018;0,66;Reserva Extrativista Tapajós Arapiuns
2018;1,79;APA Igarapé São Francisco
2018;2,52;APA de Presidente Figueiredo - Caverna do Moroaga
2018;0,97;APA do Arquipélago do Marajó
2018;0,17;Parque Nacional do Pico da Neblina
2018;0,13;Floresta Nacional de Tapajós
2018;0,36;Floresta Nacional de Itacaiunas
2018;0,61;Floresta Nacional do Iquiri
2018;2,62;Floresta Estadual do Amapá
2018;9,55;Floresta Nacional Altamira
2018;0,00;Estação Ecológica de Maracá Jipioca
2017;0,00;Estação Ecológica de Maracá Jipioca
2017;0,00;APA das Cabeceiras do Rio Cuiabá
2017;0,00;Parque Natural Municipal Uirapuru
2017;0,00;APA da Ilha do Combu
2017;0,00;Parque Natural Municipal Lagoa das Garças
2017;0,00;APA Serra do Lajeado
2017;0,00;Parque Estadual das Nascentes do Rio Taquari
2017;0,00;Parque Estadual do Bacanga
2017;0,00;Reserva Extrativista Maracanã
2017;0,00;Reserva Biológica do Manicoré
2017;0,00;Parque Nacional do Monte Roraima
2017;0,00;Floresta Nacional de Humaitá
2017;0,00;Parque Natural Muncipal Paulo Viriato Correa da Costa
2017;0,00;Reserva Extrativista Extremo Norte do Tocantins
2017;0,00;APA Lago do Amapá
2017;0,00;Reserva Extrativista Municipal Beija Flor Brilho de Fogo
2017;0,00;APA Bacia do Rio de Janeiro
2017;0,00;Estação Ecológica de Maracá
2017;0,00;Reserva Biológica do Rio Trombetas
2017;0,00;Reserva Biológica do Tapirapé
2017;0,00;Área de Relevante Interesse Ecológico Japiim Pentecoste
2017;0,00;Reserva Biológica do Lago Piratuba
2017;0,00;Parque Estadual Guariba
2017;0,00;Parque Natural Municipal de Redenção
2017;0,00;Area de Relevante Interesse Ecologico Museu Parque Seringal
2017;0,00;Reserva Biológica Morro dos Seis Lagos
2017;0,00;Reserva Biológica do Abufari
2017;0,00;APA Lago de São Salvador do Tocantins, Paranã E Palmeirópolis
2017;0,00;Parque Estadual Serra Ricardo Franco
2017;0,00;Área de Relevante Interesse Ecológica Javari Buriti
2017;0,00;Reserva Extrativista Marinha Arai-Peroba
2017;0,00;Reserva Extrativista Pedras Negras
2017;0,00;Reserva Extrativista Piquiá
2017;0,00;APA da Fazendinha
2017;0,00;APA do Juá
2017;0,00;APA Lago de Peixe/Angical
2017;0,00;Reserva Extrativista Chocoaré-Mato Grosso
2017;0,00;Reserva Extrativista Lago do Cuniã
2017;0,00;APA da Serra do Saubal
2017;0,00;APA Parque Linear do Bindá
2017;0,00;APA da Região Metrolpolitana de Belém
2017;0,00;Reserva de Desenvolvimento Sustentável Bararati
2017;0,00;APA Jalapão
2017;0,00;APA de São Geraldo do Araguaia
2017;0,00;Estação Ecológica da Serra das Araras
2017;0,00;Monumento Natural Morro de Santo Antônio
2017;0,00;Parque Nacional do Araguaia
2017;0,00;Estação Ecológica Serra dos Três Irmãos
2017;0,00;Reserva Extrativista Auatí-Paraná
2017;0,00;APA Foz do Rio Santa Tereza
2017;0,00;Parque Natural Municipal do Morro dos Ventos
2017;0,00;Monumento Natural Canyons E Corredeiras do Rio Sono
2017;0,00;Parque Estadual Sucunduri
2017;0,00;Parque Estadual Charapucu
2017;0,00;Parque Estadual Dom Osório Stoffel
2017;0,00;Parque Estadual Rio Negro Setor Norte
2017;0,00;Reserva Extrativista do Ciriáco
2017;0,00;Parque Estadual do Utinga
2017;0,00;Parque Estadual Mãe Bonifácia
2017;0,00;Floresta Estadual Sucunduri
2017;0,00;Monumento Natural Atalaia
2017;0,00;APA Lago de Santa Isabel
2017;0,00;Floresta Nacional de São Francisco
2017;0,00;APA de Algodoal-Maiandeua
2017;0,00;Parque Estadual do Lajeado
2017;0,00;RPPN Cristalino I
2017;0,00;RPPN Poleiro Grande
2017;0,00;Parque Estadual Encontro das Águas
2017;0,00;Floresta Estadual Manicoré
2017;0,00;Estação Ecológica Rio Acre
2017;0,00;APA da Chapada dos Guimarães
2017;0,00;Reserva Extrativista Massaranduba
2017;0,00;Refúgio de Vida Silvestre Padre Sérgio Tonetto
2017;0,00;Reserva Extrativista Arapiranga-Tromaí
2017;0,00;Refúgio de Vida Silvestre Corixão da Mata Azul
2017;0,00;Parque Estadual do Jalapão
2017;0,00;Estação Ecológica do Jari
2017;0,00;Parque Natural Municipal Veredas dos Carajás
2017;0,00;Parque Estadual do Guirá
2017;0,00;Parque Estadual do Cantão
2017;0,00;APA do Igarapé Gelado
2017;0,00;RPPN Osório Reimão
2017;0,00;RPPN Pioneira do Rio Piquiri
2017;0,00;APA Lago de Palmas
2017;0,00;RPPN Sonhada
2017;0,00;APA do Rio Preto
2017;0,00;APA Municipal do Aricá-Açu
2017;0,00;Parque Estadual do Araguaia
2017;0,00;Parque Natural Municipal de Castanhal/Pará
2017;0,00;Parque Estadual Serra Azul
2017;0,00;Parque Estadual Águas do Cuiabá
2017;0,00;APA da Região do Maracanã
2017;0,00;Reserva de Desenvolvimento Sustentável Campo das Mangabas
2017;0,00;Parque Nacional da Chapada dos Guimarães
2017;0,00;Floresta Estadual Aripuanã
2017;0,00;Reserva Extrativista Canutama
2017;0,00;Parque Estadual Sumaúma
2017;0,00;RPPN Nova Aurora
2017;0,00;Parque Nacional Nascentes do Lago Jari
2017;0,00;RPPN Peugeot-Onf-Brasil
2017;0,00;Floresta Estadual Apuí
2017;0,00;RPPN Klagesi
2017;0,00;Parque Nacional Serra da Mocidade
2017;0,00;Reserva Extrativista Mae Grande de Curuça
2017;0,00;Reserva de Desenvolvimento Sustentável do Rio Iratapuru
2017;0,00;Reserva Extrativista de Cururupu
2017;0,00;Floresta Estadual Rio Urubu
2017;0,00;Parque Nacional do Pantanal Matogrossense
2017;0,00;APA das Nascentes de Araguaina
2017;0,00;Reserva de Desenvolvimento Sustentável Cujubim
2017;0,00;Parque Nacional da Serra da Cutia
2017;0,00;Reserva de Desenvolvimento Sustentável  Itatupã-Baquiá
2017;0,00;Reserva Extrativista Barreiro das Antas
2017;0,00;Reserva de Desenvolvimento Sustentável Mamirauá
2017;0,00;RPPN Ilhas Alexandre Rodrigues Ferreira
2017;0,00;Reserva Extrativista Quilombo do Frechal
2017;0,00;Parque Estadual Massairo Okamura
2017;0,00;Reserva Extrativista  do Rio Cautário
2017;0,00;Reserva Extrativista Marinha Cuinarana
2017;0,00;APA do Itapiracó
2017;0,00;Parque Estadual de Águas Quentes
2017;0,00;RPPN Fazenda Bosco
2017;0,00;Reserva Biológica Culuene
2017;0,00;APA Serra da Tabatinga
2017;0,00;APA Nascentes do Rio Paraguai
2017;0,00;Reserva Extrativista Terra Grande Pracuuba
2017;0,00;Reserva Extrativista Itapetininga
2017;0,00;Reserva Extrativista Mapuá
2017;0,00;Reserva Extrativista Castanheira
2017;0,00;Reserva Extrativista Marinha Tracuateua
2017;0,00;Estação Ecológica Juami-Japurá
2017;0,00;Reserva Extrativista Lago do Cedro
2017;0,00;Refúgio de Vida Silvestre Lago Mole
2017;0,00;Floresta Nacional de Roraima
2017;0,00;Floresta Estadual de Rendimento Sustentado Rio Vermelho (C)
2017;0,00;Parque Estadual Serra dos Reis
2017;0,00;Parque Estadual da Serra dos Martírios/Andorinhas
2017;0,00;Parque Estadual do Araguaiaa
2017;0,00;Monumento Natural das Árvores Fossilizadas do Estado do Tocantins
2017;0,00;Parque Estadual Zé Bolo Flô
2017;0,00;RPPN Aurora Natura
2017;0,00;Parque Estadual Rio Negro Setor Sul
2017;0,00;Parque Natural Municipal Claudino Francio
2017;0,00;Floresta Nacional de Anauá
2017;0,00;Estação Ecológica do Rio Ronuro
2017;0,00;APA do Rio Madeira
2017;0,00;Estação Ecológica de Jutaí-Solimões
2017;0,00;Reserva Extrativista Roxinho
2017;0,00;Parque Estadual de Corumbiara
2017;0,00;Parque Nacional Viruá
2017;0,00;Área de Relevante Interesse Ecológica Projeto Dinâmica Biológica de Fragmentos Florestais
2017;0,00;Reserva Extrativista Freijó
2017;0,00;Estação Ecológica de Taiamã
2017;0,00;RPPN Catedral do Jalapão
2017;0,00;RPPN Fazenda Loanda
2017;0,00;Area de Relevante Interesse Ecologico Parque Ambiental Antonio Danubio Lourenço da Silva
2017;0,00;Parque Nacional das Nascentes do Rio Parnaiba
2017;0,00;Reserva Extrativista Marinha de Gurupi-Piriá
2017;0,00;Parque Estadual do Matupiri
2017;0,00;RPPN Irmãos Satelis
2017;0,00;Reserva Extrativista Garrote
2017;0,00;Parque Estadual do Xingu
2017;0,00;Estação Ecológica Alto Maués
2017;0,00;Parque Natural Municipal Jardim Botânico
2017;0,00;Monumento Natural Morro Chico Mendes
2017;0,00;Reserva de Desenvolvimento Sustentável Aripuanã
2017;0,00;Parque Estadual Tucumã
2017;0,00;Parque Natural Municipal do Cancão
2017;0,00;Floresta Estadual Canutama
2017;0,00;Reserva Extrativista da Baía do Tubarão
2017;0,00;Area de Protecao Ambiental Xeriuini
2017;0,00;Reserva de Desenvolvimento Sustentável Rio Amapá
2017;0,00;Parque Nacional da Chapada das Mesas
2017;0,00;Floresta Nacional de Amapá
2017;0,00;Floresta Nacional de Jacundá
2017;0,00;Reserva Extrativista Marinha Mestre Lucindo
2017;0,00;RPPN Fazenda Calixto
2017;0,00;Reserva Extrativista do Itaúba
2017;0,00;Reserva Extrativista Curralinho
2017;0,00;Estação Ecológica Rio Flor do Prado
2017;0,00;Parque Estadual Cristalino
2017;0,00;Reserva Biológica Traçadal
2017;0,00;Reserva de Desenvolvimento Sustentável do Tupé
2017;0,00;Reserva de Desenvolvimento Sustentavel do Rio Madeira
2017;0,00;APA do Rio Curiaú
2017;0,00;APA de Alter do Chão
2017;0,00;Reserva de Desenvolvimento Sustentável Vitória de Souzel
2017;0,00;RPPN Cristalino Iii
2017;0,00;Reserva Biológica Rio Ouro Preto
2017;0,00;Parque Estadual Chandless
2017;0,00;Reserva Extrativista do Médio Purús
2017;0,00;Reserva Extrativista do Guariba
2017;0,00;Reserva Biológica do Jaru
2017;0,00;Parque Nacional de Anavilhanas
2017;0,00;RPPN Sesc Tepequém
2017;0,00;Reserva Extrativista do Rio Unini
2017;0,00;Reserva Extrativista Baixo Rio Branco Jauaperi
2017;0,00;Reserva Biológica do Uatumã
2017;0,00;Reserva Extrativista Sucupira
2017;0,00;Parque Estadual do Sítio do Rangedor
2017;0,00;Floresta Nacional de Jatuarana
2017;0,00;Parque Estadual de Monte Alegre
2017;0,00;RPPN Bico do Javaés
2017;0,00;APA Nhamundá
2017;0,00;Reserva Biológica de Maicuru
2017;0,00;Estacao Ecologica Serra Geral do Tocantins
2017;0,00;APA do Salto Magessi
2017;0,00;Estação Ecológica do Grão Pará
2017;0,00;Reserva de Desenvolvimento Sustentável Igapó-Açu
2017;0,00;Parque Municipal da Cacimba
2017;0,00;APA - Baixo Rio Branco
2017;0,00;Reserva de Desenvolvimento Sustentável do Matupiri
2017;0,00;Parque Natural Municipal Parque Florestal de Sinop
2017;0,00;Reserva Extrativista Seringueira
2017;0,00;Refugio da Vida Silvestre de Colíder
2017;0,00;Parque Natural Municipal Colonizador Jose Bianchini
2017;0,00;Parque Nacional do Cabo Orange
2017;0,00;Reserva Extrativista Rio Iriri
2017;0,00;Reserva Extrativista do Lago do Capanã Grande
2017;0,00;Reserva Extrativista Rio Xingu
2017;0,00;Reserva Extrativista Rio Pacaás Novos
2017;0,00;Parque Natural Municipal Vale do Esperança
2017;0,00;Refúgio de Vida Silvestre Tabuleiro do Embaubal
2017;0,00;Estação Ecológica de Niquiá
2017;0,00;RPPN Gibeão
2017;0,00;Reserva Biológica do Guaporé
2017;11,44;Estação Ecológica da Terra do Meio
2017;0,35;Reserva Extrativista do Rio Gregório
2017;0,40;Floresta Estadual de Rendimento Sustentado Gavião
2017;2,89;Parque Nacional de Pacaás Novos
2017;25,09;Floresta Nacional do Jamanxim
2017;0,21;Reserva Extrativista Gurupá-Melgaço
2017;0,37;Floresta Nacional de Caxiuanã
2017;0,08;Reserva de Desenvolvimento Sustentável Canumã
2017;1,21;"Floresta Estadual de Rendimento Sustentado do Rio Madeira ""B"""
2017;2,93;Reserva Extrativista Guariba-Roosevelt
2017;0,78;Floresta Estadual de Faro
2017;0,06;Floresta Estadual de Iriri
2017;2,18;Floresta Nacional do Crepori
2017;0,07;Parque Estadual Serra do Aracá
2017;0,10;Reserva Extrativista Marinha de Soure
2017;0,12;Floresta Estadual de Rendimento Sustentado Periquito
2017;0,45;Floresta Nacional de Purus
2017;0,49;Floresta Estadual de Rendimento Sustentado do Rio Machado
2017;0,07;Floresta Nacional de Mapiá-Inauiní
2017;2,37;Reserva Extrativista Ipê
2017;0,23;APA  Tapuruquara
2017;1,77;Floresta Nacional de Tapirapé-Aquiri
2017;0,80;Floresta Estadual Maúes
2017;0,13;Parque Nacional dos Campos Ferruginosos
2017;0,23;Floresta Estadual de Rendimento Sustentado Tucano
2017;1,97;Floresta Nacional do Aripuanã
2017;1,74;Reserva Extrativista Riozinho do Anfrísio
2017;14,01;APA do Lago de Tucurui
2017;0,07;Estação Ecológica de Cuniã
2017;0,40;Reserva Extrativista Catuá-Ipixuna
2017;1,56;Reserva Extrativista Rio Cajari
2017;0,16;Reserva Extrativista Alto Tarauacá
2017;22,80;Parque Estadual de Guajará-Mirim
2017;3,96;APA de Upaon-Açu / Miritiba / Alto Preguiças
2017;4,13;Reserva Extrativista Renascer
2017;0,17;Reserva de Desenvolvimento Sustentável Pucuruí - Ararão
2017;0,47;Parque Nacional da Amazônia
2017;5,03;Parque Nacional do Rio Novo
2017;0,13;Parque Nacional do Jaú
2017;0,14;Reserva Extrativista Marinha Caetétaperaçu
2017;32,20;APA do Tapajós
2017;0,78;Floresta Nacional de Urupadi
2017;0,87;Reserva Extrativista Arióca Pruanã
2017;0,17;Reserva Extrativista Baixo Juruá
2017;0,17;Floresta Nacional do Jamari
2017;0,07;Reserva de Desenvolvimento Sustentável Alcobaça
2017;11,48;Reserva Extrativista Rio Preto-Jacundá
2017;0,02;Estação Ecológica do Rio Roosevelt
2017;0,11;Floresta Estadual do Trombetas
2017;0,40;Parque Nacional dos Campos Amazônicos
2017;0,36;Parque Nacional da Serra do Divisor
2017;0,02;Refúgio de Vida Silvestre Metrópole da Amazônia
2017;20,01;Reserva Extrativista Chico Mendes
2017;4,41;Reserva Biológica Nascentes Serra do Cachimbo
2017;0,07;Floresta Nacional do Amazonas
2017;0,11;Reserva Extrativista Rio Cautário
2017;9,74;Floresta Nacional de Itaituba Ii
2017;2,65;APA Margem Direita do Rio Negro- Setor Paduari-Solimões
2017;0,89;Floresta Nacional do Trairão
2017;144,66;Reserva Extrativista Jaci-Paraná
2017;0,14;Reserva de Desenvolvimento Sustentável Uacarí
2017;0,08;Reserva de Desenvolvimento Sustentavel Puranga Conquista
2017;6,48;Reserva Biológica do Gurupi
2017;0,14;Parque Nacional do Acari
2017;0,07;Floresta Estadual de Tapauá
2017;0,04;Reserva Extrativista Aquariquara
2017;0,17;Reserva Extrativista Médio Juruá
2017;0,34;Reserva Extrativista do Rio Jutaí
2017;0,14;Parque Nacional da Serra do Pardo
2017;0,13;Parque Estadual Serra Santa Bárbara
2017;6,35;Reserva Extrativista Angelim
2017;0,37;Floresta Nacional de Santa Rosa do Purus
2017;0,09;Parque Nacional do Juruena
2017;0,14;Floresta Nacional de Macauã
2017;3,51;Reserva Extrativista Verde Para Sempre
2017;0,13;Floresta Nacional de Pau-Rosa
2017;9,45;APA da Baixada Maranhense
2017;0,27;APA Paytuna
2017;0,37;APA Margem Esquerda do Rio Negro-Setor Tarumã Açu-Tarumã Mirima
2017;0,00;Parque Estadual Igarapés do Juruena
2017;0,27;APA dos Campos de Manicoré
2017;2,50;APA Ilha do Bananal/Cantão
2017;0,10;Area de Proteção Ambiental Taruma/Ponta Negra
2017;0,02;Floresta Nacional de Mulata
2017;0,17;Reserva Extrativista Ituxí
2017;0,20;Parque Nacional do Jamanxim
2017;3,33;Parque Nacional Mapinguari
2017;0,10;Estação Ecológica Samuel
2017;0,98;Reserva de Desenvolvimento Sustentável Amanã
2017;0,31;Floresta Estadual de Rendimento Sustentado Araras
2017;209,85;APA Triunfo do Xingu
2017;0,00;Reserva Extrativista Marinha Mocapajuba
2017;0,52;APA Margem Esquerda do Rio Negro-Setor Aturiá-Apuauzinho
2017;0,76;Reserva Extrativista Rio Ouro Preto
2017;0,61;Área de Relevante Interesse Ecológica Seringal Nova Esperança
2017;0,38;Floresta Nacional de Carajás
2017;0,10;Reserva Extrativista Mata Grande
2017;2,61;APA das Reentrâncias Maranhenses
2017;8,37;Floresta Estadual do Paru
2017;5,94;Floresta Nacional do Amaná
2017;2,64;Floresta Nacional de Tefé
2017;1,76;Reserva Extrativista do Cazumbá-Iracema
2017;0,22;Reserva de Desenvolvimento Sustentável Piagaçu Purus
2017;0,26;Reserva de Desenvolvimento Sustentável do Juma
2017;1,79;Reserva Extrativista Alto Juruá
2017;0,02;Floresta Estadual de Rendimento Sustentado Cedro
2017;0,24;Floresta Nacional de Balata-Tufari
2017;3,14;Floresta Nacional de Saracá-Taquera
2017;0,00;Reserva Extrativista Maracatiara
2017;0,09;Parque Nacional Montanhas do Tumucumaque
2017;0,45;Reserva Extrativista Ipaú-Anilzinho
2017;0,25;Reserva Extrativista Riozinho da Liberdade
2017;1,31;Reserva Extrativista Arapixi
2017;0,46;Floresta Nacional de Itaituba I
2017;0,59;Reserva de Desenvolvimento Sustentável do Uatumã
2017;5,80;Floresta Estadual de Rendimento Sustentado Mutum
2017;0,95;Reserva de Desenvolvimento Sustentável do Rio Negro
2017;5,92;Floresta Nacional de Bom Futuro
2017;0,47;Reserva Extrativista Tapajós Arapiuns
2017;0,84;APA Igarapé São Francisco
2017;0,02;Reserva Extrativista Jatobá
2017;4,83;APA de Presidente Figueiredo - Caverna do Moroaga
2017;4,53;APA do Arquipélago do Marajó
2017;0,28;Parque Nacional do Pico da Neblina
2017;0,10;Floresta Nacional de Tapajós
2017;0,01;Reserva Extrativista Mogno
2017;0,50;Floresta Nacional de Itacaiunas
2017;0,22;Floresta Nacional do Iquiri
2017;3,21;Floresta Estadual do Amapá
2017;1,14;Floresta Nacional Altamira
2017;0,07;APA Meandros do Araguaia
2017;0,00;Reserva Extrativista São João da Ponta
2016;0,00;Reserva Extrativista Marinha de Soure
2016;0,00;APA das Cabeceiras do Rio Cuiabá
2016;0,00;Floresta Nacional do Trairão
2016;0,00;Parque Estadual de Águas Quentes
2016;0,00;Parque Natural Municipal Uirapuru
2016;0,00;APA da Ilha do Combu
2016;0,00;Parque Natural Municipal Lagoa das Garças
2016;0,00;APA Serra do Lajeado
2016;0,00;Parque Estadual das Nascentes do Rio Taquari
2016;0,00;Parque Estadual do Bacanga
2016;0,00;Reserva Biológica do Manicoré
2016;0,00;Parque Nacional do Monte Roraima
2016;0,00;Floresta Nacional de Humaitá
2016;0,00;Parque Natural Muncipal Paulo Viriato Correa da Costa
2016;0,00;Reserva Extrativista Extremo Norte do Tocantins
2016;0,00;Reserva Extrativista Municipal Beija Flor Brilho de Fogo
2016;0,00;APA Bacia do Rio de Janeiro
2016;0,00;Estação Ecológica de Maracá
2016;0,00;Reserva Biológica do Tapirapé
2016;0,00;Área de Relevante Interesse Ecológico Japiim Pentecoste
2016;0,00;Reserva Biológica do Lago Piratuba
2016;0,00;Parque Estadual Guariba
2016;0,00;Reserva Extrativista Catuá-Ipixuna
2016;0,00;Parque Natural Municipal de Redenção
2016;0,00;Area de Relevante Interesse Ecologico Museu Parque Seringal
2016;0,00;Reserva Biológica Morro dos Seis Lagos
2016;0,00;APA Lago de São Salvador do Tocantins, Paranã E Palmeirópolis
2016;0,00;Área de Relevante Interesse Ecológica Javari Buriti
2016;0,00;Reserva Extrativista Marinha Arai-Peroba
2016;0,00;Reserva Extrativista Pedras Negras
2016;0,00;Floresta Estadual de Rendimento Sustentado Cedro
2016;0,00;APA da Fazendinha
2016;0,00;APA do Juá
2016;0,00;APA Lago de Peixe/Angical
2016;0,00;Reserva Extrativista Chocoaré-Mato Grosso
2016;0,00;Reserva Extrativista Lago do Cuniã
2016;0,00;APA da Serra do Saubal
2016;0,00;APA Parque Linear do Bindá
2016;0,00;Estação Ecológica do Rio Roosevelt
2016;0,00;APA da Região Metrolpolitana de Belém
2016;0,00;Reserva de Desenvolvimento Sustentável Bararati
2016;0,00;APA Jalapão
2016;0,00;Estação Ecológica da Serra das Araras
2016;0,00;Monumento Natural Morro de Santo Antônio
2016;0,00;Parque Nacional do Araguaia
2016;0,00;Estação Ecológica Serra dos Três Irmãos
2016;0,00;Reserva Extrativista Auatí-Paraná
2016;0,00;APA Foz do Rio Santa Tereza
2016;0,00;Parque Natural Municipal do Morro dos Ventos
2016;0,00;Monumento Natural Canyons E Corredeiras do Rio Sono
2016;0,00;Parque Estadual Sucunduri
2016;0,00;Parque Estadual Charapucu
2016;0,00;Parque Estadual Dom Osório Stoffel
2016;0,00;Parque Estadual Rio Negro Setor Norte
2016;0,00;Reserva Extrativista do Ciriáco
2016;0,00;Parque Estadual do Utinga
2016;0,00;Parque Estadual Mãe Bonifácia
2016;0,00;Floresta Estadual Sucunduri
2016;0,00;Monumento Natural Atalaia
2016;0,00;Floresta Nacional de São Francisco
2016;0,00;APA de Algodoal-Maiandeua
2016;0,00;Parque Estadual do Lajeado
2016;0,00;RPPN Cristalino I
2016;0,00;RPPN Poleiro Grande
2016;0,00;Parque Estadual Encontro das Águas
2016;0,00;Floresta Estadual Manicoré
2016;0,00;Estação Ecológica Rio Acre
2016;0,00;APA da Chapada dos Guimarães
2016;0,00;Reserva Extrativista Massaranduba
2016;0,00;Refúgio de Vida Silvestre Padre Sérgio Tonetto
2016;0,00;Reserva Extrativista Arapiranga-Tromaí
2016;0,00;Refúgio de Vida Silvestre Corixão da Mata Azul
2016;0,00;Parque Estadual do Jalapão
2016;0,00;Estação Ecológica do Jari
2016;0,00;Parque Natural Municipal Veredas dos Carajás
2016;0,00;Parque Estadual do Guirá
2016;0,00;Parque Estadual do Cantão
2016;0,00;RPPN Osório Reimão
2016;0,00;RPPN Pioneira do Rio Piquiri
2016;0,00;APA Lago de Palmas
2016;0,00;RPPN Sonhada
2016;0,00;APA do Rio Preto
2016;0,00;APA Municipal do Aricá-Açu
2016;0,00;Parque Estadual do Araguaia
2016;0,00;Parque Natural Municipal de Castanhal/Pará
2016;0,00;Parque Estadual Serra Azul
2016;0,00;Parque Estadual Águas do Cuiabá
2016;0,00;APA da Região do Maracanã
2016;0,00;Reserva de Desenvolvimento Sustentável Campo das Mangabas
2016;0,00;Parque Nacional da Chapada dos Guimarães
2016;0,00;Floresta Estadual Aripuanã
2016;0,00;Parque Estadual Sumaúma
2016;0,00;RPPN Nova Aurora
2016;0,00;Parque Nacional Nascentes do Lago Jari
2016;0,00;RPPN Peugeot-Onf-Brasil
2016;0,00;Floresta Estadual Apuí
2016;0,00;Reserva de Desenvolvimento Sustentável do Uatumã
2016;0,00;RPPN Klagesi
2016;0,00;Parque Nacional Serra da Mocidade
2016;0,00;Reserva Extrativista Marinha Caetétaperaçu
2016;0,00;Reserva de Desenvolvimento Sustentável do Rio Iratapuru
2016;0,00;Reserva Extrativista de Cururupu
2016;0,00;Floresta Estadual Rio Urubu
2016;0,00;Parque Nacional do Pantanal Matogrossense
2016;0,00;APA das Nascentes de Araguaina
2016;0,00;Reserva de Desenvolvimento Sustentável Cujubim
2016;0,00;Parque Nacional da Serra da Cutia
2016;0,00;Reserva de Desenvolvimento Sustentável  Itatupã-Baquiá
2016;0,00;Reserva Extrativista Barreiro das Antas
2016;0,00;Reserva de Desenvolvimento Sustentável Mamirauá
2016;0,00;RPPN Ilhas Alexandre Rodrigues Ferreira
2016;0,00;Reserva Extrativista Quilombo do Frechal
2016;0,00;Reserva Extrativista Gurupá-Melgaço
2016;0,00;Parque Estadual Massairo Okamura
2016;0,00;Reserva Extrativista  do Rio Cautário
2016;0,00;Reserva Extrativista Marinha Cuinarana
2016;0,00;APA do Itapiracó
2016;0,00;Estação Ecológica de Maracá Jipioca
2016;0,00;RPPN Fazenda Bosco
2016;0,00;Reserva Biológica Culuene
2016;0,00;APA Serra da Tabatinga
2016;0,00;APA Nascentes do Rio Paraguai
2016;0,00;Reserva Extrativista Marinha Mocapajuba
2016;0,00;Reserva Extrativista Itapetininga
2016;0,00;Reserva Extrativista Marinha Tracuateua
2016;0,00;Parque Estadual Igarapés do Juruena
2016;0,00;Estação Ecológica Juami-Japurá
2016;0,00;Reserva Extrativista Lago do Cedro
2016;0,00;Refúgio de Vida Silvestre Lago Mole
2016;0,00;Floresta Estadual de Rendimento Sustentado Rio Vermelho (C)
2016;0,00;Parque Estadual Serra dos Reis
2016;0,00;Parque Estadual do Araguaiaa
2016;0,00;Monumento Natural das Árvores Fossilizadas do Estado do Tocantins
2016;0,00;Parque Estadual Zé Bolo Flô
2016;0,00;RPPN Aurora Natura
2016;0,00;Reserva de Desenvolvimento Sustentavel Puranga Conquista
2016;0,00;Parque Estadual Rio Negro Setor Sul
2016;0,00;Parque Natural Municipal Claudino Francio
2016;0,00;Floresta Nacional de Anauá
2016;0,00;Estação Ecológica do Rio Ronuro
2016;0,00;Estação Ecológica de Jutaí-Solimões
2016;0,00;Reserva Extrativista Roxinho
2016;0,00;Parque Nacional Viruá
2016;0,00;Parque Nacional Montanhas do Tumucumaque
2016;0,00;Área de Relevante Interesse Ecológica Projeto Dinâmica Biológica de Fragmentos Florestais
2016;0,00;Reserva Extrativista Freijó
2016;0,00;Floresta Nacional do Jamari
2016;0,00;Estação Ecológica de Taiamã
2016;0,00;RPPN Catedral do Jalapão
2016;0,00;RPPN Fazenda Loanda
2016;0,00;Area de Relevante Interesse Ecologico Parque Ambiental Antonio Danubio Lourenço da Silva
2016;0,00;Parque Nacional das Nascentes do Rio Parnaiba
2016;0,00;Reserva Extrativista do Rio Jutaí
2016;0,00;RPPN Irmãos Satelis
2016;0,00;Reserva Extrativista Garrote
2016;0,00;Parque Estadual do Xingu
2016;0,00;Estação Ecológica Alto Maués
2016;0,00;Parque Natural Municipal Jardim Botânico
2016;0,00;Monumento Natural Morro Chico Mendes
2016;0,00;Reserva de Desenvolvimento Sustentável Aripuanã
2016;0,00;Parque Estadual Tucumã
2016;0,00;Parque Natural Municipal do Cancão
2016;0,00;Floresta Estadual Canutama
2016;0,00;Reserva Extrativista da Baía do Tubarão
2016;0,00;Floresta Nacional de Macauã
2016;0,00;Area de Protecao Ambiental Xeriuini
2016;0,00;Floresta Nacional de Pau-Rosa
2016;0,00;Reserva de Desenvolvimento Sustentável Rio Amapá
2016;0,00;Parque Nacional da Chapada das Mesas
2016;0,00;Floresta Nacional de Amapá
2016;0,00;Estação Ecológica Samuel
2016;0,00;Reserva Extrativista Marinha Mestre Lucindo
2016;0,00;RPPN Fazenda Calixto
2016;0,00;Reserva Extrativista do Itaúba
2016;0,00;Reserva Extrativista Curralinho
2016;0,00;Estação Ecológica Rio Flor do Prado
2016;0,00;Reserva Biológica Traçadal
2016;0,00;Reserva de Desenvolvimento Sustentável do Tupé
2016;0,00;APA do Rio Curiaú
2016;0,00;Reserva de Desenvolvimento Sustentável Vitória de Souzel
2016;0,00;RPPN Cristalino Iii
2016;0,00;Reserva Biológica Rio Ouro Preto
2016;0,00;Parque Estadual Chandless
2016;0,00;Reserva Extrativista Jatobá
2016;0,00;Reserva Extrativista do Guariba
2016;0,00;Reserva Biológica do Jaru
2016;0,00;Parque Nacional de Anavilhanas
2016;0,00;Reserva Extrativista Ipê
2016;0,00;RPPN Sesc Tepequém
2016;0,00;Floresta Nacional de Mapiá-Inauiní
2016;0,00;Reserva Extrativista do Rio Unini
2016;0,00;Reserva Extrativista Baixo Rio Branco Jauaperi
2016;0,00;Reserva Biológica do Uatumã
2016;0,00;Reserva Extrativista Sucupira
2016;0,00;Parque Estadual do Sítio do Rangedor
2016;0,00;Reserva Extrativista Mogno
2016;0,00;Floresta Nacional de Jatuarana
2016;0,00;Parque Estadual de Monte Alegre
2016;0,00;RPPN Bico do Javaés
2016;0,00;Reserva Biológica de Maicuru
2016;0,00;Estacao Ecologica Serra Geral do Tocantins
2016;0,00;APA do Salto Magessi
2016;0,00;Estação Ecológica do Grão Pará
2016;0,00;Reserva de Desenvolvimento Sustentável Igapó-Açu
2016;0,00;Parque Municipal da Cacimba
2016;0,00;Reserva de Desenvolvimento Sustentável do Matupiri
2016;0,00;Parque Natural Municipal Parque Florestal de Sinop
2016;0,00;Reserva Extrativista Seringueira
2016;0,00;Refugio da Vida Silvestre de Colíder
2016;0,00;Parque Natural Municipal Colonizador Jose Bianchini
2016;0,00;Parque Nacional do Cabo Orange
2016;0,00;Reserva Extrativista Rio Iriri
2016;0,00;Reserva Extrativista Rio Pacaás Novos
2016;0,00;Parque Natural Municipal Vale do Esperança
2016;0,00;Refúgio de Vida Silvestre Tabuleiro do Embaubal
2016;0,00;Estação Ecológica de Niquiá
2016;0,00;RPPN Gibeão
2016;0,00;Parque Nacional do Acari
2016;8,53;Estação Ecológica da Terra do Meio
2016;0,17;Reserva Extrativista do Rio Gregório
2016;0,02;Floresta Estadual de Rendimento Sustentado Gavião
2016;0,19;Parque Nacional de Pacaás Novos
2016;73,06;Floresta Nacional do Jamanxim
2016;0,21;Reserva Extrativista Mapuá
2016;0,21;Parque Estadual Cristalino
2016;0,14;Reserva de Desenvolvimento Sustentavel do Rio Madeira
2016;0,18;Floresta Nacional de Caxiuanã
2016;0,08;Reserva de Desenvolvimento Sustentável Canumã
2016;0,94;"Floresta Estadual de Rendimento Sustentado do Rio Madeira ""B"""
2016;3,05;Reserva Extrativista Guariba-Roosevelt
2016;0,65;Floresta Estadual de Faro
2016;0,40;Parque Estadual Serra Ricardo Franco
2016;0,26;Floresta Estadual de Iriri
2016;0,00;Reserva Extrativista São João da Ponta
2016;0,53;Parque Estadual Serra do Aracá
2016;0,07;Floresta Estadual de Rendimento Sustentado Periquito
2016;0,08;Floresta Nacional de Purus
2016;0,45;Floresta Estadual de Rendimento Sustentado do Rio Machado
2016;0,07;APA - Baixo Rio Branco
2016;0,21;APA  Tapuruquara
2016;1,31;Floresta Nacional de Tapirapé-Aquiri
2016;0,47;Floresta Estadual Maúes
2016;0,00;Reserva Extrativista Maracanã
2016;1,04;Parque Nacional dos Campos Ferruginosos
2016;0,48;Floresta Estadual de Rendimento Sustentado Tucano
2016;0,38;Floresta Nacional do Aripuanã
2016;1,21;Reserva Extrativista Riozinho do Anfrísio
2016;19,93;APA do Lago de Tucurui
2016;0,43;Reserva Extrativista Terra Grande Pracuuba
2016;0,09;Estação Ecológica de Cuniã
2016;1,90;Reserva Extrativista Rio Cajari
2016;0,32;Reserva Extrativista Alto Tarauacá
2016;13,62;Parque Estadual de Guajará-Mirim
2016;2,97;APA de Upaon-Açu / Miritiba / Alto Preguiças
2016;1,91;Reserva Extrativista Renascer
2016;0,11;Reserva de Desenvolvimento Sustentável Pucuruí - Ararão
2016;1,12;Parque Nacional da Amazônia
2016;3,00;Parque Nacional do Rio Novo
2016;0,07;APA Lago do Amapá
2016;0,16;Parque Nacional do Jaú
2016;0,08;Parque Estadual do Matupiri
2016;0,12;Reserva Extrativista Canutama
2016;31,33;APA do Tapajós
2016;0,23;Floresta Nacional de Urupadi
2016;0,86;Reserva Extrativista Arióca Pruanã
2016;0,11;Reserva Extrativista Baixo Juruá
2016;0,12;Reserva de Desenvolvimento Sustentável Alcobaça
2016;9,39;Reserva Extrativista Rio Preto-Jacundá
2016;0,29;Floresta Estadual do Trombetas
2016;0,02;Parque Nacional dos Campos Amazônicos
2016;0,11;APA Lago de Santa Isabel
2016;1,02;Parque Nacional da Serra do Divisor
2016;0,11;Refúgio de Vida Silvestre Metrópole da Amazônia
2016;29,48;Reserva Extrativista Chico Mendes
2016;0,01;Reserva Biológica do Guaporé
2016;10,16;Reserva Biológica Nascentes Serra do Cachimbo
2016;0,30;Floresta Nacional do Amazonas
2016;0,01;Reserva Extrativista Rio Cautário
2016;3,85;Floresta Nacional de Itaituba Ii
2016;2,16;APA Margem Direita do Rio Negro- Setor Paduari-Solimões
2016;114,64;Reserva Extrativista Jaci-Paraná
2016;0,25;Reserva de Desenvolvimento Sustentável Uacarí
2016;4,60;Reserva Biológica do Gurupi
2016;0,00;Reserva Extrativista Piquiá
2016;0,13;APA de Alter do Chão
2016;0,07;Floresta Estadual de Tapauá
2016;0,22;Reserva Extrativista Aquariquara
2016;0,65;APA de São Geraldo do Araguaia
2016;0,35;Reserva Extrativista Médio Juruá
2016;0,00;Parque Nacional da Serra do Pardo
2016;0,17;Parque Estadual Serra Santa Bárbara
2016;1,60;Reserva Extrativista Angelim
2016;0,09;Floresta Nacional de Santa Rosa do Purus
2016;0,08;Parque Nacional do Juruena
2016;0,16;Floresta Nacional de Jacundá
2016;2,64;Reserva Extrativista Verde Para Sempre
2016;2,99;APA da Baixada Maranhense
2016;0,11;Parque Estadual de Corumbiara
2016;1,28;APA Paytuna
2016;0,08;APA Margem Esquerda do Rio Negro-Setor Tarumã Açu-Tarumã Mirima
2016;0,12;APA dos Campos de Manicoré
2016;16,99;APA Ilha do Bananal/Cantão
2016;0,01;Reserva Extrativista Marinha de Gurupi-Piriá
2016;0,08;Reserva Extrativista Castanheira
2016;0,07;Area de Proteção Ambiental Taruma/Ponta Negra
2016;0,04;Floresta Nacional de Mulata
2016;0,13;Reserva Extrativista Rio Xingu
2016;0,28;Reserva Extrativista Ituxí
2016;0,13;Reserva Biológica do Rio Trombetas
2016;2,30;Parque Nacional do Jamanxim
2016;0,10;Reserva Biológica do Abufari
2016;0,45;Parque Nacional Mapinguari
2016;1,53;Reserva de Desenvolvimento Sustentável Amanã
2016;0,06;Reserva Extrativista do Lago do Capanã Grande
2016;0,30;Floresta Estadual de Rendimento Sustentado Araras
2016;422,11;APA Triunfo do Xingu
2016;0,45;APA Margem Esquerda do Rio Negro-Setor Aturiá-Apuauzinho
2016;1,69;Reserva Extrativista Rio Ouro Preto
2016;0,09;APA Nhamundá
2016;0,78;Área de Relevante Interesse Ecológica Seringal Nova Esperança
2016;0,01;APA do Igarapé Gelado
2016;0,74;Floresta Nacional de Carajás
2016;0,08;Reserva Extrativista Mata Grande
2016;0,30;APA das Reentrâncias Maranhenses
2016;7,73;Floresta Estadual do Paru
2016;4,54;Floresta Nacional do Amaná
2016;2,92;Floresta Nacional de Tefé
2016;2,43;Reserva Extrativista do Cazumbá-Iracema
2016;1,92;Reserva Extrativista do Médio Purús
2016;0,46;Reserva de Desenvolvimento Sustentável Piagaçu Purus
2016;0,07;Parque Estadual da Serra dos Martírios/Andorinhas
2016;0,13;Reserva de Desenvolvimento Sustentável do Juma
2016;1,66;Reserva Extrativista Alto Juruá
2016;0,36;Floresta Nacional de Balata-Tufari
2016;3,77;Floresta Nacional de Saracá-Taquera
2016;0,01;Reserva Extrativista Mae Grande de Curuça
2016;0,12;Reserva Extrativista Maracatiara
2016;0,73;Reserva Extrativista Ipaú-Anilzinho
2016;1,15;Reserva Extrativista Riozinho da Liberdade
2016;0,48;Reserva Extrativista Arapixi
2016;0,49;Floresta Nacional de Itaituba I
2016;5,28;Floresta Estadual de Rendimento Sustentado Mutum
2016;0,27;Reserva de Desenvolvimento Sustentável do Rio Negro
2016;1,31;Floresta Nacional de Bom Futuro
2016;0,13;APA do Rio Madeira
2016;0,31;Reserva Extrativista Tapajós Arapiuns
2016;1,90;APA Igarapé São Francisco
2016;3,79;APA de Presidente Figueiredo - Caverna do Moroaga
2016;2,96;APA do Arquipélago do Marajó
2016;0,16;Parque Nacional do Pico da Neblina
2016;0,13;Floresta Nacional de Tapajós
2016;1,55;Floresta Nacional de Roraima
2016;0,53;Floresta Nacional de Itacaiunas
2016;0,49;Floresta Nacional do Iquiri
2016;1,07;Floresta Estadual do Amapá
2016;6,85;Floresta Nacional Altamira
2016;0,06;APA Meandros do Araguaia
2016;1,63;Floresta Nacional do Crepori
2015;0,00;Estação Ecológica de Maracá Jipioca
2015;0,00;Parque Estadual de Águas Quentes
2015;0,00;Parque Natural Municipal Uirapuru
2015;0,00;APA da Ilha do Combu
2015;0,00;Parque Natural Municipal Lagoa das Garças
2015;0,00;APA Serra do Lajeado
2015;0,00;Parque Estadual das Nascentes do Rio Taquari
2015;0,00;Floresta Nacional de Santa Rosa do Purus
2015;0,00;Floresta Estadual de Rendimento Sustentado Periquito
2015;0,00;Parque Estadual do Bacanga
2015;0,00;Parque Nacional do Monte Roraima
2015;0,00;Floresta Nacional de Humaitá
2015;0,00;Parque Natural Muncipal Paulo Viriato Correa da Costa
2015;0,00;Reserva Extrativista Extremo Norte do Tocantins
2015;0,00;APA Lago do Amapá
2015;0,00;Reserva Extrativista Municipal Beija Flor Brilho de Fogo
2015;0,00;APA Bacia do Rio de Janeiro
2015;0,00;Estação Ecológica de Maracá
2015;0,00;Reserva Biológica do Rio Trombetas
2015;0,00;Reserva Biológica do Tapirapé
2015;0,00;Reserva Extrativista do Rio Gregório
2015;0,00;Área de Relevante Interesse Ecológico Japiim Pentecoste
2015;0,00;Reserva Biológica do Lago Piratuba
2015;0,00;Parque Estadual Guariba
2015;0,00;Parque Natural Municipal de Redenção
2015;0,00;Area de Relevante Interesse Ecologico Museu Parque Seringal
2015;0,00;Reserva Biológica Morro dos Seis Lagos
2015;0,00;Reserva Biológica do Abufari
2015;0,00;APA Lago de São Salvador do Tocantins, Paranã E Palmeirópolis
2015;0,00;Área de Relevante Interesse Ecológica Javari Buriti
2015;0,00;Reserva Extrativista Pedras Negras
2015;0,00;Floresta Estadual de Rendimento Sustentado Cedro
2015;0,00;APA da Fazendinha
2015;0,00;APA do Juá
2015;0,00;APA Lago de Peixe/Angical
2015;0,00;Reserva Extrativista Chocoaré-Mato Grosso
2015;0,00;Reserva Extrativista Lago do Cuniã
2015;0,00;APA da Serra do Saubal
2015;0,00;APA Parque Linear do Bindá
2015;0,00;APA da Região Metrolpolitana de Belém
2015;0,00;Reserva de Desenvolvimento Sustentável Bararati
2015;0,00;APA Jalapão
2015;0,00;APA de São Geraldo do Araguaia
2015;0,00;Estação Ecológica da Serra das Araras
2015;0,00;Monumento Natural Morro de Santo Antônio
2015;0,00;Parque Nacional do Araguaia
2015;0,00;Estação Ecológica Serra dos Três Irmãos
2015;0,00;APA Foz do Rio Santa Tereza
2015;0,00;Parque Natural Municipal do Morro dos Ventos
2015;0,00;Monumento Natural Canyons E Corredeiras do Rio Sono
2015;0,00;Parque Estadual Sucunduri
2015;0,00;Parque Estadual Charapucu
2015;0,00;Parque Estadual Dom Osório Stoffel
2015;0,00;Parque Estadual Rio Negro Setor Norte
2015;0,00;Parque Estadual do Utinga
2015;0,00;Parque Estadual Mãe Bonifácia
2015;0,00;Floresta Estadual Sucunduri
2015;0,00;Monumento Natural Atalaia
2015;0,00;Floresta Nacional de São Francisco
2015;0,00;APA de Algodoal-Maiandeua
2015;0,00;Parque Estadual do Lajeado
2015;0,00;RPPN Cristalino I
2015;0,00;RPPN Poleiro Grande
2015;0,00;Parque Estadual Encontro das Águas
2015;0,00;Floresta Estadual Manicoré
2015;0,00;Estação Ecológica Rio Acre
2015;0,00;APA da Chapada dos Guimarães
2015;0,00;Refúgio de Vida Silvestre Padre Sérgio Tonetto
2015;0,00;Reserva Extrativista Arapiranga-Tromaí
2015;0,00;Refúgio de Vida Silvestre Corixão da Mata Azul
2015;0,00;Parque Estadual do Jalapão
2015;0,00;Estação Ecológica do Jari
2015;0,00;Parque Natural Municipal Veredas dos Carajás
2015;0,00;Parque Estadual do Guirá
2015;0,00;Parque Estadual do Cantão
2015;0,00;APA do Igarapé Gelado
2015;0,00;RPPN Osório Reimão
2015;0,00;RPPN Pioneira do Rio Piquiri
2015;0,00;APA Lago de Palmas
2015;0,00;RPPN Sonhada
2015;0,00;APA do Rio Preto
2015;0,00;APA Municipal do Aricá-Açu
2015;0,00;Parque Estadual do Araguaia
2015;0,00;Parque Natural Municipal de Castanhal/Pará
2015;0,00;Parque Estadual Serra Azul
2015;0,00;Parque Estadual Águas do Cuiabá
2015;0,00;APA da Região do Maracanã
2015;0,00;Reserva de Desenvolvimento Sustentável Campo das Mangabas
2015;0,00;Parque Nacional da Chapada dos Guimarães
2015;0,00;Floresta Estadual Aripuanã
2015;0,00;Reserva Extrativista Canutama
2015;0,00;Floresta Estadual de Tapauá
2015;0,00;Parque Estadual Sumaúma
2015;0,00;RPPN Nova Aurora
2015;0,00;Parque Nacional Nascentes do Lago Jari
2015;0,00;RPPN Peugeot-Onf-Brasil
2015;0,00;Floresta Estadual Apuí
2015;0,00;APA Margem Esquerda do Rio Negro-Setor Tarumã Açu-Tarumã Mirima
2015;0,00;RPPN Klagesi
2015;0,00;Parque Nacional Serra da Mocidade
2015;0,00;Reserva Extrativista Marinha Caetétaperaçu
2015;0,00;Reserva Extrativista Mae Grande de Curuça
2015;0,00;Reserva de Desenvolvimento Sustentável do Rio Iratapuru
2015;0,00;Reserva Extrativista de Cururupu
2015;0,00;Floresta Estadual Rio Urubu
2015;0,00;Parque Nacional do Pantanal Matogrossense
2015;0,00;APA das Nascentes de Araguaina
2015;0,00;Reserva de Desenvolvimento Sustentável Cujubim
2015;0,00;Parque Nacional da Serra da Cutia
2015;0,00;Reserva de Desenvolvimento Sustentável  Itatupã-Baquiá
2015;0,00;Reserva Extrativista Barreiro das Antas
2015;0,00;RPPN Ilhas Alexandre Rodrigues Ferreira
2015;0,00;Reserva Extrativista Quilombo do Frechal
2015;0,00;Reserva Extrativista Gurupá-Melgaço
2015;0,00;Parque Nacional da Serra do Pardo
2015;0,00;Parque Estadual Massairo Okamura
2015;0,00;Refúgio de Vida Silvestre Metrópole da Amazônia
2015;0,00;Reserva Extrativista  do Rio Cautário
2015;0,00;APA do Itapiracó
2015;0,00;Reserva Extrativista São João da Ponta
2015;0,00;RPPN Fazenda Bosco
2015;0,00;Reserva Biológica Culuene
2015;0,00;APA Serra da Tabatinga
2015;0,00;APA Nascentes do Rio Paraguai
2015;0,00;Reserva Extrativista Marinha Mocapajuba
2015;0,00;Reserva Extrativista Terra Grande Pracuuba
2015;0,00;Reserva Extrativista Itapetininga
2015;0,00;Reserva Extrativista Mapuá
2015;0,00;Reserva Extrativista Marinha Tracuateua
2015;0,00;Parque Estadual Igarapés do Juruena
2015;0,00;Estação Ecológica Juami-Japurá
2015;0,00;Reserva Extrativista Lago do Cedro
2015;0,00;Refúgio de Vida Silvestre Lago Mole
2015;0,00;Floresta Estadual de Rendimento Sustentado Rio Vermelho (C)
2015;0,00;Parque Estadual da Serra dos Martírios/Andorinhas
2015;0,00;Parque Estadual do Araguaiaa
2015;0,00;Monumento Natural das Árvores Fossilizadas do Estado do Tocantins
2015;0,00;Parque Estadual Zé Bolo Flô
2015;0,00;RPPN Aurora Natura
2015;0,00;Reserva de Desenvolvimento Sustentavel Puranga Conquista
2015;0,00;Parque Estadual Rio Negro Setor Sul
2015;0,00;Parque Natural Municipal Claudino Francio
2015;0,00;Floresta Nacional de Anauá
2015;0,00;Estação Ecológica do Rio Ronuro
2015;0,00;APA do Rio Madeira
2015;0,00;Floresta Nacional de Caxiuanã
2015;0,00;Estação Ecológica de Jutaí-Solimões
2015;0,00;Reserva Extrativista Roxinho
2015;0,00;Parque Estadual de Corumbiara
2015;0,00;Parque Nacional Viruá
2015;0,00;Área de Relevante Interesse Ecológica Projeto Dinâmica Biológica de Fragmentos Florestais
2015;0,00;Reserva Extrativista Freijó
2015;0,00;Floresta Nacional do Jamari
2015;0,00;Estação Ecológica de Taiamã
2015;0,00;RPPN Catedral do Jalapão
2015;0,00;RPPN Fazenda Loanda
2015;0,00;Area de Relevante Interesse Ecologico Parque Ambiental Antonio Danubio Lourenço da Silva
2015;0,00;Parque Nacional do Jaú
2015;0,00;Parque Nacional das Nascentes do Rio Parnaiba
2015;0,00;Reserva Extrativista Marinha de Gurupi-Piriá
2015;0,00;Parque Estadual do Matupiri
2015;0,00;RPPN Irmãos Satelis
2015;0,00;Reserva Extrativista Garrote
2015;0,00;Floresta Estadual de Rendimento Sustentado do Rio Machado
2015;0,00;Parque Estadual do Xingu
2015;0,00;Estação Ecológica Alto Maués
2015;0,00;Parque Natural Municipal Jardim Botânico
2015;0,00;Monumento Natural Morro Chico Mendes
2015;0,00;Reserva de Desenvolvimento Sustentável Aripuanã
2015;0,00;Parque Natural Municipal do Cancão
2015;0,00;Floresta Estadual Canutama
2015;0,00;Reserva Extrativista da Baía do Tubarão
2015;0,00;Floresta Nacional de Pau-Rosa
2015;0,00;Reserva de Desenvolvimento Sustentável Rio Amapá
2015;0,00;Parque Nacional da Chapada das Mesas
2015;0,00;Floresta Nacional de Amapá
2015;0,00;Estação Ecológica Samuel
2015;0,00;Floresta Nacional de Jacundá
2015;0,00;RPPN Fazenda Calixto
2015;0,00;Reserva Extrativista do Itaúba
2015;0,00;Reserva Extrativista Curralinho
2015;0,00;Reserva de Desenvolvimento Sustentável do Juma
2015;0,00;Estação Ecológica Rio Flor do Prado
2015;0,00;Parque Estadual Cristalino
2015;0,00;Reserva Biológica Traçadal
2015;0,00;Reserva de Desenvolvimento Sustentável do Tupé
2015;0,00;APA do Rio Curiaú
2015;0,00;Reserva de Desenvolvimento Sustentável Vitória de Souzel
2015;0,00;RPPN Cristalino Iii
2015;0,00;Reserva Biológica Rio Ouro Preto
2015;0,00;Parque Estadual Chandless
2015;0,00;Reserva Extrativista Jatobá
2015;0,00;Reserva Extrativista do Guariba
2015;0,00;Parque Nacional de Anavilhanas
2015;0,00;Reserva Extrativista Ipê
2015;0,00;RPPN Sesc Tepequém
2015;0,00;Floresta Nacional de Mapiá-Inauiní
2015;0,00;Reserva Extrativista do Rio Unini
2015;0,00;Reserva Extrativista Baixo Rio Branco Jauaperi
2015;0,00;Reserva Biológica do Uatumã
2015;0,00;Floresta Nacional de Mulata
2015;0,00;Reserva Extrativista Sucupira
2015;0,00;Parque Estadual do Sítio do Rangedor
2015;0,00;Estação Ecológica de Cuniã
2015;0,00;Reserva Extrativista Mogno
2015;0,00;Floresta Nacional de Jatuarana
2015;0,00;Parque Estadual de Monte Alegre
2015;0,00;RPPN Bico do Javaés
2015;0,00;APA Nhamundá
2015;0,00;Reserva Biológica de Maicuru
2015;0,00;Parque Nacional de Pacaás Novos
2015;0,00;Estacao Ecologica Serra Geral do Tocantins
2015;0,00;APA do Salto Magessi
2015;0,00;Estação Ecológica do Grão Pará
2015;0,00;Reserva de Desenvolvimento Sustentável Igapó-Açu
2015;0,00;Parque Municipal da Cacimba
2015;0,00;APA - Baixo Rio Branco
2015;0,00;Reserva de Desenvolvimento Sustentável do Matupiri
2015;0,00;Parque Natural Municipal Parque Florestal de Sinop
2015;0,00;Refugio da Vida Silvestre de Colíder
2015;0,00;Parque Natural Municipal Colonizador Jose Bianchini
2015;0,00;Parque Nacional do Cabo Orange
2015;0,00;Reserva Extrativista Rio Iriri
2015;0,00;Reserva Extrativista do Lago do Capanã Grande
2015;0,00;Reserva Extrativista Rio Xingu
2015;0,00;Parque Natural Municipal Vale do Esperança
2015;0,00;APA dos Campos de Manicoré
2015;0,00;Refúgio de Vida Silvestre Tabuleiro do Embaubal
2015;0,00;Estação Ecológica de Niquiá
2015;0,00;RPPN Gibeão
2015;0,00;Parque Nacional do Acari
2015;0,00;Reserva Biológica do Guaporé
2015;3,13;Estação Ecológica da Terra do Meio
2015;0,27;Reserva Biológica do Manicoré
2015;0,04;Reserva Extrativista Marinha Cuinarana
2015;0,11;Parque Estadual Serra Ricardo Franco
2015;0,25;Parque Estadual Serra do Aracá
2015;0,18;Floresta Nacional de Itacaiunas
2015;0,74;Floresta Nacional do Crepori
2015;0,09;Reserva Extrativista Maracanã
2015;0,31;Floresta Nacional do Aripuanã
2015;0,13;Reserva Biológica do Jaru
2015;1,23;Reserva Extrativista Rio Cajari
2015;0,07;Reserva Extrativista Alto Tarauacá
2015;0,18;Parque Nacional da Amazônia
2015;34,33;APA do Tapajós
2015;0,09;Floresta Estadual do Trombetas
2015;0,36;Parque Nacional dos Campos Amazônicos
2015;0,10;APA Lago de Santa Isabel
2015;0,17;Parque Nacional da Serra do Divisor
2015;19,82;Reserva Biológica Nascentes Serra do Cachimbo
2015;0,26;Floresta Nacional do Amazonas
2015;0,07;Floresta Nacional do Trairão
2015;92,47;Reserva Extrativista Jaci-Paraná
2015;0,13;Reserva de Desenvolvimento Sustentável Uacarí
2015;5,79;Reserva Biológica do Gurupi
2015;0,08;Reserva Extrativista Piquiá
2015;0,09;Parque Estadual Serra dos Reis
2015;0,13;Reserva Extrativista Aquariquara
2015;0,07;Reserva Extrativista Médio Juruá
2015;0,07;Reserva Extrativista do Rio Jutaí
2015;0,04;Parque Nacional do Juruena
2015;0,91;APA da Baixada Maranhense
2015;0,29;Area de Proteção Ambiental Taruma/Ponta Negra
2015;0,06;Reserva de Desenvolvimento Sustentável Mamirauá
2015;0,34;Reserva Extrativista Ituxí
2015;5,86;Parque Nacional do Jamanxim
2015;0,08;Reserva de Desenvolvimento Sustentável Amanã
2015;0,64;Floresta Estadual de Rendimento Sustentado Araras
2015;0,40;Reserva Extrativista Marinha Mestre Lucindo
2015;0,89;Área de Relevante Interesse Ecológica Seringal Nova Esperança
2015;0,00;Reserva Extrativista Seringueira
2015;0,43;Reserva Extrativista Mata Grande
2015;3,94;Floresta Estadual do Paru
2015;0,54;Reserva Extrativista do Cazumbá-Iracema
2015;0,07;Reserva Extrativista do Médio Purús
2015;4,98;Floresta Nacional de Saracá-Taquera
2015;0,03;Reserva Extrativista Maracatiara
2015;0,07;Parque Nacional Montanhas do Tumucumaque
2015;0,10;Reserva Extrativista Arapixi
2015;0,43;Floresta Nacional de Itaituba I
2015;0,18;Reserva de Desenvolvimento Sustentável do Uatumã
2015;0,90;Floresta Nacional de Bom Futuro
2015;0,18;Floresta Nacional de Tapajós
2015;0,14;Floresta Nacional de Roraima
2015;0,75;Floresta Nacional do Iquiri
2015;3,37;Floresta Estadual do Amapá
2015;0,37;Floresta Nacional Altamira
2015;0,01;APA Meandros do Araguaia
2015;0,21;Floresta Estadual de Rendimento Sustentado Gavião
2015;92,52;Floresta Nacional do Jamanxim
2015;0,45;Reserva de Desenvolvimento Sustentavel do Rio Madeira
2015;0,06;Reserva de Desenvolvimento Sustentável Canumã
2015;0,52;"Floresta Estadual de Rendimento Sustentado do Rio Madeira ""B"""
2015;2,43;Reserva Extrativista Guariba-Roosevelt
2015;0,65;Floresta Estadual de Faro
2015;0,14;Floresta Estadual de Iriri
2015;0,31;Reserva Extrativista Marinha de Soure
2015;0,24;Floresta Nacional de Purus
2015;0,09;Floresta Estadual Maúes
2015;0,02;Parque Nacional dos Campos Ferruginosos
2015;0,12;Floresta Estadual de Rendimento Sustentado Tucano
2015;2,01;Reserva Extrativista Riozinho do Anfrísio
2015;27,86;APA do Lago de Tucurui
2015;0,00;Reserva Extrativista Massaranduba
2015;0,16;Reserva Extrativista Catuá-Ipixuna
2015;12,17;Parque Estadual de Guajará-Mirim
2015;4,77;APA de Upaon-Açu / Miritiba / Alto Preguiças
2015;4,77;Reserva Extrativista Renascer
2015;0,12;Reserva de Desenvolvimento Sustentável Pucuruí - Ararão
2015;1,01;Parque Nacional do Rio Novo
2015;0,55;Floresta Nacional de Urupadi
2015;0,13;Reserva Extrativista Arióca Pruanã
2015;0,09;Reserva Extrativista Baixo Juruá
2015;0,30;Reserva de Desenvolvimento Sustentável Alcobaça
2015;13,17;Reserva Extrativista Rio Preto-Jacundá
2015;2,26;Estação Ecológica do Rio Roosevelt
2015;15,22;Reserva Extrativista Chico Mendes
2015;0,07;Reserva Extrativista Rio Cautário
2015;2,92;Floresta Nacional de Itaituba Ii
2015;0,00;Reserva Extrativista Marinha Arai-Peroba
2015;2,82;APA Margem Direita do Rio Negro- Setor Paduari-Solimões
2015;0,28;APA das Cabeceiras do Rio Cuiabá
2015;0,14;APA de Alter do Chão
2015;0,40;Parque Estadual Serra Santa Bárbara
2015;3,21;Reserva Extrativista Angelim
2015;0,18;Floresta Nacional de Macauã
2015;0,07;Reserva Extrativista Rio Pacaás Novos
2015;4,91;Reserva Extrativista Verde Para Sempre
2015;0,08;Reserva Extrativista Auatí-Paraná
2015;0,25;APA Paytuna
2015;0,15;Area de Protecao Ambiental Xeriuini
2015;16,86;APA Ilha do Bananal/Cantão
2015;0,00;Reserva Extrativista Castanheira
2015;0,41;Parque Nacional Mapinguari
2015;176,75;APA Triunfo do Xingu
2015;0,15;APA Margem Esquerda do Rio Negro-Setor Aturiá-Apuauzinho
2015;2,55;Reserva Extrativista Rio Ouro Preto
2015;1,38;Floresta Nacional de Carajás
2015;0,04;Reserva Extrativista do Ciriáco
2015;1,54;APA das Reentrâncias Maranhenses
2015;2,15;Floresta Nacional do Amaná
2015;0,56;Floresta Nacional de Tefé
2015;0,64;Reserva de Desenvolvimento Sustentável Piagaçu Purus
2015;0,18;Reserva Extrativista Alto Juruá
2015;0,07;Floresta Nacional de Balata-Tufari
2015;0,35;Reserva Extrativista Ipaú-Anilzinho
2015;0,07;Reserva Extrativista Riozinho da Liberdade
2015;0,02;Parque Estadual Tucumã
2015;4,06;Floresta Estadual de Rendimento Sustentado Mutum
2015;1,28;Reserva de Desenvolvimento Sustentável do Rio Negro
2015;0,46;Reserva Extrativista Tapajós Arapiuns
2015;0,58;APA Igarapé São Francisco
2015;4,82;APA de Presidente Figueiredo - Caverna do Moroaga
2015;1,93;APA do Arquipélago do Marajó
2015;0,12;Parque Nacional do Pico da Neblina
2015;0,28;APA  Tapuruquara
2015;1,90;Floresta Nacional de Tapirapé-Aquiri
2014;0,00;Reserva Extrativista São João da Ponta
2014;0,00;Parque Estadual de Águas Quentes
2014;0,00;Parque Natural Municipal Uirapuru
2014;0,00;APA da Ilha do Combu
2014;0,00;Parque Natural Municipal Lagoa das Garças
2014;0,00;APA Serra do Lajeado
2014;0,00;Parque Estadual das Nascentes do Rio Taquari
2014;0,00;Floresta Estadual de Rendimento Sustentado Periquito
2014;0,00;Reserva Extrativista Maracanã
2014;0,00;Reserva Biológica do Manicoré
2014;0,00;Floresta Nacional de Humaitá
2014;0,00;Parque Natural Muncipal Paulo Viriato Correa da Costa
2014;0,00;Reserva Extrativista Extremo Norte do Tocantins
2014;0,00;APA Bacia do Rio de Janeiro
2014;0,00;Estação Ecológica de Maracá
2014;0,00;Reserva Biológica do Rio Trombetas
2014;0,00;APA Meandros do Araguaia
2014;0,00;Reserva Biológica do Tapirapé
2014;0,00;Área de Relevante Interesse Ecológico Japiim Pentecoste
2014;0,00;Reserva Biológica do Lago Piratuba
2014;0,00;Parque Estadual Guariba
2014;0,00;Parque Natural Municipal de Redenção
2014;0,00;Area de Relevante Interesse Ecologico Museu Parque Seringal
2014;0,00;Reserva Biológica Morro dos Seis Lagos
2014;0,00;APA Lago de São Salvador do Tocantins, Paranã E Palmeirópolis
2014;0,00;Área de Relevante Interesse Ecológica Javari Buriti
2014;0,00;Reserva Extrativista Marinha Arai-Peroba
2014;0,00;Reserva Extrativista Pedras Negras
2014;0,00;Floresta Estadual de Rendimento Sustentado Cedro
2014;0,00;APA da Fazendinha
2014;0,00;APA do Juá
2014;0,00;APA Lago de Peixe/Angical
2014;0,00;Reserva Extrativista Chocoaré-Mato Grosso
2014;0,00;Reserva Extrativista Lago do Cuniã
2014;0,00;APA da Serra do Saubal
2014;0,00;APA Parque Linear do Bindá
2014;0,00;Parque Estadual Serra do Aracá
2014;0,00;APA da Região Metrolpolitana de Belém
2014;0,00;Reserva de Desenvolvimento Sustentável Bararati
2014;0,00;APA Jalapão
2014;0,00;Estação Ecológica da Serra das Araras
2014;0,00;Monumento Natural Morro de Santo Antônio
2014;0,00;Estação Ecológica Serra dos Três Irmãos
2014;0,00;Reserva Extrativista Auatí-Paraná
2014;0,00;APA Foz do Rio Santa Tereza
2014;0,00;Parque Natural Municipal do Morro dos Ventos
2014;0,00;Monumento Natural Canyons E Corredeiras do Rio Sono
2014;0,00;Parque Estadual Sucunduri
2014;0,00;Parque Estadual Charapucu
2014;0,00;Parque Estadual Dom Osório Stoffel
2014;0,00;Parque Estadual Rio Negro Setor Norte
2014;0,00;Parque Estadual do Utinga
2014;0,00;Parque Estadual Mãe Bonifácia
2014;0,00;Floresta Estadual Sucunduri
2014;0,00;Monumento Natural Atalaia
2014;0,00;Floresta Nacional de São Francisco
2014;0,00;APA de Algodoal-Maiandeua
2014;0,00;Parque Estadual do Lajeado
2014;0,00;Parque Estadual Serra Santa Bárbara
2014;0,00;RPPN Cristalino I
2014;0,00;RPPN Poleiro Grande
2014;0,00;Parque Estadual Encontro das Águas
2014;0,00;Floresta Estadual Manicoré
2014;0,00;Estação Ecológica Rio Acre
2014;0,00;APA da Chapada dos Guimarães
2014;0,00;Refúgio de Vida Silvestre Padre Sérgio Tonetto
2014;0,00;Reserva Extrativista Arapiranga-Tromaí
2014;0,00;Refúgio de Vida Silvestre Corixão da Mata Azul
2014;0,00;Parque Estadual do Jalapão
2014;0,00;Estação Ecológica do Jari
2014;0,00;Parque Natural Municipal Veredas dos Carajás
2014;0,00;Parque Estadual do Guirá
2014;0,00;Parque Estadual do Cantão
2014;0,00;APA do Igarapé Gelado
2014;0,00;RPPN Osório Reimão
2014;0,00;RPPN Pioneira do Rio Piquiri
2014;0,00;APA Lago de Palmas
2014;0,00;RPPN Sonhada
2014;0,00;APA do Rio Preto
2014;0,00;Parque Estadual do Araguaia
2014;0,00;Parque Natural Municipal de Castanhal/Pará
2014;0,00;Parque Estadual Serra Azul
2014;0,00;Parque Estadual Águas do Cuiabá
2014;0,00;Reserva de Desenvolvimento Sustentável Campo das Mangabas
2014;0,00;Parque Nacional da Chapada dos Guimarães
2014;0,00;Floresta Estadual Aripuanã
2014;0,00;Parque Estadual Sumaúma
2014;0,00;RPPN Nova Aurora
2014;0,00;Parque Nacional Nascentes do Lago Jari
2014;0,00;RPPN Peugeot-Onf-Brasil
2014;0,00;Floresta Estadual Apuí
2014;0,00;RPPN Klagesi
2014;0,00;Parque Nacional Serra da Mocidade
2014;0,00;Reserva Extrativista Marinha Caetétaperaçu
2014;0,00;Reserva Extrativista Mae Grande de Curuça
2014;0,00;Reserva de Desenvolvimento Sustentável do Rio Iratapuru
2014;0,00;Floresta Estadual Rio Urubu
2014;0,00;Parque Nacional do Pantanal Matogrossense
2014;0,00;APA das Nascentes de Araguaina
2014;0,00;Reserva de Desenvolvimento Sustentável Cujubim
2014;0,00;Parque Nacional da Serra da Cutia
2014;0,00;Reserva de Desenvolvimento Sustentável  Itatupã-Baquiá
2014;0,00;Reserva Extrativista Barreiro das Antas
2014;0,00;Reserva de Desenvolvimento Sustentável Mamirauá
2014;0,00;RPPN Ilhas Alexandre Rodrigues Ferreira
2014;0,00;Reserva Extrativista Quilombo do Frechal
2014;0,00;Parque Nacional da Serra do Pardo
2014;0,00;Parque Estadual Massairo Okamura
2014;0,00;Parque Nacional do Juruena
2014;0,00;Refúgio de Vida Silvestre Metrópole da Amazônia
2014;0,00;Reserva Extrativista  do Rio Cautário
2014;0,00;Reserva Extrativista Marinha Cuinarana
2014;0,00;APA do Itapiracó
2014;0,00;Estação Ecológica de Maracá Jipioca
2014;0,00;RPPN Fazenda Bosco
2014;0,00;Reserva Biológica Culuene
2014;0,00;APA Serra da Tabatinga
2014;0,00;APA Nascentes do Rio Paraguai
2014;0,00;Reserva Extrativista Marinha Mocapajuba
2014;0,00;Reserva de Desenvolvimento Sustentável Pucuruí - Ararão
2014;0,00;Reserva Extrativista Itapetininga
2014;0,00;Reserva Extrativista Mapuá
2014;0,00;Reserva Extrativista Marinha Tracuateua
2014;0,00;Parque Estadual Igarapés do Juruena
2014;0,00;Estação Ecológica Juami-Japurá
2014;0,00;Reserva Extrativista Lago do Cedro
2014;0,00;Refúgio de Vida Silvestre Lago Mole
2014;0,00;Floresta Estadual de Rendimento Sustentado Rio Vermelho (C)
2014;0,00;Parque Estadual Serra dos Reis
2014;0,00;Parque Estadual da Serra dos Martírios/Andorinhas
2014;0,00;Parque Estadual do Araguaiaa
2014;0,00;Monumento Natural das Árvores Fossilizadas do Estado do Tocantins
2014;0,00;Parque Estadual Zé Bolo Flô
2014;0,00;RPPN Aurora Natura
2014;0,00;Reserva de Desenvolvimento Sustentavel Puranga Conquista
2014;0,00;Parque Estadual Rio Negro Setor Sul
2014;0,00;Parque Natural Municipal Claudino Francio
2014;0,00;Floresta Nacional de Anauá
2014;0,00;Estação Ecológica do Rio Ronuro
2014;0,00;Estação Ecológica de Jutaí-Solimões
2014;0,00;Reserva Extrativista Roxinho
2014;0,00;Parque Estadual de Corumbiara
2014;0,00;Parque Nacional Viruá
2014;0,00;Parque Nacional Montanhas do Tumucumaque
2014;0,00;Reserva Extrativista Rio Cautário
2014;0,00;Área de Relevante Interesse Ecológica Projeto Dinâmica Biológica de Fragmentos Florestais
2014;0,00;Reserva Extrativista Freijó
2014;0,00;Floresta Nacional do Jamari
2014;0,00;Estação Ecológica de Taiamã
2014;0,00;RPPN Catedral do Jalapão
2014;0,00;RPPN Fazenda Loanda
2014;0,00;Area de Relevante Interesse Ecologico Parque Ambiental Antonio Danubio Lourenço da Silva
2014;0,00;Parque Nacional das Nascentes do Rio Parnaiba
2014;0,00;Reserva Extrativista Marinha de Gurupi-Piriá
2014;0,00;Floresta Estadual de Faro
2014;0,00;Parque Estadual do Matupiri
2014;0,00;RPPN Irmãos Satelis
2014;0,00;Reserva Extrativista Garrote
2014;0,00;Floresta Estadual de Rendimento Sustentado do Rio Machado
2014;0,00;Parque Estadual do Xingu
2014;0,00;Estação Ecológica Alto Maués
2014;0,00;Parque Natural Municipal Jardim Botânico
2014;0,00;Monumento Natural Morro Chico Mendes
2014;0,00;Reserva de Desenvolvimento Sustentável Aripuanã
2014;0,00;Parque Nacional dos Campos Amazônicos
2014;0,00;Parque Estadual Tucumã
2014;0,00;Parque Natural Municipal do Cancão
2014;0,00;Floresta Estadual Canutama
2014;0,00;Floresta Nacional de Macauã
2014;0,00;Area de Protecao Ambiental Xeriuini
2014;0,00;Reserva de Desenvolvimento Sustentável Rio Amapá
2014;0,00;Parque Nacional da Chapada das Mesas
2014;0,00;Floresta Nacional de Amapá
2014;0,00;Estação Ecológica Samuel
2014;0,00;RPPN Fazenda Calixto
2014;0,00;Reserva Extrativista do Itaúba
2014;0,00;Reserva Extrativista Curralinho
2014;0,00;Estação Ecológica Rio Flor do Prado
2014;0,00;Parque Estadual Cristalino
2014;0,00;Reserva Biológica Traçadal
2014;0,00;Reserva de Desenvolvimento Sustentável do Tupé
2014;0,00;Reserva Extrativista Maracatiara
2014;0,00;APA do Rio Curiaú
2014;0,00;Reserva de Desenvolvimento Sustentável Vitória de Souzel
2014;0,00;RPPN Cristalino Iii
2014;0,00;Reserva Biológica Rio Ouro Preto
2014;0,00;Parque Estadual Chandless
2014;0,00;Reserva Extrativista Jatobá
2014;0,00;Reserva Extrativista do Guariba
2014;0,00;Reserva Biológica do Jaru
2014;0,00;Parque Nacional de Anavilhanas
2014;0,00;Reserva Extrativista Ipê
2014;0,00;RPPN Sesc Tepequém
2014;0,00;Reserva Extrativista Baixo Rio Branco Jauaperi
2014;0,00;Reserva Biológica do Uatumã
2014;0,00;Reserva Extrativista Sucupira
2014;0,00;Parque Estadual do Sítio do Rangedor
2014;0,00;Estação Ecológica de Cuniã
2014;0,00;Reserva Extrativista Mogno
2014;0,00;Floresta Nacional de Jatuarana
2014;0,00;Parque Estadual de Monte Alegre
2014;0,00;RPPN Bico do Javaés
2014;0,00;APA Nhamundá
2014;0,00;Reserva Biológica de Maicuru
2014;0,00;Parque Nacional de Pacaás Novos
2014;0,00;Estacao Ecologica Serra Geral do Tocantins
2014;0,00;APA do Salto Magessi
2014;0,00;Estação Ecológica do Grão Pará
2014;0,00;Reserva de Desenvolvimento Sustentável Igapó-Açu
2014;0,00;Parque Municipal da Cacimba
2014;0,00;Reserva de Desenvolvimento Sustentável do Matupiri
2014;0,00;Parque Natural Municipal Parque Florestal de Sinop
2014;0,00;Reserva Extrativista Seringueira
2014;0,00;Refugio da Vida Silvestre de Colíder
2014;0,00;Parque Natural Municipal Colonizador Jose Bianchini
2014;0,00;Reserva Extrativista Rio Iriri
2014;0,00;Reserva Extrativista do Lago do Capanã Grande
2014;0,00;Parque Natural Municipal Vale do Esperança
2014;0,00;APA dos Campos de Manicoré
2014;0,00;Refúgio de Vida Silvestre Tabuleiro do Embaubal
2014;0,00;Estação Ecológica de Niquiá
2014;0,00;RPPN Gibeão
2014;0,00;Parque Nacional do Acari
2014;0,00;Reserva Biológica do Guaporé
2014;1,29;Estação Ecológica da Terra do Meio
2014;0,23;Reserva Extrativista do Rio Gregório
2014;0,09;Floresta Estadual de Rendimento Sustentado Gavião
2014;49,45;Floresta Nacional do Jamanxim
2014;0,07;Reserva Extrativista Gurupá-Melgaço
2014;0,07;Parque Nacional do Monte Roraima
2014;0,25;Reserva de Desenvolvimento Sustentavel do Rio Madeira
2014;0,25;Floresta Nacional de Caxiuanã
2014;0,11;Reserva de Desenvolvimento Sustentável Canumã
2014;0,30;"Floresta Estadual de Rendimento Sustentado do Rio Madeira ""B"""
2014;0,42;Reserva Extrativista Guariba-Roosevelt
2014;0,30;Parque Estadual Serra Ricardo Franco
2014;0,03;Reserva Extrativista de Cururupu
2014;0,34;Floresta Estadual de Iriri
2014;0,00;Reserva Extrativista Marinha de Soure
2014;0,63;Floresta Nacional de Purus
2014;0,00;Floresta Nacional de Mapiá-Inauiní
2014;0,06;APA - Baixo Rio Branco
2014;0,62;APA  Tapuruquara
2014;1,28;Floresta Nacional de Tapirapé-Aquiri
2014;0,43;Floresta Estadual Maúes
2014;0,26;Parque Nacional dos Campos Ferruginosos
2014;0,25;Floresta Estadual de Rendimento Sustentado Tucano
2014;0,19;Floresta Nacional do Aripuanã
2014;2,19;Reserva Extrativista Riozinho do Anfrísio
2014;7,02;APA do Lago de Tucurui
2014;0,47;Parque Nacional do Cabo Orange
2014;0,02;Reserva Extrativista Terra Grande Pracuuba
2014;0,01;Reserva Extrativista Massaranduba
2014;0,38;Reserva Extrativista Catuá-Ipixuna
2014;2,75;Reserva Extrativista Rio Cajari
2014;1,81;Reserva Extrativista Alto Tarauacá
2014;3,01;Parque Estadual de Guajará-Mirim
2014;5,83;APA de Upaon-Açu / Miritiba / Alto Preguiças
2014;1,27;Reserva Extrativista Renascer
2014;1,18;Parque Nacional do Araguaia
2014;1,34;Parque Nacional da Amazônia
2014;0,79;Parque Nacional do Rio Novo
2014;0,10;APA Lago do Amapá
2014;0,27;Parque Nacional do Jaú
2014;0,08;Reserva Extrativista Canutama
2014;28,48;APA do Tapajós
2014;4,61;Floresta Nacional de Urupadi
2014;0,35;Reserva Extrativista Arióca Pruanã
2014;0,81;Reserva Extrativista Baixo Juruá
2014;0,00;Reserva de Desenvolvimento Sustentável Alcobaça
2014;0,55;Reserva Extrativista Rio Preto-Jacundá
2014;0,07;Estação Ecológica do Rio Roosevelt
2014;0,07;Floresta Estadual do Trombetas
2014;0,01;APA Lago de Santa Isabel
2014;1,32;Parque Nacional da Serra do Divisor
2014;22,02;Reserva Extrativista Chico Mendes
2014;4,27;Reserva Biológica Nascentes Serra do Cachimbo
2014;0,19;Floresta Nacional do Amazonas
2014;2,80;Floresta Nacional de Itaituba Ii
2014;3,86;APA Margem Direita do Rio Negro- Setor Paduari-Solimões
2014;0,49;Floresta Nacional do Trairão
2014;0,46;APA das Cabeceiras do Rio Cuiabá
2014;66,66;Reserva Extrativista Jaci-Paraná
2014;0,18;Reserva de Desenvolvimento Sustentável Uacarí
2014;0,50;Reserva Biológica do Gurupi
2014;0,04;Reserva Extrativista Piquiá
2014;0,06;APA de Alter do Chão
2014;0,23;Floresta Estadual de Tapauá
2014;0,02;Reserva Extrativista Aquariquara
2014;0,18;APA de São Geraldo do Araguaia
2014;0,24;Reserva Extrativista Médio Juruá
2014;0,25;Reserva Extrativista do Rio Jutaí
2014;0,11;Reserva Extrativista Angelim
2014;0,60;Floresta Nacional de Santa Rosa do Purus
2014;0,07;Reserva Extrativista Rio Pacaás Novos
2014;0,06;Floresta Nacional de Jacundá
2014;7,49;Reserva Extrativista Verde Para Sempre
2014;0,07;Floresta Nacional de Pau-Rosa
2014;0,07;Parque Estadual do Bacanga
2014;5,46;APA da Baixada Maranhense
2014;0,37;APA Paytuna
2014;0,32;APA Margem Esquerda do Rio Negro-Setor Tarumã Açu-Tarumã Mirima
2014;0,50;APA da Região do Maracanã
2014;7,32;APA Ilha do Bananal/Cantão
2014;0,13;Reserva Extrativista Castanheira
2014;0,11;Area de Proteção Ambiental Taruma/Ponta Negra
2014;0,09;Floresta Nacional de Mulata
2014;0,02;Reserva Extrativista Rio Xingu
2014;0,14;Reserva Extrativista Ituxí
2014;1,93;Parque Nacional do Jamanxim
2014;0,14;Reserva Biológica do Abufari
2014;0,45;Parque Nacional Mapinguari
2014;2,09;Reserva de Desenvolvimento Sustentável Amanã
2014;0,32;Floresta Estadual de Rendimento Sustentado Araras
2014;120,84;APA Triunfo do Xingu
2014;0,07;Reserva Extrativista Municipal Beija Flor Brilho de Fogo
2014;0,47;APA Margem Esquerda do Rio Negro-Setor Aturiá-Apuauzinho
2014;2,48;Reserva Extrativista Rio Ouro Preto
2014;0,08;Reserva Extrativista Marinha Mestre Lucindo
2014;0,02;Reserva Extrativista da Baía do Tubarão
2014;1,32;Área de Relevante Interesse Ecológica Seringal Nova Esperança
2014;1,09;Floresta Nacional de Carajás
2014;0,21;APA Municipal do Aricá-Açu
2014;0,22;Reserva Extrativista do Ciriáco
2014;0,31;Reserva Extrativista Mata Grande
2014;3,45;APA das Reentrâncias Maranhenses
2014;6,25;Floresta Estadual do Paru
2014;3,03;Floresta Nacional do Amaná
2014;5,69;Floresta Nacional de Tefé
2014;0,40;Reserva Extrativista do Rio Unini
2014;1,76;Reserva Extrativista do Cazumbá-Iracema
2014;0,28;Reserva Extrativista do Médio Purús
2014;0,77;Reserva de Desenvolvimento Sustentável Piagaçu Purus
2014;0,25;Reserva de Desenvolvimento Sustentável do Juma
2014;5,85;Reserva Extrativista Alto Juruá
2014;0,81;Floresta Nacional de Balata-Tufari
2014;4,74;Floresta Nacional de Saracá-Taquera
2014;0,09;Reserva Extrativista Ipaú-Anilzinho
2014;0,38;Reserva Extrativista Riozinho da Liberdade
2014;0,33;Reserva Extrativista Arapixi
2014;0,00;Floresta Nacional de Itaituba I
2014;0,02;Reserva de Desenvolvimento Sustentável do Uatumã
2014;7,61;Floresta Estadual de Rendimento Sustentado Mutum
2014;0,91;Reserva de Desenvolvimento Sustentável do Rio Negro
2014;1,52;Floresta Nacional de Bom Futuro
2014;0,01;APA do Rio Madeira
2014;3,79;Reserva Extrativista Tapajós Arapiuns
2014;0,42;APA Igarapé São Francisco
2014;3,26;APA de Presidente Figueiredo - Caverna do Moroaga
2014;1,48;APA do Arquipélago do Marajó
2014;0,04;Parque Nacional do Pico da Neblina
2014;0,21;Floresta Nacional de Tapajós
2014;0,54;Floresta Nacional de Roraima
2014;0,06;Floresta Nacional de Itacaiunas
2014;0,09;Floresta Nacional do Iquiri
2014;3,46;Floresta Estadual do Amapá
2014;26,31;Floresta Nacional Altamira
2014;0,13;Floresta Nacional do Crepori
2013;0,00;Reserva Extrativista São João da Ponta
2013;0,00;Reserva Extrativista Marinha de Soure
2013;0,00;Parque Estadual de Águas Quentes
2013;0,00;Parque Natural Municipal Uirapuru
2013;0,00;APA da Ilha do Combu
2013;0,00;Parque Natural Municipal Lagoa das Garças
2013;0,00;APA Serra do Lajeado
2013;0,00;Parque Estadual das Nascentes do Rio Taquari
2013;0,00;Floresta Nacional de Santa Rosa do Purus
2013;0,00;Parque Estadual do Bacanga
2013;0,00;Reserva Biológica do Manicoré
2013;0,00;Parque Nacional do Monte Roraima
2013;0,00;Floresta Nacional de Humaitá
2013;0,00;Parque Natural Muncipal Paulo Viriato Correa da Costa
2013;0,00;Reserva Extrativista Extremo Norte do Tocantins
2013;0,00;Parque Nacional dos Campos Ferruginosos
2013;0,00;APA Lago do Amapá
2013;0,00;Reserva Extrativista Municipal Beija Flor Brilho de Fogo
2013;0,00;APA Bacia do Rio de Janeiro
2013;0,00;Estação Ecológica de Maracá
2013;0,00;Reserva de Desenvolvimento Sustentável Canumã
2013;0,00;Reserva Biológica do Rio Trombetas
2013;0,00;Área de Relevante Interesse Ecológico Japiim Pentecoste
2013;0,00;Reserva Biológica do Lago Piratuba
2013;0,00;Parque Estadual Guariba
2013;0,00;Parque Natural Municipal de Redenção
2013;0,00;Area de Relevante Interesse Ecologico Museu Parque Seringal
2013;0,00;APA Lago de São Salvador do Tocantins, Paranã E Palmeirópolis
2013;0,00;Área de Relevante Interesse Ecológica Javari Buriti
2013;0,00;Reserva Extrativista Marinha Arai-Peroba
2013;0,00;Reserva Extrativista Pedras Negras
2013;0,00;Reserva de Desenvolvimento Sustentável Alcobaça
2013;0,00;Reserva Extrativista Piquiá
2013;0,00;Floresta Estadual de Rendimento Sustentado Cedro
2013;0,00;APA da Fazendinha
2013;0,00;APA do Juá
2013;0,00;APA Lago de Peixe/Angical
2013;0,00;Reserva Extrativista Chocoaré-Mato Grosso
2013;0,00;Reserva Extrativista Lago do Cuniã
2013;0,00;APA da Serra do Saubal
2013;0,00;APA Parque Linear do Bindá
2013;0,00;Parque Estadual Serra do Aracá
2013;0,00;Estação Ecológica do Rio Roosevelt
2013;0,00;APA da Região Metrolpolitana de Belém
2013;0,00;Reserva de Desenvolvimento Sustentável Bararati
2013;0,00;APA Jalapão
2013;0,00;Estação Ecológica da Serra das Araras
2013;0,00;Monumento Natural Morro de Santo Antônio
2013;0,00;Estação Ecológica Serra dos Três Irmãos
2013;0,00;APA Foz do Rio Santa Tereza
2013;0,00;Parque Natural Municipal do Morro dos Ventos
2013;0,00;Monumento Natural Canyons E Corredeiras do Rio Sono
2013;0,00;Parque Estadual Sucunduri
2013;0,00;Parque Estadual Charapucu
2013;0,00;Parque Estadual Dom Osório Stoffel
2013;0,00;Parque Estadual Rio Negro Setor Norte
2013;0,00;Reserva Extrativista do Ciriáco
2013;0,00;Parque Estadual do Utinga
2013;0,00;Parque Estadual Mãe Bonifácia
2013;0,00;Floresta Estadual Sucunduri
2013;0,00;Monumento Natural Atalaia
2013;0,00;APA Lago de Santa Isabel
2013;0,00;Floresta Nacional de São Francisco
2013;0,00;APA de Algodoal-Maiandeua
2013;0,00;Parque Estadual do Lajeado
2013;0,00;Parque Estadual Serra Santa Bárbara
2013;0,00;RPPN Cristalino I
2013;0,00;RPPN Poleiro Grande
2013;0,00;Parque Estadual Encontro das Águas
2013;0,00;Floresta Estadual Manicoré
2013;0,00;Estação Ecológica Rio Acre
2013;0,00;APA da Chapada dos Guimarães
2013;0,00;Reserva Extrativista Massaranduba
2013;0,00;Refúgio de Vida Silvestre Padre Sérgio Tonetto
2013;0,00;Reserva Extrativista Arapiranga-Tromaí
2013;0,00;Refúgio de Vida Silvestre Corixão da Mata Azul
2013;0,00;Parque Estadual do Jalapão
2013;0,00;Estação Ecológica do Jari
2013;0,00;Parque Natural Municipal Veredas dos Carajás
2013;0,00;Parque Estadual do Guirá
2013;0,00;Parque Estadual do Cantão
2013;0,00;RPPN Osório Reimão
2013;0,00;RPPN Pioneira do Rio Piquiri
2013;0,00;APA Lago de Palmas
2013;0,00;RPPN Sonhada
2013;0,00;APA do Rio Preto
2013;0,00;Parque Estadual do Araguaia
2013;0,00;Parque Natural Municipal de Castanhal/Pará
2013;0,00;Parque Estadual Serra Azul
2013;0,00;Parque Estadual Águas do Cuiabá
2013;0,00;APA da Região do Maracanã
2013;0,00;Parque Nacional da Chapada dos Guimarães
2013;0,00;Floresta Estadual Aripuanã
2013;0,00;Reserva Extrativista Canutama
2013;0,00;Parque Estadual Sumaúma
2013;0,00;RPPN Nova Aurora
2013;0,00;Parque Nacional Nascentes do Lago Jari
2013;0,00;RPPN Peugeot-Onf-Brasil
2013;0,00;Floresta Estadual Apuí
2013;0,00;RPPN Klagesi
2013;0,00;Parque Nacional Serra da Mocidade
2013;0,00;Reserva Extrativista Marinha Caetétaperaçu
2013;0,00;Reserva de Desenvolvimento Sustentável do Rio Iratapuru
2013;0,00;Reserva Extrativista de Cururupu
2013;0,00;Floresta Estadual Rio Urubu
2013;0,00;Parque Nacional do Pantanal Matogrossense
2013;0,00;APA das Nascentes de Araguaina
2013;0,00;Reserva de Desenvolvimento Sustentável Cujubim
2013;0,00;Reserva de Desenvolvimento Sustentável  Itatupã-Baquiá
2013;0,00;Reserva Extrativista Barreiro das Antas
2013;0,00;Reserva de Desenvolvimento Sustentável Mamirauá
2013;0,00;RPPN Ilhas Alexandre Rodrigues Ferreira
2013;0,00;Reserva Extrativista Quilombo do Frechal
2013;0,00;Reserva Extrativista Gurupá-Melgaço
2013;0,00;Parque Nacional da Serra do Pardo
2013;0,00;Parque Estadual Massairo Okamura
2013;0,00;Refúgio de Vida Silvestre Metrópole da Amazônia
2013;0,00;APA do Itapiracó
2013;0,01;APA Meandros do Araguaia
2013;0,09;Floresta Nacional do Crepori
2013;0,00;Reserva Biológica Culuene
2013;0,00;APA Serra da Tabatinga
2013;0,00;APA Nascentes do Rio Paraguai
2013;0,00;Reserva Extrativista Marinha Mocapajuba
2013;0,00;Reserva Extrativista Itapetininga
2013;0,00;Reserva Extrativista Castanheira
2013;0,00;Reserva Extrativista Marinha Tracuateua
2013;0,00;Parque Estadual Igarapés do Juruena
2013;0,00;Estação Ecológica Juami-Japurá
2013;0,00;Reserva Extrativista Lago do Cedro
2013;0,00;Refúgio de Vida Silvestre Lago Mole
2013;0,00;Floresta Estadual de Rendimento Sustentado Rio Vermelho (C)
2013;0,00;Parque Estadual da Serra dos Martírios/Andorinhas
2013;0,00;Parque Estadual do Araguaiaa
2013;0,00;Monumento Natural das Árvores Fossilizadas do Estado do Tocantins
2013;0,00;Parque Estadual Zé Bolo Flô
2013;0,00;RPPN Aurora Natura
2013;0,00;Reserva de Desenvolvimento Sustentavel Puranga Conquista
2013;0,00;Parque Estadual Rio Negro Setor Sul
2013;0,00;Parque Natural Municipal Claudino Francio
2013;0,00;Floresta Nacional de Anauá
2013;0,00;Estação Ecológica do Rio Ronuro
2013;0,00;APA do Rio Madeira
2013;0,00;Estação Ecológica de Jutaí-Solimões
2013;0,00;Reserva Extrativista Roxinho
2013;0,00;Parque Estadual de Corumbiara
2013;0,00;Parque Nacional Viruá
2013;0,00;Floresta Nacional do Amazonas
2013;0,00;Parque Nacional Montanhas do Tumucumaque
2013;0,00;Área de Relevante Interesse Ecológica Projeto Dinâmica Biológica de Fragmentos Florestais
2013;0,00;Reserva Extrativista Freijó
2013;0,00;Reserva Extrativista Riozinho do Anfrísio
2013;0,00;Floresta Nacional do Jamari
2013;0,00;Estação Ecológica de Taiamã
2013;0,00;RPPN Catedral do Jalapão
2013;0,00;RPPN Fazenda Loanda
2013;0,00;Area de Relevante Interesse Ecologico Parque Ambiental Antonio Danubio Lourenço da Silva
2013;0,00;Parque Nacional das Nascentes do Rio Parnaiba
2013;0,00;Reserva Extrativista Marinha de Gurupi-Piriá
2013;0,00;APA  Tapuruquara
2013;0,00;Parque Estadual do Matupiri
2013;0,00;RPPN Irmãos Satelis
2013;0,00;Reserva Extrativista Garrote
2013;0,00;Floresta Estadual de Rendimento Sustentado do Rio Machado
2013;0,00;Parque Estadual do Xingu
2013;0,00;Estação Ecológica Alto Maués
2013;0,00;Parque Natural Municipal Jardim Botânico
2013;0,00;Monumento Natural Morro Chico Mendes
2013;0,00;Reserva de Desenvolvimento Sustentável Aripuanã
2013;0,00;Parque Estadual Tucumã
2013;0,00;Parque Natural Municipal do Cancão
2013;0,00;Floresta Nacional de Macauã
2013;0,00;Area de Protecao Ambiental Xeriuini
2013;0,00;Reserva de Desenvolvimento Sustentável Rio Amapá
2013;0,00;Parque Nacional da Chapada das Mesas
2013;0,00;Floresta Nacional de Amapá
2013;0,00;Estação Ecológica Samuel
2013;0,00;Floresta Nacional de Jacundá
2013;0,00;RPPN Fazenda Calixto
2013;0,00;Reserva Extrativista Curralinho
2013;0,00;Estação Ecológica Rio Flor do Prado
2013;0,00;Parque Estadual Cristalino
2013;0,00;Reserva Biológica Traçadal
2013;0,00;Reserva de Desenvolvimento Sustentável do Tupé
2013;0,00;APA do Rio Curiaú
2013;0,00;Reserva de Desenvolvimento Sustentável Vitória de Souzel
2013;0,00;RPPN Cristalino Iii
2013;0,00;Parque Estadual Chandless
2013;0,00;Reserva Extrativista Jatobá
2013;0,00;Reserva Extrativista do Guariba
2013;0,00;Reserva Biológica do Jaru
2013;0,00;Parque Nacional de Anavilhanas
2013;0,00;Reserva Extrativista Ipê
2013;0,00;RPPN Sesc Tepequém
2013;0,00;Floresta Nacional de Mapiá-Inauiní
2013;0,00;Reserva Biológica do Uatumã
2013;0,00;Reserva Extrativista Sucupira
2013;0,00;Parque Estadual do Sítio do Rangedor
2013;0,00;Reserva Extrativista Mogno
2013;0,00;Floresta Nacional de Jatuarana
2013;0,00;Parque Estadual de Monte Alegre
2013;0,00;RPPN Bico do Javaés
2013;0,00;APA Nhamundá
2013;0,00;Reserva Biológica de Maicuru
2013;0,00;Parque Nacional de Pacaás Novos
2013;0,00;Estacao Ecologica Serra Geral do Tocantins
2013;0,00;APA do Salto Magessi
2013;0,00;Estação Ecológica do Grão Pará
2013;0,00;Reserva de Desenvolvimento Sustentável Igapó-Açu
2013;0,00;Parque Municipal da Cacimba
2013;0,00;Reserva de Desenvolvimento Sustentável do Matupiri
2013;0,00;Parque Natural Municipal Parque Florestal de Sinop
2013;0,00;Reserva Extrativista Seringueira
2013;0,00;Refugio da Vida Silvestre de Colíder
2013;0,00;Parque Natural Municipal Colonizador Jose Bianchini
2013;0,00;Reserva Extrativista do Lago do Capanã Grande
2013;0,00;Parque Natural Municipal Vale do Esperança
2013;0,00;APA dos Campos de Manicoré
2013;0,00;Refúgio de Vida Silvestre Tabuleiro do Embaubal
2013;0,00;Estação Ecológica de Niquiá
2013;0,00;Reserva Extrativista Aquariquara
2013;0,00;RPPN Gibeão
2013;0,56;Estação Ecológica da Terra do Meio
2013;0,42;Reserva Extrativista do Rio Gregório
2013;0,24;Floresta Estadual de Rendimento Sustentado Gavião
2013;65,06;Floresta Nacional do Jamanxim
2013;0,33;Reserva Extrativista Mapuá
2013;0,24;Reserva de Desenvolvimento Sustentável Campo das Mangabas
2013;0,53;Reserva de Desenvolvimento Sustentavel do Rio Madeira
2013;0,07;Floresta Nacional de Caxiuanã
2013;4,55;"Floresta Estadual de Rendimento Sustentado do Rio Madeira ""B"""
2013;0,12;Reserva Extrativista Marinha Cuinarana
2013;0,76;Reserva Extrativista Guariba-Roosevelt
2013;0,43;Floresta Estadual de Faro
2013;0,68;Parque Estadual Serra Ricardo Franco
2013;1,05;Floresta Estadual de Iriri
2013;0,37;Floresta Estadual de Rendimento Sustentado Periquito
2013;0,22;Floresta Nacional de Purus
2013;0,09;APA - Baixo Rio Branco
2013;1,00;Floresta Nacional de Tapirapé-Aquiri
2013;0,36;Floresta Estadual Maúes
2013;0,06;Reserva Extrativista Maracanã
2013;0,89;Floresta Estadual de Rendimento Sustentado Tucano
2013;0,67;Floresta Nacional do Aripuanã
2013;11,90;APA do Lago de Tucurui
2013;0,10;Parque Nacional do Cabo Orange
2013;0,62;Reserva Extrativista Terra Grande Pracuuba
2013;0,16;Estação Ecológica de Cuniã
2013;0,08;Reserva Extrativista Catuá-Ipixuna
2013;1,10;Reserva Extrativista Rio Cajari
2013;0,10;Reserva Extrativista Alto Tarauacá
2013;0,30;Parque Estadual de Guajará-Mirim
2013;9,36;APA de Upaon-Açu / Miritiba / Alto Preguiças
2013;2,34;Reserva Extrativista Renascer
2013;5,90;Parque Nacional do Araguaia
2013;0,09;Reserva de Desenvolvimento Sustentável Pucuruí - Ararão
2013;1,13;Parque Nacional da Amazônia
2013;0,65;Parque Nacional do Rio Novo
2013;0,37;Parque Nacional do Jaú
2013;32,55;APA do Tapajós
2013;0,07;Floresta Nacional de Urupadi
2013;0,57;Reserva Extrativista Arióca Pruanã
2013;0,10;Reserva Extrativista Baixo Juruá
2013;4,37;Reserva Extrativista  do Rio Cautário
2013;1,33;Reserva Extrativista Rio Preto-Jacundá
2013;0,08;Floresta Estadual do Trombetas
2013;0,13;Reserva Biológica Rio Ouro Preto
2013;1,94;Parque Nacional dos Campos Amazônicos
2013;0,09;Reserva Extrativista Baixo Rio Branco Jauaperi
2013;0,72;Parque Nacional da Serra do Divisor
2013;10,66;Reserva Extrativista Chico Mendes
2013;0,11;Reserva Biológica do Guaporé
2013;0,30;Reserva Biológica Nascentes Serra do Cachimbo
2013;2,06;Reserva Extrativista Rio Cautário
2013;0,13;Floresta Estadual Canutama
2013;4,21;Floresta Nacional de Itaituba Ii
2013;2,28;APA Margem Direita do Rio Negro- Setor Paduari-Solimões
2013;0,30;Floresta Nacional do Trairão
2013;0,13;APA das Cabeceiras do Rio Cuiabá
2013;53,72;Reserva Extrativista Jaci-Paraná
2013;0,23;Reserva de Desenvolvimento Sustentável Uacarí
2013;6,67;Reserva Biológica do Gurupi
2013;0,07;Parque Nacional do Acari
2013;0,20;Parque Estadual Serra dos Reis
2013;0,99;Parque Nacional da Serra da Cutia
2013;0,52;APA de Alter do Chão
2013;0,20;Floresta Estadual de Tapauá
2013;0,14;APA de São Geraldo do Araguaia
2013;0,16;Reserva Extrativista Médio Juruá
2013;0,22;Reserva Extrativista do Rio Jutaí
2013;1,61;Reserva Extrativista Angelim
2013;0,36;Parque Nacional do Juruena
2013;0,33;Reserva Extrativista Rio Pacaás Novos
2013;2,44;Reserva Extrativista Verde Para Sempre
2013;0,02;Floresta Nacional de Pau-Rosa
2013;11,68;APA da Baixada Maranhense
2013;0,07;Reserva Extrativista Auatí-Paraná
2013;0,89;APA Paytuna
2013;0,51;APA Margem Esquerda do Rio Negro-Setor Tarumã Açu-Tarumã Mirima
2013;32,80;APA Ilha do Bananal/Cantão
2013;0,28;Area de Proteção Ambiental Taruma/Ponta Negra
2013;0,02;Floresta Nacional de Mulata
2013;0,11;Reserva Extrativista Rio Iriri
2013;0,12;Reserva Extrativista Rio Xingu
2013;0,62;Reserva Extrativista Ituxí
2013;5,29;Parque Nacional do Jamanxim
2013;0,19;Reserva Biológica do Abufari
2013;3,51;Parque Nacional Mapinguari
2013;0,83;Reserva de Desenvolvimento Sustentável Amanã
2013;1,74;Floresta Estadual de Rendimento Sustentado Araras
2013;84,18;APA Triunfo do Xingu
2013;0,06;Reserva Biológica Morro dos Seis Lagos
2013;0,31;APA Margem Esquerda do Rio Negro-Setor Aturiá-Apuauzinho
2013;0,05;Reserva Extrativista do Itaúba
2013;4,29;Reserva Extrativista Rio Ouro Preto
2013;0,16;Reserva Extrativista Marinha Mestre Lucindo
2013;0,02;Reserva Extrativista da Baía do Tubarão
2013;0,27;Área de Relevante Interesse Ecológica Seringal Nova Esperança
2013;0,11;APA do Igarapé Gelado
2013;0,20;Floresta Nacional de Carajás
2013;0,08;APA Municipal do Aricá-Açu
2013;0,08;Reserva Extrativista Mata Grande
2013;1,04;APA das Reentrâncias Maranhenses
2013;0,85;Floresta Estadual do Paru
2013;1,00;Floresta Nacional do Amaná
2013;0,56;Floresta Nacional de Tefé
2013;0,03;Reserva Biológica do Tapirapé
2013;0,14;Reserva Extrativista do Rio Unini
2013;1,81;Reserva Extrativista do Cazumbá-Iracema
2013;0,93;Reserva Extrativista do Médio Purús
2013;0,59;Reserva de Desenvolvimento Sustentável Piagaçu Purus
2013;0,21;Reserva de Desenvolvimento Sustentável do Juma
2013;1,53;Reserva Extrativista Alto Juruá
2013;0,16;Floresta Nacional de Balata-Tufari
2013;3,30;Floresta Nacional de Saracá-Taquera
2013;0,09;Reserva Extrativista Mae Grande de Curuça
2013;0,10;Reserva Extrativista Maracatiara
2013;0,59;Reserva Extrativista Ipaú-Anilzinho
2013;0,65;Reserva Extrativista Riozinho da Liberdade
2013;0,17;Reserva Extrativista Arapixi
2013;0,36;Floresta Nacional de Itaituba I
2013;0,31;Reserva de Desenvolvimento Sustentável do Uatumã
2013;7,63;Floresta Estadual de Rendimento Sustentado Mutum
2013;0,77;Reserva de Desenvolvimento Sustentável do Rio Negro
2013;4,57;Floresta Nacional de Bom Futuro
2013;0,69;Reserva Extrativista Tapajós Arapiuns
2013;0,62;APA Igarapé São Francisco
2013;1,81;APA de Presidente Figueiredo - Caverna do Moroaga
2013;3,05;APA do Arquipélago do Marajó
2013;0,21;Parque Nacional do Pico da Neblina
2013;0,16;Floresta Nacional de Tapajós
2013;2,00;Floresta Nacional de Roraima
2013;0,31;Floresta Nacional de Itacaiunas
2013;1,36;Floresta Nacional do Iquiri
2013;4,57;Floresta Estadual do Amapá
2013;24,71;Floresta Nacional Altamira
2013;0,00;Estação Ecológica de Maracá Jipioca
2013;0,00;RPPN Fazenda Bosco
2012;0,00;Reserva Extrativista  do Rio Cautário
2012;0,00;Reserva Extrativista Marinha de Soure
2012;0,00;Floresta Nacional do Trairão
2012;0,00;Parque Estadual de Águas Quentes
2012;0,00;Parque Natural Municipal Uirapuru
2012;0,00;APA da Ilha do Combu
2012;0,00;Parque Natural Municipal Lagoa das Garças
2012;0,00;APA Serra do Lajeado
2012;0,00;Parque Estadual das Nascentes do Rio Taquari
2012;0,00;Floresta Estadual de Rendimento Sustentado Periquito
2012;0,00;Parque Estadual do Bacanga
2012;0,00;Reserva Biológica do Manicoré
2012;0,00;Parque Nacional do Monte Roraima
2012;0,00;Floresta Nacional de Humaitá
2012;0,00;Parque Natural Muncipal Paulo Viriato Correa da Costa
2012;0,00;Reserva Extrativista Extremo Norte do Tocantins
2012;0,00;Parque Nacional dos Campos Ferruginosos
2012;0,00;APA Lago do Amapá
2012;0,00;Reserva Extrativista Municipal Beija Flor Brilho de Fogo
2012;0,00;APA Bacia do Rio de Janeiro
2012;0,00;Estação Ecológica de Maracá
2012;0,00;Reserva de Desenvolvimento Sustentável Canumã
2012;0,00;Reserva Biológica do Rio Trombetas
2012;0,00;Reserva Biológica do Tapirapé
2012;0,00;Área de Relevante Interesse Ecológico Japiim Pentecoste
2012;0,00;Reserva Biológica do Lago Piratuba
2012;0,00;Parque Estadual Guariba
2012;0,00;Reserva Extrativista Baixo Juruá
2012;0,00;Parque Natural Municipal de Redenção
2012;0,00;Area de Relevante Interesse Ecologico Museu Parque Seringal
2012;0,00;Reserva Biológica Morro dos Seis Lagos
2012;0,00;Reserva Biológica do Abufari
2012;0,00;APA Lago de São Salvador do Tocantins, Paranã E Palmeirópolis
2012;0,00;Parque Estadual Serra Ricardo Franco
2012;0,00;Área de Relevante Interesse Ecológica Javari Buriti
2012;0,00;Reserva Extrativista Marinha Arai-Peroba
2012;0,00;Reserva Extrativista Piquiá
2012;0,00;Floresta Estadual de Rendimento Sustentado Cedro
2012;0,00;APA da Fazendinha
2012;0,00;APA do Juá
2012;0,00;APA Lago de Peixe/Angical
2012;0,00;Reserva Extrativista Chocoaré-Mato Grosso
2012;0,00;Reserva Extrativista Lago do Cuniã
2012;0,00;APA da Serra do Saubal
2012;0,00;APA Parque Linear do Bindá
2012;0,00;Estação Ecológica do Rio Roosevelt
2012;0,00;APA da Região Metrolpolitana de Belém
2012;0,00;Reserva de Desenvolvimento Sustentável Bararati
2012;0,00;APA Jalapão
2012;0,00;Estação Ecológica da Serra das Araras
2012;0,00;Monumento Natural Morro de Santo Antônio
2012;0,00;Reserva Extrativista Auatí-Paraná
2012;0,00;APA Foz do Rio Santa Tereza
2012;0,00;Parque Natural Municipal do Morro dos Ventos
2012;0,00;Monumento Natural Canyons E Corredeiras do Rio Sono
2012;0,00;Parque Estadual Sucunduri
2012;0,00;Parque Estadual Charapucu
2012;0,00;Parque Estadual Dom Osório Stoffel
2012;0,00;Reserva Extrativista do Ciriáco
2012;0,00;Parque Estadual do Utinga
2012;0,00;Parque Estadual Mãe Bonifácia
2012;0,00;Floresta Estadual Sucunduri
2012;0,00;Monumento Natural Atalaia
2012;0,00;Floresta Nacional de São Francisco
2012;0,00;APA de Algodoal-Maiandeua
2012;0,00;Parque Estadual do Lajeado
2012;0,00;Parque Estadual Serra Santa Bárbara
2012;0,00;RPPN Cristalino I
2012;0,00;RPPN Poleiro Grande
2012;0,00;Parque Estadual Encontro das Águas
2012;0,00;Floresta Estadual Manicoré
2012;0,00;Estação Ecológica Rio Acre
2012;0,00;APA da Chapada dos Guimarães
2012;0,00;Reserva Extrativista Massaranduba
2012;0,00;Refúgio de Vida Silvestre Padre Sérgio Tonetto
2012;0,00;Refúgio de Vida Silvestre Corixão da Mata Azul
2012;0,00;Parque Estadual do Jalapão
2012;0,00;Estação Ecológica do Jari
2012;0,00;Parque Natural Municipal Veredas dos Carajás
2012;0,00;Parque Estadual do Guirá
2012;0,00;Parque Estadual do Cantão
2012;0,00;APA do Igarapé Gelado
2012;0,00;RPPN Osório Reimão
2012;0,00;RPPN Pioneira do Rio Piquiri
2012;0,00;APA Lago de Palmas
2012;0,00;RPPN Sonhada
2012;0,00;APA do Rio Preto
2012;0,00;APA Municipal do Aricá-Açu
2012;0,00;Parque Estadual do Araguaia
2012;0,00;Parque Natural Municipal de Castanhal/Pará
2012;0,00;Parque Estadual Serra Azul
2012;0,00;Parque Estadual Águas do Cuiabá
2012;0,00;APA da Região do Maracanã
2012;0,00;Parque Nacional da Chapada dos Guimarães
2012;0,00;Floresta Estadual Aripuanã
2012;0,00;Reserva Extrativista Canutama
2012;0,00;Floresta Estadual de Tapauá
2012;0,00;Parque Estadual Sumaúma
2012;0,00;RPPN Nova Aurora
2012;0,00;Parque Nacional Nascentes do Lago Jari
2012;0,00;RPPN Peugeot-Onf-Brasil
2012;0,00;Floresta Estadual Apuí
2012;0,00;RPPN Klagesi
2012;0,00;Parque Nacional Serra da Mocidade
2012;0,00;Reserva Extrativista Marinha Caetétaperaçu
2012;0,00;Reserva Extrativista Mae Grande de Curuça
2012;0,00;Reserva Extrativista de Cururupu
2012;0,00;Floresta Estadual Rio Urubu
2012;0,00;Reserva Extrativista Médio Juruá
2012;0,00;Parque Nacional do Pantanal Matogrossense
2012;0,00;APA das Nascentes de Araguaina
2012;0,00;Reserva de Desenvolvimento Sustentável Cujubim
2012;0,00;Parque Nacional da Serra da Cutia
2012;0,00;Reserva de Desenvolvimento Sustentável  Itatupã-Baquiá
2012;0,00;Reserva Extrativista Barreiro das Antas
2012;0,00;Reserva de Desenvolvimento Sustentável Mamirauá
2012;0,00;RPPN Ilhas Alexandre Rodrigues Ferreira
2012;0,00;Reserva Extrativista Quilombo do Frechal
2012;0,00;Parque Estadual Massairo Okamura
2012;0,00;Refúgio de Vida Silvestre Metrópole da Amazônia
2012;0,00;Reserva Extrativista São João da Ponta
2012;0,00;Reserva Extrativista Marinha Cuinarana
2012;0,00;APA do Itapiracó
2012;0,00;Estação Ecológica de Maracá Jipioca
2012;0,00;RPPN Fazenda Bosco
2012;0,00;Reserva Biológica Culuene
2012;0,00;APA Serra da Tabatinga
2012;0,00;APA Nascentes do Rio Paraguai
2012;0,00;Reserva Extrativista Marinha Mocapajuba
2012;0,00;Reserva de Desenvolvimento Sustentável Pucuruí - Ararão
2012;0,00;Reserva Extrativista Terra Grande Pracuuba
2012;0,00;Reserva Extrativista Itapetininga
2012;0,00;Reserva Extrativista Mapuá
2012;0,00;Reserva Extrativista Castanheira
2012;0,00;Reserva Extrativista Marinha Tracuateua
2012;0,00;Estação Ecológica Juami-Japurá
2012;0,00;Reserva Extrativista Lago do Cedro
2012;0,00;Refúgio de Vida Silvestre Lago Mole
2012;0,00;Parque Estadual da Serra dos Martírios/Andorinhas
2012;0,00;Parque Estadual do Araguaiaa
2012;0,00;Monumento Natural das Árvores Fossilizadas do Estado do Tocantins
2012;0,00;Parque Estadual Zé Bolo Flô
2012;0,00;RPPN Aurora Natura
2012;0,00;Parque Estadual Rio Negro Setor Sul
2012;0,00;Parque Natural Municipal Claudino Francio
2012;0,00;Floresta Nacional de Anauá
2012;0,00;Estação Ecológica do Rio Ronuro
2012;0,00;APA do Rio Madeira
2012;0,00;Estação Ecológica de Jutaí-Solimões
2012;0,00;Reserva Extrativista Roxinho
2012;0,00;Parque Estadual de Corumbiara
2012;0,00;Parque Nacional Viruá
2012;0,00;Parque Nacional Montanhas do Tumucumaque
2012;0,00;Área de Relevante Interesse Ecológica Projeto Dinâmica Biológica de Fragmentos Florestais
2012;0,00;Reserva Extrativista Freijó
2012;0,00;Floresta Nacional do Jamari
2012;0,00;Estação Ecológica de Taiamã
2012;0,00;RPPN Catedral do Jalapão
2012;0,00;RPPN Fazenda Loanda
2012;0,00;Area de Relevante Interesse Ecologico Parque Ambiental Antonio Danubio Lourenço da Silva
2012;0,00;Parque Nacional das Nascentes do Rio Parnaiba
2012;0,00;Parque Estadual do Matupiri
2012;0,00;RPPN Irmãos Satelis
2012;0,00;Reserva Extrativista Garrote
2012;0,00;Floresta Estadual de Rendimento Sustentado do Rio Machado
2012;0,00;Parque Estadual do Xingu
2012;0,00;Estação Ecológica Alto Maués
2012;0,00;Parque Natural Municipal Jardim Botânico
2012;0,00;Monumento Natural Morro Chico Mendes
2012;0,00;Reserva de Desenvolvimento Sustentável Aripuanã
2012;0,00;Parque Estadual Tucumã
2012;0,00;Parque Natural Municipal do Cancão
2012;0,00;Floresta Estadual de Rendimento Sustentado Tucano
2012;0,00;Reserva Extrativista da Baía do Tubarão
2012;0,00;Floresta Nacional de Macauã
2012;0,00;Area de Protecao Ambiental Xeriuini
2012;0,00;Floresta Nacional de Pau-Rosa
2012;0,00;Reserva de Desenvolvimento Sustentável Rio Amapá
2012;0,00;Parque Nacional da Chapada das Mesas
2012;0,00;Floresta Nacional de Amapá
2012;0,00;Estação Ecológica Samuel
2012;0,00;Floresta Nacional de Jacundá
2012;0,00;Reserva Extrativista Marinha Mestre Lucindo
2012;0,00;RPPN Fazenda Calixto
2012;0,00;Reserva Extrativista do Itaúba
2012;0,00;Reserva Extrativista Curralinho
2012;0,00;Reserva de Desenvolvimento Sustentável do Juma
2012;0,00;Estação Ecológica Rio Flor do Prado
2012;0,00;Parque Estadual Cristalino
2012;0,00;Reserva Biológica Traçadal
2012;0,00;APA do Rio Curiaú
2012;0,00;Reserva de Desenvolvimento Sustentável Vitória de Souzel
2012;0,00;RPPN Cristalino Iii
2012;0,00;Reserva Biológica Rio Ouro Preto
2012;0,00;Parque Estadual Chandless
2012;0,00;Reserva Extrativista Jatobá
2012;0,00;Reserva Extrativista do Guariba
2012;0,00;Parque Nacional de Anavilhanas
2012;0,00;Reserva Extrativista Ipê
2012;0,00;RPPN Sesc Tepequém
2012;0,00;Floresta Nacional de Mapiá-Inauiní
2012;0,00;Reserva Extrativista Baixo Rio Branco Jauaperi
2012;0,00;Reserva Biológica do Uatumã
2012;0,00;Reserva Extrativista Sucupira
2012;0,00;Parque Estadual do Sítio do Rangedor
2012;0,00;Reserva Extrativista Mogno
2012;0,00;Floresta Nacional de Jatuarana
2012;0,00;Parque Estadual de Monte Alegre
2012;0,00;RPPN Bico do Javaés
2012;0,00;Reserva Biológica de Maicuru
2012;0,00;Parque Nacional de Pacaás Novos
2012;0,00;Estacao Ecologica Serra Geral do Tocantins
2012;0,00;APA do Salto Magessi
2012;0,00;Estação Ecológica do Grão Pará
2012;0,00;Reserva de Desenvolvimento Sustentável Igapó-Açu
2012;0,00;Parque Municipal da Cacimba
2012;0,00;APA - Baixo Rio Branco
2012;0,00;Reserva de Desenvolvimento Sustentável do Matupiri
2012;0,00;Reserva Extrativista Rio Preto-Jacundá
2012;0,00;Parque Natural Municipal Parque Florestal de Sinop
2012;0,00;Reserva Extrativista Seringueira
2012;0,00;Refugio da Vida Silvestre de Colíder
2012;0,00;Parque Natural Municipal Colonizador Jose Bianchini
2012;0,00;Floresta Nacional de Itaituba I
2012;0,00;Parque Nacional do Cabo Orange
2012;0,00;Reserva Extrativista Rio Pacaás Novos
2012;0,00;Parque Natural Municipal Vale do Esperança
2012;0,00;APA dos Campos de Manicoré
2012;0,00;Refúgio de Vida Silvestre Tabuleiro do Embaubal
2012;0,00;Estação Ecológica de Niquiá
2012;0,00;RPPN Gibeão
2012;0,00;Parque Nacional do Acari
2012;0,00;Reserva Biológica do Guaporé
2012;3,90;Estação Ecológica da Terra do Meio
2012;0,33;Reserva Extrativista do Rio Gregório
2012;0,65;Floresta Estadual de Rendimento Sustentado Gavião
2012;30,80;Floresta Nacional do Jamanxim
2012;0,68;Reserva Extrativista Gurupá-Melgaço
2012;0,07;Floresta Nacional do Crepori
2012;0,24;Reserva de Desenvolvimento Sustentavel do Rio Madeira
2012;0,40;Floresta Nacional de Caxiuanã
2012;3,82;"Floresta Estadual de Rendimento Sustentado do Rio Madeira ""B"""
2012;0,43;Reserva Extrativista Guariba-Roosevelt
2012;0,30;Floresta Estadual de Faro
2012;2,17;Floresta Estadual de Iriri
2012;0,51;Parque Estadual Serra do Aracá
2012;0,07;Floresta Nacional de Purus
2012;1,03;APA  Tapuruquara
2012;0,03;Floresta Nacional de Tapirapé-Aquiri
2012;0,13;Floresta Estadual Maúes
2012;0,03;Reserva Extrativista Maracanã
2012;0,16;Floresta Nacional do Aripuanã
2012;1,67;Reserva Extrativista Riozinho do Anfrísio
2012;8,83;APA do Lago de Tucurui
2012;0,12;Reserva Biológica do Jaru
2012;0,23;Reserva de Desenvolvimento Sustentável do Rio Iratapuru
2012;0,51;Estação Ecológica de Cuniã
2012;0,08;Reserva Extrativista Catuá-Ipixuna
2012;2,08;Reserva Extrativista Rio Cajari
2012;1,86;Reserva Extrativista Alto Tarauacá
2012;0,19;Parque Estadual de Guajará-Mirim
2012;5,41;APA de Upaon-Açu / Miritiba / Alto Preguiças
2012;1,19;Reserva Extrativista Renascer
2012;5,75;Parque Nacional do Araguaia
2012;0,52;Parque Nacional da Amazônia
2012;0,17;Parque Nacional do Rio Novo
2012;0,22;Parque Nacional do Jaú
2012;0,09;Reserva Extrativista Arapiranga-Tromaí
2012;22,31;APA do Tapajós
2012;0,10;Floresta Nacional de Urupadi
2012;0,52;Reserva Extrativista Arióca Pruanã
2012;0,22;Reserva de Desenvolvimento Sustentável Alcobaça
2012;0,18;Floresta Estadual do Trombetas
2012;0,49;Parque Nacional dos Campos Amazônicos
2012;0,10;APA Lago de Santa Isabel
2012;0,45;Parque Nacional da Serra do Divisor
2012;12,42;Reserva Extrativista Chico Mendes
2012;0,32;Reserva Biológica Nascentes Serra do Cachimbo
2012;0,41;Floresta Nacional do Amazonas
2012;0,14;Reserva Extrativista Rio Cautário
2012;0,07;Floresta Estadual Canutama
2012;8,07;Floresta Nacional de Itaituba Ii
2012;1,46;APA Margem Direita do Rio Negro- Setor Paduari-Solimões
2012;0,23;APA das Cabeceiras do Rio Cuiabá
2012;19,40;Reserva Extrativista Jaci-Paraná
2012;0,09;Reserva de Desenvolvimento Sustentável Uacarí
2012;0,06;Reserva de Desenvolvimento Sustentavel Puranga Conquista
2012;8,34;Reserva Biológica do Gurupi
2012;0,13;Reserva Extrativista Pedras Negras
2012;0,49;Parque Estadual Serra dos Reis
2012;0,08;APA de Alter do Chão
2012;0,04;Reserva Extrativista Aquariquara
2012;0,12;APA de São Geraldo do Araguaia
2012;0,20;Reserva Extrativista do Rio Jutaí
2012;0,18;Parque Nacional da Serra do Pardo
2012;0,01;Reserva Extrativista Angelim
2012;0,89;Floresta Nacional de Santa Rosa do Purus
2012;0,07;Parque Nacional do Juruena
2012;7,50;Reserva Extrativista Verde Para Sempre
2012;2,15;APA da Baixada Maranhense
2012;0,12;APA Paytuna
2012;0,71;APA Margem Esquerda do Rio Negro-Setor Tarumã Açu-Tarumã Mirima
2012;0,04;Estação Ecológica Serra dos Três Irmãos
2012;0,00;Parque Estadual Igarapés do Juruena
2012;2,59;APA Ilha do Bananal/Cantão
2012;0,08;Reserva Extrativista Marinha de Gurupi-Piriá
2012;0,87;Area de Proteção Ambiental Taruma/Ponta Negra
2012;0,07;Floresta Nacional de Mulata
2012;0,13;Reserva Extrativista Rio Iriri
2012;0,28;Reserva Extrativista Rio Xingu
2012;3,22;Reserva Extrativista Ituxí
2012;1,82;Parque Nacional do Jamanxim
2012;10,18;Parque Nacional Mapinguari
2012;0,50;Reserva de Desenvolvimento Sustentável Amanã
2012;0,34;Reserva Extrativista do Lago do Capanã Grande
2012;0,63;Floresta Estadual de Rendimento Sustentado Araras
2012;70,91;APA Triunfo do Xingu
2012;0,39;APA Margem Esquerda do Rio Negro-Setor Aturiá-Apuauzinho
2012;0,06;Parque Estadual Rio Negro Setor Norte
2012;1,25;Reserva Extrativista Rio Ouro Preto
2012;0,04;APA Nhamundá
2012;2,22;Área de Relevante Interesse Ecológica Seringal Nova Esperança
2012;1,44;Floresta Nacional de Carajás
2012;0,88;Reserva Extrativista Mata Grande
2012;0,35;APA das Reentrâncias Maranhenses
2012;2,86;Floresta Estadual do Paru
2012;2,47;Floresta Nacional do Amaná
2012;0,06;Floresta Nacional de Tefé
2012;0,03;Reserva Extrativista do Rio Unini
2012;1,91;Reserva Extrativista do Cazumbá-Iracema
2012;0,06;Reserva Extrativista do Médio Purús
2012;0,34;Reserva de Desenvolvimento Sustentável Piagaçu Purus
2012;3,09;Reserva Extrativista Alto Juruá
2012;0,21;Floresta Nacional de Balata-Tufari
2012;2,46;Floresta Nacional de Saracá-Taquera
2012;0,17;Floresta Estadual de Rendimento Sustentado Rio Vermelho (C)
2012;0,02;Reserva Extrativista Maracatiara
2012;0,78;Reserva Extrativista Ipaú-Anilzinho
2012;0,07;Reserva de Desenvolvimento Sustentável do Tupé
2012;1,17;Reserva Extrativista Riozinho da Liberdade
2012;0,11;Reserva Extrativista Arapixi
2012;0,30;Reserva de Desenvolvimento Sustentável do Uatumã
2012;3,12;Floresta Estadual de Rendimento Sustentado Mutum
2012;0,15;Reserva de Desenvolvimento Sustentável do Rio Negro
2012;1,23;Floresta Nacional de Bom Futuro
2012;0,13;Reserva Extrativista Tapajós Arapiuns
2012;1,51;APA Igarapé São Francisco
2012;2,88;APA de Presidente Figueiredo - Caverna do Moroaga
2012;1,75;APA do Arquipélago do Marajó
2012;0,38;Parque Nacional do Pico da Neblina
2012;0,07;Floresta Nacional de Tapajós
2012;0,36;Floresta Nacional de Roraima
2012;0,14;Floresta Nacional de Itacaiunas
2012;0,58;Floresta Nacional do Iquiri
2012;1,78;Floresta Estadual do Amapá
2012;51,02;Floresta Nacional Altamira
2012;0,07;APA Meandros do Araguaia
2012;0,23;Reserva de Desenvolvimento Sustentável Campo das Mangabas
2011;0,15;Estação Ecológica de Cuniã
2011;0,00;Parque Estadual Zé Bolo Flô
2011;0,00;Reserva Extrativista Marinha de Soure
2011;0,00;Parque Estadual de Águas Quentes
2011;0,00;Parque Natural Municipal Uirapuru
2011;0,00;Floresta Estadual de Rendimento Sustentado Gavião
2011;0,00;APA da Ilha do Combu
2011;0,00;Parque Natural Municipal Lagoa das Garças
2011;0,00;APA Serra do Lajeado
2011;0,00;Parque Estadual das Nascentes do Rio Taquari
2011;0,00;Reserva Biológica do Manicoré
2011;0,00;Parque Nacional do Monte Roraima
2011;0,00;Parque Natural Muncipal Paulo Viriato Correa da Costa
2011;0,00;Reserva Extrativista Extremo Norte do Tocantins
2011;0,00;Parque Nacional dos Campos Ferruginosos
2011;0,00;Reserva Extrativista Municipal Beija Flor Brilho de Fogo
2011;0,00;APA Bacia do Rio de Janeiro
2011;0,00;Estação Ecológica de Maracá
2011;0,00;Reserva Biológica do Tapirapé
2011;0,00;Reserva Biológica do Lago Piratuba
2011;0,00;Parque Estadual Guariba
2011;0,00;Parque Natural Municipal de Redenção
2011;0,00;Area de Relevante Interesse Ecologico Museu Parque Seringal
2011;0,00;Reserva Biológica Morro dos Seis Lagos
2011;0,00;APA Lago de São Salvador do Tocantins, Paranã E Palmeirópolis
2011;0,00;Área de Relevante Interesse Ecológica Javari Buriti
2011;0,00;Reserva Extrativista Marinha Arai-Peroba
2011;0,00;Reserva Extrativista Piquiá
2011;0,00;Floresta Estadual de Rendimento Sustentado Cedro
2011;0,00;APA da Fazendinha
2011;0,00;APA do Juá
2011;0,00;APA Lago de Peixe/Angical
2011;0,00;Reserva Extrativista Chocoaré-Mato Grosso
2011;0,00;Reserva Extrativista Lago do Cuniã
2011;0,00;APA da Serra do Saubal
2011;0,00;APA Parque Linear do Bindá
2011;0,00;Reserva de Desenvolvimento Sustentável Bararati
2011;0,00;APA Jalapão
2011;0,00;Estação Ecológica da Serra das Araras
2011;0,00;Monumento Natural Morro de Santo Antônio
2011;0,00;Estação Ecológica Serra dos Três Irmãos
2011;0,00;APA Foz do Rio Santa Tereza
2011;0,00;Parque Natural Municipal do Morro dos Ventos
2011;0,00;Monumento Natural Canyons E Corredeiras do Rio Sono
2011;0,00;Parque Estadual Charapucu
2011;0,00;Parque Estadual Dom Osório Stoffel
2011;0,00;Parque Estadual Rio Negro Setor Norte
2011;0,00;Parque Estadual do Utinga
2011;0,00;Parque Estadual Mãe Bonifácia
2011;0,00;Floresta Estadual Sucunduri
2011;0,00;Monumento Natural Atalaia
2011;0,00;APA Lago de Santa Isabel
2011;0,00;Floresta Nacional de São Francisco
2011;0,00;APA de Algodoal-Maiandeua
2011;0,00;Parque Estadual do Lajeado
2011;0,00;RPPN Cristalino I
2011;0,00;RPPN Poleiro Grande
2011;0,00;Parque Estadual Encontro das Águas
2011;0,00;Floresta Estadual Manicoré
2011;0,00;Estação Ecológica Rio Acre
2011;0,00;Reserva Extrativista Massaranduba
2011;0,00;Refúgio de Vida Silvestre Padre Sérgio Tonetto
2011;0,00;Reserva Extrativista Arapiranga-Tromaí
2011;0,00;Refúgio de Vida Silvestre Corixão da Mata Azul
2011;0,00;Parque Estadual do Jalapão
2011;0,00;Estação Ecológica do Jari
2011;0,00;Parque Natural Municipal Veredas dos Carajás
2011;0,00;Parque Estadual do Guirá
2011;0,00;Parque Estadual do Cantão
2011;0,00;APA do Igarapé Gelado
2011;0,00;RPPN Osório Reimão
2011;0,00;RPPN Pioneira do Rio Piquiri
2011;0,00;APA Lago de Palmas
2011;0,00;RPPN Sonhada
2011;0,00;APA do Rio Preto
2011;0,00;Parque Estadual do Araguaia
2011;0,00;Parque Natural Municipal de Castanhal/Pará
2011;0,00;Parque Estadual Serra Azul
2011;0,00;Parque Estadual Águas do Cuiabá
2011;0,00;Reserva de Desenvolvimento Sustentável Campo das Mangabas
2011;0,00;Parque Nacional da Chapada dos Guimarães
2011;0,00;Floresta Estadual Aripuanã
2011;0,00;Reserva Extrativista Canutama
2011;0,00;Parque Estadual Sumaúma
2011;0,00;RPPN Nova Aurora
2011;0,00;RPPN Peugeot-Onf-Brasil
2011;0,00;Floresta Estadual Apuí
2011;0,00;RPPN Klagesi
2011;0,00;Parque Nacional Serra da Mocidade
2011;0,00;Reserva Extrativista Marinha Caetétaperaçu
2011;0,00;Reserva Extrativista Mae Grande de Curuça
2011;0,00;Reserva de Desenvolvimento Sustentável do Rio Iratapuru
2011;0,00;Reserva Extrativista de Cururupu
2011;0,00;Floresta Estadual Rio Urubu
2011;0,00;Parque Nacional do Pantanal Matogrossense
2011;0,00;APA das Nascentes de Araguaina
2011;0,00;Parque Nacional da Serra da Cutia
2011;0,00;Reserva de Desenvolvimento Sustentável  Itatupã-Baquiá
2011;0,00;Reserva Extrativista Barreiro das Antas
2011;0,00;Reserva de Desenvolvimento Sustentável Mamirauá
2011;0,00;RPPN Ilhas Alexandre Rodrigues Ferreira
2011;0,00;Reserva Extrativista Quilombo do Frechal
2011;0,00;Parque Estadual Massairo Okamura
2011;0,00;Refúgio de Vida Silvestre Metrópole da Amazônia
2011;0,00;Reserva Extrativista Marinha Cuinarana
2011;0,00;APA do Itapiracó
2011;0,00;Estação Ecológica de Maracá Jipioca
2011;0,00;RPPN Fazenda Bosco
2011;0,00;Reserva Biológica Culuene
2011;0,00;APA Serra da Tabatinga
2011;0,00;APA Nascentes do Rio Paraguai
2011;0,00;Reserva Extrativista Marinha Mocapajuba
2011;0,00;Reserva Extrativista Itapetininga
2011;0,00;Reserva Extrativista Mapuá
2011;0,00;Reserva Extrativista Marinha Tracuateua
2011;0,00;Parque Estadual Igarapés do Juruena
2011;0,00;Reserva Extrativista Lago do Cedro
2011;0,00;Refúgio de Vida Silvestre Lago Mole
2011;0,00;Parque Estadual da Serra dos Martírios/Andorinhas
2011;0,00;Monumento Natural das Árvores Fossilizadas do Estado do Tocantins
2011;0,00;APA das Cabeceiras do Rio Cuiabá
2011;0,00;RPPN Aurora Natura
2011;0,00;Reserva de Desenvolvimento Sustentavel Puranga Conquista
2011;0,00;Parque Estadual Rio Negro Setor Sul
2011;0,00;Parque Natural Municipal Claudino Francio
2011;0,00;Floresta Nacional de Anauá
2011;0,00;Estação Ecológica do Rio Ronuro
2011;0,00;APA do Rio Madeira
2011;0,00;Estação Ecológica de Jutaí-Solimões
2011;0,00;Reserva Extrativista Roxinho
2011;0,00;Parque Estadual de Corumbiara
2011;0,00;Parque Nacional Viruá
2011;0,00;Parque Nacional Montanhas do Tumucumaque
2011;0,00;Área de Relevante Interesse Ecológica Projeto Dinâmica Biológica de Fragmentos Florestais
2011;0,00;Reserva Extrativista Freijó
2011;0,00;Floresta Nacional do Jamari
2011;0,00;Estação Ecológica de Taiamã
2011;0,00;RPPN Catedral do Jalapão
2011;0,00;RPPN Fazenda Loanda
2011;0,00;Area de Relevante Interesse Ecologico Parque Ambiental Antonio Danubio Lourenço da Silva
2011;0,00;Parque Nacional das Nascentes do Rio Parnaiba
2011;0,00;Reserva Extrativista Marinha de Gurupi-Piriá
2011;0,00;Parque Estadual do Matupiri
2011;0,00;RPPN Irmãos Satelis
2011;0,00;Reserva Extrativista Garrote
2011;0,00;Floresta Estadual de Rendimento Sustentado do Rio Machado
2011;0,00;Parque Estadual do Xingu
2011;0,00;Estação Ecológica Alto Maués
2011;0,00;Parque Natural Municipal Jardim Botânico
2011;0,00;Monumento Natural Morro Chico Mendes
2011;0,00;Reserva de Desenvolvimento Sustentável Aripuanã
2011;0,00;Parque Natural Municipal do Cancão
2011;0,00;Reserva Extrativista da Baía do Tubarão
2011;0,00;Reserva de Desenvolvimento Sustentável Rio Amapá
2011;0,00;Parque Nacional da Chapada das Mesas
2011;0,00;Floresta Nacional de Amapá
2011;0,00;Estação Ecológica Samuel
2011;0,00;Reserva Extrativista Marinha Mestre Lucindo
2011;0,00;RPPN Fazenda Calixto
2011;0,00;Reserva Extrativista do Itaúba
2011;0,00;Reserva Extrativista Curralinho
2011;0,00;Estação Ecológica Rio Flor do Prado
2011;0,00;Parque Estadual Cristalino
2011;0,00;Reserva Biológica Traçadal
2011;0,00;Reserva de Desenvolvimento Sustentável do Tupé
2011;0,00;APA do Rio Curiaú
2011;0,00;Reserva de Desenvolvimento Sustentável Vitória de Souzel
2011;0,00;RPPN Cristalino Iii
2011;0,00;Reserva Biológica Rio Ouro Preto
2011;0,00;Parque Estadual Chandless
2011;0,00;Reserva Extrativista Jatobá
2011;0,00;Reserva Extrativista do Guariba
2011;0,00;Parque Nacional de Anavilhanas
2011;0,00;Reserva Extrativista Ipê
2011;0,00;RPPN Sesc Tepequém
2011;0,00;Floresta Nacional de Mapiá-Inauiní
2011;0,00;Reserva Extrativista Baixo Rio Branco Jauaperi
2011;0,00;Reserva Extrativista Sucupira
2011;0,00;Parque Estadual do Sítio do Rangedor
2011;0,00;Reserva Extrativista Mogno
2011;0,00;Floresta Nacional de Jatuarana
2011;0,00;Parque Estadual de Monte Alegre
2011;0,00;RPPN Bico do Javaés
2011;0,00;Parque Estadual de Guajará-Mirim
2011;0,00;Reserva Biológica de Maicuru
2011;0,00;Parque Nacional de Pacaás Novos
2011;0,00;Estacao Ecologica Serra Geral do Tocantins
2011;0,00;Reserva Extrativista Angelim
2011;0,00;APA do Salto Magessi
2011;0,00;Estação Ecológica do Grão Pará
2011;0,00;Reserva de Desenvolvimento Sustentável Igapó-Açu
2011;0,00;Parque Municipal da Cacimba
2011;0,00;Reserva de Desenvolvimento Sustentável do Matupiri
2011;0,00;Parque Natural Municipal Parque Florestal de Sinop
2011;0,00;Reserva Extrativista Seringueira
2011;0,00;Refugio da Vida Silvestre de Colíder
2011;0,00;Parque Natural Municipal Colonizador Jose Bianchini
2011;0,00;Floresta Nacional de Itaituba I
2011;0,00;Parque Nacional do Cabo Orange
2011;0,00;Reserva Extrativista Rio Iriri
2011;0,00;Reserva Extrativista do Lago do Capanã Grande
2011;0,00;Reserva Extrativista Rio Xingu
2011;0,00;Parque Natural Municipal Vale do Esperança
2011;0,00;Refúgio de Vida Silvestre Tabuleiro do Embaubal
2011;0,00;Estação Ecológica de Niquiá
2011;0,00;RPPN Gibeão
2011;0,00;Parque Nacional do Acari
2011;0,00;Reserva Biológica do Guaporé
2011;0,62;Estação Ecológica da Terra do Meio
2011;0,32;Reserva Extrativista do Rio Gregório
2011;0,22;Parque Estadual do Araguaiaa
2011;0,26;Reserva de Desenvolvimento Sustentável Cujubim
2011;13,04;Floresta Nacional do Jamanxim
2011;0,06;Reserva Extrativista Gurupá-Melgaço
2011;0,08;APA da Chapada dos Guimarães
2011;0,65;Reserva de Desenvolvimento Sustentavel do Rio Madeira
2011;0,39;Floresta Nacional de Caxiuanã
2011;0,19;Reserva de Desenvolvimento Sustentável Canumã
2011;0,25;"Floresta Estadual de Rendimento Sustentado do Rio Madeira ""B"""
2011;2,61;Reserva Extrativista Guariba-Roosevelt
2011;0,41;Floresta Estadual de Faro
2011;2,38;Parque Estadual Serra Ricardo Franco
2011;0,92;Floresta Estadual de Iriri
2011;0,33;Parque Estadual Serra do Aracá
2011;0,33;Floresta Estadual de Rendimento Sustentado Periquito
2011;0,18;Floresta Nacional de Purus
2011;0,13;Floresta Nacional de Humaitá
2011;0,07;APA - Baixo Rio Branco
2011;1,21;APA  Tapuruquara
2011;0,45;Estação Ecológica Juami-Japurá
2011;0,53;Floresta Nacional de Tapirapé-Aquiri
2011;1,19;Floresta Estadual Maúes
2011;0,03;Reserva Extrativista Maracanã
2011;0,24;Floresta Estadual de Rendimento Sustentado Tucano
2011;0,53;Floresta Nacional do Aripuanã
2011;1,02;Reserva Extrativista Riozinho do Anfrísio
2011;16,42;APA do Lago de Tucurui
2011;0,28;Reserva Biológica do Jaru
2011;0,13;Floresta Nacional do Crepori
2011;0,00;Reserva Extrativista São João da Ponta
2011;0,22;Reserva Extrativista Catuá-Ipixuna
2011;0,66;Reserva Extrativista Rio Cajari
2011;2,31;Reserva Extrativista Alto Tarauacá
2011;9,09;APA de Upaon-Açu / Miritiba / Alto Preguiças
2011;1,95;Reserva Extrativista Renascer
2011;0,55;Parque Nacional do Araguaia
2011;0,01;Reserva de Desenvolvimento Sustentável Pucuruí - Ararão
2011;1,13;Parque Nacional da Amazônia
2011;0,78;Parque Nacional do Rio Novo
2011;0,12;APA Lago do Amapá
2011;0,10;Parque Nacional do Jaú
2011;13,50;APA do Tapajós
2011;0,00;Área de Relevante Interesse Ecológico Japiim Pentecoste
2011;0,11;Parque Nacional Nascentes do Lago Jari
2011;0,21;Floresta Nacional de Urupadi
2011;0,99;Reserva Extrativista Arióca Pruanã
2011;0,14;Reserva Extrativista Baixo Juruá
2011;0,05;Reserva Extrativista  do Rio Cautário
2011;0,01;Reserva de Desenvolvimento Sustentável Alcobaça
2011;1,45;Reserva Extrativista Rio Preto-Jacundá
2011;0,09;Estação Ecológica do Rio Roosevelt
2011;0,19;Floresta Estadual do Trombetas
2011;1,40;Parque Nacional dos Campos Amazônicos
2011;5,78;Parque Nacional da Serra do Divisor
2011;12,02;Reserva Extrativista Chico Mendes
2011;3,00;Reserva Biológica Nascentes Serra do Cachimbo
2011;0,08;Floresta Nacional do Amazonas
2011;0,28;Reserva Extrativista Rio Cautário
2011;0,15;Floresta Estadual Canutama
2011;4,37;Floresta Nacional de Itaituba Ii
2011;3,71;APA Margem Direita do Rio Negro- Setor Paduari-Solimões
2011;0,26;Floresta Nacional do Trairão
2011;54,25;Reserva Extrativista Jaci-Paraná
2011;0,07;Reserva de Desenvolvimento Sustentável Uacarí
2011;6,71;Reserva Biológica do Gurupi
2011;0,48;Reserva Extrativista Pedras Negras
2011;0,02;Parque Estadual Serra dos Reis
2011;0,07;APA de Alter do Chão
2011;0,59;Floresta Estadual de Tapauá
2011;0,00;Reserva Extrativista Aquariquara
2011;0,09;APA de São Geraldo do Araguaia
2011;0,10;Reserva Extrativista Médio Juruá
2011;0,65;Reserva Extrativista do Rio Jutaí
2011;0,26;Parque Nacional da Serra do Pardo
2011;0,07;Parque Estadual Serra Santa Bárbara
2011;0,95;Floresta Nacional de Santa Rosa do Purus
2011;0,79;Parque Nacional do Juruena
2011;0,12;Floresta Nacional de Macauã
2011;0,06;Reserva Extrativista Rio Pacaás Novos
2011;0,19;Floresta Nacional de Jacundá
2011;8,22;Reserva Extrativista Verde Para Sempre
2011;0,26;Floresta Nacional de Pau-Rosa
2011;0,06;Parque Estadual do Bacanga
2011;16,85;APA da Baixada Maranhense
2011;0,11;APA da Região Metrolpolitana de Belém
2011;0,14;Reserva Extrativista Auatí-Paraná
2011;0,42;APA Paytuna
2011;0,28;APA Margem Esquerda do Rio Negro-Setor Tarumã Açu-Tarumã Mirima
2011;0,08;Area de Protecao Ambiental Xeriuini
2011;0,20;APA da Região do Maracanã
2011;0,17;APA dos Campos de Manicoré
2011;2,34;APA Ilha do Bananal/Cantão
2011;0,01;Reserva Extrativista Castanheira
2011;0,20;Area de Proteção Ambiental Taruma/Ponta Negra
2011;0,22;Floresta Nacional de Mulata
2011;1,24;Reserva Extrativista Ituxí
2011;0,21;Reserva Biológica do Rio Trombetas
2011;0,98;Parque Nacional do Jamanxim
2011;0,08;Reserva Biológica do Abufari
2011;3,68;Parque Nacional Mapinguari
2011;0,40;Reserva de Desenvolvimento Sustentável Amanã
2011;0,50;Floresta Estadual de Rendimento Sustentado Araras
2011;81,74;APA Triunfo do Xingu
2011;0,52;APA Margem Esquerda do Rio Negro-Setor Aturiá-Apuauzinho
2011;1,37;Reserva Extrativista Rio Ouro Preto
2011;0,07;APA Nhamundá
2011;0,34;Área de Relevante Interesse Ecológica Seringal Nova Esperança
2011;0,31;Floresta Nacional de Carajás
2011;0,15;APA Municipal do Aricá-Açu
2011;0,16;Reserva Extrativista do Ciriáco
2011;0,78;Reserva Extrativista Mata Grande
2011;1,61;APA das Reentrâncias Maranhenses
2011;0,91;Floresta Estadual do Paru
2011;1,54;Floresta Nacional do Amaná
2011;1,29;Floresta Nacional de Tefé
2011;0,58;Reserva Extrativista do Rio Unini
2011;2,86;Reserva Extrativista do Cazumbá-Iracema
2011;0,42;Reserva Extrativista do Médio Purús
2011;0,18;Reserva de Desenvolvimento Sustentável Piagaçu Purus
2011;0,47;Reserva de Desenvolvimento Sustentável do Juma
2011;7,92;Reserva Extrativista Alto Juruá
2011;0,00;Reserva Biológica do Uatumã
2011;0,53;Floresta Nacional de Balata-Tufari
2011;4,09;Floresta Nacional de Saracá-Taquera
2011;0,29;Parque Estadual Sucunduri
2011;0,08;Floresta Estadual de Rendimento Sustentado Rio Vermelho (C)
2011;0,06;Reserva Extrativista Maracatiara
2011;0,63;Reserva Extrativista Ipaú-Anilzinho
2011;0,75;Reserva Extrativista Riozinho da Liberdade
2011;0,25;Reserva Extrativista Arapixi
2011;0,76;Parque Estadual Tucumã
2011;0,78;Reserva de Desenvolvimento Sustentável do Uatumã
2011;3,63;Floresta Estadual de Rendimento Sustentado Mutum
2011;1,02;Reserva de Desenvolvimento Sustentável do Rio Negro
2011;2,18;Floresta Nacional de Bom Futuro
2011;2,15;Reserva Extrativista Tapajós Arapiuns
2011;1,97;APA Igarapé São Francisco
2011;5,50;APA de Presidente Figueiredo - Caverna do Moroaga
2011;3,82;APA do Arquipélago do Marajó
2011;0,39;Parque Nacional do Pico da Neblina
2011;0,39;Floresta Nacional de Tapajós
2011;1,72;Floresta Nacional de Roraima
2011;0,07;Floresta Nacional de Itacaiunas
2011;3,04;Floresta Nacional do Iquiri
2011;2,23;Floresta Estadual do Amapá
2011;13,10;Floresta Nacional Altamira
2011;0,69;APA Meandros do Araguaia
2011;0,14;Reserva Extrativista Terra Grande Pracuuba
2010;0,00;Floresta Nacional do Trairão
2010;0,00;Reserva Extrativista São João da Ponta
2010;0,00;Parque Estadual de Águas Quentes
2010;0,00;Parque Natural Municipal Uirapuru
2010;0,00;Floresta Estadual de Rendimento Sustentado Gavião
2010;0,00;APA da Ilha do Combu
2010;0,00;Parque Natural Municipal Lagoa das Garças
2010;0,00;APA Serra do Lajeado
2010;0,00;Parque Estadual das Nascentes do Rio Taquari
2010;0,00;Reserva Biológica do Manicoré
2010;0,00;Reserva de Desenvolvimento Sustentável Uacarí
2010;0,00;Parque Natural Muncipal Paulo Viriato Correa da Costa
2010;0,00;Reserva Extrativista Extremo Norte do Tocantins
2010;0,00;APA Lago do Amapá
2010;0,00;Reserva Extrativista Municipal Beija Flor Brilho de Fogo
2010;0,00;APA Bacia do Rio de Janeiro
2010;0,00;Reserva de Desenvolvimento Sustentável Canumã
2010;0,00;Reserva Biológica do Tapirapé
2010;0,00;Área de Relevante Interesse Ecológico Japiim Pentecoste
2010;0,00;Reserva Biológica do Lago Piratuba
2010;0,00;Parque Estadual Guariba
2010;0,00;Parque Natural Municipal de Redenção
2010;0,00;Area de Relevante Interesse Ecologico Museu Parque Seringal
2010;0,00;Reserva Biológica Morro dos Seis Lagos
2010;0,00;APA Lago de São Salvador do Tocantins, Paranã E Palmeirópolis
2010;0,00;Área de Relevante Interesse Ecológica Javari Buriti
2010;0,00;Reserva Extrativista Pedras Negras
2010;0,00;Reserva Extrativista Piquiá
2010;0,00;Floresta Estadual de Rendimento Sustentado Cedro
2010;0,00;APA da Fazendinha
2010;0,00;APA Lago de Peixe/Angical
2010;0,00;Reserva Extrativista Chocoaré-Mato Grosso
2010;0,00;Reserva Extrativista Lago do Cuniã
2010;0,00;APA da Serra do Saubal
2010;0,00;APA Parque Linear do Bindá
2010;0,00;Floresta Nacional do Aripuanã
2010;0,00;APA da Região Metrolpolitana de Belém
2010;0,00;Reserva de Desenvolvimento Sustentável Bararati
2010;0,00;APA Jalapão
2010;0,00;Estação Ecológica da Serra das Araras
2010;0,00;Monumento Natural Morro de Santo Antônio
2010;0,00;Estação Ecológica Serra dos Três Irmãos
2010;0,00;APA Foz do Rio Santa Tereza
2010;0,00;Parque Natural Municipal do Morro dos Ventos
2010;0,00;Monumento Natural Canyons E Corredeiras do Rio Sono
2010;0,00;Parque Estadual Sucunduri
2010;0,00;Parque Estadual Charapucu
2010;0,00;Parque Estadual Dom Osório Stoffel
2010;0,00;Parque Estadual Rio Negro Setor Norte
2010;0,00;Reserva Extrativista do Ciriáco
2010;0,00;Parque Estadual do Utinga
2010;0,00;Parque Estadual Mãe Bonifácia
2010;0,00;Floresta Estadual Sucunduri
2010;0,00;Monumento Natural Atalaia
2010;0,00;Floresta Nacional de São Francisco
2010;0,00;Parque Estadual do Lajeado
2010;0,00;RPPN Cristalino I
2010;0,00;RPPN Poleiro Grande
2010;0,00;Parque Estadual Encontro das Águas
2010;0,00;Floresta Estadual Manicoré
2010;0,00;Estação Ecológica Rio Acre
2010;0,00;APA da Chapada dos Guimarães
2010;0,00;Reserva Extrativista Massaranduba
2010;0,00;Refúgio de Vida Silvestre Padre Sérgio Tonetto
2010;0,00;Reserva Extrativista Arapiranga-Tromaí
2010;0,00;Refúgio de Vida Silvestre Corixão da Mata Azul
2010;0,00;Parque Estadual do Jalapão
2010;0,00;Estação Ecológica do Jari
2010;0,00;Parque Natural Municipal Veredas dos Carajás
2010;0,00;Parque Estadual do Guirá
2010;0,00;Parque Estadual do Cantão
2010;0,00;RPPN Osório Reimão
2010;0,00;RPPN Pioneira do Rio Piquiri
2010;0,00;APA Lago de Palmas
2010;0,00;RPPN Sonhada
2010;0,00;APA do Rio Preto
2010;0,00;APA Municipal do Aricá-Açu
2010;0,00;Parque Estadual do Araguaia
2010;0,00;Parque Natural Municipal de Castanhal/Pará
2010;0,00;Parque Estadual Serra Azul
2010;0,00;Parque Estadual Águas do Cuiabá
2010;0,00;Reserva de Desenvolvimento Sustentável Campo das Mangabas
2010;0,00;Parque Nacional da Chapada dos Guimarães
2010;0,00;Floresta Estadual Aripuanã
2010;0,00;Reserva Extrativista Canutama
2010;0,00;Parque Estadual Sumaúma
2010;0,00;RPPN Nova Aurora
2010;0,00;Parque Nacional Nascentes do Lago Jari
2010;0,00;RPPN Peugeot-Onf-Brasil
2010;0,00;Floresta Estadual Apuí
2010;0,00;RPPN Klagesi
2010;0,00;Parque Nacional Serra da Mocidade
2010;0,00;Reserva Extrativista Marinha Caetétaperaçu
2010;0,00;Reserva de Desenvolvimento Sustentável do Rio Iratapuru
2010;0,00;Reserva Extrativista de Cururupu
2010;0,00;Floresta Estadual Rio Urubu
2010;0,00;Parque Nacional do Pantanal Matogrossense
2010;0,00;APA das Nascentes de Araguaina
2010;0,00;Parque Nacional da Serra da Cutia
2010;0,00;Reserva de Desenvolvimento Sustentável  Itatupã-Baquiá
2010;0,00;Reserva Extrativista Barreiro das Antas
2010;0,00;RPPN Ilhas Alexandre Rodrigues Ferreira
2010;0,00;Reserva Extrativista Quilombo do Frechal
2010;0,00;Parque Estadual Massairo Okamura
2010;0,00;Refúgio de Vida Silvestre Metrópole da Amazônia
2010;0,00;APA do Itapiracó
2010;0,00;Estação Ecológica de Maracá Jipioca
2010;0,00;RPPN Fazenda Bosco
2010;0,00;Reserva Biológica Culuene
2010;0,00;APA Serra da Tabatinga
2010;0,00;APA Nascentes do Rio Paraguai
2010;0,00;Reserva Extrativista Itapetininga
2010;0,00;Reserva Extrativista Castanheira
2010;0,00;Reserva Extrativista Marinha Tracuateua
2010;0,00;Parque Estadual Igarapés do Juruena
2010;0,00;Estação Ecológica Juami-Japurá
2010;0,00;Reserva Extrativista Lago do Cedro
2010;0,00;Refúgio de Vida Silvestre Lago Mole
2010;0,00;Parque Estadual Serra dos Reis
2010;0,00;Monumento Natural das Árvores Fossilizadas do Estado do Tocantins
2010;0,00;Parque Estadual Zé Bolo Flô
2010;0,00;RPPN Aurora Natura
2010;0,00;Parque Estadual Rio Negro Setor Sul
2010;0,00;Parque Natural Municipal Claudino Francio
2010;0,00;Floresta Nacional de Anauá
2010;0,00;Estação Ecológica do Rio Ronuro
2010;0,00;APA do Rio Madeira
2010;0,00;Estação Ecológica de Jutaí-Solimões
2010;0,00;Reserva Extrativista Roxinho
2010;0,00;Parque Estadual de Corumbiara
2010;0,00;Parque Nacional Viruá
2010;0,00;Área de Relevante Interesse Ecológica Projeto Dinâmica Biológica de Fragmentos Florestais
2010;0,00;Reserva Extrativista Freijó
2010;0,00;Estação Ecológica de Taiamã
2010;0,00;RPPN Catedral do Jalapão
2010;0,00;RPPN Fazenda Loanda
2010;0,00;Area de Relevante Interesse Ecologico Parque Ambiental Antonio Danubio Lourenço da Silva
2010;0,00;Parque Nacional das Nascentes do Rio Parnaiba
2010;0,00;Reserva Extrativista Marinha de Gurupi-Piriá
2010;0,00;Parque Estadual do Matupiri
2010;0,00;RPPN Irmãos Satelis
2010;0,00;Reserva Extrativista Garrote
2010;0,00;Floresta Estadual de Rendimento Sustentado do Rio Machado
2010;0,00;Parque Estadual do Xingu
2010;0,00;Parque Natural Municipal Jardim Botânico
2010;0,00;Monumento Natural Morro Chico Mendes
2010;0,00;Reserva de Desenvolvimento Sustentável Aripuanã
2010;0,00;Parque Estadual Tucumã
2010;0,00;Parque Natural Municipal do Cancão
2010;0,00;Reserva Extrativista da Baía do Tubarão
2010;0,00;Floresta Nacional de Macauã
2010;0,00;Area de Protecao Ambiental Xeriuini
2010;0,00;Reserva de Desenvolvimento Sustentável Rio Amapá
2010;0,00;Parque Nacional da Chapada das Mesas
2010;0,00;Estação Ecológica Samuel
2010;0,00;Floresta Nacional de Jacundá
2010;0,00;RPPN Fazenda Calixto
2010;0,00;Reserva Extrativista do Itaúba
2010;0,00;Reserva Extrativista Curralinho
2010;0,00;Estação Ecológica Rio Flor do Prado
2010;0,00;Parque Estadual Cristalino
2010;0,00;Reserva Biológica Traçadal
2010;0,00;Reserva Extrativista Maracatiara
2010;0,00;APA do Rio Curiaú
2010;0,00;Reserva de Desenvolvimento Sustentável Vitória de Souzel
2010;0,00;RPPN Cristalino Iii
2010;0,00;Reserva Biológica Rio Ouro Preto
2010;0,00;Parque Estadual Chandless
2010;0,00;Reserva Extrativista Jatobá
2010;0,00;Reserva Extrativista do Guariba
2010;0,00;Reserva Extrativista Ipê
2010;0,00;RPPN Sesc Tepequém
2010;0,00;Floresta Nacional de Mapiá-Inauiní
2010;0,00;Reserva Extrativista Sucupira
2010;0,00;Parque Estadual do Sítio do Rangedor
2010;0,00;Estação Ecológica de Cuniã
2010;0,00;Reserva Extrativista Mogno
2010;0,00;Floresta Nacional de Jatuarana
2010;0,00;Parque Estadual de Monte Alegre
2010;0,00;RPPN Bico do Javaés
2010;0,00;Parque Estadual de Guajará-Mirim
2010;0,00;Parque Nacional de Pacaás Novos
2010;0,00;Estacao Ecologica Serra Geral do Tocantins
2010;0,00;Reserva Extrativista Angelim
2010;0,00;APA do Salto Magessi
2010;0,00;Parque Municipal da Cacimba
2010;0,00;Reserva de Desenvolvimento Sustentável do Matupiri
2010;0,00;Parque Natural Municipal Parque Florestal de Sinop
2010;0,00;Reserva Extrativista Seringueira
2010;0,00;Refugio da Vida Silvestre de Colíder
2010;0,00;Parque Natural Municipal Colonizador Jose Bianchini
2010;0,00;Floresta Nacional de Itaituba I
2010;0,00;Reserva Extrativista Rio Iriri
2010;0,00;Parque Natural Municipal Vale do Esperança
2010;0,00;Refúgio de Vida Silvestre Tabuleiro do Embaubal
2010;0,00;Estação Ecológica de Niquiá
2010;0,00;Reserva Extrativista Aquariquara
2010;0,00;RPPN Gibeão
2010;0,00;Reserva Biológica do Guaporé
2010;4,98;Estação Ecológica da Terra do Meio
2010;0,55;Reserva Extrativista do Rio Gregório
2010;0,12;Parque Estadual do Araguaiaa
2010;0,88;Reserva de Desenvolvimento Sustentável Cujubim
2010;11,83;Floresta Nacional do Jamanxim
2010;0,08;Reserva Extrativista Gurupá-Melgaço
2010;1,04;Reserva Extrativista Mapuá
2010;0,13;Parque Nacional do Monte Roraima
2010;0,06;APA do Juá
2010;1,70;Reserva de Desenvolvimento Sustentavel do Rio Madeira
2010;0,18;Floresta Nacional de Caxiuanã
2010;0,14;"Floresta Estadual de Rendimento Sustentado do Rio Madeira ""B"""
2010;0,04;Reserva Extrativista Marinha Cuinarana
2010;0,83;Reserva Extrativista Guariba-Roosevelt
2010;0,90;Floresta Estadual de Faro
2010;1,14;Parque Estadual Serra Ricardo Franco
2010;1,32;Floresta Estadual de Iriri
2010;0,15;Parque Estadual Serra do Aracá
2010;0,44;Reserva Extrativista Marinha de Soure
2010;0,26;Floresta Estadual de Rendimento Sustentado Periquito
2010;0,05;Floresta Nacional de Purus
2010;0,07;Floresta Nacional de Humaitá
2010;0,50;APA - Baixo Rio Branco
2010;0,76;APA  Tapuruquara
2010;0,92;Floresta Nacional de Tapirapé-Aquiri
2010;0,96;Floresta Estadual Maúes
2010;0,19;Reserva Extrativista Maracanã
2010;0,14;Parque Nacional dos Campos Ferruginosos
2010;0,17;Floresta Estadual de Rendimento Sustentado Tucano
2010;1,07;Reserva Extrativista Riozinho do Anfrísio
2010;26,79;APA do Lago de Tucurui
2010;0,17;Reserva Biológica do Jaru
2010;0,25;Parque Nacional do Cabo Orange
2010;2,30;Reserva Extrativista Terra Grande Pracuuba
2010;0,14;Reserva Extrativista Catuá-Ipixuna
2010;2,27;Reserva Extrativista Rio Cajari
2010;3,25;Reserva Extrativista Alto Tarauacá
2010;15,82;APA de Upaon-Açu / Miritiba / Alto Preguiças
2010;4,55;Reserva Extrativista Renascer
2010;0,14;Parque Nacional do Araguaia
2010;0,00;Reserva de Desenvolvimento Sustentável Pucuruí - Ararão
2010;0,94;Parque Nacional da Amazônia
2010;1,48;Parque Nacional do Rio Novo
2010;0,80;Parque Nacional do Jaú
2010;0,08;Reserva de Desenvolvimento Sustentável Igapó-Açu
2010;8,14;APA do Tapajós
2010;0,08;Floresta Nacional de Urupadi
2010;11,19;Reserva Extrativista Arióca Pruanã
2010;0,30;Reserva Extrativista Baixo Juruá
2010;0,03;Reserva Extrativista  do Rio Cautário
2010;0,09;Floresta Nacional do Jamari
2010;0,17;Reserva de Desenvolvimento Sustentável Alcobaça
2010;0,37;Reserva Extrativista Rio Preto-Jacundá
2010;0,10;Estação Ecológica do Rio Roosevelt
2010;0,81;Floresta Estadual do Trombetas
2010;0,18;Parque Nacional dos Campos Amazônicos
2010;0,14;Reserva Extrativista Baixo Rio Branco Jauaperi
2010;0,46;APA Lago de Santa Isabel
2010;5,11;Parque Nacional da Serra do Divisor
2010;6,41;Reserva Extrativista Chico Mendes
2010;5,71;Reserva Biológica Nascentes Serra do Cachimbo
2010;0,15;Floresta Nacional do Amazonas
2010;0,62;Reserva Extrativista Rio Cautário
2010;0,10;Floresta Estadual Canutama
2010;1,67;Floresta Nacional de Itaituba Ii
2010;0,06;Reserva Extrativista Marinha Arai-Peroba
2010;7,35;APA Margem Direita do Rio Negro- Setor Paduari-Solimões
2010;0,16;APA das Cabeceiras do Rio Cuiabá
2010;38,91;Reserva Extrativista Jaci-Paraná
2010;0,37;Reserva de Desenvolvimento Sustentavel Puranga Conquista
2010;11,62;Reserva Biológica do Gurupi
2010;0,31;Parque Nacional do Acari
2010;0,52;APA de Alter do Chão
2010;0,75;Floresta Estadual de Tapauá
2010;0,36;APA de São Geraldo do Araguaia
2010;0,43;Reserva Extrativista Médio Juruá
2010;0,42;Reserva Extrativista do Rio Jutaí
2010;1,48;Parque Nacional da Serra do Pardo
2010;0,10;Parque Estadual Serra Santa Bárbara
2010;1,68;Floresta Nacional de Santa Rosa do Purus
2010;0,06;APA de Algodoal-Maiandeua
2010;0,61;Parque Nacional do Juruena
2010;0,14;Reserva Extrativista Rio Pacaás Novos
2010;13,17;Reserva Extrativista Verde Para Sempre
2010;0,56;Floresta Nacional de Pau-Rosa
2010;0,08;Parque Estadual do Bacanga
2010;8,21;APA da Baixada Maranhense
2010;0,70;Reserva Extrativista Auatí-Paraná
2010;0,36;APA Paytuna
2010;3,94;APA Margem Esquerda do Rio Negro-Setor Tarumã Açu-Tarumã Mirima
2010;0,29;APA da Região do Maracanã
2010;0,04;APA dos Campos de Manicoré
2010;6,76;APA Ilha do Bananal/Cantão
2010;1,02;Area de Proteção Ambiental Taruma/Ponta Negra
2010;0,13;Floresta Nacional de Mulata
2010;1,05;Reserva de Desenvolvimento Sustentável Mamirauá
2010;0,20;Reserva Extrativista Rio Xingu
2010;0,31;Reserva Extrativista Ituxí
2010;0,97;Reserva Biológica do Rio Trombetas
2010;1,81;Parque Nacional do Jamanxim
2010;0,73;Reserva Biológica do Abufari
2010;1,42;Parque Nacional Mapinguari
2010;1,89;Reserva de Desenvolvimento Sustentável Amanã
2010;2,68;Reserva Extrativista do Lago do Capanã Grande
2010;0,66;Floresta Estadual de Rendimento Sustentado Araras
2010;159,44;APA Triunfo do Xingu
2010;0,10;Reserva Extrativista Marinha Mocapajuba
2010;1,67;APA Margem Esquerda do Rio Negro-Setor Aturiá-Apuauzinho
2010;0,92;Reserva Extrativista Rio Ouro Preto
2010;0,06;Reserva Extrativista Marinha Mestre Lucindo
2010;0,52;APA Nhamundá
2010;0,29;Área de Relevante Interesse Ecológica Seringal Nova Esperança
2010;0,12;APA do Igarapé Gelado
2010;0,62;Floresta Nacional de Carajás
2010;0,80;Reserva Extrativista Mata Grande
2010;2,68;APA das Reentrâncias Maranhenses
2010;1,63;Floresta Estadual do Paru
2010;0,62;Floresta Nacional do Amaná
2010;6,39;Floresta Nacional de Tefé
2010;0,24;Reserva Extrativista do Rio Unini
2010;2,28;Reserva Extrativista do Cazumbá-Iracema
2010;1,47;Reserva Extrativista do Médio Purús
2010;0,82;Reserva de Desenvolvimento Sustentável Piagaçu Purus
2010;0,05;Parque Nacional de Anavilhanas
2010;0,17;Parque Estadual da Serra dos Martírios/Andorinhas
2010;0,92;Reserva de Desenvolvimento Sustentável do Juma
2010;17,65;Reserva Extrativista Alto Juruá
2010;0,26;Reserva Biológica do Uatumã
2010;0,44;Floresta Nacional de Balata-Tufari
2010;5,95;Floresta Nacional de Saracá-Taquera
2010;0,21;Floresta Nacional de Amapá
2010;0,21;Floresta Estadual de Rendimento Sustentado Rio Vermelho (C)
2010;0,31;Estação Ecológica Alto Maués
2010;0,06;Reserva Extrativista Mae Grande de Curuça
2010;0,24;Parque Nacional Montanhas do Tumucumaque
2010;2,96;Reserva Extrativista Ipaú-Anilzinho
2010;0,07;Reserva de Desenvolvimento Sustentável do Tupé
2010;3,51;Reserva Extrativista Riozinho da Liberdade
2010;0,34;Reserva Extrativista Arapixi
2010;1,20;Reserva de Desenvolvimento Sustentável do Uatumã
2010;6,43;Floresta Estadual de Rendimento Sustentado Mutum
2010;1,30;Reserva de Desenvolvimento Sustentável do Rio Negro
2010;1,64;Floresta Nacional de Bom Futuro
2010;3,60;Reserva Extrativista Tapajós Arapiuns
2010;0,55;APA Igarapé São Francisco
2010;4,98;APA de Presidente Figueiredo - Caverna do Moroaga
2010;33,32;APA do Arquipélago do Marajó
2010;3,97;Parque Nacional do Pico da Neblina
2010;0,94;Floresta Nacional de Tapajós
2010;2,27;Floresta Nacional de Roraima
2010;1,74;Reserva Biológica de Maicuru
2010;0,16;Estação Ecológica de Maracá
2010;3,84;Estação Ecológica do Grão Pará
2010;0,25;Floresta Nacional de Itacaiunas
2010;0,54;Floresta Nacional do Iquiri
2010;9,57;Floresta Estadual do Amapá
2010;2,64;Floresta Nacional Altamira
2010;0,57;APA Meandros do Araguaia
2010;0,34;Floresta Nacional do Crepori
2009;0,73;Floresta Nacional do Crepori
2009;0,00;Parque Estadual de Águas Quentes
2009;0,00;Parque Natural Municipal Uirapuru
2009;0,00;APA da Ilha do Combu
2009;0,00;Parque Natural Municipal Lagoa das Garças
2009;0,00;APA Serra do Lajeado
2009;0,00;Parque Estadual das Nascentes do Rio Taquari
2009;0,00;Parque Estadual do Bacanga
2009;0,00;Reserva Extrativista Maracanã
2009;0,00;Floresta Nacional de Urupadi
2009;0,00;Parque Nacional do Monte Roraima
2009;0,00;Floresta Nacional de Humaitá
2009;0,00;Parque Natural Muncipal Paulo Viriato Correa da Costa
2009;0,00;Reserva Extrativista Extremo Norte do Tocantins
2009;0,00;Parque Nacional dos Campos Ferruginosos
2009;0,00;Reserva Extrativista Municipal Beija Flor Brilho de Fogo
2009;0,00;APA Bacia do Rio de Janeiro
2009;0,00;Estação Ecológica de Maracá
2009;0,00;Reserva Biológica do Rio Trombetas
2009;0,00;APA Meandros do Araguaia
2009;0,00;Reserva Biológica do Tapirapé
2009;0,00;Reserva Extrativista do Rio Gregório
2009;0,00;Reserva Biológica do Lago Piratuba
2009;0,00;Parque Estadual Guariba
2009;0,00;Parque Natural Municipal de Redenção
2009;0,00;Area de Relevante Interesse Ecologico Museu Parque Seringal
2009;0,00;Reserva Biológica Morro dos Seis Lagos
2009;0,00;Reserva Biológica do Abufari
2009;0,00;APA Lago de São Salvador do Tocantins, Paranã E Palmeirópolis
2009;0,00;Área de Relevante Interesse Ecológica Javari Buriti
2009;0,00;APA da Fazendinha
2009;0,00;APA do Juá
2009;0,00;APA Lago de Peixe/Angical
2009;0,00;Reserva Extrativista Chocoaré-Mato Grosso
2009;0,00;Reserva Extrativista Lago do Cuniã
2009;0,00;APA da Serra do Saubal
2009;0,00;APA Parque Linear do Bindá
2009;0,00;Estação Ecológica do Rio Roosevelt
2009;0,00;APA da Região Metrolpolitana de Belém
2009;0,00;Reserva de Desenvolvimento Sustentável Bararati
2009;0,00;APA Jalapão
2009;0,00;Parque Nacional do Pico da Neblina
2009;0,00;Estação Ecológica da Serra das Araras
2009;0,00;Monumento Natural Morro de Santo Antônio
2009;0,00;Estação Ecológica Serra dos Três Irmãos
2009;0,00;APA Foz do Rio Santa Tereza
2009;0,00;Parque Natural Municipal do Morro dos Ventos
2009;0,00;Monumento Natural Canyons E Corredeiras do Rio Sono
2009;0,00;Parque Estadual Sucunduri
2009;0,00;Parque Estadual Charapucu
2009;0,00;Parque Estadual Dom Osório Stoffel
2009;0,00;Parque Estadual Rio Negro Setor Norte
2009;0,00;Parque Estadual do Utinga
2009;0,00;Parque Estadual Mãe Bonifácia
2009;0,00;Floresta Estadual Sucunduri
2009;0,00;Monumento Natural Atalaia
2009;0,00;APA Lago de Santa Isabel
2009;0,00;Floresta Nacional de São Francisco
2009;0,00;APA de Algodoal-Maiandeua
2009;0,00;Parque Estadual do Lajeado
2009;0,00;RPPN Poleiro Grande
2009;0,00;Parque Estadual Encontro das Águas
2009;0,00;Floresta Estadual Manicoré
2009;0,00;Estação Ecológica Rio Acre
2009;0,00;Reserva Extrativista Massaranduba
2009;0,00;Refúgio de Vida Silvestre Padre Sérgio Tonetto
2009;0,00;Reserva Extrativista Arapiranga-Tromaí
2009;0,00;Refúgio de Vida Silvestre Corixão da Mata Azul
2009;0,00;Parque Estadual do Jalapão
2009;0,00;Estação Ecológica do Jari
2009;0,00;Parque Natural Municipal Veredas dos Carajás
2009;0,00;Parque Estadual do Guirá
2009;0,00;Parque Estadual do Cantão
2009;0,00;APA do Igarapé Gelado
2009;0,00;RPPN Osório Reimão
2009;0,00;RPPN Pioneira do Rio Piquiri
2009;0,00;APA Lago de Palmas
2009;0,00;RPPN Sonhada
2009;0,00;APA do Rio Preto
2009;0,00;Parque Estadual do Araguaia
2009;0,00;Parque Natural Municipal de Castanhal/Pará
2009;0,00;Parque Estadual Serra Azul
2009;0,00;Parque Estadual Águas do Cuiabá
2009;0,00;APA da Região do Maracanã
2009;0,00;Reserva de Desenvolvimento Sustentável Campo das Mangabas
2009;0,00;Parque Nacional da Chapada dos Guimarães
2009;0,00;Floresta Estadual Aripuanã
2009;0,00;Parque Estadual Sumaúma
2009;0,00;RPPN Nova Aurora
2009;0,00;RPPN Peugeot-Onf-Brasil
2009;0,00;Floresta Estadual Apuí
2009;0,00;RPPN Klagesi
2009;0,00;Parque Nacional Serra da Mocidade
2009;0,00;Reserva Extrativista Marinha Caetétaperaçu
2009;0,00;Floresta Estadual Rio Urubu
2009;0,00;Parque Nacional do Pantanal Matogrossense
2009;0,00;APA das Nascentes de Araguaina
2009;0,00;Reserva de Desenvolvimento Sustentável Cujubim
2009;0,00;Parque Nacional da Serra da Cutia
2009;0,00;Reserva de Desenvolvimento Sustentável  Itatupã-Baquiá
2009;0,00;Reserva Extrativista Barreiro das Antas
2009;0,00;RPPN Ilhas Alexandre Rodrigues Ferreira
2009;0,00;Reserva Extrativista Quilombo do Frechal
2009;0,00;Reserva Extrativista Gurupá-Melgaço
2009;0,00;Parque Estadual Massairo Okamura
2009;0,00;Parque Nacional do Juruena
2009;0,00;Refúgio de Vida Silvestre Metrópole da Amazônia
2009;0,00;Reserva Extrativista  do Rio Cautário
2009;0,00;Reserva Extrativista Marinha Cuinarana
2009;0,00;APA do Itapiracó
2009;0,00;Estação Ecológica de Maracá Jipioca
2009;0,00;RPPN Fazenda Bosco
2009;0,00;Reserva Biológica Culuene
2009;0,00;APA Serra da Tabatinga
2009;0,00;APA Nascentes do Rio Paraguai
2009;0,00;Reserva Extrativista Marinha Mocapajuba
2009;0,00;Reserva de Desenvolvimento Sustentável Pucuruí - Ararão
2009;0,00;Reserva de Desenvolvimento Sustentável Piagaçu Purus
2009;0,00;Reserva Extrativista Marinha Tracuateua
2009;0,00;Reserva Extrativista São João da Ponta
2009;0,00;Estação Ecológica Juami-Japurá
2009;0,00;Reserva Extrativista Lago do Cedro
2009;0,00;Refúgio de Vida Silvestre Lago Mole
2009;0,00;Floresta Estadual de Rendimento Sustentado Rio Vermelho (C)
2009;0,00;Parque Estadual Serra dos Reis
2009;0,00;Parque Estadual da Serra dos Martírios/Andorinhas
2009;0,00;Parque Estadual do Araguaiaa
2009;0,00;Monumento Natural das Árvores Fossilizadas do Estado do Tocantins
2009;0,00;Parque Estadual Zé Bolo Flô
2009;0,00;RPPN Aurora Natura
2009;0,00;Parque Estadual Rio Negro Setor Sul
2009;0,00;Parque Natural Municipal Claudino Francio
2009;0,00;Floresta Nacional de Anauá
2009;0,00;Floresta Nacional de Caxiuanã
2009;0,00;Estação Ecológica de Jutaí-Solimões
2009;0,00;Reserva Extrativista Alto Juruá
2009;0,00;Reserva Extrativista Roxinho
2009;0,00;Parque Nacional Viruá
2009;0,00;Floresta Nacional do Amazonas
2009;0,00;Parque Nacional Montanhas do Tumucumaque
2009;0,00;Área de Relevante Interesse Ecológica Projeto Dinâmica Biológica de Fragmentos Florestais
2009;0,00;Estação Ecológica de Taiamã
2009;0,00;RPPN Catedral do Jalapão
2009;0,00;RPPN Fazenda Loanda
2009;0,00;Area de Relevante Interesse Ecologico Parque Ambiental Antonio Danubio Lourenço da Silva
2009;0,00;Parque Nacional das Nascentes do Rio Parnaiba
2009;0,00;Floresta Estadual do Trombetas
2009;0,00;Parque Estadual do Matupiri
2009;0,00;RPPN Irmãos Satelis
2009;0,00;Reserva Extrativista Garrote
2009;0,00;Floresta Estadual de Rendimento Sustentado do Rio Machado
2009;0,00;Parque Estadual do Xingu
2009;0,00;Parque Natural Municipal Jardim Botânico
2009;0,00;Monumento Natural Morro Chico Mendes
2009;0,00;Reserva de Desenvolvimento Sustentável Aripuanã
2009;0,00;Parque Estadual Tucumã
2009;0,00;Parque Natural Municipal do Cancão
2009;0,00;Reserva Extrativista da Baía do Tubarão
2009;0,00;Floresta Nacional de Macauã
2009;0,00;Area de Protecao Ambiental Xeriuini
2009;0,00;Reserva de Desenvolvimento Sustentável Rio Amapá
2009;0,00;Parque Nacional da Chapada das Mesas
2009;0,00;Floresta Nacional de Amapá
2009;0,00;Estação Ecológica Samuel
2009;0,00;Floresta Nacional de Jacundá
2009;0,00;RPPN Fazenda Calixto
2009;0,00;Reserva Extrativista do Itaúba
2009;0,00;Reserva Extrativista Curralinho
2009;0,00;Estação Ecológica Rio Flor do Prado
2009;0,00;Reserva Biológica Traçadal
2009;0,00;Reserva de Desenvolvimento Sustentável do Tupé
2009;0,00;APA do Rio Curiaú
2009;0,00;APA de Alter do Chão
2009;0,00;Reserva de Desenvolvimento Sustentável Vitória de Souzel
2009;0,00;RPPN Cristalino Iii
2009;0,00;Reserva Biológica Rio Ouro Preto
2009;0,00;Parque Estadual Chandless
2009;0,00;Reserva Extrativista Jatobá
2009;0,00;Reserva Extrativista do Guariba
2009;0,00;RPPN Sesc Tepequém
2009;0,00;Floresta Nacional de Mapiá-Inauiní
2009;0,00;Reserva Extrativista do Rio Unini
2009;0,00;Reserva Extrativista Baixo Rio Branco Jauaperi
2009;0,00;Reserva Biológica do Uatumã
2009;0,00;Floresta Nacional de Mulata
2009;0,00;Reserva Extrativista Sucupira
2009;0,00;Parque Estadual do Sítio do Rangedor
2009;0,00;Estação Ecológica de Cuniã
2009;0,00;Reserva Extrativista Mogno
2009;0,00;Parque Estadual de Monte Alegre
2009;0,00;RPPN Bico do Javaés
2009;0,00;Parque Estadual de Guajará-Mirim
2009;0,00;APA Nhamundá
2009;0,00;Estacao Ecologica Serra Geral do Tocantins
2009;0,00;Reserva Extrativista Angelim
2009;0,00;APA do Salto Magessi
2009;0,00;Estação Ecológica do Grão Pará
2009;0,00;Reserva de Desenvolvimento Sustentável Igapó-Açu
2009;0,00;Parque Municipal da Cacimba
2009;0,00;Reserva de Desenvolvimento Sustentável do Matupiri
2009;0,00;Parque Natural Municipal Parque Florestal de Sinop
2009;0,00;Reserva Extrativista Seringueira
2009;0,00;Refugio da Vida Silvestre de Colíder
2009;0,00;Parque Natural Municipal Colonizador Jose Bianchini
2009;0,00;Floresta Nacional de Itaituba I
2009;0,00;Reserva Extrativista Rio Xingu
2009;0,00;Reserva Extrativista Rio Pacaás Novos
2009;0,00;Parque Natural Municipal Vale do Esperança
2009;0,00;Refúgio de Vida Silvestre Tabuleiro do Embaubal
2009;0,00;Estação Ecológica de Niquiá
2009;0,00;RPPN Gibeão
2009;0,00;Parque Nacional do Acari
2009;2,40;Estação Ecológica da Terra do Meio
2009;0,11;Floresta Estadual de Rendimento Sustentado Gavião
2009;0,07;Parque Nacional de Pacaás Novos
2009;103,36;Floresta Nacional do Jamanxim
2009;0,74;Reserva Extrativista Mapuá
2009;0,54;APA da Chapada dos Guimarães
2009;0,03;Reserva Extrativista Freijó
2009;0,36;Parque Estadual Cristalino
2009;0,25;Reserva Biológica do Manicoré
2009;0,18;Reserva de Desenvolvimento Sustentavel do Rio Madeira
2009;0,11;Reserva de Desenvolvimento Sustentável Canumã
2009;0,31;"Floresta Estadual de Rendimento Sustentado do Rio Madeira ""B"""
2009;2,24;Reserva Extrativista Guariba-Roosevelt
2009;0,48;Floresta Estadual de Faro
2009;2,53;Parque Estadual Serra Ricardo Franco
2009;0,02;Reserva Extrativista de Cururupu
2009;4,27;Floresta Estadual de Iriri
2009;0,07;Parque Estadual Serra do Aracá
2009;0,14;Reserva Extrativista Marinha de Soure
2009;0,95;Floresta Estadual de Rendimento Sustentado Periquito
2009;0,49;Floresta Nacional de Purus
2009;0,11;Reserva Extrativista Ipê
2009;1,25;APA - Baixo Rio Branco
2009;0,10;APA  Tapuruquara
2009;7,82;Floresta Nacional de Tapirapé-Aquiri
2009;15,01;Floresta Nacional Altamira
2009;0,41;Floresta Estadual de Rendimento Sustentado Tucano
2009;0,39;Floresta Nacional do Aripuanã
2009;3,30;Reserva Extrativista Riozinho do Anfrísio
2009;19,93;APA do Lago de Tucurui
2009;0,81;Reserva Biológica do Jaru
2009;0,43;Parque Nacional do Cabo Orange
2009;1,13;Reserva Extrativista Terra Grande Pracuuba
2009;0,17;Reserva de Desenvolvimento Sustentável do Rio Iratapuru
2009;0,07;Reserva Extrativista Catuá-Ipixuna
2009;5,41;Reserva Extrativista Rio Cajari
2009;0,62;Reserva Extrativista Alto Tarauacá
2009;0,20;APA de Upaon-Açu / Miritiba / Alto Preguiças
2009;2,76;Reserva Extrativista Renascer
2009;0,17;Parque Nacional do Araguaia
2009;1,99;Parque Nacional da Amazônia
2009;0,10;Parque Nacional do Rio Novo
2009;0,09;APA Lago do Amapá
2009;0,18;Parque Nacional do Jaú
2009;0,06;Reserva Extrativista Canutama
2009;15,17;APA do Tapajós
2009;0,00;Área de Relevante Interesse Ecológico Japiim Pentecoste
2009;0,09;Parque Nacional Nascentes do Lago Jari
2009;1,12;Reserva Extrativista Arióca Pruanã
2009;0,35;Reserva Extrativista Baixo Juruá
2009;0,18;Floresta Nacional do Jamari
2009;0,09;Reserva de Desenvolvimento Sustentável Alcobaça
2009;0,09;Reserva Extrativista Rio Preto-Jacundá
2009;0,75;Parque Nacional dos Campos Amazônicos
2009;0,70;Parque Nacional da Serra do Divisor
2009;3,68;Reserva Extrativista Chico Mendes
2009;0,92;Reserva Biológica do Guaporé
2009;3,49;Reserva Biológica Nascentes Serra do Cachimbo
2009;0,91;Reserva Extrativista Rio Cautário
2009;0,20;Floresta Estadual Canutama
2009;1,58;Floresta Nacional de Itaituba Ii
2009;0,18;Reserva Extrativista Marinha Arai-Peroba
2009;8,40;APA Margem Direita do Rio Negro- Setor Paduari-Solimões
2009;0,01;RPPN Cristalino I
2009;1,09;Floresta Nacional do Trairão
2009;0,52;APA das Cabeceiras do Rio Cuiabá
2009;6,21;Reserva Extrativista Jaci-Paraná
2009;0,07;Reserva de Desenvolvimento Sustentável Uacarí
2009;0,15;Reserva de Desenvolvimento Sustentavel Puranga Conquista
2009;27,63;Reserva Biológica do Gurupi
2009;0,05;Reserva Extrativista Piquiá
2009;0,16;Reserva Extrativista Pedras Negras
2009;0,08;Floresta Estadual de Tapauá
2009;0,22;Reserva Extrativista Aquariquara
2009;0,15;APA de São Geraldo do Araguaia
2009;0,28;Reserva Extrativista Médio Juruá
2009;0,59;Reserva Extrativista do Rio Jutaí
2009;0,78;Parque Nacional da Serra do Pardo
2009;0,14;Parque Estadual Serra Santa Bárbara
2009;0,30;Floresta Nacional de Santa Rosa do Purus
2009;17,60;Reserva Extrativista Verde Para Sempre
2009;0,18;Floresta Nacional de Pau-Rosa
2009;11,98;APA da Baixada Maranhense
2009;0,13;Parque Estadual de Corumbiara
2009;0,08;Reserva Extrativista Auatí-Paraná
2009;0,46;APA Paytuna
2009;0,86;APA Margem Esquerda do Rio Negro-Setor Tarumã Açu-Tarumã Mirima
2009;0,23;APA dos Campos de Manicoré
2009;7,38;APA Ilha do Bananal/Cantão
2009;0,13;Reserva Extrativista Marinha de Gurupi-Piriá
2009;0,02;Reserva Extrativista Castanheira
2009;0,38;Area de Proteção Ambiental Taruma/Ponta Negra
2009;0,09;Reserva de Desenvolvimento Sustentável Mamirauá
2009;0,73;Reserva Extrativista Rio Iriri
2009;0,06;Reserva Extrativista Ituxí
2009;3,04;Parque Nacional do Jamanxim
2009;0,83;Parque Nacional Mapinguari
2009;0,14;Reserva de Desenvolvimento Sustentável Amanã
2009;0,07;Reserva Extrativista do Lago do Capanã Grande
2009;0,24;Floresta Estadual de Rendimento Sustentado Araras
2009;197,49;APA Triunfo do Xingu
2009;1,41;APA Margem Esquerda do Rio Negro-Setor Aturiá-Apuauzinho
2009;2,97;Reserva Extrativista Rio Ouro Preto
2009;0,16;Reserva Extrativista Marinha Mestre Lucindo
2009;0,25;Área de Relevante Interesse Ecológica Seringal Nova Esperança
2009;1,90;Floresta Nacional de Carajás
2009;0,59;APA Municipal do Aricá-Açu
2009;0,53;Reserva Extrativista do Ciriáco
2009;0,01;Floresta Nacional de Jatuarana
2009;1,72;Reserva Extrativista Mata Grande
2009;7,10;APA das Reentrâncias Maranhenses
2009;1,31;Floresta Estadual do Paru
2009;2,43;Floresta Nacional do Amaná
2009;2,99;Floresta Nacional de Tefé
2009;0,74;Reserva Extrativista do Cazumbá-Iracema
2009;0,60;Reserva Extrativista do Médio Purús
2009;0,23;Parque Nacional de Anavilhanas
2009;0,25;Reserva de Desenvolvimento Sustentável do Juma
2009;0,21;Floresta Estadual de Rendimento Sustentado Cedro
2009;0,00;Estação Ecológica do Rio Ronuro
2009;1,25;Floresta Nacional de Balata-Tufari
2009;4,37;Floresta Nacional de Saracá-Taquera
2009;0,17;Estação Ecológica Alto Maués
2009;0,11;Reserva Extrativista Mae Grande de Curuça
2009;0,00;Reserva Extrativista Maracatiara
2009;1,95;Reserva Extrativista Ipaú-Anilzinho
2009;0,28;Reserva Extrativista Riozinho da Liberdade
2009;0,56;Reserva Extrativista Arapixi
2009;0,10;Reserva de Desenvolvimento Sustentável do Uatumã
2009;3,30;Floresta Estadual de Rendimento Sustentado Mutum
2009;3,13;Reserva de Desenvolvimento Sustentável do Rio Negro
2009;2,52;Floresta Nacional de Bom Futuro
2009;0,14;APA do Rio Madeira
2009;3,11;Reserva Extrativista Tapajós Arapiuns
2009;0,72;APA Igarapé São Francisco
2009;6,89;APA de Presidente Figueiredo - Caverna do Moroaga
2009;7,76;APA do Arquipélago do Marajó
2009;1,11;Floresta Nacional de Tapajós
2009;0,47;Floresta Nacional de Roraima
2009;0,08;Reserva Extrativista Itapetininga
2009;0,13;Reserva Biológica de Maicuru
2009;1,92;Floresta Nacional de Itacaiunas
2009;2,81;Floresta Nacional do Iquiri
2009;9,56;Floresta Estadual do Amapá
2009;0,49;Floresta Estadual Maúes
2009;0,00;Parque Estadual Igarapés do Juruena
2008;0,00;Parque Nacional Montanhas do Tumucumaque
2008;0,00;Reserva Extrativista Marinha de Soure
2008;0,00;Parque Estadual de Águas Quentes
2008;0,00;Parque Natural Municipal Uirapuru
2008;0,00;Floresta Estadual de Rendimento Sustentado Gavião
2008;0,00;APA da Ilha do Combu
2008;0,00;Parque Natural Municipal Lagoa das Garças
2008;0,00;APA Serra do Lajeado
2008;0,00;Parque Estadual das Nascentes do Rio Taquari
2008;0,00;Floresta Nacional de Urupadi
2008;0,00;Reserva Biológica do Manicoré
2008;0,00;Parque Nacional do Monte Roraima
2008;0,00;Parque Natural Muncipal Paulo Viriato Correa da Costa
2008;0,00;APA Lago do Amapá
2008;0,00;Reserva Extrativista Municipal Beija Flor Brilho de Fogo
2008;0,00;APA Bacia do Rio de Janeiro
2008;0,00;Estação Ecológica de Maracá
2008;0,00;Reserva Biológica do Tapirapé
2008;0,00;Área de Relevante Interesse Ecológico Japiim Pentecoste
2008;0,00;Reserva Biológica do Lago Piratuba
2008;0,00;Parque Estadual Guariba
2008;0,00;Parque Natural Municipal de Redenção
2008;0,00;Area de Relevante Interesse Ecologico Museu Parque Seringal
2008;0,00;APA Lago de São Salvador do Tocantins, Paranã E Palmeirópolis
2008;0,00;Área de Relevante Interesse Ecológica Javari Buriti
2008;0,00;Reserva Extrativista Piquiá
2008;0,00;Floresta Estadual de Rendimento Sustentado Cedro
2008;0,00;APA da Fazendinha
2008;0,00;APA Lago de Peixe/Angical
2008;0,00;Reserva Extrativista Lago do Cuniã
2008;0,00;APA da Serra do Saubal
2008;0,00;APA Parque Linear do Bindá
2008;0,00;Estação Ecológica do Rio Roosevelt
2008;0,00;APA da Região Metrolpolitana de Belém
2008;0,00;Reserva de Desenvolvimento Sustentável Bararati
2008;0,00;APA Jalapão
2008;0,00;Estação Ecológica da Serra das Araras
2008;0,00;Monumento Natural Morro de Santo Antônio
2008;0,00;Estação Ecológica Serra dos Três Irmãos
2008;0,00;APA Foz do Rio Santa Tereza
2008;0,00;Parque Natural Municipal do Morro dos Ventos
2008;0,00;Monumento Natural Canyons E Corredeiras do Rio Sono
2008;0,00;Parque Estadual Sucunduri
2008;0,00;Parque Estadual Charapucu
2008;0,00;Parque Estadual Dom Osório Stoffel
2008;0,00;Parque Estadual do Utinga
2008;0,00;Parque Estadual Mãe Bonifácia
2008;0,00;Floresta Estadual Sucunduri
2008;0,00;Monumento Natural Atalaia
2008;0,00;Floresta Nacional de São Francisco
2008;0,00;APA de Algodoal-Maiandeua
2008;0,00;Parque Estadual do Lajeado
2008;0,00;RPPN Cristalino I
2008;0,00;RPPN Poleiro Grande
2008;0,00;Parque Estadual Encontro das Águas
2008;0,00;Floresta Estadual Manicoré
2008;0,00;Estação Ecológica Rio Acre
2008;0,00;Refúgio de Vida Silvestre Padre Sérgio Tonetto
2008;0,00;Reserva Extrativista Arapiranga-Tromaí
2008;0,00;Refúgio de Vida Silvestre Corixão da Mata Azul
2008;0,00;Parque Estadual do Jalapão
2008;0,00;Estação Ecológica do Jari
2008;0,00;Parque Natural Municipal Veredas dos Carajás
2008;0,00;Parque Estadual do Guirá
2008;0,00;Parque Estadual do Cantão
2008;0,00;RPPN Osório Reimão
2008;0,00;RPPN Pioneira do Rio Piquiri
2008;0,00;APA Lago de Palmas
2008;0,00;RPPN Sonhada
2008;0,00;APA do Rio Preto
2008;0,00;APA Municipal do Aricá-Açu
2008;0,00;Parque Estadual do Araguaia
2008;0,00;Parque Natural Municipal de Castanhal/Pará
2008;0,00;Parque Estadual Serra Azul
2008;0,00;Parque Estadual Águas do Cuiabá
2008;0,00;Parque Nacional da Chapada dos Guimarães
2008;0,00;Floresta Estadual Aripuanã
2008;0,00;Reserva Extrativista Canutama
2008;0,00;Parque Estadual Sumaúma
2008;0,00;RPPN Nova Aurora
2008;0,00;Parque Nacional Nascentes do Lago Jari
2008;0,00;RPPN Peugeot-Onf-Brasil
2008;0,00;Floresta Estadual Apuí
2008;0,00;RPPN Klagesi
2008;0,00;Parque Nacional Serra da Mocidade
2008;0,00;Reserva de Desenvolvimento Sustentável do Rio Iratapuru
2008;0,00;Floresta Estadual Rio Urubu
2008;0,00;Parque Nacional do Pantanal Matogrossense
2008;0,00;APA das Nascentes de Araguaina
2008;0,00;Reserva de Desenvolvimento Sustentável Cujubim
2008;0,00;Reserva de Desenvolvimento Sustentável  Itatupã-Baquiá
2008;0,00;Reserva de Desenvolvimento Sustentável Mamirauá
2008;0,00;RPPN Ilhas Alexandre Rodrigues Ferreira
2008;0,00;Reserva Extrativista Quilombo do Frechal
2008;0,00;Parque Estadual Massairo Okamura
2008;0,00;Reserva Extrativista  do Rio Cautário
2008;0,00;APA do Itapiracó
2008;0,00;Estação Ecológica de Maracá Jipioca
2008;0,00;RPPN Fazenda Bosco
2008;0,00;Reserva Biológica Culuene
2008;0,00;APA Serra da Tabatinga
2008;0,00;APA Nascentes do Rio Paraguai
2008;0,00;Reserva Extrativista Terra Grande Pracuuba
2008;0,00;Reserva Extrativista Itapetininga
2008;0,00;Reserva Extrativista Castanheira
2008;0,00;Estação Ecológica Juami-Japurá
2008;0,00;Reserva Extrativista Lago do Cedro
2008;0,00;Refúgio de Vida Silvestre Lago Mole
2008;0,00;Parque Estadual do Araguaiaa
2008;0,00;Monumento Natural das Árvores Fossilizadas do Estado do Tocantins
2008;0,00;Parque Estadual Zé Bolo Flô
2008;0,00;RPPN Aurora Natura
2008;0,00;Reserva de Desenvolvimento Sustentavel Puranga Conquista
2008;0,00;Parque Estadual Rio Negro Setor Sul
2008;0,00;Parque Natural Municipal Claudino Francio
2008;0,00;Floresta Nacional de Anauá
2008;0,00;Estação Ecológica do Rio Ronuro
2008;0,00;Reserva Extrativista Roxinho
2008;0,00;Parque Estadual de Corumbiara
2008;0,00;Parque Nacional Viruá
2008;0,00;APA das Cabeceiras do Rio Cuiabá
2008;0,00;Área de Relevante Interesse Ecológica Projeto Dinâmica Biológica de Fragmentos Florestais
2008;0,00;Reserva Extrativista Freijó
2008;0,00;Estação Ecológica de Taiamã
2008;0,00;RPPN Catedral do Jalapão
2008;0,00;RPPN Fazenda Loanda
2008;0,00;Area de Relevante Interesse Ecologico Parque Ambiental Antonio Danubio Lourenço da Silva
2008;0,00;Parque Nacional das Nascentes do Rio Parnaiba
2008;0,00;Parque Estadual do Matupiri
2008;0,00;RPPN Irmãos Satelis
2008;0,00;Reserva Extrativista Garrote
2008;0,00;Parque Estadual do Xingu
2008;0,00;Estação Ecológica Alto Maués
2008;0,00;Parque Natural Municipal Jardim Botânico
2008;0,00;Monumento Natural Morro Chico Mendes
2008;0,00;Reserva de Desenvolvimento Sustentável Aripuanã
2008;0,00;Parque Estadual Tucumã
2008;0,00;Parque Natural Municipal do Cancão
2008;0,00;Floresta Estadual Canutama
2008;0,00;Reserva Extrativista da Baía do Tubarão
2008;0,00;Floresta Nacional de Macauã
2008;0,00;Area de Protecao Ambiental Xeriuini
2008;0,00;Reserva de Desenvolvimento Sustentável Rio Amapá
2008;0,00;Parque Nacional da Chapada das Mesas
2008;0,00;RPPN Fazenda Calixto
2008;0,00;Reserva Extrativista do Itaúba
2008;0,00;Reserva Extrativista Curralinho
2008;0,00;Estação Ecológica Rio Flor do Prado
2008;0,00;Reserva Biológica Traçadal
2008;0,00;Reserva Extrativista Maracatiara
2008;0,00;APA do Rio Curiaú
2008;0,00;Reserva de Desenvolvimento Sustentável Vitória de Souzel
2008;0,00;RPPN Cristalino Iii
2008;0,00;Reserva Biológica Rio Ouro Preto
2008;0,00;Reserva Extrativista Jatobá
2008;0,00;Reserva Extrativista do Guariba
2008;0,00;Parque Nacional de Anavilhanas
2008;0,00;Reserva Extrativista Ipê
2008;0,00;RPPN Sesc Tepequém
2008;0,00;Floresta Nacional de Mapiá-Inauiní
2008;0,00;Reserva Extrativista Sucupira
2008;0,00;Parque Estadual do Sítio do Rangedor
2008;0,00;Reserva Extrativista Mogno
2008;0,00;Floresta Nacional de Jatuarana
2008;0,00;Parque Estadual de Monte Alegre
2008;0,00;RPPN Bico do Javaés
2008;0,00;Parque Estadual de Guajará-Mirim
2008;0,00;APA Nhamundá
2008;0,00;Estacao Ecologica Serra Geral do Tocantins
2008;0,00;APA do Salto Magessi
2008;0,00;Reserva de Desenvolvimento Sustentável Igapó-Açu
2008;0,00;Parque Municipal da Cacimba
2008;0,00;Reserva de Desenvolvimento Sustentável do Matupiri
2008;0,00;Parque Natural Municipal Parque Florestal de Sinop
2008;0,00;Reserva Extrativista Seringueira
2008;0,00;Refugio da Vida Silvestre de Colíder
2008;0,00;Parque Natural Municipal Colonizador Jose Bianchini
2008;0,00;Floresta Nacional de Itaituba I
2008;0,00;Parque Natural Municipal Vale do Esperança
2008;0,00;APA dos Campos de Manicoré
2008;0,00;Refúgio de Vida Silvestre Tabuleiro do Embaubal
2008;0,00;Estação Ecológica de Niquiá
2008;0,00;Reserva Extrativista Aquariquara
2008;0,00;RPPN Gibeão
2008;3,38;Estação Ecológica da Terra do Meio
2008;0,46;Reserva Extrativista do Rio Gregório
2008;0,51;Reserva Extrativista Gurupá-Melgaço
2008;0,09;Reserva de Desenvolvimento Sustentável Campo das Mangabas
2008;0,17;APA do Juá
2008;0,24;Floresta Nacional de Caxiuanã
2008;0,01;Reserva Extrativista Marinha Cuinarana
2008;8,74;Parque Estadual Serra Ricardo Franco
2008;0,23;Reserva Extrativista de Cururupu
2008;0,59;Parque Estadual Serra do Aracá
2008;1,28;Floresta Estadual de Rendimento Sustentado do Rio Machado
2008;0,01;Floresta Nacional de Humaitá
2008;0,35;APA - Baixo Rio Branco
2008;0,14;APA  Tapuruquara
2008;3,11;Floresta Nacional de Tapirapé-Aquiri
2008;0,04;Reserva Extrativista Maracanã
2008;0,06;Estação Ecológica de Jutaí-Solimões
2008;0,07;Floresta Nacional do Aripuanã
2008;1,68;Reserva Biológica do Jaru
2008;7,62;Reserva Extrativista Rio Cajari
2008;3,11;Reserva Extrativista Alto Tarauacá
2008;2,09;Parque Nacional da Amazônia
2008;0,16;Reserva Extrativista Marinha Caetétaperaçu
2008;16,48;APA do Tapajós
2008;0,47;Floresta Estadual do Trombetas
2008;3,85;Parque Nacional dos Campos Amazônicos
2008;0,01;Reserva Extrativista Baixo Rio Branco Jauaperi
2008;0,11;APA Lago de Santa Isabel
2008;2,97;Parque Nacional da Serra do Divisor
2008;14,45;Reserva Biológica Nascentes Serra do Cachimbo
2008;0,59;Floresta Nacional do Amazonas
2008;1,47;Floresta Nacional do Trairão
2008;13,73;Reserva Extrativista Jaci-Paraná
2008;0,21;Reserva de Desenvolvimento Sustentável Uacarí
2008;36,48;Reserva Biológica do Gurupi
2008;0,10;Parque Nacional do Acari
2008;0,16;Parque Estadual Serra dos Reis
2008;0,42;Reserva Extrativista Médio Juruá
2008;1,08;Reserva Extrativista do Rio Jutaí
2008;1,43;Parque Nacional da Serra do Pardo
2008;3,56;Parque Nacional do Juruena
2008;1,45;Floresta Nacional de Jacundá
2008;0,58;Floresta Nacional de Pau-Rosa
2008;1,73;Parque Estadual do Bacanga
2008;45,91;APA da Baixada Maranhense
2008;0,17;APA Margem Esquerda do Rio Negro-Setor Tarumã Açu-Tarumã Mirima
2008;0,40;Area de Proteção Ambiental Taruma/Ponta Negra
2008;0,19;Reserva Extrativista Ituxí
2008;0,09;Reserva Biológica do Rio Trombetas
2008;11,27;Parque Nacional do Jamanxim
2008;2,16;Estação Ecológica Samuel
2008;2,63;Reserva de Desenvolvimento Sustentável Amanã
2008;0,44;Floresta Estadual de Rendimento Sustentado Araras
2008;0,06;Reserva Biológica Morro dos Seis Lagos
2008;0,27;Floresta Nacional do Crepori
2008;0,22;Reserva Extrativista Marinha Mestre Lucindo
2008;0,13;Área de Relevante Interesse Ecológica Seringal Nova Esperança
2008;1,25;APA do Igarapé Gelado
2008;1,94;Reserva Extrativista Mata Grande
2008;2,24;Floresta Estadual do Paru
2008;1,07;Reserva Extrativista do Cazumbá-Iracema
2008;0,57;Reserva Extrativista do Médio Purús
2008;0,11;Parque Estadual da Serra dos Martírios/Andorinhas
2008;0,06;Reserva Biológica do Uatumã
2008;3,38;Floresta Nacional de Saracá-Taquera
2008;0,05;Reserva Extrativista Mae Grande de Curuça
2008;0,08;Reserva de Desenvolvimento Sustentável do Tupé
2008;0,09;Reserva Extrativista Arapixi
2008;2,62;Reserva de Desenvolvimento Sustentável do Uatumã
2008;7,19;Floresta Nacional de Bom Futuro
2008;0,12;APA do Rio Madeira
2008;0,02;Reserva Extrativista Extremo Norte do Tocantins
2008;1,20;Floresta Nacional de Tapajós
2008;4,09;Floresta Nacional de Roraima
2008;5,62;Floresta Nacional do Iquiri
2008;14,15;Floresta Estadual do Amapá
2008;8,87;Floresta Nacional Altamira
2008;0,22;APA Meandros do Araguaia
2008;0,16;Parque Nacional de Pacaás Novos
2008;74,39;Floresta Nacional do Jamanxim
2008;0,00;Reserva Extrativista Mapuá
2008;0,06;APA da Chapada dos Guimarães
2008;0,08;Reserva Extrativista Barreiro das Antas
2008;1,79;Parque Estadual Cristalino
2008;0,20;Reserva de Desenvolvimento Sustentavel do Rio Madeira
2008;0,17;Reserva de Desenvolvimento Sustentável Canumã
2008;2,24;"Floresta Estadual de Rendimento Sustentado do Rio Madeira ""B"""
2008;1,75;Reserva Extrativista Guariba-Roosevelt
2008;0,57;Floresta Estadual de Faro
2008;8,05;Floresta Estadual de Iriri
2008;0,12;Reserva Extrativista São João da Ponta
2008;0,43;Floresta Estadual de Rendimento Sustentado Periquito
2008;0,07;Floresta Nacional de Purus
2008;0,58;Floresta Estadual Maúes
2008;2,01;Parque Nacional dos Campos Ferruginosos
2008;0,01;Floresta Estadual de Rendimento Sustentado Tucano
2008;1,37;Reserva Extrativista Riozinho do Anfrísio
2008;46,61;APA do Lago de Tucurui
2008;0,45;Parque Nacional do Cabo Orange
2008;0,08;Estação Ecológica de Cuniã
2008;0,00;Reserva Extrativista Massaranduba
2008;0,13;Reserva Extrativista Catuá-Ipixuna
2008;61,96;APA de Upaon-Açu / Miritiba / Alto Preguiças
2008;8,82;Reserva Extrativista Renascer
2008;0,79;Parque Nacional do Araguaia
2008;0,36;Reserva de Desenvolvimento Sustentável Pucuruí - Ararão
2008;4,55;Parque Nacional do Rio Novo
2008;0,33;Parque Nacional do Jaú
2008;1,38;Reserva Extrativista Arióca Pruanã
2008;0,40;Reserva Extrativista Baixo Juruá
2008;1,09;Floresta Nacional do Jamari
2008;0,83;Reserva de Desenvolvimento Sustentável Alcobaça
2008;0,53;Reserva Extrativista Rio Preto-Jacundá
2008;0,02;Refúgio de Vida Silvestre Metrópole da Amazônia
2008;11,49;Reserva Extrativista Chico Mendes
2008;1,91;Reserva Biológica do Guaporé
2008;1,97;Reserva Extrativista Rio Cautário
2008;4,98;Floresta Nacional de Itaituba Ii
2008;0,20;Reserva Extrativista Marinha Arai-Peroba
2008;2,02;APA Margem Direita do Rio Negro- Setor Paduari-Solimões
2008;0,08;Reserva Extrativista Pedras Negras
2008;0,08;Parque Nacional da Serra da Cutia
2008;0,58;APA de Alter do Chão
2008;0,27;Floresta Estadual de Tapauá
2008;1,88;APA de São Geraldo do Araguaia
2008;0,00;Reserva Extrativista Chocoaré-Mato Grosso
2008;1,20;Parque Estadual Serra Santa Bárbara
2008;0,00;Reserva Extrativista Angelim
2008;0,80;Floresta Nacional de Santa Rosa do Purus
2008;0,36;Reserva Extrativista Rio Pacaás Novos
2008;11,58;Reserva Extrativista Verde Para Sempre
2008;0,08;Parque Estadual Chandless
2008;0,42;Reserva Extrativista Auatí-Paraná
2008;0,54;APA Paytuna
2008;2,49;APA da Região do Maracanã
2008;0,33;Parque Estadual Igarapés do Juruena
2008;9,44;APA Ilha do Bananal/Cantão
2008;0,23;Reserva Extrativista Marinha de Gurupi-Piriá
2008;0,74;Floresta Nacional de Mulata
2008;8,12;Reserva Extrativista Rio Iriri
2008;0,89;Reserva Extrativista Rio Xingu
2008;0,13;Reserva Biológica do Abufari
2008;12,42;Parque Nacional Mapinguari
2008;0,07;Reserva Extrativista do Lago do Capanã Grande
2008;254,40;APA Triunfo do Xingu
2008;0,13;Reserva Extrativista Marinha Mocapajuba
2008;0,11;APA Margem Esquerda do Rio Negro-Setor Aturiá-Apuauzinho
2008;0,28;Reserva Extrativista Marinha Tracuateua
2008;5,64;Reserva Extrativista Rio Ouro Preto
2008;2,52;Floresta Nacional de Carajás
2008;1,13;Reserva Extrativista do Ciriáco
2008;5,86;APA das Reentrâncias Maranhenses
2008;0,28;Floresta Nacional do Amaná
2008;5,83;Floresta Nacional de Tefé
2008;0,16;Reserva Extrativista do Rio Unini
2008;0,39;Reserva de Desenvolvimento Sustentável Piagaçu Purus
2008;0,80;Reserva de Desenvolvimento Sustentável do Juma
2008;7,89;Reserva Extrativista Alto Juruá
2008;0,32;Floresta Nacional de Balata-Tufari
2008;0,07;Floresta Nacional de Amapá
2008;0,54;Floresta Estadual de Rendimento Sustentado Rio Vermelho (C)
2008;1,53;Reserva Extrativista Ipaú-Anilzinho
2008;1,53;Reserva Extrativista Riozinho da Liberdade
2008;3,00;Floresta Estadual de Rendimento Sustentado Mutum
2008;0,46;Reserva de Desenvolvimento Sustentável do Rio Negro
2008;2,40;Reserva Extrativista Tapajós Arapiuns
2008;2,52;APA Igarapé São Francisco
2008;13,17;APA de Presidente Figueiredo - Caverna do Moroaga
2008;5,20;APA do Arquipélago do Marajó
2008;1,01;Parque Nacional do Pico da Neblina
2008;0,08;Reserva Biológica de Maicuru
2008;0,07;Estação Ecológica do Grão Pará
2008;6,52;Floresta Nacional de Itacaiunas
2008;0,21;Parque Estadual Rio Negro Setor Norte