date;class;focuses;uf
2025/01;Fogo em áreas de desmatamento consolidado;14;ACRE
2025/01;Fogo em áreas de desmatamento consolidado;2;AMAPÁ
2025/01;Fogo em áreas de desmatamento consolidado;32;AMAZONAS
2025/01;Fogo em áreas de desmatamento consolidado;163;MARANHÃO
2025/01;Fogo em áreas de desmatamento consolidado;142;MATO GROSSO
2025/01;Fogo em áreas de desmatamento consolidado;241;PARÁ
2025/01;Fogo em áreas de desmatamento consolidado;16;RONDÔNIA
2025/01;Fogo em áreas de desmatamento consolidado;69;RORAIMA
2025/01;Fogo em áreas de desmatamento consolidado;4;TOCANTINS
2025/01;Fogo em áreas de desmatamento recente;20;ACRE
2025/01;Fogo em áreas de desmatamento recente;14;AMAZONAS
2025/01;Fogo em áreas de desmatamento recente;17;MARANHÃO
2025/01;Fogo em áreas de desmatamento recente;28;MATO GROSSO
2025/01;Fogo em áreas de desmatamento recente;83;PARÁ
2025/01;Fogo em áreas de desmatamento recente;8;RONDÔNIA
2025/01;Fogo em áreas de desmatamento recente;112;RORAIMA
2025/01;Fogo em outras áreas;1;MARANHÃO
2025/01;Fogo em áreas de vegetação nativa;1;ACRE
2025/01;Fogo em áreas de vegetação nativa;1;AMAPÁ
2025/01;Fogo em áreas de vegetação nativa;14;AMAZONAS
2025/01;Fogo em áreas de vegetação nativa;5;MARANHÃO
2025/01;Fogo em áreas de vegetação nativa;3;MATO GROSSO
2025/01;Fogo em áreas de vegetação nativa;29;PARÁ
2025/01;Fogo em áreas de vegetação nativa;1;RONDÔNIA
2025/01;Fogo em áreas de vegetação nativa;202;RORAIMA
2025/02;Fogo em áreas de desmatamento consolidado;4;ACRE
2025/02;Fogo em áreas de desmatamento consolidado;5;AMAZONAS
2025/02;Fogo em áreas de desmatamento consolidado;9;MARANHÃO
2025/02;Fogo em áreas de desmatamento consolidado;152;MATO GROSSO
2025/02;Fogo em áreas de desmatamento consolidado;71;PARÁ
2025/02;Fogo em áreas de desmatamento consolidado;17;RONDÔNIA
2025/02;Fogo em áreas de desmatamento consolidado;19;RORAIMA
2025/02;Fogo em áreas de desmatamento recente;4;AMAZONAS
2025/02;Fogo em áreas de desmatamento recente;3;MARANHÃO
2025/02;Fogo em áreas de desmatamento recente;26;MATO GROSSO
2025/02;Fogo em áreas de desmatamento recente;14;PARÁ
2025/02;Fogo em áreas de desmatamento recente;5;RONDÔNIA
2025/02;Fogo em áreas de desmatamento recente;30;RORAIMA
2025/02;Fogo em outras áreas;2;AMAZONAS
2025/02;Fogo em outras áreas;1;RORAIMA
2025/02;Fogo em áreas de vegetação nativa;1;ACRE
2025/02;Fogo em áreas de vegetação nativa;1;AMAPÁ
2025/02;Fogo em áreas de vegetação nativa;1;MATO GROSSO
2025/02;Fogo em áreas de vegetação nativa;1;PARÁ
2025/02;Fogo em áreas de vegetação nativa;3;RONDÔNIA
2025/02;Fogo em áreas de vegetação nativa;33;RORAIMA
2025/03;Fogo em áreas de desmatamento consolidado;1;AMAPÁ
2025/03;Fogo em áreas de desmatamento consolidado;17;AMAZONAS
2025/03;Fogo em áreas de desmatamento consolidado;3;MARANHÃO
2025/03;Fogo em áreas de desmatamento consolidado;259;MATO GROSSO
2025/03;Fogo em áreas de desmatamento consolidado;43;PARÁ
2025/03;Fogo em áreas de desmatamento consolidado;13;RONDÔNIA
2025/03;Fogo em áreas de desmatamento consolidado;111;RORAIMA
2025/03;Fogo em áreas de desmatamento consolidado;2;TOCANTINS
2025/03;Fogo em áreas de desmatamento recente;2;AMAZONAS
2025/03;Fogo em áreas de desmatamento recente;23;MATO GROSSO
2025/03;Fogo em áreas de desmatamento recente;15;PARÁ
2025/03;Fogo em áreas de desmatamento recente;2;RONDÔNIA
2025/03;Fogo em áreas de desmatamento recente;190;RORAIMA
2025/03;Fogo em áreas de vegetação nativa;5;AMAZONAS
2025/03;Fogo em áreas de vegetação nativa;6;MATO GROSSO
2025/03;Fogo em áreas de vegetação nativa;4;PARÁ
2025/03;Fogo em áreas de vegetação nativa;89;RORAIMA
2025/04;Fogo em áreas de desmatamento consolidado;2;ACRE
2025/04;Fogo em áreas de desmatamento consolidado;4;AMAZONAS
2025/04;Fogo em áreas de desmatamento consolidado;12;MARANHÃO
2025/04;Fogo em áreas de desmatamento consolidado;101;MATO GROSSO
2025/04;Fogo em áreas de desmatamento consolidado;52;PARÁ
2025/04;Fogo em áreas de desmatamento consolidado;8;RONDÔNIA
2025/04;Fogo em áreas de desmatamento consolidado;7;RORAIMA
2025/04;Fogo em áreas de desmatamento consolidado;2;TOCANTINS
2025/04;Fogo em áreas de desmatamento recente;5;AMAZONAS
2025/04;Fogo em áreas de desmatamento recente;16;MATO GROSSO
2025/04;Fogo em áreas de desmatamento recente;8;PARÁ
2025/04;Fogo em áreas de desmatamento recente;5;RORAIMA
2025/04;Fogo em áreas de vegetação nativa;3;MATO GROSSO
2025/04;Fogo em áreas de vegetação nativa;2;RORAIMA
2024/01;Fogo em áreas de desmatamento consolidado;2;ACRE
2024/01;Fogo em áreas de desmatamento consolidado;2;AMAPÁ
2024/01;Fogo em áreas de desmatamento consolidado;65;AMAZONAS
2024/01;Fogo em áreas de desmatamento consolidado;112;MARANHÃO
2024/01;Fogo em áreas de desmatamento consolidado;372;MATO GROSSO
2024/01;Fogo em áreas de desmatamento consolidado;373;PARÁ
2024/01;Fogo em áreas de desmatamento consolidado;22;RONDÔNIA
2024/01;Fogo em áreas de desmatamento consolidado;139;RORAIMA
2024/01;Fogo em áreas de desmatamento consolidado;5;TOCANTINS
2024/01;Fogo em áreas de desmatamento recente;5;ACRE
2024/01;Fogo em áreas de desmatamento recente;50;AMAZONAS
2024/01;Fogo em áreas de desmatamento recente;14;MARANHÃO
2024/01;Fogo em áreas de desmatamento recente;129;MATO GROSSO
2024/01;Fogo em áreas de desmatamento recente;220;PARÁ
2024/01;Fogo em áreas de desmatamento recente;13;RONDÔNIA
2024/01;Fogo em áreas de desmatamento recente;198;RORAIMA
2024/01;Fogo em áreas de desmatamento recente;1;TOCANTINS
2024/01;Fogo em outras áreas;2;PARÁ
2024/01;Fogo em áreas de vegetação nativa;1;ACRE
2024/01;Fogo em áreas de vegetação nativa;1;AMAPÁ
2024/01;Fogo em áreas de vegetação nativa;45;AMAZONAS
2024/01;Fogo em áreas de vegetação nativa;7;MARANHÃO
2024/01;Fogo em áreas de vegetação nativa;13;MATO GROSSO
2024/01;Fogo em áreas de vegetação nativa;21;PARÁ
2024/01;Fogo em áreas de vegetação nativa;1;RONDÔNIA
2024/01;Fogo em áreas de vegetação nativa;266;RORAIMA
2024/02;Fogo em áreas de desmatamento consolidado;1;AMAPÁ
2024/02;Fogo em áreas de desmatamento consolidado;63;AMAZONAS
2024/02;Fogo em áreas de desmatamento consolidado;9;MARANHÃO
2024/02;Fogo em áreas de desmatamento consolidado;578;MATO GROSSO
2024/02;Fogo em áreas de desmatamento consolidado;139;PARÁ
2024/02;Fogo em áreas de desmatamento consolidado;33;RONDÔNIA
2024/02;Fogo em áreas de desmatamento consolidado;571;RORAIMA
2024/02;Fogo em áreas de desmatamento recente;5;ACRE
2024/02;Fogo em áreas de desmatamento recente;48;AMAZONAS
2024/02;Fogo em áreas de desmatamento recente;7;MARANHÃO
2024/02;Fogo em áreas de desmatamento recente;74;MATO GROSSO
2024/02;Fogo em áreas de desmatamento recente;98;PARÁ
2024/02;Fogo em áreas de desmatamento recente;8;RONDÔNIA
2024/02;Fogo em áreas de desmatamento recente;707;RORAIMA
2024/02;Fogo em outras áreas;2;AMAZONAS
2024/02;Fogo em outras áreas;3;RORAIMA
2024/02;Fogo em áreas de vegetação nativa;2;ACRE
2024/02;Fogo em áreas de vegetação nativa;27;AMAZONAS
2024/02;Fogo em áreas de vegetação nativa;6;MATO GROSSO
2024/02;Fogo em áreas de vegetação nativa;19;PARÁ
2024/02;Fogo em áreas de vegetação nativa;3;RONDÔNIA
2024/02;Fogo em áreas de vegetação nativa;775;RORAIMA
2024/03;Fogo em áreas de desmatamento consolidado;5;ACRE
2024/03;Fogo em áreas de desmatamento consolidado;14;AMAZONAS
2024/03;Fogo em áreas de desmatamento consolidado;8;MARANHÃO
2024/03;Fogo em áreas de desmatamento consolidado;1006;MATO GROSSO
2024/03;Fogo em áreas de desmatamento consolidado;69;PARÁ
2024/03;Fogo em áreas de desmatamento consolidado;65;RONDÔNIA
2024/03;Fogo em áreas de desmatamento consolidado;366;RORAIMA
2024/03;Fogo em áreas de desmatamento consolidado;5;TOCANTINS
2024/03;Fogo em áreas de desmatamento recente;2;ACRE
2024/03;Fogo em áreas de desmatamento recente;15;AMAZONAS
2024/03;Fogo em áreas de desmatamento recente;99;MATO GROSSO
2024/03;Fogo em áreas de desmatamento recente;29;PARÁ
2024/03;Fogo em áreas de desmatamento recente;12;RONDÔNIA
2024/03;Fogo em áreas de desmatamento recente;410;RORAIMA
2024/03;Fogo em áreas de desmatamento recente;1;TOCANTINS
2024/03;Fogo em outras áreas;1;RORAIMA
2024/03;Fogo em áreas de vegetação nativa;6;AMAZONAS
2024/03;Fogo em áreas de vegetação nativa;9;MATO GROSSO
2024/03;Fogo em áreas de vegetação nativa;2;PARÁ
2024/03;Fogo em áreas de vegetação nativa;1;RONDÔNIA
2024/03;Fogo em áreas de vegetação nativa;652;RORAIMA
2024/04;Fogo em áreas de desmatamento consolidado;3;ACRE
2024/04;Fogo em áreas de desmatamento consolidado;2;AMAPÁ
2024/04;Fogo em áreas de desmatamento consolidado;23;AMAZONAS
2024/04;Fogo em áreas de desmatamento consolidado;6;MARANHÃO
2024/04;Fogo em áreas de desmatamento consolidado;380;MATO GROSSO
2024/04;Fogo em áreas de desmatamento consolidado;37;PARÁ
2024/04;Fogo em áreas de desmatamento consolidado;42;RONDÔNIA
2024/04;Fogo em áreas de desmatamento consolidado;169;RORAIMA
2024/04;Fogo em áreas de desmatamento recente;8;AMAZONAS
2024/04;Fogo em áreas de desmatamento recente;1;MARANHÃO
2024/04;Fogo em áreas de desmatamento recente;106;MATO GROSSO
2024/04;Fogo em áreas de desmatamento recente;7;PARÁ
2024/04;Fogo em áreas de desmatamento recente;7;RONDÔNIA
2024/04;Fogo em áreas de desmatamento recente;218;RORAIMA
2024/04;Fogo em áreas de vegetação nativa;1;AMAZONAS
2024/04;Fogo em áreas de vegetação nativa;10;MATO GROSSO
2024/04;Fogo em áreas de vegetação nativa;3;PARÁ
2024/04;Fogo em áreas de vegetação nativa;132;RORAIMA
2024/05;Fogo em áreas de desmatamento consolidado;5;ACRE
2024/05;Fogo em áreas de desmatamento consolidado;1;AMAPÁ
2024/05;Fogo em áreas de desmatamento consolidado;15;AMAZONAS
2024/05;Fogo em áreas de desmatamento consolidado;3;MARANHÃO
2024/05;Fogo em áreas de desmatamento consolidado;542;MATO GROSSO
2024/05;Fogo em áreas de desmatamento consolidado;155;PARÁ
2024/05;Fogo em áreas de desmatamento consolidado;43;RONDÔNIA
2024/05;Fogo em áreas de desmatamento consolidado;10;RORAIMA
2024/05;Fogo em áreas de desmatamento consolidado;6;TOCANTINS
2024/05;Fogo em áreas de desmatamento recente;4;ACRE
2024/05;Fogo em áreas de desmatamento recente;8;AMAZONAS
2024/05;Fogo em áreas de desmatamento recente;670;MATO GROSSO
2024/05;Fogo em áreas de desmatamento recente;28;PARÁ
2024/05;Fogo em áreas de desmatamento recente;17;RONDÔNIA
2024/05;Fogo em áreas de desmatamento recente;2;RORAIMA
2024/05;Fogo em áreas de vegetação nativa;2;ACRE
2024/05;Fogo em áreas de vegetação nativa;17;AMAZONAS
2024/05;Fogo em áreas de vegetação nativa;127;MATO GROSSO
2024/05;Fogo em áreas de vegetação nativa;5;PARÁ
2024/05;Fogo em áreas de vegetação nativa;1;RONDÔNIA
2024/05;Fogo em áreas de vegetação nativa;2;RORAIMA
2024/05;Fogo em áreas de vegetação nativa;1;TOCANTINS
2024/06;Fogo em áreas de desmatamento consolidado;29;ACRE
2024/06;Fogo em áreas de desmatamento consolidado;46;AMAZONAS
2024/06;Fogo em áreas de desmatamento consolidado;25;MARANHÃO
2024/06;Fogo em áreas de desmatamento consolidado;399;MATO GROSSO
2024/06;Fogo em áreas de desmatamento consolidado;382;PARÁ
2024/06;Fogo em áreas de desmatamento consolidado;73;RONDÔNIA
2024/06;Fogo em áreas de desmatamento consolidado;3;RORAIMA
2024/06;Fogo em áreas de desmatamento consolidado;16;TOCANTINS
2024/06;Fogo em áreas de desmatamento recente;66;ACRE
2024/06;Fogo em áreas de desmatamento recente;152;AMAZONAS
2024/06;Fogo em áreas de desmatamento recente;10;MARANHÃO
2024/06;Fogo em áreas de desmatamento recente;1051;MATO GROSSO
2024/06;Fogo em áreas de desmatamento recente;196;PARÁ
2024/06;Fogo em áreas de desmatamento recente;83;RONDÔNIA
2024/06;Fogo em áreas de desmatamento recente;1;RORAIMA
2024/06;Fogo em áreas de vegetação nativa;6;ACRE
2024/06;Fogo em áreas de vegetação nativa;1;AMAPÁ
2024/06;Fogo em áreas de vegetação nativa;60;AMAZONAS
2024/06;Fogo em áreas de vegetação nativa;1;MARANHÃO
2024/06;Fogo em áreas de vegetação nativa;168;MATO GROSSO
2024/06;Fogo em áreas de vegetação nativa;20;PARÁ
2024/06;Fogo em áreas de vegetação nativa;24;RONDÔNIA
2024/07;Fogo em áreas de desmatamento consolidado;162;ACRE
2024/07;Fogo em áreas de desmatamento consolidado;709;AMAZONAS
2024/07;Fogo em áreas de desmatamento consolidado;146;MARANHÃO
2024/07;Fogo em áreas de desmatamento consolidado;325;MATO GROSSO
2024/07;Fogo em áreas de desmatamento consolidado;1406;PARÁ
2024/07;Fogo em áreas de desmatamento consolidado;351;RONDÔNIA
2024/07;Fogo em áreas de desmatamento consolidado;2;RORAIMA
2024/07;Fogo em áreas de desmatamento consolidado;47;TOCANTINS
2024/07;Fogo em áreas de desmatamento recente;390;ACRE
2024/07;Fogo em áreas de desmatamento recente;3156;AMAZONAS
2024/07;Fogo em áreas de desmatamento recente;33;MARANHÃO
2024/07;Fogo em áreas de desmatamento recente;911;MATO GROSSO
2024/07;Fogo em áreas de desmatamento recente;1475;PARÁ
2024/07;Fogo em áreas de desmatamento recente;1073;RONDÔNIA
2024/07;Fogo em áreas de desmatamento recente;3;TOCANTINS
2024/07;Fogo em outras áreas;4;AMAZONAS
2024/07;Fogo em outras áreas;1;RONDÔNIA
2024/07;Fogo em áreas de vegetação nativa;51;ACRE
2024/07;Fogo em áreas de vegetação nativa;371;AMAZONAS
2024/07;Fogo em áreas de vegetação nativa;4;MARANHÃO
2024/07;Fogo em áreas de vegetação nativa;238;MATO GROSSO
2024/07;Fogo em áreas de vegetação nativa;294;PARÁ
2024/07;Fogo em áreas de vegetação nativa;174;RONDÔNIA
2024/07;Fogo em áreas de vegetação nativa;1;RORAIMA
2024/08;Fogo em áreas de desmatamento consolidado;495;ACRE
2024/08;Fogo em áreas de desmatamento consolidado;4;AMAPÁ
2024/08;Fogo em áreas de desmatamento consolidado;2309;AMAZONAS
2024/08;Fogo em áreas de desmatamento consolidado;299;MARANHÃO
2024/08;Fogo em áreas de desmatamento consolidado;2428;MATO GROSSO
2024/08;Fogo em áreas de desmatamento consolidado;5278;PARÁ
2024/08;Fogo em áreas de desmatamento consolidado;1012;RONDÔNIA
2024/08;Fogo em áreas de desmatamento consolidado;19;RORAIMA
2024/08;Fogo em áreas de desmatamento consolidado;135;TOCANTINS
2024/08;Fogo em áreas de desmatamento recente;1081;ACRE
2024/08;Fogo em áreas de desmatamento recente;6142;AMAZONAS
2024/08;Fogo em áreas de desmatamento recente;49;MARANHÃO
2024/08;Fogo em áreas de desmatamento recente;2760;MATO GROSSO
2024/08;Fogo em áreas de desmatamento recente;5241;PARÁ
2024/08;Fogo em áreas de desmatamento recente;2514;RONDÔNIA
2024/08;Fogo em áreas de desmatamento recente;12;RORAIMA
2024/08;Fogo em áreas de desmatamento recente;14;TOCANTINS
2024/08;Fogo em outras áreas;13;AMAZONAS
2024/08;Fogo em outras áreas;1;MATO GROSSO
2024/08;Fogo em outras áreas;2;PARÁ
2024/08;Fogo em outras áreas;3;RONDÔNIA
2024/08;Fogo em áreas de vegetação nativa;421;ACRE
2024/08;Fogo em áreas de vegetação nativa;8;AMAPÁ
2024/08;Fogo em áreas de vegetação nativa;1864;AMAZONAS
2024/08;Fogo em áreas de vegetação nativa;19;MARANHÃO
2024/08;Fogo em áreas de vegetação nativa;1842;MATO GROSSO
2024/08;Fogo em áreas de vegetação nativa;3156;PARÁ
2024/08;Fogo em áreas de vegetação nativa;949;RONDÔNIA
2024/08;Fogo em áreas de vegetação nativa;10;RORAIMA
2024/08;Fogo em áreas de vegetação nativa;5;TOCANTINS
2024/09;Fogo em áreas de desmatamento consolidado;870;ACRE
2024/09;Fogo em áreas de desmatamento consolidado;52;AMAPÁ
2024/09;Fogo em áreas de desmatamento consolidado;1800;AMAZONAS
2024/09;Fogo em áreas de desmatamento consolidado;434;MARANHÃO
2024/09;Fogo em áreas de desmatamento consolidado;3766;MATO GROSSO
2024/09;Fogo em áreas de desmatamento consolidado;6622;PARÁ
2024/09;Fogo em áreas de desmatamento consolidado;622;RONDÔNIA
2024/09;Fogo em áreas de desmatamento consolidado;19;RORAIMA
2024/09;Fogo em áreas de desmatamento consolidado;304;TOCANTINS
2024/09;Fogo em áreas de desmatamento recente;2345;ACRE
2024/09;Fogo em áreas de desmatamento recente;5;AMAPÁ
2024/09;Fogo em áreas de desmatamento recente;3660;AMAZONAS
2024/09;Fogo em áreas de desmatamento recente;57;MARANHÃO
2024/09;Fogo em áreas de desmatamento recente;2480;MATO GROSSO
2024/09;Fogo em áreas de desmatamento recente;5044;PARÁ
2024/09;Fogo em áreas de desmatamento recente;1159;RONDÔNIA
2024/09;Fogo em áreas de desmatamento recente;33;RORAIMA
2024/09;Fogo em áreas de desmatamento recente;33;TOCANTINS
2024/09;Fogo em outras áreas;34;AMAZONAS
2024/09;Fogo em outras áreas;2;MARANHÃO
2024/09;Fogo em outras áreas;8;MATO GROSSO
2024/09;Fogo em outras áreas;5;PARÁ
2024/09;Fogo em áreas de vegetação nativa;640;ACRE
2024/09;Fogo em áreas de vegetação nativa;95;AMAPÁ
2024/09;Fogo em áreas de vegetação nativa;1384;AMAZONAS
2024/09;Fogo em áreas de vegetação nativa;21;MARANHÃO
2024/09;Fogo em áreas de vegetação nativa;3492;MATO GROSSO
2024/09;Fogo em áreas de vegetação nativa;5408;PARÁ
2024/09;Fogo em áreas de vegetação nativa;924;RONDÔNIA
2024/09;Fogo em áreas de vegetação nativa;28;RORAIMA
2024/09;Fogo em áreas de vegetação nativa;28;TOCANTINS
2024/10;Fogo em áreas de desmatamento consolidado;458;ACRE
2024/10;Fogo em áreas de desmatamento consolidado;163;AMAPÁ
2024/10;Fogo em áreas de desmatamento consolidado;813;AMAZONAS
2024/10;Fogo em áreas de desmatamento consolidado;1017;MARANHÃO
2024/10;Fogo em áreas de desmatamento consolidado;676;MATO GROSSO
2024/10;Fogo em áreas de desmatamento consolidado;3327;PARÁ
2024/10;Fogo em áreas de desmatamento consolidado;311;RONDÔNIA
2024/10;Fogo em áreas de desmatamento consolidado;27;RORAIMA
2024/10;Fogo em áreas de desmatamento consolidado;65;TOCANTINS
2024/10;Fogo em áreas de desmatamento recente;1105;ACRE
2024/10;Fogo em áreas de desmatamento recente;31;AMAPÁ
2024/10;Fogo em áreas de desmatamento recente;914;AMAZONAS
2024/10;Fogo em áreas de desmatamento recente;150;MARANHÃO
2024/10;Fogo em áreas de desmatamento recente;335;MATO GROSSO
2024/10;Fogo em áreas de desmatamento recente;2616;PARÁ
2024/10;Fogo em áreas de desmatamento recente;276;RONDÔNIA
2024/10;Fogo em áreas de desmatamento recente;29;RORAIMA
2024/10;Fogo em áreas de desmatamento recente;9;TOCANTINS
2024/10;Fogo em outras áreas;22;AMAZONAS
2024/10;Fogo em outras áreas;2;MARANHÃO
2024/10;Fogo em outras áreas;1;MATO GROSSO
2024/10;Fogo em outras áreas;9;PARÁ
2024/10;Fogo em outras áreas;1;RONDÔNIA
2024/10;Fogo em áreas de vegetação nativa;313;ACRE
2024/10;Fogo em áreas de vegetação nativa;347;AMAPÁ
2024/10;Fogo em áreas de vegetação nativa;808;AMAZONAS
2024/10;Fogo em áreas de vegetação nativa;81;MARANHÃO
2024/10;Fogo em áreas de vegetação nativa;468;MATO GROSSO
2024/10;Fogo em áreas de vegetação nativa;1081;PARÁ
2024/10;Fogo em áreas de vegetação nativa;604;RONDÔNIA
2024/10;Fogo em áreas de vegetação nativa;66;RORAIMA
2024/10;Fogo em áreas de vegetação nativa;1;TOCANTINS
2024/11;Fogo em áreas de desmatamento consolidado;40;ACRE
2024/11;Fogo em áreas de desmatamento consolidado;307;AMAPÁ
2024/11;Fogo em áreas de desmatamento consolidado;287;AMAZONAS
2024/11;Fogo em áreas de desmatamento consolidado;1611;MARANHÃO
2024/11;Fogo em áreas de desmatamento consolidado;118;MATO GROSSO
2024/11;Fogo em áreas de desmatamento consolidado;4274;PARÁ
2024/11;Fogo em áreas de desmatamento consolidado;35;RONDÔNIA
2024/11;Fogo em áreas de desmatamento consolidado;42;RORAIMA
2024/11;Fogo em áreas de desmatamento consolidado;64;TOCANTINS
2024/11;Fogo em áreas de desmatamento recente;110;ACRE
2024/11;Fogo em áreas de desmatamento recente;57;AMAPÁ
2024/11;Fogo em áreas de desmatamento recente;216;AMAZONAS
2024/11;Fogo em áreas de desmatamento recente;229;MARANHÃO
2024/11;Fogo em áreas de desmatamento recente;71;MATO GROSSO
2024/11;Fogo em áreas de desmatamento recente;3527;PARÁ
2024/11;Fogo em áreas de desmatamento recente;61;RONDÔNIA
2024/11;Fogo em áreas de desmatamento recente;62;RORAIMA
2024/11;Fogo em áreas de desmatamento recente;8;TOCANTINS
2024/11;Fogo em outras áreas;1;AMAPÁ
2024/11;Fogo em outras áreas;12;AMAZONAS
2024/11;Fogo em outras áreas;2;MARANHÃO
2024/11;Fogo em outras áreas;11;PARÁ
2024/11;Fogo em outras áreas;1;RORAIMA
2024/11;Fogo em áreas de vegetação nativa;10;ACRE
2024/11;Fogo em áreas de vegetação nativa;835;AMAPÁ
2024/11;Fogo em áreas de vegetação nativa;140;AMAZONAS
2024/11;Fogo em áreas de vegetação nativa;122;MARANHÃO
2024/11;Fogo em áreas de vegetação nativa;12;MATO GROSSO
2024/11;Fogo em áreas de vegetação nativa;1732;PARÁ
2024/11;Fogo em áreas de vegetação nativa;10;RONDÔNIA
2024/11;Fogo em áreas de vegetação nativa;99;RORAIMA
2024/12;Fogo em áreas de desmatamento consolidado;8;ACRE
2024/12;Fogo em áreas de desmatamento consolidado;19;AMAPÁ
2024/12;Fogo em áreas de desmatamento consolidado;74;AMAZONAS
2024/12;Fogo em áreas de desmatamento consolidado;1222;MARANHÃO
2024/12;Fogo em áreas de desmatamento consolidado;150;MATO GROSSO
2024/12;Fogo em áreas de desmatamento consolidado;1683;PARÁ
2024/12;Fogo em áreas de desmatamento consolidado;18;RONDÔNIA
2024/12;Fogo em áreas de desmatamento consolidado;63;RORAIMA
2024/12;Fogo em áreas de desmatamento consolidado;14;TOCANTINS
2024/12;Fogo em áreas de desmatamento recente;21;ACRE
2024/12;Fogo em áreas de desmatamento recente;8;AMAPÁ
2024/12;Fogo em áreas de desmatamento recente;70;AMAZONAS
2024/12;Fogo em áreas de desmatamento recente;146;MARANHÃO
2024/12;Fogo em áreas de desmatamento recente;140;MATO GROSSO
2024/12;Fogo em áreas de desmatamento recente;1008;PARÁ
2024/12;Fogo em áreas de desmatamento recente;20;RONDÔNIA
2024/12;Fogo em áreas de desmatamento recente;66;RORAIMA
2024/12;Fogo em áreas de desmatamento recente;1;TOCANTINS
2024/12;Fogo em outras áreas;2;AMAZONAS
2024/12;Fogo em outras áreas;1;PARÁ
2024/12;Fogo em áreas de vegetação nativa;1;ACRE
2024/12;Fogo em áreas de vegetação nativa;74;AMAPÁ
2024/12;Fogo em áreas de vegetação nativa;26;AMAZONAS
2024/12;Fogo em áreas de vegetação nativa;62;MARANHÃO
2024/12;Fogo em áreas de vegetação nativa;11;MATO GROSSO
2024/12;Fogo em áreas de vegetação nativa;293;PARÁ
2024/12;Fogo em áreas de vegetação nativa;149;RORAIMA
2023/01;Fogo em áreas de desmatamento consolidado;3;ACRE
2023/01;Fogo em áreas de desmatamento consolidado;5;AMAPÁ
2023/01;Fogo em áreas de desmatamento consolidado;28;AMAZONAS
2023/01;Fogo em áreas de desmatamento consolidado;85;MARANHÃO
2023/01;Fogo em áreas de desmatamento consolidado;133;MATO GROSSO
2023/01;Fogo em áreas de desmatamento consolidado;225;PARÁ
2023/01;Fogo em áreas de desmatamento consolidado;16;RONDÔNIA
2023/01;Fogo em áreas de desmatamento consolidado;110;RORAIMA
2023/01;Fogo em áreas de desmatamento consolidado;4;TOCANTINS
2023/01;Fogo em áreas de desmatamento recente;3;ACRE
2023/01;Fogo em áreas de desmatamento recente;1;AMAPÁ
2023/01;Fogo em áreas de desmatamento recente;27;AMAZONAS
2023/01;Fogo em áreas de desmatamento recente;11;MARANHÃO
2023/01;Fogo em áreas de desmatamento recente;41;MATO GROSSO
2023/01;Fogo em áreas de desmatamento recente;93;PARÁ
2023/01;Fogo em áreas de desmatamento recente;22;RONDÔNIA
2023/01;Fogo em áreas de desmatamento recente;110;RORAIMA
2023/01;Fogo em áreas de desmatamento recente;1;TOCANTINS
2023/01;Fogo em outras áreas;1;AMAZONAS
2023/01;Fogo em áreas de vegetação nativa;2;ACRE
2023/01;Fogo em áreas de vegetação nativa;2;AMAPÁ
2023/01;Fogo em áreas de vegetação nativa;11;AMAZONAS
2023/01;Fogo em áreas de vegetação nativa;7;MARANHÃO
2023/01;Fogo em áreas de vegetação nativa;4;MATO GROSSO
2023/01;Fogo em áreas de vegetação nativa;7;PARÁ
2023/01;Fogo em áreas de vegetação nativa;104;RORAIMA
2023/01;Fogo em áreas de vegetação nativa;1;TOCANTINS
2023/02;Fogo em áreas de desmatamento consolidado;1;ACRE
2023/02;Fogo em áreas de desmatamento consolidado;9;AMAZONAS
2023/02;Fogo em áreas de desmatamento consolidado;6;MARANHÃO
2023/02;Fogo em áreas de desmatamento consolidado;360;MATO GROSSO
2023/02;Fogo em áreas de desmatamento consolidado;69;PARÁ
2023/02;Fogo em áreas de desmatamento consolidado;18;RONDÔNIA
2023/02;Fogo em áreas de desmatamento consolidado;41;RORAIMA
2023/02;Fogo em áreas de desmatamento consolidado;7;TOCANTINS
2023/02;Fogo em áreas de desmatamento recente;16;AMAZONAS
2023/02;Fogo em áreas de desmatamento recente;2;MARANHÃO
2023/02;Fogo em áreas de desmatamento recente;52;MATO GROSSO
2023/02;Fogo em áreas de desmatamento recente;16;PARÁ
2023/02;Fogo em áreas de desmatamento recente;6;RONDÔNIA
2023/02;Fogo em áreas de desmatamento recente;42;RORAIMA
2023/02;Fogo em outras áreas;1;AMAZONAS
2023/02;Fogo em áreas de vegetação nativa;5;AMAZONAS
2023/02;Fogo em áreas de vegetação nativa;5;MATO GROSSO
2023/02;Fogo em áreas de vegetação nativa;8;PARÁ
2023/02;Fogo em áreas de vegetação nativa;85;RORAIMA
2023/02;Fogo em áreas de vegetação nativa;1;TOCANTINS
2023/03;Fogo em áreas de desmatamento consolidado;19;AMAZONAS
2023/03;Fogo em áreas de desmatamento consolidado;8;MARANHÃO
2023/03;Fogo em áreas de desmatamento consolidado;344;MATO GROSSO
2023/03;Fogo em áreas de desmatamento consolidado;68;PARÁ
2023/03;Fogo em áreas de desmatamento consolidado;28;RONDÔNIA
2023/03;Fogo em áreas de desmatamento consolidado;168;RORAIMA
2023/03;Fogo em áreas de desmatamento consolidado;2;TOCANTINS
2023/03;Fogo em áreas de desmatamento recente;3;AMAZONAS
2023/03;Fogo em áreas de desmatamento recente;3;MARANHÃO
2023/03;Fogo em áreas de desmatamento recente;30;MATO GROSSO
2023/03;Fogo em áreas de desmatamento recente;13;PARÁ
2023/03;Fogo em áreas de desmatamento recente;7;RONDÔNIA
2023/03;Fogo em áreas de desmatamento recente;142;RORAIMA
2023/03;Fogo em áreas de vegetação nativa;1;AMAPÁ
2023/03;Fogo em áreas de vegetação nativa;5;AMAZONAS
2023/03;Fogo em áreas de vegetação nativa;15;MATO GROSSO
2023/03;Fogo em áreas de vegetação nativa;6;PARÁ
2023/03;Fogo em áreas de vegetação nativa;1;RONDÔNIA
2023/03;Fogo em áreas de vegetação nativa;195;RORAIMA
2023/04;Fogo em áreas de desmatamento consolidado;1;AMAPÁ
2023/04;Fogo em áreas de desmatamento consolidado;17;AMAZONAS
2023/04;Fogo em áreas de desmatamento consolidado;8;MARANHÃO
2023/04;Fogo em áreas de desmatamento consolidado;357;MATO GROSSO
2023/04;Fogo em áreas de desmatamento consolidado;39;PARÁ
2023/04;Fogo em áreas de desmatamento consolidado;17;RONDÔNIA
2023/04;Fogo em áreas de desmatamento consolidado;76;RORAIMA
2023/04;Fogo em áreas de desmatamento consolidado;5;TOCANTINS
2023/04;Fogo em áreas de desmatamento recente;1;AMAZONAS
2023/04;Fogo em áreas de desmatamento recente;1;MARANHÃO
2023/04;Fogo em áreas de desmatamento recente;108;MATO GROSSO
2023/04;Fogo em áreas de desmatamento recente;15;PARÁ
2023/04;Fogo em áreas de desmatamento recente;4;RONDÔNIA
2023/04;Fogo em áreas de desmatamento recente;66;RORAIMA
2023/04;Fogo em áreas de vegetação nativa;2;AMAZONAS
2023/04;Fogo em áreas de vegetação nativa;8;MATO GROSSO
2023/04;Fogo em áreas de vegetação nativa;1;PARÁ
2023/04;Fogo em áreas de vegetação nativa;70;RORAIMA
2023/05;Fogo em áreas de desmatamento consolidado;5;ACRE
2023/05;Fogo em áreas de desmatamento consolidado;11;AMAZONAS
2023/05;Fogo em áreas de desmatamento consolidado;17;MARANHÃO
2023/05;Fogo em áreas de desmatamento consolidado;499;MATO GROSSO
2023/05;Fogo em áreas de desmatamento consolidado;139;PARÁ
2023/05;Fogo em áreas de desmatamento consolidado;32;RONDÔNIA
2023/05;Fogo em áreas de desmatamento consolidado;17;RORAIMA
2023/05;Fogo em áreas de desmatamento consolidado;5;TOCANTINS
2023/05;Fogo em áreas de desmatamento recente;3;ACRE
2023/05;Fogo em áreas de desmatamento recente;1;AMAPÁ
2023/05;Fogo em áreas de desmatamento recente;5;AMAZONAS
2023/05;Fogo em áreas de desmatamento recente;3;MARANHÃO
2023/05;Fogo em áreas de desmatamento recente;724;MATO GROSSO
2023/05;Fogo em áreas de desmatamento recente;24;PARÁ
2023/05;Fogo em áreas de desmatamento recente;12;RONDÔNIA
2023/05;Fogo em áreas de desmatamento recente;13;RORAIMA
2023/05;Fogo em áreas de vegetação nativa;4;AMAPÁ
2023/05;Fogo em áreas de vegetação nativa;14;AMAZONAS
2023/05;Fogo em áreas de vegetação nativa;70;MATO GROSSO
2023/05;Fogo em áreas de vegetação nativa;15;PARÁ
2023/05;Fogo em áreas de vegetação nativa;19;RORAIMA
2023/06;Fogo em áreas de desmatamento consolidado;18;ACRE
2023/06;Fogo em áreas de desmatamento consolidado;95;AMAZONAS
2023/06;Fogo em áreas de desmatamento consolidado;71;MARANHÃO
2023/06;Fogo em áreas de desmatamento consolidado;750;MATO GROSSO
2023/06;Fogo em áreas de desmatamento consolidado;475;PARÁ
2023/06;Fogo em áreas de desmatamento consolidado;41;RONDÔNIA
2023/06;Fogo em áreas de desmatamento consolidado;1;RORAIMA
2023/06;Fogo em áreas de desmatamento consolidado;17;TOCANTINS
2023/06;Fogo em áreas de desmatamento recente;12;ACRE
2023/06;Fogo em áreas de desmatamento recente;30;AMAZONAS
2023/06;Fogo em áreas de desmatamento recente;13;MARANHÃO
2023/06;Fogo em áreas de desmatamento recente;1037;MATO GROSSO
2023/06;Fogo em áreas de desmatamento recente;110;PARÁ
2023/06;Fogo em áreas de desmatamento recente;32;RONDÔNIA
2023/06;Fogo em áreas de desmatamento recente;2;RORAIMA
2023/06;Fogo em áreas de vegetação nativa;1;ACRE
2023/06;Fogo em áreas de vegetação nativa;88;AMAZONAS
2023/06;Fogo em áreas de vegetação nativa;1;MARANHÃO
2023/06;Fogo em áreas de vegetação nativa;167;MATO GROSSO
2023/06;Fogo em áreas de vegetação nativa;24;PARÁ
2023/06;Fogo em áreas de vegetação nativa;4;RONDÔNIA
2023/07;Fogo em áreas de desmatamento consolidado;71;ACRE
2023/07;Fogo em áreas de desmatamento consolidado;6;AMAPÁ
2023/07;Fogo em áreas de desmatamento consolidado;618;AMAZONAS
2023/07;Fogo em áreas de desmatamento consolidado;96;MARANHÃO
2023/07;Fogo em áreas de desmatamento consolidado;304;MATO GROSSO
2023/07;Fogo em áreas de desmatamento consolidado;1192;PARÁ
2023/07;Fogo em áreas de desmatamento consolidado;218;RONDÔNIA
2023/07;Fogo em áreas de desmatamento consolidado;4;RORAIMA
2023/07;Fogo em áreas de desmatamento consolidado;25;TOCANTINS
2023/07;Fogo em áreas de desmatamento recente;129;ACRE
2023/07;Fogo em áreas de desmatamento recente;1135;AMAZONAS
2023/07;Fogo em áreas de desmatamento recente;34;MARANHÃO
2023/07;Fogo em áreas de desmatamento recente;560;MATO GROSSO
2023/07;Fogo em áreas de desmatamento recente;686;PARÁ
2023/07;Fogo em áreas de desmatamento recente;206;RONDÔNIA
2023/07;Fogo em áreas de desmatamento recente;1;RORAIMA
2023/07;Fogo em outras áreas;4;AMAZONAS
2023/07;Fogo em outras áreas;2;MARANHÃO
2023/07;Fogo em áreas de vegetação nativa;12;ACRE
2023/07;Fogo em áreas de vegetação nativa;9;AMAPÁ
2023/07;Fogo em áreas de vegetação nativa;190;AMAZONAS
2023/07;Fogo em áreas de vegetação nativa;1;MARANHÃO
2023/07;Fogo em áreas de vegetação nativa;83;MATO GROSSO
2023/07;Fogo em áreas de vegetação nativa;104;PARÁ
2023/07;Fogo em áreas de vegetação nativa;31;RONDÔNIA
2023/07;Fogo em áreas de vegetação nativa;7;RORAIMA
2023/08;Fogo em áreas de desmatamento consolidado;341;ACRE
2023/08;Fogo em áreas de desmatamento consolidado;33;AMAPÁ
2023/08;Fogo em áreas de desmatamento consolidado;1538;AMAZONAS
2023/08;Fogo em áreas de desmatamento consolidado;235;MARANHÃO
2023/08;Fogo em áreas de desmatamento consolidado;472;MATO GROSSO
2023/08;Fogo em áreas de desmatamento consolidado;2758;PARÁ
2023/08;Fogo em áreas de desmatamento consolidado;374;RONDÔNIA
2023/08;Fogo em áreas de desmatamento consolidado;22;RORAIMA
2023/08;Fogo em áreas de desmatamento consolidado;24;TOCANTINS
2023/08;Fogo em áreas de desmatamento recente;924;ACRE
2023/08;Fogo em áreas de desmatamento recente;8;AMAPÁ
2023/08;Fogo em áreas de desmatamento recente;3361;AMAZONAS
2023/08;Fogo em áreas de desmatamento recente;39;MARANHÃO
2023/08;Fogo em áreas de desmatamento recente;953;MATO GROSSO
2023/08;Fogo em áreas de desmatamento recente;3452;PARÁ
2023/08;Fogo em áreas de desmatamento recente;1208;RONDÔNIA
2023/08;Fogo em áreas de desmatamento recente;25;RORAIMA
2023/08;Fogo em áreas de desmatamento recente;2;TOCANTINS
2023/08;Fogo em outras áreas;11;AMAZONAS
2023/08;Fogo em outras áreas;3;PARÁ
2023/08;Fogo em áreas de vegetação nativa;123;ACRE
2023/08;Fogo em áreas de vegetação nativa;28;AMAPÁ
2023/08;Fogo em áreas de vegetação nativa;563;AMAZONAS
2023/08;Fogo em áreas de vegetação nativa;10;MARANHÃO
2023/08;Fogo em áreas de vegetação nativa;233;MATO GROSSO
2023/08;Fogo em áreas de vegetação nativa;489;PARÁ
2023/08;Fogo em áreas de vegetação nativa;126;RONDÔNIA
2023/08;Fogo em áreas de vegetação nativa;31;RORAIMA
2023/09;Fogo em áreas de desmatamento consolidado;683;ACRE
2023/09;Fogo em áreas de desmatamento consolidado;164;AMAPÁ
2023/09;Fogo em áreas de desmatamento consolidado;2076;AMAZONAS
2023/09;Fogo em áreas de desmatamento consolidado;471;MARANHÃO
2023/09;Fogo em áreas de desmatamento consolidado;969;MATO GROSSO
2023/09;Fogo em áreas de desmatamento consolidado;3931;PARÁ
2023/09;Fogo em áreas de desmatamento consolidado;592;RONDÔNIA
2023/09;Fogo em áreas de desmatamento consolidado;42;RORAIMA
2023/09;Fogo em áreas de desmatamento consolidado;56;TOCANTINS
2023/09;Fogo em áreas de desmatamento recente;2105;ACRE
2023/09;Fogo em áreas de desmatamento recente;25;AMAPÁ
2023/09;Fogo em áreas de desmatamento recente;4067;AMAZONAS
2023/09;Fogo em áreas de desmatamento recente;69;MARANHÃO
2023/09;Fogo em áreas de desmatamento recente;1727;MATO GROSSO
2023/09;Fogo em áreas de desmatamento recente;4621;PARÁ
2023/09;Fogo em áreas de desmatamento recente;1637;RONDÔNIA
2023/09;Fogo em áreas de desmatamento recente;60;RORAIMA
2023/09;Fogo em áreas de desmatamento recente;3;TOCANTINS
2023/09;Fogo em outras áreas;13;AMAZONAS
2023/09;Fogo em outras áreas;1;MARANHÃO
2023/09;Fogo em outras áreas;4;PARÁ
2023/09;Fogo em outras áreas;3;RONDÔNIA
2023/09;Fogo em outras áreas;1;RORAIMA
2023/09;Fogo em áreas de vegetação nativa;287;ACRE
2023/09;Fogo em áreas de vegetação nativa;245;AMAPÁ
2023/09;Fogo em áreas de vegetação nativa;835;AMAZONAS
2023/09;Fogo em áreas de vegetação nativa;37;MARANHÃO
2023/09;Fogo em áreas de vegetação nativa;262;MATO GROSSO
2023/09;Fogo em áreas de vegetação nativa;846;PARÁ
2023/09;Fogo em áreas de vegetação nativa;416;RONDÔNIA
2023/09;Fogo em áreas de vegetação nativa;90;RORAIMA
2023/09;Fogo em áreas de vegetação nativa;2;TOCANTINS
2023/10;Fogo em áreas de desmatamento consolidado;344;ACRE
2023/10;Fogo em áreas de desmatamento consolidado;402;AMAPÁ
2023/10;Fogo em áreas de desmatamento consolidado;1289;AMAZONAS
2023/10;Fogo em áreas de desmatamento consolidado;998;MARANHÃO
2023/10;Fogo em áreas de desmatamento consolidado;557;MATO GROSSO
2023/10;Fogo em áreas de desmatamento consolidado;5107;PARÁ
2023/10;Fogo em áreas de desmatamento consolidado;267;RONDÔNIA
2023/10;Fogo em áreas de desmatamento consolidado;78;RORAIMA
2023/10;Fogo em áreas de desmatamento consolidado;70;TOCANTINS
2023/10;Fogo em áreas de desmatamento recente;1195;ACRE
2023/10;Fogo em áreas de desmatamento recente;75;AMAPÁ
2023/10;Fogo em áreas de desmatamento recente;1980;AMAZONAS
2023/10;Fogo em áreas de desmatamento recente;174;MARANHÃO
2023/10;Fogo em áreas de desmatamento recente;579;MATO GROSSO
2023/10;Fogo em áreas de desmatamento recente;5132;PARÁ
2023/10;Fogo em áreas de desmatamento recente;573;RONDÔNIA
2023/10;Fogo em áreas de desmatamento recente;104;RORAIMA
2023/10;Fogo em áreas de desmatamento recente;12;TOCANTINS
2023/10;Fogo em outras áreas;3;AMAPÁ
2023/10;Fogo em outras áreas;31;AMAZONAS
2023/10;Fogo em outras áreas;2;MARANHÃO
2023/10;Fogo em outras áreas;1;MATO GROSSO
2023/10;Fogo em outras áreas;2;PARÁ
2023/10;Fogo em outras áreas;3;RONDÔNIA
2023/10;Fogo em outras áreas;1;RORAIMA
2023/10;Fogo em áreas de vegetação nativa;136;ACRE
2023/10;Fogo em áreas de vegetação nativa;583;AMAPÁ
2023/10;Fogo em áreas de vegetação nativa;558;AMAZONAS
2023/10;Fogo em áreas de vegetação nativa;61;MARANHÃO
2023/10;Fogo em áreas de vegetação nativa;101;MATO GROSSO
2023/10;Fogo em áreas de vegetação nativa;1076;PARÁ
2023/10;Fogo em áreas de vegetação nativa;291;RONDÔNIA
2023/10;Fogo em áreas de vegetação nativa;226;RORAIMA
2023/11;Fogo em áreas de desmatamento consolidado;46;ACRE
2023/11;Fogo em áreas de desmatamento consolidado;165;AMAPÁ
2023/11;Fogo em áreas de desmatamento consolidado;311;AMAZONAS
2023/11;Fogo em áreas de desmatamento consolidado;1301;MARANHÃO
2023/11;Fogo em áreas de desmatamento consolidado;395;MATO GROSSO
2023/11;Fogo em áreas de desmatamento consolidado;3950;PARÁ
2023/11;Fogo em áreas de desmatamento consolidado;185;RONDÔNIA
2023/11;Fogo em áreas de desmatamento consolidado;60;RORAIMA
2023/11;Fogo em áreas de desmatamento consolidado;43;TOCANTINS
2023/11;Fogo em áreas de desmatamento recente;93;ACRE
2023/11;Fogo em áreas de desmatamento recente;31;AMAPÁ
2023/11;Fogo em áreas de desmatamento recente;333;AMAZONAS
2023/11;Fogo em áreas de desmatamento recente;167;MARANHÃO
2023/11;Fogo em áreas de desmatamento recente;372;MATO GROSSO
2023/11;Fogo em áreas de desmatamento recente;3442;PARÁ
2023/11;Fogo em áreas de desmatamento recente;329;RONDÔNIA
2023/11;Fogo em áreas de desmatamento recente;104;RORAIMA
2023/11;Fogo em áreas de desmatamento recente;8;TOCANTINS
2023/11;Fogo em outras áreas;1;AMAPÁ
2023/11;Fogo em outras áreas;17;AMAZONAS
2023/11;Fogo em outras áreas;3;MARANHÃO
2023/11;Fogo em outras áreas;1;MATO GROSSO
2023/11;Fogo em outras áreas;3;PARÁ
2023/11;Fogo em outras áreas;2;RONDÔNIA
2023/11;Fogo em outras áreas;1;RORAIMA
2023/11;Fogo em áreas de vegetação nativa;21;ACRE
2023/11;Fogo em áreas de vegetação nativa;694;AMAPÁ
2023/11;Fogo em áreas de vegetação nativa;136;AMAZONAS
2023/11;Fogo em áreas de vegetação nativa;50;MARANHÃO
2023/11;Fogo em áreas de vegetação nativa;103;MATO GROSSO
2023/11;Fogo em áreas de vegetação nativa;770;PARÁ
2023/11;Fogo em áreas de vegetação nativa;480;RONDÔNIA
2023/11;Fogo em áreas de vegetação nativa;303;RORAIMA
2023/12;Fogo em áreas de desmatamento consolidado;2;ACRE
2023/12;Fogo em áreas de desmatamento consolidado;20;AMAPÁ
2023/12;Fogo em áreas de desmatamento consolidado;64;AMAZONAS
2023/12;Fogo em áreas de desmatamento consolidado;763;MARANHÃO
2023/12;Fogo em áreas de desmatamento consolidado;416;MATO GROSSO
2023/12;Fogo em áreas de desmatamento consolidado;1401;PARÁ
2023/12;Fogo em áreas de desmatamento consolidado;91;RONDÔNIA
2023/12;Fogo em áreas de desmatamento consolidado;77;RORAIMA
2023/12;Fogo em áreas de desmatamento consolidado;23;TOCANTINS
2023/12;Fogo em áreas de desmatamento recente;2;ACRE
2023/12;Fogo em áreas de desmatamento recente;2;AMAPÁ
2023/12;Fogo em áreas de desmatamento recente;53;AMAZONAS
2023/12;Fogo em áreas de desmatamento recente;87;MARANHÃO
2023/12;Fogo em áreas de desmatamento recente;327;MATO GROSSO
2023/12;Fogo em áreas de desmatamento recente;829;PARÁ
2023/12;Fogo em áreas de desmatamento recente;61;RONDÔNIA
2023/12;Fogo em áreas de desmatamento recente;52;RORAIMA
2023/12;Fogo em áreas de desmatamento recente;1;TOCANTINS
2023/12;Fogo em outras áreas;4;AMAZONAS
2023/12;Fogo em outras áreas;1;PARÁ
2023/12;Fogo em áreas de vegetação nativa;43;AMAPÁ
2023/12;Fogo em áreas de vegetação nativa;24;AMAZONAS
2023/12;Fogo em áreas de vegetação nativa;38;MARANHÃO
2023/12;Fogo em áreas de vegetação nativa;39;MATO GROSSO
2023/12;Fogo em áreas de vegetação nativa;164;PARÁ
2023/12;Fogo em áreas de vegetação nativa;22;RONDÔNIA
2023/12;Fogo em áreas de vegetação nativa;108;RORAIMA
2022/01;Fogo em áreas de desmatamento consolidado;6;ACRE
2022/01;Fogo em áreas de desmatamento consolidado;1;AMAPÁ
2022/01;Fogo em áreas de desmatamento consolidado;81;AMAZONAS
2022/01;Fogo em áreas de desmatamento consolidado;41;MARANHÃO
2022/01;Fogo em áreas de desmatamento consolidado;311;MATO GROSSO
2022/01;Fogo em áreas de desmatamento consolidado;131;PARÁ
2022/01;Fogo em áreas de desmatamento consolidado;42;RONDÔNIA
2022/01;Fogo em áreas de desmatamento consolidado;95;RORAIMA
2022/01;Fogo em áreas de desmatamento consolidado;1;TOCANTINS
2022/01;Fogo em áreas de desmatamento recente;17;ACRE
2022/01;Fogo em áreas de desmatamento recente;56;AMAZONAS
2022/01;Fogo em áreas de desmatamento recente;1;MARANHÃO
2022/01;Fogo em áreas de desmatamento recente;70;MATO GROSSO
2022/01;Fogo em áreas de desmatamento recente;56;PARÁ
2022/01;Fogo em áreas de desmatamento recente;36;RONDÔNIA
2022/01;Fogo em áreas de desmatamento recente;96;RORAIMA
2022/01;Fogo em outras áreas;1;RORAIMA
2022/01;Fogo em áreas de vegetação nativa;1;ACRE
2022/01;Fogo em áreas de vegetação nativa;7;AMAPÁ
2022/01;Fogo em áreas de vegetação nativa;20;AMAZONAS
2022/01;Fogo em áreas de vegetação nativa;3;MARANHÃO
2022/01;Fogo em áreas de vegetação nativa;5;MATO GROSSO
2022/01;Fogo em áreas de vegetação nativa;11;PARÁ
2022/01;Fogo em áreas de vegetação nativa;1;RONDÔNIA
2022/01;Fogo em áreas de vegetação nativa;178;RORAIMA
2022/02;Fogo em áreas de desmatamento consolidado;3;ACRE
2022/02;Fogo em áreas de desmatamento consolidado;4;AMAZONAS
2022/02;Fogo em áreas de desmatamento consolidado;10;MARANHÃO
2022/02;Fogo em áreas de desmatamento consolidado;312;MATO GROSSO
2022/02;Fogo em áreas de desmatamento consolidado;52;PARÁ
2022/02;Fogo em áreas de desmatamento consolidado;14;RONDÔNIA
2022/02;Fogo em áreas de desmatamento consolidado;39;RORAIMA
2022/02;Fogo em áreas de desmatamento consolidado;3;TOCANTINS
2022/02;Fogo em áreas de desmatamento recente;11;AMAZONAS
2022/02;Fogo em áreas de desmatamento recente;2;MARANHÃO
2022/02;Fogo em áreas de desmatamento recente;23;MATO GROSSO
2022/02;Fogo em áreas de desmatamento recente;8;PARÁ
2022/02;Fogo em áreas de desmatamento recente;1;RONDÔNIA
2022/02;Fogo em áreas de desmatamento recente;22;RORAIMA
2022/02;Fogo em áreas de desmatamento recente;3;TOCANTINS
2022/02;Fogo em áreas de vegetação nativa;1;AMAPÁ
2022/02;Fogo em áreas de vegetação nativa;3;AMAZONAS
2022/02;Fogo em áreas de vegetação nativa;5;PARÁ
2022/02;Fogo em áreas de vegetação nativa;87;RORAIMA
2022/03;Fogo em áreas de desmatamento consolidado;1;AMAPÁ
2022/03;Fogo em áreas de desmatamento consolidado;10;AMAZONAS
2022/03;Fogo em áreas de desmatamento consolidado;3;MARANHÃO
2022/03;Fogo em áreas de desmatamento consolidado;340;MATO GROSSO
2022/03;Fogo em áreas de desmatamento consolidado;24;PARÁ
2022/03;Fogo em áreas de desmatamento consolidado;14;RONDÔNIA
2022/03;Fogo em áreas de desmatamento consolidado;37;RORAIMA
2022/03;Fogo em áreas de desmatamento recente;3;AMAZONAS
2022/03;Fogo em áreas de desmatamento recente;27;MATO GROSSO
2022/03;Fogo em áreas de desmatamento recente;3;PARÁ
2022/03;Fogo em áreas de desmatamento recente;1;RONDÔNIA
2022/03;Fogo em áreas de desmatamento recente;18;RORAIMA
2022/03;Fogo em áreas de vegetação nativa;2;AMAZONAS
2022/03;Fogo em áreas de vegetação nativa;9;MATO GROSSO
2022/03;Fogo em áreas de vegetação nativa;5;PARÁ
2022/03;Fogo em áreas de vegetação nativa;26;RORAIMA
2022/04;Fogo em áreas de desmatamento consolidado;4;ACRE
2022/04;Fogo em áreas de desmatamento consolidado;2;AMAPÁ
2022/04;Fogo em áreas de desmatamento consolidado;13;AMAZONAS
2022/04;Fogo em áreas de desmatamento consolidado;164;MATO GROSSO
2022/04;Fogo em áreas de desmatamento consolidado;25;PARÁ
2022/04;Fogo em áreas de desmatamento consolidado;19;RONDÔNIA
2022/04;Fogo em áreas de desmatamento consolidado;1;RORAIMA
2022/04;Fogo em áreas de desmatamento recente;2;ACRE
2022/04;Fogo em áreas de desmatamento recente;2;AMAZONAS
2022/04;Fogo em áreas de desmatamento recente;150;MATO GROSSO
2022/04;Fogo em áreas de desmatamento recente;4;PARÁ
2022/04;Fogo em áreas de desmatamento recente;5;RONDÔNIA
2022/04;Fogo em áreas de desmatamento recente;3;RORAIMA
2022/04;Fogo em áreas de vegetação nativa;24;MATO GROSSO
2022/04;Fogo em áreas de vegetação nativa;1;PARÁ
2022/04;Fogo em áreas de vegetação nativa;3;RORAIMA
2022/05;Fogo em áreas de desmatamento consolidado;11;ACRE
2022/05;Fogo em áreas de desmatamento consolidado;22;AMAZONAS
2022/05;Fogo em áreas de desmatamento consolidado;4;MARANHÃO
2022/05;Fogo em áreas de desmatamento consolidado;769;MATO GROSSO
2022/05;Fogo em áreas de desmatamento consolidado;141;PARÁ
2022/05;Fogo em áreas de desmatamento consolidado;97;RONDÔNIA
2022/05;Fogo em áreas de desmatamento consolidado;3;RORAIMA
2022/05;Fogo em áreas de desmatamento consolidado;11;TOCANTINS
2022/05;Fogo em áreas de desmatamento recente;20;ACRE
2022/05;Fogo em áreas de desmatamento recente;8;AMAZONAS
2022/05;Fogo em áreas de desmatamento recente;9;MARANHÃO
2022/05;Fogo em áreas de desmatamento recente;992;MATO GROSSO
2022/05;Fogo em áreas de desmatamento recente;22;PARÁ
2022/05;Fogo em áreas de desmatamento recente;39;RONDÔNIA
2022/05;Fogo em áreas de desmatamento recente;1;RORAIMA
2022/05;Fogo em áreas de vegetação nativa;2;ACRE
2022/05;Fogo em áreas de vegetação nativa;1;AMAPÁ
2022/05;Fogo em áreas de vegetação nativa;51;AMAZONAS
2022/05;Fogo em áreas de vegetação nativa;1;MARANHÃO
2022/05;Fogo em áreas de vegetação nativa;141;MATO GROSSO
2022/05;Fogo em áreas de vegetação nativa;3;PARÁ
2022/05;Fogo em áreas de vegetação nativa;7;RORAIMA
2022/05;Fogo em áreas de vegetação nativa;1;TOCANTINS
2022/06;Fogo em áreas de desmatamento consolidado;31;ACRE
2022/06;Fogo em áreas de desmatamento consolidado;40;AMAZONAS
2022/06;Fogo em áreas de desmatamento consolidado;38;MARANHÃO
2022/06;Fogo em áreas de desmatamento consolidado;540;MATO GROSSO
2022/06;Fogo em áreas de desmatamento consolidado;347;PARÁ
2022/06;Fogo em áreas de desmatamento consolidado;68;RONDÔNIA
2022/06;Fogo em áreas de desmatamento consolidado;2;RORAIMA
2022/06;Fogo em áreas de desmatamento consolidado;20;TOCANTINS
2022/06;Fogo em áreas de desmatamento recente;38;ACRE
2022/06;Fogo em áreas de desmatamento recente;19;AMAZONAS
2022/06;Fogo em áreas de desmatamento recente;18;MARANHÃO
2022/06;Fogo em áreas de desmatamento recente;982;MATO GROSSO
2022/06;Fogo em áreas de desmatamento recente;121;PARÁ
2022/06;Fogo em áreas de desmatamento recente;31;RONDÔNIA
2022/06;Fogo em áreas de vegetação nativa;2;ACRE
2022/06;Fogo em áreas de vegetação nativa;1;AMAPÁ
2022/06;Fogo em áreas de vegetação nativa;23;AMAZONAS
2022/06;Fogo em áreas de vegetação nativa;1;MARANHÃO
2022/06;Fogo em áreas de vegetação nativa;185;MATO GROSSO
2022/06;Fogo em áreas de vegetação nativa;32;PARÁ
2022/06;Fogo em áreas de vegetação nativa;7;RONDÔNIA
2022/06;Fogo em áreas de vegetação nativa;7;RORAIMA
2022/06;Fogo em áreas de vegetação nativa;1;TOCANTINS
2022/07;Fogo em áreas de desmatamento consolidado;107;ACRE
2022/07;Fogo em áreas de desmatamento consolidado;1;AMAPÁ
2022/07;Fogo em áreas de desmatamento consolidado;369;AMAZONAS
2022/07;Fogo em áreas de desmatamento consolidado;84;MARANHÃO
2022/07;Fogo em áreas de desmatamento consolidado;378;MATO GROSSO
2022/07;Fogo em áreas de desmatamento consolidado;779;PARÁ
2022/07;Fogo em áreas de desmatamento consolidado;195;RONDÔNIA
2022/07;Fogo em áreas de desmatamento consolidado;3;RORAIMA
2022/07;Fogo em áreas de desmatamento consolidado;17;TOCANTINS
2022/07;Fogo em áreas de desmatamento recente;187;ACRE
2022/07;Fogo em áreas de desmatamento recente;897;AMAZONAS
2022/07;Fogo em áreas de desmatamento recente;55;MARANHÃO
2022/07;Fogo em áreas de desmatamento recente;643;MATO GROSSO
2022/07;Fogo em áreas de desmatamento recente;692;PARÁ
2022/07;Fogo em áreas de desmatamento recente;312;RONDÔNIA
2022/07;Fogo em áreas de desmatamento recente;1;RORAIMA
2022/07;Fogo em áreas de desmatamento recente;7;TOCANTINS
2022/07;Fogo em outras áreas;1;AMAZONAS
2022/07;Fogo em áreas de vegetação nativa;19;ACRE
2022/07;Fogo em áreas de vegetação nativa;4;AMAPÁ
2022/07;Fogo em áreas de vegetação nativa;161;AMAZONAS
2022/07;Fogo em áreas de vegetação nativa;2;MARANHÃO
2022/07;Fogo em áreas de vegetação nativa;158;MATO GROSSO
2022/07;Fogo em áreas de vegetação nativa;169;PARÁ
2022/07;Fogo em áreas de vegetação nativa;41;RONDÔNIA
2022/07;Fogo em áreas de vegetação nativa;8;RORAIMA
2022/07;Fogo em áreas de vegetação nativa;1;TOCANTINS
2022/08;Fogo em áreas de desmatamento consolidado;760;ACRE
2022/08;Fogo em áreas de desmatamento consolidado;10;AMAPÁ
2022/08;Fogo em áreas de desmatamento consolidado;2207;AMAZONAS
2022/08;Fogo em áreas de desmatamento consolidado;207;MARANHÃO
2022/08;Fogo em áreas de desmatamento consolidado;1737;MATO GROSSO
2022/08;Fogo em áreas de desmatamento consolidado;5067;PARÁ
2022/08;Fogo em áreas de desmatamento consolidado;941;RONDÔNIA
2022/08;Fogo em áreas de desmatamento consolidado;12;RORAIMA
2022/08;Fogo em áreas de desmatamento consolidado;65;TOCANTINS
2022/08;Fogo em áreas de desmatamento recente;1593;ACRE
2022/08;Fogo em áreas de desmatamento recente;2;AMAPÁ
2022/08;Fogo em áreas de desmatamento recente;5325;AMAZONAS
2022/08;Fogo em áreas de desmatamento recente;65;MARANHÃO
2022/08;Fogo em áreas de desmatamento recente;3458;MATO GROSSO
2022/08;Fogo em áreas de desmatamento recente;6426;PARÁ
2022/08;Fogo em áreas de desmatamento recente;2390;RONDÔNIA
2022/08;Fogo em áreas de desmatamento recente;10;RORAIMA
2022/08;Fogo em áreas de desmatamento recente;2;TOCANTINS
2022/08;Fogo em outras áreas;1;ACRE
2022/08;Fogo em outras áreas;4;AMAZONAS
2022/08;Fogo em outras áreas;2;MARANHÃO
2022/08;Fogo em outras áreas;3;MATO GROSSO
2022/08;Fogo em outras áreas;1;RONDÔNIA
2022/08;Fogo em áreas de vegetação nativa;280;ACRE
2022/08;Fogo em áreas de vegetação nativa;25;AMAPÁ
2022/08;Fogo em áreas de vegetação nativa;580;AMAZONAS
2022/08;Fogo em áreas de vegetação nativa;11;MARANHÃO
2022/08;Fogo em áreas de vegetação nativa;753;MATO GROSSO
2022/08;Fogo em áreas de vegetação nativa;861;PARÁ
2022/08;Fogo em áreas de vegetação nativa;173;RONDÔNIA
2022/08;Fogo em áreas de vegetação nativa;18;RORAIMA
2022/08;Fogo em áreas de vegetação nativa;8;TOCANTINS
2022/09;Fogo em áreas de desmatamento consolidado;1966;ACRE
2022/09;Fogo em áreas de desmatamento consolidado;73;AMAPÁ
2022/09;Fogo em áreas de desmatamento consolidado;2859;AMAZONAS
2022/09;Fogo em áreas de desmatamento consolidado;431;MARANHÃO
2022/09;Fogo em áreas de desmatamento consolidado;2667;MATO GROSSO
2022/09;Fogo em áreas de desmatamento consolidado;5672;PARÁ
2022/09;Fogo em áreas de desmatamento consolidado;1658;RONDÔNIA
2022/09;Fogo em áreas de desmatamento consolidado;24;RORAIMA
2022/09;Fogo em áreas de desmatamento consolidado;55;TOCANTINS
2022/09;Fogo em áreas de desmatamento recente;4010;ACRE
2022/09;Fogo em áreas de desmatamento recente;17;AMAPÁ
2022/09;Fogo em áreas de desmatamento recente;4952;AMAZONAS
2022/09;Fogo em áreas de desmatamento recente;105;MARANHÃO
2022/09;Fogo em áreas de desmatamento recente;2982;MATO GROSSO
2022/09;Fogo em áreas de desmatamento recente;5653;PARÁ
2022/09;Fogo em áreas de desmatamento recente;3209;RONDÔNIA
2022/09;Fogo em áreas de desmatamento recente;47;RORAIMA
2022/09;Fogo em áreas de desmatamento recente;16;TOCANTINS
2022/09;Fogo em outras áreas;14;AMAZONAS
2022/09;Fogo em outras áreas;13;MARANHÃO
2022/09;Fogo em outras áreas;2;PARÁ
2022/09;Fogo em outras áreas;2;RONDÔNIA
2022/09;Fogo em áreas de vegetação nativa;716;ACRE
2022/09;Fogo em áreas de vegetação nativa;109;AMAPÁ
2022/09;Fogo em áreas de vegetação nativa;834;AMAZONAS
2022/09;Fogo em áreas de vegetação nativa;19;MARANHÃO
2022/09;Fogo em áreas de vegetação nativa;1429;MATO GROSSO
2022/09;Fogo em áreas de vegetação nativa;1209;PARÁ
2022/09;Fogo em áreas de vegetação nativa;462;RONDÔNIA
2022/09;Fogo em áreas de vegetação nativa;21;RORAIMA
2022/09;Fogo em áreas de vegetação nativa;4;TOCANTINS
2022/10;Fogo em áreas de desmatamento consolidado;374;ACRE
2022/10;Fogo em áreas de desmatamento consolidado;287;AMAPÁ
2022/10;Fogo em áreas de desmatamento consolidado;604;AMAZONAS
2022/10;Fogo em áreas de desmatamento consolidado;1054;MARANHÃO
2022/10;Fogo em áreas de desmatamento consolidado;572;MATO GROSSO
2022/10;Fogo em áreas de desmatamento consolidado;3857;PARÁ
2022/10;Fogo em áreas de desmatamento consolidado;339;RONDÔNIA
2022/10;Fogo em áreas de desmatamento consolidado;41;RORAIMA
2022/10;Fogo em áreas de desmatamento consolidado;83;TOCANTINS
2022/10;Fogo em áreas de desmatamento recente;662;ACRE
2022/10;Fogo em áreas de desmatamento recente;57;AMAPÁ
2022/10;Fogo em áreas de desmatamento recente;717;AMAZONAS
2022/10;Fogo em áreas de desmatamento recente;142;MARANHÃO
2022/10;Fogo em áreas de desmatamento recente;324;MATO GROSSO
2022/10;Fogo em áreas de desmatamento recente;2993;PARÁ
2022/10;Fogo em áreas de desmatamento recente;366;RONDÔNIA
2022/10;Fogo em áreas de desmatamento recente;58;RORAIMA
2022/10;Fogo em áreas de desmatamento recente;7;TOCANTINS
2022/10;Fogo em outras áreas;6;AMAZONAS
2022/10;Fogo em outras áreas;6;MARANHÃO
2022/10;Fogo em outras áreas;2;PARÁ
2022/10;Fogo em outras áreas;3;RONDÔNIA
2022/10;Fogo em áreas de vegetação nativa;91;ACRE
2022/10;Fogo em áreas de vegetação nativa;266;AMAPÁ
2022/10;Fogo em áreas de vegetação nativa;176;AMAZONAS
2022/10;Fogo em áreas de vegetação nativa;28;MARANHÃO
2022/10;Fogo em áreas de vegetação nativa;82;MATO GROSSO
2022/10;Fogo em áreas de vegetação nativa;572;PARÁ
2022/10;Fogo em áreas de vegetação nativa;108;RONDÔNIA
2022/10;Fogo em áreas de vegetação nativa;18;RORAIMA
2022/11;Fogo em áreas de desmatamento consolidado;288;ACRE
2022/11;Fogo em áreas de desmatamento consolidado;65;AMAPÁ
2022/11;Fogo em áreas de desmatamento consolidado;364;AMAZONAS
2022/11;Fogo em áreas de desmatamento consolidado;1256;MARANHÃO
2022/11;Fogo em áreas de desmatamento consolidado;700;MATO GROSSO
2022/11;Fogo em áreas de desmatamento consolidado;3002;PARÁ
2022/11;Fogo em áreas de desmatamento consolidado;854;RONDÔNIA
2022/11;Fogo em áreas de desmatamento consolidado;36;RORAIMA
2022/11;Fogo em áreas de desmatamento consolidado;45;TOCANTINS
2022/11;Fogo em áreas de desmatamento recente;559;ACRE
2022/11;Fogo em áreas de desmatamento recente;5;AMAPÁ
2022/11;Fogo em áreas de desmatamento recente;499;AMAZONAS
2022/11;Fogo em áreas de desmatamento recente;95;MARANHÃO
2022/11;Fogo em áreas de desmatamento recente;475;MATO GROSSO
2022/11;Fogo em áreas de desmatamento recente;1251;PARÁ
2022/11;Fogo em áreas de desmatamento recente;818;RONDÔNIA
2022/11;Fogo em áreas de desmatamento recente;55;RORAIMA
2022/11;Fogo em áreas de desmatamento recente;5;TOCANTINS
2022/11;Fogo em outras áreas;4;AMAZONAS
2022/11;Fogo em outras áreas;12;MARANHÃO
2022/11;Fogo em outras áreas;1;RONDÔNIA
2022/11;Fogo em áreas de vegetação nativa;76;ACRE
2022/11;Fogo em áreas de vegetação nativa;47;AMAPÁ
2022/11;Fogo em áreas de vegetação nativa;94;AMAZONAS
2022/11;Fogo em áreas de vegetação nativa;25;MARANHÃO
2022/11;Fogo em áreas de vegetação nativa;150;MATO GROSSO
2022/11;Fogo em áreas de vegetação nativa;238;PARÁ
2022/11;Fogo em áreas de vegetação nativa;76;RONDÔNIA
2022/11;Fogo em áreas de vegetação nativa;37;RORAIMA
2022/12;Fogo em áreas de desmatamento consolidado;4;ACRE
2022/12;Fogo em áreas de desmatamento consolidado;4;AMAPÁ
2022/12;Fogo em áreas de desmatamento consolidado;92;AMAZONAS
2022/12;Fogo em áreas de desmatamento consolidado;531;MARANHÃO
2022/12;Fogo em áreas de desmatamento consolidado;117;MATO GROSSO
2022/12;Fogo em áreas de desmatamento consolidado;998;PARÁ
2022/12;Fogo em áreas de desmatamento consolidado;36;RONDÔNIA
2022/12;Fogo em áreas de desmatamento consolidado;45;RORAIMA
2022/12;Fogo em áreas de desmatamento consolidado;20;TOCANTINS
2022/12;Fogo em áreas de desmatamento recente;5;ACRE
2022/12;Fogo em áreas de desmatamento recente;60;AMAZONAS
2022/12;Fogo em áreas de desmatamento recente;56;MARANHÃO
2022/12;Fogo em áreas de desmatamento recente;77;MATO GROSSO
2022/12;Fogo em áreas de desmatamento recente;424;PARÁ
2022/12;Fogo em áreas de desmatamento recente;32;RONDÔNIA
2022/12;Fogo em áreas de desmatamento recente;56;RORAIMA
2022/12;Fogo em áreas de desmatamento recente;1;TOCANTINS
2022/12;Fogo em outras áreas;3;AMAZONAS
2022/12;Fogo em outras áreas;10;MARANHÃO
2022/12;Fogo em áreas de vegetação nativa;2;AMAPÁ
2022/12;Fogo em áreas de vegetação nativa;27;AMAZONAS
2022/12;Fogo em áreas de vegetação nativa;24;MARANHÃO
2022/12;Fogo em áreas de vegetação nativa;3;MATO GROSSO
2022/12;Fogo em áreas de vegetação nativa;50;PARÁ
2022/12;Fogo em áreas de vegetação nativa;2;RONDÔNIA
2022/12;Fogo em áreas de vegetação nativa;105;RORAIMA
2021/01;Fogo em áreas de desmatamento consolidado;1;ACRE
2021/01;Fogo em áreas de desmatamento consolidado;17;AMAZONAS
2021/01;Fogo em áreas de desmatamento consolidado;77;MARANHÃO
2021/01;Fogo em áreas de desmatamento consolidado;245;MATO GROSSO
2021/01;Fogo em áreas de desmatamento consolidado;161;PARÁ
2021/01;Fogo em áreas de desmatamento consolidado;25;RONDÔNIA
2021/01;Fogo em áreas de desmatamento consolidado;9;RORAIMA
2021/01;Fogo em áreas de desmatamento consolidado;2;TOCANTINS
2021/01;Fogo em áreas de desmatamento recente;4;ACRE
2021/01;Fogo em áreas de desmatamento recente;16;AMAZONAS
2021/01;Fogo em áreas de desmatamento recente;9;MARANHÃO
2021/01;Fogo em áreas de desmatamento recente;77;MATO GROSSO
2021/01;Fogo em áreas de desmatamento recente;73;PARÁ
2021/01;Fogo em áreas de desmatamento recente;20;RONDÔNIA
2021/01;Fogo em áreas de desmatamento recente;9;RORAIMA
2021/01;Fogo em outras áreas;2;AMAZONAS
2021/01;Fogo em áreas de vegetação nativa;2;AMAZONAS
2021/01;Fogo em áreas de vegetação nativa;4;MARANHÃO
2021/01;Fogo em áreas de vegetação nativa;7;MATO GROSSO
2021/01;Fogo em áreas de vegetação nativa;10;PARÁ
2021/01;Fogo em áreas de vegetação nativa;2;RONDÔNIA
2021/01;Fogo em áreas de vegetação nativa;45;RORAIMA
2021/02;Fogo em áreas de desmatamento consolidado;17;AMAZONAS
2021/02;Fogo em áreas de desmatamento consolidado;37;MARANHÃO
2021/02;Fogo em áreas de desmatamento consolidado;361;MATO GROSSO
2021/02;Fogo em áreas de desmatamento consolidado;188;PARÁ
2021/02;Fogo em áreas de desmatamento consolidado;10;RONDÔNIA
2021/02;Fogo em áreas de desmatamento consolidado;23;RORAIMA
2021/02;Fogo em áreas de desmatamento recente;8;AMAZONAS
2021/02;Fogo em áreas de desmatamento recente;8;MARANHÃO
2021/02;Fogo em áreas de desmatamento recente;31;MATO GROSSO
2021/02;Fogo em áreas de desmatamento recente;74;PARÁ
2021/02;Fogo em áreas de desmatamento recente;4;RONDÔNIA
2021/02;Fogo em áreas de desmatamento recente;21;RORAIMA
2021/02;Fogo em outras áreas;1;AMAZONAS
2021/02;Fogo em áreas de vegetação nativa;1;AMAPÁ
2021/02;Fogo em áreas de vegetação nativa;5;AMAZONAS
2021/02;Fogo em áreas de vegetação nativa;8;PARÁ
2021/02;Fogo em áreas de vegetação nativa;93;RORAIMA
2021/03;Fogo em áreas de desmatamento consolidado;3;ACRE
2021/03;Fogo em áreas de desmatamento consolidado;12;AMAZONAS
2021/03;Fogo em áreas de desmatamento consolidado;4;MARANHÃO
2021/03;Fogo em áreas de desmatamento consolidado;366;MATO GROSSO
2021/03;Fogo em áreas de desmatamento consolidado;20;PARÁ
2021/03;Fogo em áreas de desmatamento consolidado;13;RONDÔNIA
2021/03;Fogo em áreas de desmatamento consolidado;69;RORAIMA
2021/03;Fogo em áreas de desmatamento consolidado;1;TOCANTINS
2021/03;Fogo em áreas de desmatamento recente;1;AMAZONAS
2021/03;Fogo em áreas de desmatamento recente;22;MATO GROSSO
2021/03;Fogo em áreas de desmatamento recente;6;PARÁ
2021/03;Fogo em áreas de desmatamento recente;6;RONDÔNIA
2021/03;Fogo em áreas de desmatamento recente;67;RORAIMA
2021/03;Fogo em áreas de desmatamento recente;1;TOCANTINS
2021/03;Fogo em áreas de vegetação nativa;1;AMAPÁ
2021/03;Fogo em áreas de vegetação nativa;3;AMAZONAS
2021/03;Fogo em áreas de vegetação nativa;1;MATO GROSSO
2021/03;Fogo em áreas de vegetação nativa;5;PARÁ
2021/03;Fogo em áreas de vegetação nativa;68;RORAIMA
2021/04;Fogo em áreas de desmatamento consolidado;3;ACRE
2021/04;Fogo em áreas de desmatamento consolidado;14;AMAZONAS
2021/04;Fogo em áreas de desmatamento consolidado;4;MARANHÃO
2021/04;Fogo em áreas de desmatamento consolidado;369;MATO GROSSO
2021/04;Fogo em áreas de desmatamento consolidado;46;PARÁ
2021/04;Fogo em áreas de desmatamento consolidado;14;RONDÔNIA
2021/04;Fogo em áreas de desmatamento consolidado;36;RORAIMA
2021/04;Fogo em áreas de desmatamento recente;4;ACRE
2021/04;Fogo em áreas de desmatamento recente;3;AMAZONAS
2021/04;Fogo em áreas de desmatamento recente;52;MATO GROSSO
2021/04;Fogo em áreas de desmatamento recente;4;PARÁ
2021/04;Fogo em áreas de desmatamento recente;1;RONDÔNIA
2021/04;Fogo em áreas de desmatamento recente;33;RORAIMA
2021/04;Fogo em áreas de vegetação nativa;1;AMAZONAS
2021/04;Fogo em áreas de vegetação nativa;1;MATO GROSSO
2021/04;Fogo em áreas de vegetação nativa;5;PARÁ
2021/04;Fogo em áreas de vegetação nativa;1;RONDÔNIA
2021/04;Fogo em áreas de vegetação nativa;41;RORAIMA
2021/05;Fogo em áreas de desmatamento consolidado;13;ACRE
2021/05;Fogo em áreas de desmatamento consolidado;29;AMAZONAS
2021/05;Fogo em áreas de desmatamento consolidado;26;MARANHÃO
2021/05;Fogo em áreas de desmatamento consolidado;479;MATO GROSSO
2021/05;Fogo em áreas de desmatamento consolidado;133;PARÁ
2021/05;Fogo em áreas de desmatamento consolidado;55;RONDÔNIA
2021/05;Fogo em áreas de desmatamento consolidado;10;TOCANTINS
2021/05;Fogo em áreas de desmatamento recente;16;ACRE
2021/05;Fogo em áreas de desmatamento recente;5;AMAZONAS
2021/05;Fogo em áreas de desmatamento recente;6;MARANHÃO
2021/05;Fogo em áreas de desmatamento recente;287;MATO GROSSO
2021/05;Fogo em áreas de desmatamento recente;21;PARÁ
2021/05;Fogo em áreas de desmatamento recente;26;RONDÔNIA
2021/05;Fogo em áreas de desmatamento recente;3;TOCANTINS
2021/05;Fogo em outras áreas;1;MARANHÃO
2021/05;Fogo em áreas de vegetação nativa;1;ACRE
2021/05;Fogo em áreas de vegetação nativa;11;AMAZONAS
2021/05;Fogo em áreas de vegetação nativa;29;MATO GROSSO
2021/05;Fogo em áreas de vegetação nativa;4;PARÁ
2021/05;Fogo em áreas de vegetação nativa;8;RONDÔNIA
2021/05;Fogo em áreas de vegetação nativa;3;RORAIMA
2021/05;Fogo em áreas de vegetação nativa;1;TOCANTINS
2021/06;Fogo em áreas de desmatamento consolidado;21;ACRE
2021/06;Fogo em áreas de desmatamento consolidado;37;AMAZONAS
2021/06;Fogo em áreas de desmatamento consolidado;42;MARANHÃO
2021/06;Fogo em áreas de desmatamento consolidado;680;MATO GROSSO
2021/06;Fogo em áreas de desmatamento consolidado;295;PARÁ
2021/06;Fogo em áreas de desmatamento consolidado;83;RONDÔNIA
2021/06;Fogo em áreas de desmatamento consolidado;3;RORAIMA
2021/06;Fogo em áreas de desmatamento consolidado;33;TOCANTINS
2021/06;Fogo em áreas de desmatamento recente;26;ACRE
2021/06;Fogo em áreas de desmatamento recente;22;AMAZONAS
2021/06;Fogo em áreas de desmatamento recente;17;MARANHÃO
2021/06;Fogo em áreas de desmatamento recente;737;MATO GROSSO
2021/06;Fogo em áreas de desmatamento recente;62;PARÁ
2021/06;Fogo em áreas de desmatamento recente;47;RONDÔNIA
2021/06;Fogo em áreas de desmatamento recente;1;RORAIMA
2021/06;Fogo em áreas de vegetação nativa;3;ACRE
2021/06;Fogo em áreas de vegetação nativa;4;AMAPÁ
2021/06;Fogo em áreas de vegetação nativa;15;AMAZONAS
2021/06;Fogo em áreas de vegetação nativa;1;MARANHÃO
2021/06;Fogo em áreas de vegetação nativa;156;MATO GROSSO
2021/06;Fogo em áreas de vegetação nativa;27;PARÁ
2021/06;Fogo em áreas de vegetação nativa;1;RONDÔNIA
2021/06;Fogo em áreas de vegetação nativa;7;RORAIMA
2021/07;Fogo em áreas de desmatamento consolidado;136;ACRE
2021/07;Fogo em áreas de desmatamento consolidado;1;AMAPÁ
2021/07;Fogo em áreas de desmatamento consolidado;381;AMAZONAS
2021/07;Fogo em áreas de desmatamento consolidado;84;MARANHÃO
2021/07;Fogo em áreas de desmatamento consolidado;400;MATO GROSSO
2021/07;Fogo em áreas de desmatamento consolidado;678;PARÁ
2021/07;Fogo em áreas de desmatamento consolidado;383;RONDÔNIA
2021/07;Fogo em áreas de desmatamento consolidado;1;RORAIMA
2021/07;Fogo em áreas de desmatamento consolidado;20;TOCANTINS
2021/07;Fogo em áreas de desmatamento recente;248;ACRE
2021/07;Fogo em áreas de desmatamento recente;1;AMAPÁ
2021/07;Fogo em áreas de desmatamento recente;647;AMAZONAS
2021/07;Fogo em áreas de desmatamento recente;32;MARANHÃO
2021/07;Fogo em áreas de desmatamento recente;500;MATO GROSSO
2021/07;Fogo em áreas de desmatamento recente;546;PARÁ
2021/07;Fogo em áreas de desmatamento recente;408;RONDÔNIA
2021/07;Fogo em outras áreas;1;AMAZONAS
2021/07;Fogo em outras áreas;2;MATO GROSSO
2021/07;Fogo em outras áreas;1;PARÁ
2021/07;Fogo em áreas de vegetação nativa;49;ACRE
2021/07;Fogo em áreas de vegetação nativa;3;AMAPÁ
2021/07;Fogo em áreas de vegetação nativa;144;AMAZONAS
2021/07;Fogo em áreas de vegetação nativa;1;MARANHÃO
2021/07;Fogo em áreas de vegetação nativa;157;MATO GROSSO
2021/07;Fogo em áreas de vegetação nativa;101;PARÁ
2021/07;Fogo em áreas de vegetação nativa;38;RONDÔNIA
2021/07;Fogo em áreas de vegetação nativa;4;RORAIMA
2021/08;Fogo em áreas de desmatamento consolidado;856;ACRE
2021/08;Fogo em áreas de desmatamento consolidado;7;AMAPÁ
2021/08;Fogo em áreas de desmatamento consolidado;2540;AMAZONAS
2021/08;Fogo em áreas de desmatamento consolidado;213;MARANHÃO
2021/08;Fogo em áreas de desmatamento consolidado;1315;MATO GROSSO
2021/08;Fogo em áreas de desmatamento consolidado;2648;PARÁ
2021/08;Fogo em áreas de desmatamento consolidado;988;RONDÔNIA
2021/08;Fogo em áreas de desmatamento consolidado;7;RORAIMA
2021/08;Fogo em áreas de desmatamento consolidado;36;TOCANTINS
2021/08;Fogo em áreas de desmatamento recente;1991;ACRE
2021/08;Fogo em áreas de desmatamento recente;1;AMAPÁ
2021/08;Fogo em áreas de desmatamento recente;5272;AMAZONAS
2021/08;Fogo em áreas de desmatamento recente;36;MARANHÃO
2021/08;Fogo em áreas de desmatamento recente;1893;MATO GROSSO
2021/08;Fogo em áreas de desmatamento recente;4562;PARÁ
2021/08;Fogo em áreas de desmatamento recente;3021;RONDÔNIA
2021/08;Fogo em áreas de desmatamento recente;9;RORAIMA
2021/08;Fogo em áreas de desmatamento recente;4;TOCANTINS
2021/08;Fogo em outras áreas;6;AMAZONAS
2021/08;Fogo em outras áreas;9;MARANHÃO
2021/08;Fogo em outras áreas;1;MATO GROSSO
2021/08;Fogo em áreas de vegetação nativa;338;ACRE
2021/08;Fogo em áreas de vegetação nativa;11;AMAPÁ
2021/08;Fogo em áreas de vegetação nativa;770;AMAZONAS
2021/08;Fogo em áreas de vegetação nativa;3;MARANHÃO
2021/08;Fogo em áreas de vegetação nativa;587;MATO GROSSO
2021/08;Fogo em áreas de vegetação nativa;571;PARÁ
2021/08;Fogo em áreas de vegetação nativa;284;RONDÔNIA
2021/08;Fogo em áreas de vegetação nativa;3;RORAIMA
2021/09;Fogo em áreas de desmatamento consolidado;1133;ACRE
2021/09;Fogo em áreas de desmatamento consolidado;50;AMAPÁ
2021/09;Fogo em áreas de desmatamento consolidado;997;AMAZONAS
2021/09;Fogo em áreas de desmatamento consolidado;270;MARANHÃO
2021/09;Fogo em áreas de desmatamento consolidado;1324;MATO GROSSO
2021/09;Fogo em áreas de desmatamento consolidado;1812;PARÁ
2021/09;Fogo em áreas de desmatamento consolidado;977;RONDÔNIA
2021/09;Fogo em áreas de desmatamento consolidado;17;RORAIMA
2021/09;Fogo em áreas de desmatamento consolidado;32;TOCANTINS
2021/09;Fogo em áreas de desmatamento recente;2456;ACRE
2021/09;Fogo em áreas de desmatamento recente;3;AMAPÁ
2021/09;Fogo em áreas de desmatamento recente;1528;AMAZONAS
2021/09;Fogo em áreas de desmatamento recente;43;MARANHÃO
2021/09;Fogo em áreas de desmatamento recente;1368;MATO GROSSO
2021/09;Fogo em áreas de desmatamento recente;1731;PARÁ
2021/09;Fogo em áreas de desmatamento recente;1545;RONDÔNIA
2021/09;Fogo em áreas de desmatamento recente;8;RORAIMA
2021/09;Fogo em áreas de desmatamento recente;2;TOCANTINS
2021/09;Fogo em outras áreas;1;ACRE
2021/09;Fogo em outras áreas;2;AMAZONAS
2021/09;Fogo em outras áreas;7;MARANHÃO
2021/09;Fogo em outras áreas;1;MATO GROSSO
2021/09;Fogo em áreas de vegetação nativa;391;ACRE
2021/09;Fogo em áreas de vegetação nativa;84;AMAPÁ
2021/09;Fogo em áreas de vegetação nativa;272;AMAZONAS
2021/09;Fogo em áreas de vegetação nativa;11;MARANHÃO
2021/09;Fogo em áreas de vegetação nativa;419;MATO GROSSO
2021/09;Fogo em áreas de vegetação nativa;232;PARÁ
2021/09;Fogo em áreas de vegetação nativa;110;RONDÔNIA
2021/09;Fogo em áreas de vegetação nativa;29;RORAIMA
2021/10;Fogo em áreas de desmatamento consolidado;354;ACRE
2021/10;Fogo em áreas de desmatamento consolidado;180;AMAPÁ
2021/10;Fogo em áreas de desmatamento consolidado;678;AMAZONAS
2021/10;Fogo em áreas de desmatamento consolidado;740;MARANHÃO
2021/10;Fogo em áreas de desmatamento consolidado;666;MATO GROSSO
2021/10;Fogo em áreas de desmatamento consolidado;2038;PARÁ
2021/10;Fogo em áreas de desmatamento consolidado;640;RONDÔNIA
2021/10;Fogo em áreas de desmatamento consolidado;25;RORAIMA
2021/10;Fogo em áreas de desmatamento consolidado;58;TOCANTINS
2021/10;Fogo em áreas de desmatamento recente;667;ACRE
2021/10;Fogo em áreas de desmatamento recente;40;AMAPÁ
2021/10;Fogo em áreas de desmatamento recente;896;AMAZONAS
2021/10;Fogo em áreas de desmatamento recente;142;MARANHÃO
2021/10;Fogo em áreas de desmatamento recente;390;MATO GROSSO
2021/10;Fogo em áreas de desmatamento recente;1893;PARÁ
2021/10;Fogo em áreas de desmatamento recente;893;RONDÔNIA
2021/10;Fogo em áreas de desmatamento recente;20;RORAIMA
2021/10;Fogo em áreas de desmatamento recente;7;TOCANTINS
2021/10;Fogo em outras áreas;2;AMAPÁ
2021/10;Fogo em outras áreas;3;AMAZONAS
2021/10;Fogo em outras áreas;7;MARANHÃO
2021/10;Fogo em outras áreas;1;PARÁ
2021/10;Fogo em áreas de vegetação nativa;97;ACRE
2021/10;Fogo em áreas de vegetação nativa;179;AMAPÁ
2021/10;Fogo em áreas de vegetação nativa;196;AMAZONAS
2021/10;Fogo em áreas de vegetação nativa;19;MARANHÃO
2021/10;Fogo em áreas de vegetação nativa;72;MATO GROSSO
2021/10;Fogo em áreas de vegetação nativa;317;PARÁ
2021/10;Fogo em áreas de vegetação nativa;225;RONDÔNIA
2021/10;Fogo em áreas de vegetação nativa;80;RORAIMA
2021/10;Fogo em áreas de vegetação nativa;1;TOCANTINS
2021/11;Fogo em áreas de desmatamento consolidado;5;ACRE
2021/11;Fogo em áreas de desmatamento consolidado;56;AMAPÁ
2021/11;Fogo em áreas de desmatamento consolidado;138;AMAZONAS
2021/11;Fogo em áreas de desmatamento consolidado;1038;MARANHÃO
2021/11;Fogo em áreas de desmatamento consolidado;171;MATO GROSSO
2021/11;Fogo em áreas de desmatamento consolidado;2236;PARÁ
2021/11;Fogo em áreas de desmatamento consolidado;66;RONDÔNIA
2021/11;Fogo em áreas de desmatamento consolidado;27;RORAIMA
2021/11;Fogo em áreas de desmatamento consolidado;25;TOCANTINS
2021/11;Fogo em áreas de desmatamento recente;8;ACRE
2021/11;Fogo em áreas de desmatamento recente;10;AMAPÁ
2021/11;Fogo em áreas de desmatamento recente;90;AMAZONAS
2021/11;Fogo em áreas de desmatamento recente;96;MARANHÃO
2021/11;Fogo em áreas de desmatamento recente;71;MATO GROSSO
2021/11;Fogo em áreas de desmatamento recente;1241;PARÁ
2021/11;Fogo em áreas de desmatamento recente;53;RONDÔNIA
2021/11;Fogo em áreas de desmatamento recente;43;RORAIMA
2021/11;Fogo em áreas de desmatamento recente;3;TOCANTINS
2021/11;Fogo em outras áreas;3;AMAZONAS
2021/11;Fogo em outras áreas;33;MARANHÃO
2021/11;Fogo em áreas de vegetação nativa;1;ACRE
2021/11;Fogo em áreas de vegetação nativa;37;AMAPÁ
2021/11;Fogo em áreas de vegetação nativa;17;AMAZONAS
2021/11;Fogo em áreas de vegetação nativa;25;MARANHÃO
2021/11;Fogo em áreas de vegetação nativa;15;MATO GROSSO
2021/11;Fogo em áreas de vegetação nativa;171;PARÁ
2021/11;Fogo em áreas de vegetação nativa;6;RONDÔNIA
2021/11;Fogo em áreas de vegetação nativa;104;RORAIMA
2021/12;Fogo em áreas de desmatamento consolidado;1;ACRE
2021/12;Fogo em áreas de desmatamento consolidado;4;AMAPÁ
2021/12;Fogo em áreas de desmatamento consolidado;27;AMAZONAS
2021/12;Fogo em áreas de desmatamento consolidado;548;MARANHÃO
2021/12;Fogo em áreas de desmatamento consolidado;127;MATO GROSSO
2021/12;Fogo em áreas de desmatamento consolidado;461;PARÁ
2021/12;Fogo em áreas de desmatamento consolidado;14;RONDÔNIA
2021/12;Fogo em áreas de desmatamento consolidado;17;RORAIMA
2021/12;Fogo em áreas de desmatamento consolidado;9;TOCANTINS
2021/12;Fogo em áreas de desmatamento recente;16;AMAZONAS
2021/12;Fogo em áreas de desmatamento recente;40;MARANHÃO
2021/12;Fogo em áreas de desmatamento recente;36;MATO GROSSO
2021/12;Fogo em áreas de desmatamento recente;162;PARÁ
2021/12;Fogo em áreas de desmatamento recente;16;RONDÔNIA
2021/12;Fogo em áreas de desmatamento recente;9;RORAIMA
2021/12;Fogo em outras áreas;9;MARANHÃO
2021/12;Fogo em áreas de vegetação nativa;1;AMAPÁ
2021/12;Fogo em áreas de vegetação nativa;14;MARANHÃO
2021/12;Fogo em áreas de vegetação nativa;4;MATO GROSSO
2021/12;Fogo em áreas de vegetação nativa;25;PARÁ
2021/12;Fogo em áreas de vegetação nativa;1;RONDÔNIA
2021/12;Fogo em áreas de vegetação nativa;58;RORAIMA
2020/01;Fogo em áreas de desmatamento consolidado;4;ACRE
2020/01;Fogo em áreas de desmatamento consolidado;2;AMAPÁ
2020/01;Fogo em áreas de desmatamento consolidado;112;AMAZONAS
2020/01;Fogo em áreas de desmatamento consolidado;12;MARANHÃO
2020/01;Fogo em áreas de desmatamento consolidado;336;MATO GROSSO
2020/01;Fogo em áreas de desmatamento consolidado;167;PARÁ
2020/01;Fogo em áreas de desmatamento consolidado;33;RONDÔNIA
2020/01;Fogo em áreas de desmatamento consolidado;59;RORAIMA
2020/01;Fogo em áreas de desmatamento consolidado;3;TOCANTINS
2020/01;Fogo em áreas de desmatamento recente;12;ACRE
2020/01;Fogo em áreas de desmatamento recente;51;AMAZONAS
2020/01;Fogo em áreas de desmatamento recente;96;MATO GROSSO
2020/01;Fogo em áreas de desmatamento recente;48;PARÁ
2020/01;Fogo em áreas de desmatamento recente;19;RONDÔNIA
2020/01;Fogo em áreas de desmatamento recente;65;RORAIMA
2020/01;Fogo em áreas de vegetação nativa;34;AMAZONAS
2020/01;Fogo em áreas de vegetação nativa;3;MARANHÃO
2020/01;Fogo em áreas de vegetação nativa;3;MATO GROSSO
2020/01;Fogo em áreas de vegetação nativa;8;PARÁ
2020/01;Fogo em áreas de vegetação nativa;173;RORAIMA
2020/02;Fogo em áreas de desmatamento consolidado;32;AMAZONAS
2020/02;Fogo em áreas de desmatamento consolidado;7;MARANHÃO
2020/02;Fogo em áreas de desmatamento consolidado;515;MATO GROSSO
2020/02;Fogo em áreas de desmatamento consolidado;46;PARÁ
2020/02;Fogo em áreas de desmatamento consolidado;22;RONDÔNIA
2020/02;Fogo em áreas de desmatamento consolidado;79;RORAIMA
2020/02;Fogo em áreas de desmatamento consolidado;2;TOCANTINS
2020/02;Fogo em áreas de desmatamento recente;23;AMAZONAS
2020/02;Fogo em áreas de desmatamento recente;46;MATO GROSSO
2020/02;Fogo em áreas de desmatamento recente;8;PARÁ
2020/02;Fogo em áreas de desmatamento recente;10;RONDÔNIA
2020/02;Fogo em áreas de desmatamento recente;79;RORAIMA
2020/02;Fogo em outras áreas;1;RORAIMA
2020/02;Fogo em áreas de vegetação nativa;1;AMAPÁ
2020/02;Fogo em áreas de vegetação nativa;18;AMAZONAS
2020/02;Fogo em áreas de vegetação nativa;1;MATO GROSSO
2020/02;Fogo em áreas de vegetação nativa;8;PARÁ
2020/02;Fogo em áreas de vegetação nativa;4;RONDÔNIA
2020/02;Fogo em áreas de vegetação nativa;323;RORAIMA
2020/03;Fogo em áreas de desmatamento consolidado;1;ACRE
2020/03;Fogo em áreas de desmatamento consolidado;1;AMAPÁ
2020/03;Fogo em áreas de desmatamento consolidado;43;AMAZONAS
2020/03;Fogo em áreas de desmatamento consolidado;758;MATO GROSSO
2020/03;Fogo em áreas de desmatamento consolidado;47;PARÁ
2020/03;Fogo em áreas de desmatamento consolidado;30;RONDÔNIA
2020/03;Fogo em áreas de desmatamento consolidado;199;RORAIMA
2020/03;Fogo em áreas de desmatamento consolidado;3;TOCANTINS
2020/03;Fogo em áreas de desmatamento recente;15;AMAZONAS
2020/03;Fogo em áreas de desmatamento recente;1;MARANHÃO
2020/03;Fogo em áreas de desmatamento recente;70;MATO GROSSO
2020/03;Fogo em áreas de desmatamento recente;10;PARÁ
2020/03;Fogo em áreas de desmatamento recente;5;RONDÔNIA
2020/03;Fogo em áreas de desmatamento recente;271;RORAIMA
2020/03;Fogo em outras áreas;1;MATO GROSSO
2020/03;Fogo em áreas de vegetação nativa;18;AMAZONAS
2020/03;Fogo em áreas de vegetação nativa;2;MATO GROSSO
2020/03;Fogo em áreas de vegetação nativa;5;PARÁ
2020/03;Fogo em áreas de vegetação nativa;225;RORAIMA
2020/04;Fogo em áreas de desmatamento consolidado;4;ACRE
2020/04;Fogo em áreas de desmatamento consolidado;10;AMAZONAS
2020/04;Fogo em áreas de desmatamento consolidado;1;MARANHÃO
2020/04;Fogo em áreas de desmatamento consolidado;494;MATO GROSSO
2020/04;Fogo em áreas de desmatamento consolidado;32;PARÁ
2020/04;Fogo em áreas de desmatamento consolidado;14;RONDÔNIA
2020/04;Fogo em áreas de desmatamento consolidado;72;RORAIMA
2020/04;Fogo em áreas de desmatamento consolidado;1;TOCANTINS
2020/04;Fogo em áreas de desmatamento recente;1;AMAZONAS
2020/04;Fogo em áreas de desmatamento recente;99;MATO GROSSO
2020/04;Fogo em áreas de desmatamento recente;1;PARÁ
2020/04;Fogo em áreas de desmatamento recente;17;RONDÔNIA
2020/04;Fogo em áreas de desmatamento recente;53;RORAIMA
2020/04;Fogo em áreas de vegetação nativa;1;AMAZONAS
2020/04;Fogo em áreas de vegetação nativa;4;MATO GROSSO
2020/04;Fogo em áreas de vegetação nativa;1;PARÁ
2020/04;Fogo em áreas de vegetação nativa;40;RORAIMA
2020/05;Fogo em áreas de desmatamento consolidado;20;ACRE
2020/05;Fogo em áreas de desmatamento consolidado;10;AMAZONAS
2020/05;Fogo em áreas de desmatamento consolidado;14;MARANHÃO
2020/05;Fogo em áreas de desmatamento consolidado;319;MATO GROSSO
2020/05;Fogo em áreas de desmatamento consolidado;58;PARÁ
2020/05;Fogo em áreas de desmatamento consolidado;37;RONDÔNIA
2020/05;Fogo em áreas de desmatamento consolidado;1;RORAIMA
2020/05;Fogo em áreas de desmatamento consolidado;7;TOCANTINS
2020/05;Fogo em áreas de desmatamento recente;18;ACRE
2020/05;Fogo em áreas de desmatamento recente;5;AMAZONAS
2020/05;Fogo em áreas de desmatamento recente;4;MARANHÃO
2020/05;Fogo em áreas de desmatamento recente;271;MATO GROSSO
2020/05;Fogo em áreas de desmatamento recente;12;PARÁ
2020/05;Fogo em áreas de desmatamento recente;17;RONDÔNIA
2020/05;Fogo em áreas de desmatamento recente;2;RORAIMA
2020/05;Fogo em outras áreas;1;RORAIMA
2020/05;Fogo em áreas de vegetação nativa;1;ACRE
2020/05;Fogo em áreas de vegetação nativa;32;MATO GROSSO
2020/05;Fogo em áreas de vegetação nativa;2;PARÁ
2020/05;Fogo em áreas de vegetação nativa;1;RONDÔNIA
2020/05;Fogo em áreas de vegetação nativa;7;RORAIMA
2020/06;Fogo em áreas de desmatamento consolidado;35;ACRE
2020/06;Fogo em áreas de desmatamento consolidado;85;AMAZONAS
2020/06;Fogo em áreas de desmatamento consolidado;47;MARANHÃO
2020/06;Fogo em áreas de desmatamento consolidado;643;MATO GROSSO
2020/06;Fogo em áreas de desmatamento consolidado;336;PARÁ
2020/06;Fogo em áreas de desmatamento consolidado;88;RONDÔNIA
2020/06;Fogo em áreas de desmatamento consolidado;2;RORAIMA
2020/06;Fogo em áreas de desmatamento consolidado;26;TOCANTINS
2020/06;Fogo em áreas de desmatamento recente;36;ACRE
2020/06;Fogo em áreas de desmatamento recente;15;AMAZONAS
2020/06;Fogo em áreas de desmatamento recente;33;MARANHÃO
2020/06;Fogo em áreas de desmatamento recente;619;MATO GROSSO
2020/06;Fogo em áreas de desmatamento recente;97;PARÁ
2020/06;Fogo em áreas de desmatamento recente;47;RONDÔNIA
2020/06;Fogo em áreas de desmatamento recente;1;RORAIMA
2020/06;Fogo em áreas de desmatamento recente;1;TOCANTINS
2020/06;Fogo em áreas de vegetação nativa;3;AMAPÁ
2020/06;Fogo em áreas de vegetação nativa;22;AMAZONAS
2020/06;Fogo em áreas de vegetação nativa;126;MATO GROSSO
2020/06;Fogo em áreas de vegetação nativa;19;PARÁ
2020/06;Fogo em áreas de vegetação nativa;2;RONDÔNIA
2020/06;Fogo em áreas de vegetação nativa;1;RORAIMA
2020/07;Fogo em áreas de desmatamento consolidado;124;ACRE
2020/07;Fogo em áreas de desmatamento consolidado;1;AMAPÁ
2020/07;Fogo em áreas de desmatamento consolidado;834;AMAZONAS
2020/07;Fogo em áreas de desmatamento consolidado;191;MARANHÃO
2020/07;Fogo em áreas de desmatamento consolidado;410;MATO GROSSO
2020/07;Fogo em áreas de desmatamento consolidado;1410;PARÁ
2020/07;Fogo em áreas de desmatamento consolidado;200;RONDÔNIA
2020/07;Fogo em áreas de desmatamento consolidado;5;RORAIMA
2020/07;Fogo em áreas de desmatamento consolidado;24;TOCANTINS
2020/07;Fogo em áreas de desmatamento recente;172;ACRE
2020/07;Fogo em áreas de desmatamento recente;1026;AMAZONAS
2020/07;Fogo em áreas de desmatamento recente;38;MARANHÃO
2020/07;Fogo em áreas de desmatamento recente;411;MATO GROSSO
2020/07;Fogo em áreas de desmatamento recente;1011;PARÁ
2020/07;Fogo em áreas de desmatamento recente;151;RONDÔNIA
2020/07;Fogo em áreas de desmatamento recente;1;RORAIMA
2020/07;Fogo em áreas de desmatamento recente;4;TOCANTINS
2020/07;Fogo em outras áreas;2;AMAZONAS
2020/07;Fogo em outras áreas;1;MARANHÃO
2020/07;Fogo em outras áreas;1;PARÁ
2020/07;Fogo em áreas de vegetação nativa;39;ACRE
2020/07;Fogo em áreas de vegetação nativa;1;AMAPÁ
2020/07;Fogo em áreas de vegetação nativa;257;AMAZONAS
2020/07;Fogo em áreas de vegetação nativa;8;MARANHÃO
2020/07;Fogo em áreas de vegetação nativa;168;MATO GROSSO
2020/07;Fogo em áreas de vegetação nativa;229;PARÁ
2020/07;Fogo em áreas de vegetação nativa;67;RONDÔNIA
2020/07;Fogo em áreas de vegetação nativa;3;RORAIMA
2020/08;Fogo em áreas de desmatamento consolidado;1023;ACRE
2020/08;Fogo em áreas de desmatamento consolidado;7;AMAPÁ
2020/08;Fogo em áreas de desmatamento consolidado;2744;AMAZONAS
2020/08;Fogo em áreas de desmatamento consolidado;251;MARANHÃO
2020/08;Fogo em áreas de desmatamento consolidado;1261;MATO GROSSO
2020/08;Fogo em áreas de desmatamento consolidado;3915;PARÁ
2020/08;Fogo em áreas de desmatamento consolidado;817;RONDÔNIA
2020/08;Fogo em áreas de desmatamento consolidado;5;RORAIMA
2020/08;Fogo em áreas de desmatamento consolidado;46;TOCANTINS
2020/08;Fogo em áreas de desmatamento recente;2173;ACRE
2020/08;Fogo em áreas de desmatamento recente;2;AMAPÁ
2020/08;Fogo em áreas de desmatamento recente;4286;AMAZONAS
2020/08;Fogo em áreas de desmatamento recente;50;MARANHÃO
2020/08;Fogo em áreas de desmatamento recente;1629;MATO GROSSO
2020/08;Fogo em áreas de desmatamento recente;5965;PARÁ
2020/08;Fogo em áreas de desmatamento recente;1921;RONDÔNIA
2020/08;Fogo em áreas de desmatamento recente;1;RORAIMA
2020/08;Fogo em áreas de desmatamento recente;4;TOCANTINS
2020/08;Fogo em outras áreas;32;AMAZONAS
2020/08;Fogo em outras áreas;3;MARANHÃO
2020/08;Fogo em outras áreas;2;MATO GROSSO
2020/08;Fogo em outras áreas;8;PARÁ
2020/08;Fogo em outras áreas;4;RONDÔNIA
2020/08;Fogo em áreas de vegetação nativa;382;ACRE
2020/08;Fogo em áreas de vegetação nativa;7;AMAPÁ
2020/08;Fogo em áreas de vegetação nativa;968;AMAZONAS
2020/08;Fogo em áreas de vegetação nativa;9;MARANHÃO
2020/08;Fogo em áreas de vegetação nativa;481;MATO GROSSO
2020/08;Fogo em áreas de vegetação nativa;889;PARÁ
2020/08;Fogo em áreas de vegetação nativa;321;RONDÔNIA
2020/08;Fogo em áreas de vegetação nativa;8;RORAIMA
2020/08;Fogo em áreas de vegetação nativa;1;TOCANTINS
2020/09;Fogo em áreas de desmatamento consolidado;945;ACRE
2020/09;Fogo em áreas de desmatamento consolidado;24;AMAPÁ
2020/09;Fogo em áreas de desmatamento consolidado;1697;AMAZONAS
2020/09;Fogo em áreas de desmatamento consolidado;335;MARANHÃO
2020/09;Fogo em áreas de desmatamento consolidado;3318;MATO GROSSO
2020/09;Fogo em áreas de desmatamento consolidado;4693;PARÁ
2020/09;Fogo em áreas de desmatamento consolidado;1414;RONDÔNIA
2020/09;Fogo em áreas de desmatamento consolidado;18;RORAIMA
2020/09;Fogo em áreas de desmatamento consolidado;310;TOCANTINS
2020/09;Fogo em áreas de desmatamento recente;1982;ACRE
2020/09;Fogo em áreas de desmatamento recente;7;AMAPÁ
2020/09;Fogo em áreas de desmatamento recente;2031;AMAZONAS
2020/09;Fogo em áreas de desmatamento recente;54;MARANHÃO
2020/09;Fogo em áreas de desmatamento recente;2990;MATO GROSSO
2020/09;Fogo em áreas de desmatamento recente;4277;PARÁ
2020/09;Fogo em áreas de desmatamento recente;2416;RONDÔNIA
2020/09;Fogo em áreas de desmatamento recente;17;RORAIMA
2020/09;Fogo em áreas de desmatamento recente;12;TOCANTINS
2020/09;Fogo em outras áreas;12;AMAZONAS
2020/09;Fogo em outras áreas;5;MARANHÃO
2020/09;Fogo em outras áreas;4;MATO GROSSO
2020/09;Fogo em outras áreas;1;PARÁ
2020/09;Fogo em outras áreas;3;RONDÔNIA
2020/09;Fogo em áreas de vegetação nativa;428;ACRE
2020/09;Fogo em áreas de vegetação nativa;53;AMAPÁ
2020/09;Fogo em áreas de vegetação nativa;530;AMAZONAS
2020/09;Fogo em áreas de vegetação nativa;40;MARANHÃO
2020/09;Fogo em áreas de vegetação nativa;2226;MATO GROSSO
2020/09;Fogo em áreas de vegetação nativa;1515;PARÁ
2020/09;Fogo em áreas de vegetação nativa;324;RONDÔNIA
2020/09;Fogo em áreas de vegetação nativa;27;RORAIMA
2020/09;Fogo em áreas de vegetação nativa;4;TOCANTINS
2020/10;Fogo em áreas de desmatamento consolidado;495;ACRE
2020/10;Fogo em áreas de desmatamento consolidado;201;AMAPÁ
2020/10;Fogo em áreas de desmatamento consolidado;577;AMAZONAS
2020/10;Fogo em áreas de desmatamento consolidado;571;MARANHÃO
2020/10;Fogo em áreas de desmatamento consolidado;1276;MATO GROSSO
2020/10;Fogo em áreas de desmatamento consolidado;3903;PARÁ
2020/10;Fogo em áreas de desmatamento consolidado;872;RONDÔNIA
2020/10;Fogo em áreas de desmatamento consolidado;29;RORAIMA
2020/10;Fogo em áreas de desmatamento consolidado;78;TOCANTINS
2020/10;Fogo em áreas de desmatamento recente;1038;ACRE
2020/10;Fogo em áreas de desmatamento recente;59;AMAPÁ
2020/10;Fogo em áreas de desmatamento recente;544;AMAZONAS
2020/10;Fogo em áreas de desmatamento recente;95;MARANHÃO
2020/10;Fogo em áreas de desmatamento recente;839;MATO GROSSO
2020/10;Fogo em áreas de desmatamento recente;3343;PARÁ
2020/10;Fogo em áreas de desmatamento recente;1252;RONDÔNIA
2020/10;Fogo em áreas de desmatamento recente;34;RORAIMA
2020/10;Fogo em áreas de desmatamento recente;8;TOCANTINS
2020/10;Fogo em outras áreas;4;AMAZONAS
2020/10;Fogo em outras áreas;1;MARANHÃO
2020/10;Fogo em outras áreas;2;MATO GROSSO
2020/10;Fogo em outras áreas;1;PARÁ
2020/10;Fogo em áreas de vegetação nativa;119;ACRE
2020/10;Fogo em áreas de vegetação nativa;267;AMAPÁ
2020/10;Fogo em áreas de vegetação nativa;140;AMAZONAS
2020/10;Fogo em áreas de vegetação nativa;69;MARANHÃO
2020/10;Fogo em áreas de vegetação nativa;392;MATO GROSSO
2020/10;Fogo em áreas de vegetação nativa;713;PARÁ
2020/10;Fogo em áreas de vegetação nativa;283;RONDÔNIA
2020/10;Fogo em áreas de vegetação nativa;50;RORAIMA
2020/10;Fogo em áreas de vegetação nativa;2;TOCANTINS
2020/11;Fogo em áreas de desmatamento consolidado;44;ACRE
2020/11;Fogo em áreas de desmatamento consolidado;33;AMAPÁ
2020/11;Fogo em áreas de desmatamento consolidado;188;AMAZONAS
2020/11;Fogo em áreas de desmatamento consolidado;1077;MARANHÃO
2020/11;Fogo em áreas de desmatamento consolidado;616;MATO GROSSO
2020/11;Fogo em áreas de desmatamento consolidado;1923;PARÁ
2020/11;Fogo em áreas de desmatamento consolidado;224;RONDÔNIA
2020/11;Fogo em áreas de desmatamento consolidado;3;RORAIMA
2020/11;Fogo em áreas de desmatamento consolidado;49;TOCANTINS
2020/11;Fogo em áreas de desmatamento recente;76;ACRE
2020/11;Fogo em áreas de desmatamento recente;12;AMAPÁ
2020/11;Fogo em áreas de desmatamento recente;146;AMAZONAS
2020/11;Fogo em áreas de desmatamento recente;116;MARANHÃO
2020/11;Fogo em áreas de desmatamento recente;330;MATO GROSSO
2020/11;Fogo em áreas de desmatamento recente;877;PARÁ
2020/11;Fogo em áreas de desmatamento recente;222;RONDÔNIA
2020/11;Fogo em áreas de desmatamento recente;2;RORAIMA
2020/11;Fogo em outras áreas;2;AMAZONAS
2020/11;Fogo em outras áreas;11;MARANHÃO
2020/11;Fogo em outras áreas;2;PARÁ
2020/11;Fogo em áreas de vegetação nativa;9;ACRE
2020/11;Fogo em áreas de vegetação nativa;31;AMAPÁ
2020/11;Fogo em áreas de vegetação nativa;38;AMAZONAS
2020/11;Fogo em áreas de vegetação nativa;13;MARANHÃO
2020/11;Fogo em áreas de vegetação nativa;84;MATO GROSSO
2020/11;Fogo em áreas de vegetação nativa;146;PARÁ
2020/11;Fogo em áreas de vegetação nativa;59;RONDÔNIA
2020/11;Fogo em áreas de vegetação nativa;14;RORAIMA
2020/11;Fogo em áreas de vegetação nativa;2;TOCANTINS
2020/12;Fogo em áreas de desmatamento consolidado;3;ACRE
2020/12;Fogo em áreas de desmatamento consolidado;24;AMAPÁ
2020/12;Fogo em áreas de desmatamento consolidado;90;AMAZONAS
2020/12;Fogo em áreas de desmatamento consolidado;416;MARANHÃO
2020/12;Fogo em áreas de desmatamento consolidado;247;MATO GROSSO
2020/12;Fogo em áreas de desmatamento consolidado;1390;PARÁ
2020/12;Fogo em áreas de desmatamento consolidado;81;RONDÔNIA
2020/12;Fogo em áreas de desmatamento consolidado;23;RORAIMA
2020/12;Fogo em áreas de desmatamento consolidado;19;TOCANTINS
2020/12;Fogo em áreas de desmatamento recente;8;ACRE
2020/12;Fogo em áreas de desmatamento recente;5;AMAPÁ
2020/12;Fogo em áreas de desmatamento recente;71;AMAZONAS
2020/12;Fogo em áreas de desmatamento recente;60;MARANHÃO
2020/12;Fogo em áreas de desmatamento recente;134;MATO GROSSO
2020/12;Fogo em áreas de desmatamento recente;699;PARÁ
2020/12;Fogo em áreas de desmatamento recente;53;RONDÔNIA
2020/12;Fogo em áreas de desmatamento recente;18;RORAIMA
2020/12;Fogo em áreas de desmatamento recente;6;TOCANTINS
2020/12;Fogo em outras áreas;2;AMAZONAS
2020/12;Fogo em outras áreas;4;MARANHÃO
2020/12;Fogo em outras áreas;1;PARÁ
2020/12;Fogo em áreas de vegetação nativa;9;AMAPÁ
2020/12;Fogo em áreas de vegetação nativa;12;AMAZONAS
2020/12;Fogo em áreas de vegetação nativa;7;MARANHÃO
2020/12;Fogo em áreas de vegetação nativa;7;MATO GROSSO
2020/12;Fogo em áreas de vegetação nativa;87;PARÁ
2020/12;Fogo em áreas de vegetação nativa;10;RONDÔNIA
2020/12;Fogo em áreas de vegetação nativa;17;RORAIMA
2019/01;Fogo em áreas de desmatamento consolidado;1;ACRE
2019/01;Fogo em áreas de desmatamento consolidado;2;AMAPÁ
2019/01;Fogo em áreas de desmatamento consolidado;22;AMAZONAS
2019/01;Fogo em áreas de desmatamento consolidado;248;MARANHÃO
2019/01;Fogo em áreas de desmatamento consolidado;264;MATO GROSSO
2019/01;Fogo em áreas de desmatamento consolidado;259;PARÁ
2019/01;Fogo em áreas de desmatamento consolidado;14;RONDÔNIA
2019/01;Fogo em áreas de desmatamento consolidado;84;RORAIMA
2019/01;Fogo em áreas de desmatamento consolidado;3;TOCANTINS
2019/01;Fogo em áreas de desmatamento recente;1;AMAPÁ
2019/01;Fogo em áreas de desmatamento recente;5;AMAZONAS
2019/01;Fogo em áreas de desmatamento recente;19;MARANHÃO
2019/01;Fogo em áreas de desmatamento recente;90;MATO GROSSO
2019/01;Fogo em áreas de desmatamento recente;84;PARÁ
2019/01;Fogo em áreas de desmatamento recente;12;RONDÔNIA
2019/01;Fogo em áreas de desmatamento recente;66;RORAIMA
2019/01;Fogo em outras áreas;2;MARANHÃO
2019/01;Fogo em áreas de vegetação nativa;1;AMAPÁ
2019/01;Fogo em áreas de vegetação nativa;8;AMAZONAS
2019/01;Fogo em áreas de vegetação nativa;2;MARANHÃO
2019/01;Fogo em áreas de vegetação nativa;8;MATO GROSSO
2019/01;Fogo em áreas de vegetação nativa;10;PARÁ
2019/01;Fogo em áreas de vegetação nativa;232;RORAIMA
2019/02;Fogo em áreas de desmatamento consolidado;1;ACRE
2019/02;Fogo em áreas de desmatamento consolidado;58;AMAZONAS
2019/02;Fogo em áreas de desmatamento consolidado;8;MARANHÃO
2019/02;Fogo em áreas de desmatamento consolidado;509;MATO GROSSO
2019/02;Fogo em áreas de desmatamento consolidado;65;PARÁ
2019/02;Fogo em áreas de desmatamento consolidado;18;RONDÔNIA
2019/02;Fogo em áreas de desmatamento consolidado;232;RORAIMA
2019/02;Fogo em áreas de desmatamento consolidado;2;TOCANTINS
2019/02;Fogo em áreas de desmatamento recente;10;AMAZONAS
2019/02;Fogo em áreas de desmatamento recente;1;MARANHÃO
2019/02;Fogo em áreas de desmatamento recente;53;MATO GROSSO
2019/02;Fogo em áreas de desmatamento recente;13;PARÁ
2019/02;Fogo em áreas de desmatamento recente;3;RONDÔNIA
2019/02;Fogo em áreas de desmatamento recente;152;RORAIMA
2019/02;Fogo em outras áreas;3;AMAZONAS
2019/02;Fogo em áreas de vegetação nativa;19;AMAZONAS
2019/02;Fogo em áreas de vegetação nativa;2;MATO GROSSO
2019/02;Fogo em áreas de vegetação nativa;1;RONDÔNIA
2019/02;Fogo em áreas de vegetação nativa;245;RORAIMA
2019/03;Fogo em áreas de desmatamento consolidado;2;ACRE
2019/03;Fogo em áreas de desmatamento consolidado;37;AMAZONAS
2019/03;Fogo em áreas de desmatamento consolidado;3;MARANHÃO
2019/03;Fogo em áreas de desmatamento consolidado;751;MATO GROSSO
2019/03;Fogo em áreas de desmatamento consolidado;36;PARÁ
2019/03;Fogo em áreas de desmatamento consolidado;21;RONDÔNIA
2019/03;Fogo em áreas de desmatamento consolidado;855;RORAIMA
2019/03;Fogo em áreas de desmatamento consolidado;4;TOCANTINS
2019/03;Fogo em áreas de desmatamento recente;23;AMAZONAS
2019/03;Fogo em áreas de desmatamento recente;67;MATO GROSSO
2019/03;Fogo em áreas de desmatamento recente;5;PARÁ
2019/03;Fogo em áreas de desmatamento recente;4;RONDÔNIA
2019/03;Fogo em áreas de desmatamento recente;601;RORAIMA
2019/03;Fogo em outras áreas;2;AMAZONAS
2019/03;Fogo em outras áreas;2;RORAIMA
2019/03;Fogo em áreas de vegetação nativa;52;AMAZONAS
2019/03;Fogo em áreas de vegetação nativa;4;MATO GROSSO
2019/03;Fogo em áreas de vegetação nativa;3;PARÁ
2019/03;Fogo em áreas de vegetação nativa;972;RORAIMA
2019/04;Fogo em áreas de desmatamento consolidado;4;ACRE
2019/04;Fogo em áreas de desmatamento consolidado;8;AMAZONAS
2019/04;Fogo em áreas de desmatamento consolidado;2;MARANHÃO
2019/04;Fogo em áreas de desmatamento consolidado;438;MATO GROSSO
2019/04;Fogo em áreas de desmatamento consolidado;25;PARÁ
2019/04;Fogo em áreas de desmatamento consolidado;15;RONDÔNIA
2019/04;Fogo em áreas de desmatamento consolidado;331;RORAIMA
2019/04;Fogo em áreas de desmatamento consolidado;2;TOCANTINS
2019/04;Fogo em áreas de desmatamento recente;2;ACRE
2019/04;Fogo em áreas de desmatamento recente;1;AMAZONAS
2019/04;Fogo em áreas de desmatamento recente;83;MATO GROSSO
2019/04;Fogo em áreas de desmatamento recente;3;PARÁ
2019/04;Fogo em áreas de desmatamento recente;7;RONDÔNIA
2019/04;Fogo em áreas de desmatamento recente;347;RORAIMA
2019/04;Fogo em outras áreas;1;RORAIMA
2019/04;Fogo em áreas de vegetação nativa;1;AMAZONAS
2019/04;Fogo em áreas de vegetação nativa;1;MATO GROSSO
2019/04;Fogo em áreas de vegetação nativa;4;PARÁ
2019/04;Fogo em áreas de vegetação nativa;1;RONDÔNIA
2019/04;Fogo em áreas de vegetação nativa;454;RORAIMA
2019/05;Fogo em áreas de desmatamento consolidado;21;ACRE
2019/05;Fogo em áreas de desmatamento consolidado;15;AMAZONAS
2019/05;Fogo em áreas de desmatamento consolidado;7;MARANHÃO
2019/05;Fogo em áreas de desmatamento consolidado;365;MATO GROSSO
2019/05;Fogo em áreas de desmatamento consolidado;65;PARÁ
2019/05;Fogo em áreas de desmatamento consolidado;28;RONDÔNIA
2019/05;Fogo em áreas de desmatamento consolidado;12;RORAIMA
2019/05;Fogo em áreas de desmatamento consolidado;4;TOCANTINS
2019/05;Fogo em áreas de desmatamento recente;10;ACRE
2019/05;Fogo em áreas de desmatamento recente;1;AMAZONAS
2019/05;Fogo em áreas de desmatamento recente;1;MARANHÃO
2019/05;Fogo em áreas de desmatamento recente;332;MATO GROSSO
2019/05;Fogo em áreas de desmatamento recente;7;PARÁ
2019/05;Fogo em áreas de desmatamento recente;15;RONDÔNIA
2019/05;Fogo em áreas de desmatamento recente;1;RORAIMA
2019/05;Fogo em áreas de desmatamento recente;4;TOCANTINS
2019/05;Fogo em outras áreas;2;MATO GROSSO
2019/05;Fogo em áreas de vegetação nativa;2;ACRE
2019/05;Fogo em áreas de vegetação nativa;5;AMAZONAS
2019/05;Fogo em áreas de vegetação nativa;1;MARANHÃO
2019/05;Fogo em áreas de vegetação nativa;44;MATO GROSSO
2019/05;Fogo em áreas de vegetação nativa;3;PARÁ
2019/05;Fogo em áreas de vegetação nativa;2;RONDÔNIA
2019/05;Fogo em áreas de vegetação nativa;8;RORAIMA
2019/06;Fogo em áreas de desmatamento consolidado;23;ACRE
2019/06;Fogo em áreas de desmatamento consolidado;32;AMAZONAS
2019/06;Fogo em áreas de desmatamento consolidado;19;MARANHÃO
2019/06;Fogo em áreas de desmatamento consolidado;498;MATO GROSSO
2019/06;Fogo em áreas de desmatamento consolidado;192;PARÁ
2019/06;Fogo em áreas de desmatamento consolidado;111;RONDÔNIA
2019/06;Fogo em áreas de desmatamento consolidado;1;RORAIMA
2019/06;Fogo em áreas de desmatamento consolidado;4;TOCANTINS
2019/06;Fogo em áreas de desmatamento recente;35;ACRE
2019/06;Fogo em áreas de desmatamento recente;17;AMAZONAS
2019/06;Fogo em áreas de desmatamento recente;5;MARANHÃO
2019/06;Fogo em áreas de desmatamento recente;622;MATO GROSSO
2019/06;Fogo em áreas de desmatamento recente;61;PARÁ
2019/06;Fogo em áreas de desmatamento recente;49;RONDÔNIA
2019/06;Fogo em áreas de desmatamento recente;1;TOCANTINS
2019/06;Fogo em áreas de vegetação nativa;2;ACRE
2019/06;Fogo em áreas de vegetação nativa;8;AMAZONAS
2019/06;Fogo em áreas de vegetação nativa;176;MATO GROSSO
2019/06;Fogo em áreas de vegetação nativa;17;PARÁ
2019/06;Fogo em áreas de vegetação nativa;3;RONDÔNIA
2019/06;Fogo em áreas de vegetação nativa;1;RORAIMA
2019/07;Fogo em áreas de desmatamento consolidado;117;ACRE
2019/07;Fogo em áreas de desmatamento consolidado;2;AMAPÁ
2019/07;Fogo em áreas de desmatamento consolidado;368;AMAZONAS
2019/07;Fogo em áreas de desmatamento consolidado;73;MARANHÃO
2019/07;Fogo em áreas de desmatamento consolidado;495;MATO GROSSO
2019/07;Fogo em áreas de desmatamento consolidado;742;PARÁ
2019/07;Fogo em áreas de desmatamento consolidado;288;RONDÔNIA
2019/07;Fogo em áreas de desmatamento consolidado;1;RORAIMA
2019/07;Fogo em áreas de desmatamento consolidado;17;TOCANTINS
2019/07;Fogo em áreas de desmatamento recente;130;ACRE
2019/07;Fogo em áreas de desmatamento recente;1;AMAPÁ
2019/07;Fogo em áreas de desmatamento recente;854;AMAZONAS
2019/07;Fogo em áreas de desmatamento recente;12;MARANHÃO
2019/07;Fogo em áreas de desmatamento recente;680;MATO GROSSO
2019/07;Fogo em áreas de desmatamento recente;571;PARÁ
2019/07;Fogo em áreas de desmatamento recente;407;RONDÔNIA
2019/07;Fogo em áreas de desmatamento recente;1;TOCANTINS
2019/07;Fogo em outras áreas;1;MARANHÃO
2019/07;Fogo em áreas de vegetação nativa;25;ACRE
2019/07;Fogo em áreas de vegetação nativa;1;AMAPÁ
2019/07;Fogo em áreas de vegetação nativa;149;AMAZONAS
2019/07;Fogo em áreas de vegetação nativa;250;MATO GROSSO
2019/07;Fogo em áreas de vegetação nativa;94;PARÁ
2019/07;Fogo em áreas de vegetação nativa;62;RONDÔNIA
2019/07;Fogo em áreas de vegetação nativa;3;RORAIMA
2019/08;Fogo em áreas de desmatamento consolidado;975;ACRE
2019/08;Fogo em áreas de desmatamento consolidado;6;AMAPÁ
2019/08;Fogo em áreas de desmatamento consolidado;2377;AMAZONAS
2019/08;Fogo em áreas de desmatamento consolidado;165;MARANHÃO
2019/08;Fogo em áreas de desmatamento consolidado;1879;MATO GROSSO
2019/08;Fogo em áreas de desmatamento consolidado;4284;PARÁ
2019/08;Fogo em áreas de desmatamento consolidado;1711;RONDÔNIA
2019/08;Fogo em áreas de desmatamento consolidado;64;TOCANTINS
2019/08;Fogo em áreas de desmatamento recente;1749;ACRE
2019/08;Fogo em áreas de desmatamento recente;3;AMAPÁ
2019/08;Fogo em áreas de desmatamento recente;3663;AMAZONAS
2019/08;Fogo em áreas de desmatamento recente;16;MARANHÃO
2019/08;Fogo em áreas de desmatamento recente;2725;MATO GROSSO
2019/08;Fogo em áreas de desmatamento recente;4817;PARÁ
2019/08;Fogo em áreas de desmatamento recente;3410;RONDÔNIA
2019/08;Fogo em áreas de desmatamento recente;4;RORAIMA
2019/08;Fogo em áreas de desmatamento recente;2;TOCANTINS
2019/08;Fogo em outras áreas;13;MATO GROSSO
2019/08;Fogo em outras áreas;1;PARÁ
2019/08;Fogo em outras áreas;2;RONDÔNIA
2019/08;Fogo em áreas de vegetação nativa;326;ACRE
2019/08;Fogo em áreas de vegetação nativa;12;AMAPÁ
2019/08;Fogo em áreas de vegetação nativa;628;AMAZONAS
2019/08;Fogo em áreas de vegetação nativa;2;MARANHÃO
2019/08;Fogo em áreas de vegetação nativa;647;MATO GROSSO
2019/08;Fogo em áreas de vegetação nativa;911;PARÁ
2019/08;Fogo em áreas de vegetação nativa;406;RONDÔNIA
2019/08;Fogo em áreas de vegetação nativa;1;RORAIMA
2019/09;Fogo em áreas de desmatamento consolidado;932;ACRE
2019/09;Fogo em áreas de desmatamento consolidado;38;AMAPÁ
2019/09;Fogo em áreas de desmatamento consolidado;1203;AMAZONAS
2019/09;Fogo em áreas de desmatamento consolidado;204;MARANHÃO
2019/09;Fogo em áreas de desmatamento consolidado;2178;MATO GROSSO
2019/09;Fogo em áreas de desmatamento consolidado;2227;PARÁ
2019/09;Fogo em áreas de desmatamento consolidado;1285;RONDÔNIA
2019/09;Fogo em áreas de desmatamento consolidado;4;RORAIMA
2019/09;Fogo em áreas de desmatamento consolidado;29;TOCANTINS
2019/09;Fogo em áreas de desmatamento recente;1669;ACRE
2019/09;Fogo em áreas de desmatamento recente;16;AMAPÁ
2019/09;Fogo em áreas de desmatamento recente;1460;AMAZONAS
2019/09;Fogo em áreas de desmatamento recente;19;MARANHÃO
2019/09;Fogo em áreas de desmatamento recente;2206;MATO GROSSO
2019/09;Fogo em áreas de desmatamento recente;1580;PARÁ
2019/09;Fogo em áreas de desmatamento recente;2126;RONDÔNIA
2019/09;Fogo em áreas de desmatamento recente;12;RORAIMA
2019/09;Fogo em áreas de desmatamento recente;2;TOCANTINS
2019/09;Fogo em outras áreas;5;AMAZONAS
2019/09;Fogo em outras áreas;2;MARANHÃO
2019/09;Fogo em outras áreas;5;MATO GROSSO
2019/09;Fogo em áreas de vegetação nativa;376;ACRE
2019/09;Fogo em áreas de vegetação nativa;84;AMAPÁ
2019/09;Fogo em áreas de vegetação nativa;357;AMAZONAS
2019/09;Fogo em áreas de vegetação nativa;37;MARANHÃO
2019/09;Fogo em áreas de vegetação nativa;1156;MATO GROSSO
2019/09;Fogo em áreas de vegetação nativa;604;PARÁ
2019/09;Fogo em áreas de vegetação nativa;228;RONDÔNIA
2019/09;Fogo em áreas de vegetação nativa;10;RORAIMA
2019/10;Fogo em áreas de desmatamento consolidado;153;ACRE
2019/10;Fogo em áreas de desmatamento consolidado;181;AMAPÁ
2019/10;Fogo em áreas de desmatamento consolidado;286;AMAZONAS
2019/10;Fogo em áreas de desmatamento consolidado;664;MARANHÃO
2019/10;Fogo em áreas de desmatamento consolidado;651;MATO GROSSO
2019/10;Fogo em áreas de desmatamento consolidado;1923;PARÁ
2019/10;Fogo em áreas de desmatamento consolidado;253;RONDÔNIA
2019/10;Fogo em áreas de desmatamento consolidado;20;RORAIMA
2019/10;Fogo em áreas de desmatamento consolidado;43;TOCANTINS
2019/10;Fogo em áreas de desmatamento recente;183;ACRE
2019/10;Fogo em áreas de desmatamento recente;73;AMAPÁ
2019/10;Fogo em áreas de desmatamento recente;193;AMAZONAS
2019/10;Fogo em áreas de desmatamento recente;113;MARANHÃO
2019/10;Fogo em áreas de desmatamento recente;353;MATO GROSSO
2019/10;Fogo em áreas de desmatamento recente;1593;PARÁ
2019/10;Fogo em áreas de desmatamento recente;278;RONDÔNIA
2019/10;Fogo em áreas de desmatamento recente;6;RORAIMA
2019/10;Fogo em áreas de desmatamento recente;4;TOCANTINS
2019/10;Fogo em outras áreas;5;MARANHÃO
2019/10;Fogo em áreas de vegetação nativa;17;ACRE
2019/10;Fogo em áreas de vegetação nativa;285;AMAPÁ
2019/10;Fogo em áreas de vegetação nativa;69;AMAZONAS
2019/10;Fogo em áreas de vegetação nativa;37;MARANHÃO
2019/10;Fogo em áreas de vegetação nativa;55;MATO GROSSO
2019/10;Fogo em áreas de vegetação nativa;295;PARÁ
2019/10;Fogo em áreas de vegetação nativa;19;RONDÔNIA
2019/10;Fogo em áreas de vegetação nativa;27;RORAIMA
2019/11;Fogo em áreas de desmatamento consolidado;21;ACRE
2019/11;Fogo em áreas de desmatamento consolidado;177;AMAPÁ
2019/11;Fogo em áreas de desmatamento consolidado;319;AMAZONAS
2019/11;Fogo em áreas de desmatamento consolidado;1442;MARANHÃO
2019/11;Fogo em áreas de desmatamento consolidado;499;MATO GROSSO
2019/11;Fogo em áreas de desmatamento consolidado;4106;PARÁ
2019/11;Fogo em áreas de desmatamento consolidado;121;RONDÔNIA
2019/11;Fogo em áreas de desmatamento consolidado;8;RORAIMA
2019/11;Fogo em áreas de desmatamento consolidado;39;TOCANTINS
2019/11;Fogo em áreas de desmatamento recente;20;ACRE
2019/11;Fogo em áreas de desmatamento recente;65;AMAPÁ
2019/11;Fogo em áreas de desmatamento recente;186;AMAZONAS
2019/11;Fogo em áreas de desmatamento recente;193;MARANHÃO
2019/11;Fogo em áreas de desmatamento recente;227;MATO GROSSO
2019/11;Fogo em áreas de desmatamento recente;2844;PARÁ
2019/11;Fogo em áreas de desmatamento recente;130;RONDÔNIA
2019/11;Fogo em áreas de desmatamento recente;15;RORAIMA
2019/11;Fogo em áreas de desmatamento recente;11;TOCANTINS
2019/11;Fogo em outras áreas;2;AMAZONAS
2019/11;Fogo em outras áreas;10;MARANHÃO
2019/11;Fogo em outras áreas;1;PARÁ
2019/11;Fogo em áreas de vegetação nativa;3;ACRE
2019/11;Fogo em áreas de vegetação nativa;260;AMAPÁ
2019/11;Fogo em áreas de vegetação nativa;66;AMAZONAS
2019/11;Fogo em áreas de vegetação nativa;48;MARANHÃO
2019/11;Fogo em áreas de vegetação nativa;15;MATO GROSSO
2019/11;Fogo em áreas de vegetação nativa;425;PARÁ
2019/11;Fogo em áreas de vegetação nativa;7;RONDÔNIA
2019/11;Fogo em áreas de vegetação nativa;35;RORAIMA
2019/11;Fogo em áreas de vegetação nativa;1;TOCANTINS
2019/12;Fogo em áreas de desmatamento consolidado;16;AMAPÁ
2019/12;Fogo em áreas de desmatamento consolidado;84;AMAZONAS
2019/12;Fogo em áreas de desmatamento consolidado;716;MARANHÃO
2019/12;Fogo em áreas de desmatamento consolidado;205;MATO GROSSO
2019/12;Fogo em áreas de desmatamento consolidado;1106;PARÁ
2019/12;Fogo em áreas de desmatamento consolidado;32;RONDÔNIA
2019/12;Fogo em áreas de desmatamento consolidado;7;RORAIMA
2019/12;Fogo em áreas de desmatamento consolidado;31;TOCANTINS
2019/12;Fogo em áreas de desmatamento recente;1;ACRE
2019/12;Fogo em áreas de desmatamento recente;5;AMAPÁ
2019/12;Fogo em áreas de desmatamento recente;60;AMAZONAS
2019/12;Fogo em áreas de desmatamento recente;84;MARANHÃO
2019/12;Fogo em áreas de desmatamento recente;151;MATO GROSSO
2019/12;Fogo em áreas de desmatamento recente;505;PARÁ
2019/12;Fogo em áreas de desmatamento recente;32;RONDÔNIA
2019/12;Fogo em áreas de desmatamento recente;3;RORAIMA
2019/12;Fogo em áreas de desmatamento recente;4;TOCANTINS
2019/12;Fogo em outras áreas;18;MARANHÃO
2019/12;Fogo em outras áreas;1;PARÁ
2019/12;Fogo em áreas de vegetação nativa;46;AMAPÁ
2019/12;Fogo em áreas de vegetação nativa;19;AMAZONAS
2019/12;Fogo em áreas de vegetação nativa;31;MARANHÃO
2019/12;Fogo em áreas de vegetação nativa;8;MATO GROSSO
2019/12;Fogo em áreas de vegetação nativa;130;PARÁ
2019/12;Fogo em áreas de vegetação nativa;1;RONDÔNIA
2019/12;Fogo em áreas de vegetação nativa;25;RORAIMA
2018/08;Fogo em áreas de desmatamento consolidado;528;ACRE
2018/08;Fogo em áreas de desmatamento consolidado;9;AMAPÁ
2018/08;Fogo em áreas de desmatamento consolidado;1007;AMAZONAS
2018/08;Fogo em áreas de desmatamento consolidado;136;MARANHÃO
2018/08;Fogo em áreas de desmatamento consolidado;775;MATO GROSSO
2018/08;Fogo em áreas de desmatamento consolidado;1608;PARÁ
2018/08;Fogo em áreas de desmatamento consolidado;595;RONDÔNIA
2018/08;Fogo em áreas de desmatamento consolidado;2;RORAIMA
2018/08;Fogo em áreas de desmatamento consolidado;31;TOCANTINS
2018/08;Fogo em áreas de desmatamento recente;662;ACRE
2018/08;Fogo em áreas de desmatamento recente;5;AMAPÁ
2018/08;Fogo em áreas de desmatamento recente;1324;AMAZONAS
2018/08;Fogo em áreas de desmatamento recente;8;MARANHÃO
2018/08;Fogo em áreas de desmatamento recente;631;MATO GROSSO
2018/08;Fogo em áreas de desmatamento recente;983;PARÁ
2018/08;Fogo em áreas de desmatamento recente;1164;RONDÔNIA
2018/08;Fogo em áreas de desmatamento recente;1;RORAIMA
2018/08;Fogo em áreas de desmatamento recente;1;TOCANTINS
2018/08;Fogo em outras áreas;2;AMAZONAS
2018/08;Fogo em outras áreas;1;MATO GROSSO
2018/08;Fogo em outras áreas;1;RONDÔNIA
2018/08;Fogo em áreas de vegetação nativa;178;ACRE
2018/08;Fogo em áreas de vegetação nativa;24;AMAPÁ
2018/08;Fogo em áreas de vegetação nativa;256;AMAZONAS
2018/08;Fogo em áreas de vegetação nativa;3;MARANHÃO
2018/08;Fogo em áreas de vegetação nativa;119;MATO GROSSO
2018/08;Fogo em áreas de vegetação nativa;155;PARÁ
2018/08;Fogo em áreas de vegetação nativa;210;RONDÔNIA
2018/08;Fogo em áreas de vegetação nativa;4;RORAIMA
2018/08;Fogo em áreas de vegetação nativa;3;TOCANTINS
2018/09;Fogo em áreas de desmatamento consolidado;1681;ACRE
2018/09;Fogo em áreas de desmatamento consolidado;39;AMAPÁ
2018/09;Fogo em áreas de desmatamento consolidado;1790;AMAZONAS
2018/09;Fogo em áreas de desmatamento consolidado;141;MARANHÃO
2018/09;Fogo em áreas de desmatamento consolidado;1786;MATO GROSSO
2018/09;Fogo em áreas de desmatamento consolidado;2603;PARÁ
2018/09;Fogo em áreas de desmatamento consolidado;1915;RONDÔNIA
2018/09;Fogo em áreas de desmatamento consolidado;4;RORAIMA
2018/09;Fogo em áreas de desmatamento consolidado;52;TOCANTINS
2018/09;Fogo em áreas de desmatamento recente;2209;ACRE
2018/09;Fogo em áreas de desmatamento recente;9;AMAPÁ
2018/09;Fogo em áreas de desmatamento recente;2528;AMAZONAS
2018/09;Fogo em áreas de desmatamento recente;12;MARANHÃO
2018/09;Fogo em áreas de desmatamento recente;2218;MATO GROSSO
2018/09;Fogo em áreas de desmatamento recente;1941;PARÁ
2018/09;Fogo em áreas de desmatamento recente;3747;RONDÔNIA
2018/09;Fogo em áreas de desmatamento recente;6;RORAIMA
2018/09;Fogo em áreas de desmatamento recente;5;TOCANTINS
2018/09;Fogo em outras áreas;1;ACRE
2018/09;Fogo em outras áreas;8;AMAZONAS
2018/09;Fogo em outras áreas;1;MARANHÃO
2018/09;Fogo em outras áreas;1;RONDÔNIA
2018/09;Fogo em áreas de vegetação nativa;487;ACRE
2018/09;Fogo em áreas de vegetação nativa;75;AMAPÁ
2018/09;Fogo em áreas de vegetação nativa;601;AMAZONAS
2018/09;Fogo em áreas de vegetação nativa;12;MARANHÃO
2018/09;Fogo em áreas de vegetação nativa;304;MATO GROSSO
2018/09;Fogo em áreas de vegetação nativa;294;PARÁ
2018/09;Fogo em áreas de vegetação nativa;350;RONDÔNIA
2018/09;Fogo em áreas de vegetação nativa;7;RORAIMA
2018/09;Fogo em áreas de vegetação nativa;1;TOCANTINS
2018/10;Fogo em áreas de desmatamento consolidado;171;ACRE
2018/10;Fogo em áreas de desmatamento consolidado;193;AMAPÁ
2018/10;Fogo em áreas de desmatamento consolidado;878;AMAZONAS
2018/10;Fogo em áreas de desmatamento consolidado;331;MARANHÃO
2018/10;Fogo em áreas de desmatamento consolidado;773;MATO GROSSO
2018/10;Fogo em áreas de desmatamento consolidado;2346;PARÁ
2018/10;Fogo em áreas de desmatamento consolidado;414;RONDÔNIA
2018/10;Fogo em áreas de desmatamento consolidado;37;RORAIMA
2018/10;Fogo em áreas de desmatamento consolidado;60;TOCANTINS
2018/10;Fogo em áreas de desmatamento recente;210;ACRE
2018/10;Fogo em áreas de desmatamento recente;75;AMAPÁ
2018/10;Fogo em áreas de desmatamento recente;462;AMAZONAS
2018/10;Fogo em áreas de desmatamento recente;57;MARANHÃO
2018/10;Fogo em áreas de desmatamento recente;519;MATO GROSSO
2018/10;Fogo em áreas de desmatamento recente;2120;PARÁ
2018/10;Fogo em áreas de desmatamento recente;533;RONDÔNIA
2018/10;Fogo em áreas de desmatamento recente;33;RORAIMA
2018/10;Fogo em áreas de desmatamento recente;13;TOCANTINS
2018/10;Fogo em outras áreas;1;AMAPÁ
2018/10;Fogo em outras áreas;19;AMAZONAS
2018/10;Fogo em outras áreas;1;PARÁ
2018/10;Fogo em áreas de vegetação nativa;26;ACRE
2018/10;Fogo em áreas de vegetação nativa;300;AMAPÁ
2018/10;Fogo em áreas de vegetação nativa;366;AMAZONAS
2018/10;Fogo em áreas de vegetação nativa;23;MARANHÃO
2018/10;Fogo em áreas de vegetação nativa;64;MATO GROSSO
2018/10;Fogo em áreas de vegetação nativa;494;PARÁ
2018/10;Fogo em áreas de vegetação nativa;35;RONDÔNIA
2018/10;Fogo em áreas de vegetação nativa;71;RORAIMA
2018/11;Fogo em áreas de desmatamento consolidado;9;ACRE
2018/11;Fogo em áreas de desmatamento consolidado;162;AMAPÁ
2018/11;Fogo em áreas de desmatamento consolidado;277;AMAZONAS
2018/11;Fogo em áreas de desmatamento consolidado;851;MARANHÃO
2018/11;Fogo em áreas de desmatamento consolidado;202;MATO GROSSO
2018/11;Fogo em áreas de desmatamento consolidado;3221;PARÁ
2018/11;Fogo em áreas de desmatamento consolidado;91;RONDÔNIA
2018/11;Fogo em áreas de desmatamento consolidado;18;RORAIMA
2018/11;Fogo em áreas de desmatamento consolidado;31;TOCANTINS
2018/11;Fogo em áreas de desmatamento recente;12;ACRE
2018/11;Fogo em áreas de desmatamento recente;62;AMAPÁ
2018/11;Fogo em áreas de desmatamento recente;105;AMAZONAS
2018/11;Fogo em áreas de desmatamento recente;107;MARANHÃO
2018/11;Fogo em áreas de desmatamento recente;73;MATO GROSSO
2018/11;Fogo em áreas de desmatamento recente;2369;PARÁ
2018/11;Fogo em áreas de desmatamento recente;102;RONDÔNIA
2018/11;Fogo em áreas de desmatamento recente;27;RORAIMA
2018/11;Fogo em áreas de desmatamento recente;4;TOCANTINS
2018/11;Fogo em outras áreas;8;AMAZONAS
2018/11;Fogo em outras áreas;6;MARANHÃO
2018/11;Fogo em outras áreas;3;PARÁ
2018/11;Fogo em áreas de vegetação nativa;5;ACRE
2018/11;Fogo em áreas de vegetação nativa;226;AMAPÁ
2018/11;Fogo em áreas de vegetação nativa;82;AMAZONAS
2018/11;Fogo em áreas de vegetação nativa;24;MARANHÃO
2018/11;Fogo em áreas de vegetação nativa;3;MATO GROSSO
2018/11;Fogo em áreas de vegetação nativa;679;PARÁ
2018/11;Fogo em áreas de vegetação nativa;4;RONDÔNIA
2018/11;Fogo em áreas de vegetação nativa;75;RORAIMA
2018/12;Fogo em áreas de desmatamento consolidado;2;ACRE
2018/12;Fogo em áreas de desmatamento consolidado;27;AMAZONAS
2018/12;Fogo em áreas de desmatamento consolidado;310;MARANHÃO
2018/12;Fogo em áreas de desmatamento consolidado;172;MATO GROSSO
2018/12;Fogo em áreas de desmatamento consolidado;648;PARÁ
2018/12;Fogo em áreas de desmatamento consolidado;32;RONDÔNIA
2018/12;Fogo em áreas de desmatamento consolidado;15;RORAIMA
2018/12;Fogo em áreas de desmatamento consolidado;20;TOCANTINS
2018/12;Fogo em áreas de desmatamento recente;7;AMAZONAS
2018/12;Fogo em áreas de desmatamento recente;13;MARANHÃO
2018/12;Fogo em áreas de desmatamento recente;109;MATO GROSSO
2018/12;Fogo em áreas de desmatamento recente;323;PARÁ
2018/12;Fogo em áreas de desmatamento recente;14;RONDÔNIA
2018/12;Fogo em áreas de desmatamento recente;9;RORAIMA
2018/12;Fogo em áreas de desmatamento recente;1;TOCANTINS
2018/12;Fogo em outras áreas;7;MARANHÃO
2018/12;Fogo em outras áreas;1;PARÁ
2018/12;Fogo em áreas de vegetação nativa;3;AMAZONAS
2018/12;Fogo em áreas de vegetação nativa;5;MARANHÃO
2018/12;Fogo em áreas de vegetação nativa;31;PARÁ
2018/12;Fogo em áreas de vegetação nativa;1;RONDÔNIA
2018/12;Fogo em áreas de vegetação nativa;99;RORAIMA